Player,Team,#,Nation,Age,Minutes,Goals,Assists,Penalty Shoot on Goal,Penalty Shoot,Total Shoot,Shoot on Target,Yellow Cards,Red Cards,Touches,Dribbles,Tackles,Blocks,Expected Goals (xG),Non-Penalty xG (npxG),Expected Assists (xAG),Shot-Creating Actions,Goal-Creating Actions,Passes Completed,Passes Attempted,Pass Completion %,Progressive Passes,Carries,Progressive Carries,Dribble Attempts,Successful Dribbles,Date,POS_AM,POS_CB,POS_CM,POS_DM,POS_FW,POS_GK,POS_LB,POS_LM,POS_LW,POS_RB,POS_RM,POS_RW,POS_WB
Bruno Fernandes,Manchester United,8,POR,29,90.0,0,0,0,0,6,3,0,0,70,2,0,0,1.2,1.2,0.0,2,0,43,60,71.7,6,50,7,1,1,2024-08-16,1,0,0,0,1,0,0,0,0,0,0,0,0
Marcus Rashford,Manchester United,10,ENG,26,90.0,0,0,0,0,0,0,0,0,43,0,1,1,0.0,0.0,0.7,1,0,22,30,73.3,2,34,2,6,0,2024-08-16,0,0,0,0,0,0,0,0,1,0,0,0,0
Amad Diallo,Manchester United,16,CIV,22,82.5,0,0,0,0,0,0,0,0,36,1,2,0,0.0,0.0,0.1,1,0,28,33,84.8,1,22,0,1,1,2024-08-16,0,0,0,0,0,0,0,0,0,0,0,1,0
Alejandro Garnacho,Manchester United,17,ARG,20,30.0,0,1,0,0,2,0,0,0,19,1,0,0,0.7,0.7,0.2,3,1,10,11,90.9,0,11,2,2,0,2024-08-16,0,0,0,0,0,0,0,0,0,0,0,1,0
Mason Mount,Manchester United,7,ENG,25,60.0,0,0,0,0,1,1,1,0,23,3,0,0,0.3,0.3,0.1,3,0,11,15,73.3,1,16,0,2,0,2024-08-16,1,0,0,0,0,0,0,0,0,0,0,0,0
Joshua Zirkzee,Manchester United,11,NED,23,30.0,1,0,0,0,1,1,0,0,12,0,0,1,0.1,0.1,0.0,1,0,8,9,88.9,1,6,0,0,0,2024-08-16,0,0,0,0,1,0,0,0,0,0,0,0,0
Kobbie Mainoo,Manchester United,37,ENG,19,83.0,0,0,0,0,1,0,0,0,55,3,5,0,0.0,0.0,0.0,1,0,37,41,90.2,5,39,0,5,4,2024-08-16,0,0,0,1,0,0,0,0,0,0,0,0,0
Scott McTominay,Manchester United,39,SCO,27,7.0,0,0,0,0,0,0,0,0,4,0,0,0,0.0,0.0,0.0,0,0,4,4,100.0,0,3,0,0,0,2024-08-16,0,0,0,1,0,0,0,0,0,0,0,0,0
Casemiro,Manchester United,18,BRA,32,90.0,0,0,0,0,3,0,0,0,77,4,1,5,0.2,0.2,1.0,5,1,44,57,77.2,4,46,0,1,0,2024-08-16,0,0,0,1,0,0,0,0,0,0,0,0,0
Diogo Dalot,Manchester United,20,POR,25,90.0,0,0,0,0,0,0,0,0,67,2,1,1,0.0,0.0,0.0,1,0,49,60,81.7,3,40,1,1,1,2024-08-16,0,0,0,0,0,0,1,0,0,1,0,0,0
Lisandro Martínez,Manchester United,6,ARG,26,90.0,0,0,0,0,0,0,0,0,70,3,3,0,0.0,0.0,0.0,3,0,55,62,88.7,9,51,1,0,0,2024-08-16,0,1,0,0,0,0,1,0,0,0,0,0,0
Harry Maguire,Manchester United,5,ENG,31,80.0,0,0,0,0,0,0,1,0,68,0,3,1,0.0,0.0,0.0,2,0,50,60,83.3,8,40,1,2,1,2024-08-16,0,1,0,0,0,0,0,0,0,0,0,0,0
Jonny Evans,Manchester United,35,NIR,36,10.0,0,0,0,0,0,0,0,0,8,0,0,1,0.0,0.0,0.0,0,0,4,6,66.7,0,2,0,0,0,2024-08-16,0,1,0,0,0,0,0,0,0,0,0,0,0
Noussair Mazraoui,Manchester United,3,MAR,26,80.0,0,0,0,0,0,0,0,0,54,2,3,1,0.0,0.0,0.0,0,0,41,45,91.1,3,34,1,0,0,2024-08-16,0,0,0,0,0,0,0,0,0,1,0,0,0
Matthijs de Ligt,Manchester United,4,NED,25,10.0,0,0,0,0,0,0,0,0,2,0,0,0,0.0,0.0,0.0,0,0,2,2,100.0,0,2,0,0,0,2024-08-16,0,1,0,0,0,0,0,0,0,0,0,0,0
André Onana,Manchester United,24,CMR,28,90.0,0,0,0,0,0,0,0,0,32,0,0,0,0.0,0.0,0.0,1,0,22,29,75.9,0,24,0,0,0,2024-08-16,0,0,0,0,0,1,0,0,0,0,0,0,0
Rodrigo Muniz,Fulham,9,BRA,23,77.0,0,0,0,0,2,1,0,0,17,0,1,0,0.1,0.1,0.1,2,0,5,6,83.3,1,11,0,1,1,2024-08-16,0,0,0,0,1,0,0,0,0,0,0,0,0
Raúl Jiménez,Fulham,7,MEX,33,13.0,0,0,0,0,0,0,0,0,5,0,0,0,0.0,0.0,0.0,0,0,2,4,50.0,0,2,1,0,0,2024-08-16,0,0,0,0,1,0,0,0,0,0,0,0,0
Alex Iwobi,Fulham,17,NGA,28,90.0,0,0,0,0,1,0,0,0,42,4,0,0,0.0,0.0,0.0,0,0,19,29,65.5,2,31,1,5,1,2024-08-16,0,0,0,0,0,0,0,0,1,0,0,0,0
Adama Traoré,Fulham,11,ESP,28,77.0,0,0,0,0,3,0,0,0,36,1,0,1,0.1,0.1,0.0,4,0,14,21,66.7,0,25,5,9,4,2024-08-16,0,0,0,0,0,0,0,0,0,0,0,1,0
Harry Wilson,Fulham,8,WAL,27,13.0,0,0,0,0,0,0,0,0,7,0,0,0,0.0,0.0,0.0,0,0,5,6,83.3,0,6,1,0,0,2024-08-16,0,0,0,0,0,0,0,0,0,0,0,1,0
Emile Smith Rowe,Fulham,32,ENG,24,63.0,0,0,0,0,0,0,0,0,35,1,2,1,0.0,0.0,0.0,0,0,20,27,74.1,1,23,0,0,0,2024-08-16,1,0,0,0,0,0,0,0,0,0,0,0,0
Tom Cairney,Fulham,10,SCO,33,27.0,0,0,0,0,0,0,1,0,18,0,0,0,0.0,0.0,0.0,1,0,15,17,88.2,4,14,2,3,2,2024-08-16,1,0,0,1,0,0,0,0,0,0,0,0,0
Saša Lukić,Fulham,20,SRB,28,89.0,0,0,0,0,0,0,0,0,53,3,1,1,0.0,0.0,0.0,0,0,40,45,88.9,4,30,1,0,0,2024-08-16,0,0,0,1,0,0,0,0,0,0,0,0,0
Jay Stansfield,Fulham,28,ENG,21,1.0,0,0,0,0,0,0,0,0,0,0,0,0,0.0,0.0,0.0,0,0,0,0,80.8,0,0,0,0,0,2024-08-16,1,0,0,1,0,0,0,0,0,0,0,0,0
Andreas Pereira,Fulham,18,BRA,28,89.0,0,0,0,0,0,0,1,0,59,0,0,1,0.0,0.0,0.3,9,0,37,55,67.3,5,28,1,2,0,2024-08-16,1,0,0,1,0,0,0,0,0,0,0,0,0
Harrison Reed,Fulham,6,ENG,29,1.0,0,0,0,0,0,0,0,0,3,1,0,0,0.0,0.0,0.0,0,0,1,1,100.0,0,1,0,0,0,2024-08-16,0,0,0,1,0,0,0,0,0,0,0,0,0
Antonee Robinson,Fulham,33,USA,27,90.0,0,0,0,0,0,0,0,0,59,8,2,0,0.0,0.0,0.0,0,0,32,42,76.2,2,31,2,2,0,2024-08-16,0,0,0,0,0,0,1,0,0,0,0,0,0
Calvin Bassey,Fulham,3,NGA,24,90.0,0,0,0,0,2,0,1,0,72,1,0,2,0.1,0.1,0.0,1,0,57,62,91.9,5,51,1,0,0,2024-08-16,0,1,0,0,0,0,0,0,0,0,0,0,0
Issa Diop,Fulham,31,FRA,27,90.0,0,0,0,0,0,0,0,0,45,4,0,1,0.0,0.0,0.0,0,0,28,35,80.0,2,26,0,0,0,2024-08-16,0,1,0,0,0,0,0,0,0,0,0,0,0
Kenny Tete,Fulham,2,NED,28,90.0,0,0,0,0,2,1,0,0,44,1,3,2,0.1,0.1,0.0,2,0,24,32,75.0,2,22,2,0,0,2024-08-16,0,0,0,0,0,0,0,0,0,1,0,0,0
Bernd Leno,Fulham,1,GER,32,90.0,0,0,0,0,0,0,0,0,45,0,0,0,0.0,0.0,0.0,0,0,30,42,71.4,0,28,0,0,0,2024-08-16,0,0,0,0,0,1,0,0,0,0,0,0,0
Liam Delap,Ipswich Town,19,ENG,21,82.5,0,0,0,0,0,0,0,0,18,0,0,0,0.0,0.0,0.2,1,0,6,12,50.0,0,14,2,0,0,2024-08-17,0,0,0,0,1,0,0,0,0,0,0,0,0
Ali Al Hamadi,Ipswich Town,16,IRQ,22,17.0,0,0,0,0,0,0,0,0,3,0,0,0,0.0,0.0,0.0,0,0,1,1,100.0,0,1,0,0,0,2024-08-17,0,0,0,0,1,0,0,0,0,0,0,0,0
Omari Hutchinson,Ipswich Town,20,ENG,20,90.0,0,0,0,0,3,1,1,0,29,0,0,1,0.3,0.3,0.0,2,0,10,20,50.0,1,23,7,6,3,2024-08-17,0,0,0,0,0,0,0,0,1,0,0,1,0
Wes Burns,Ipswich Town,7,WAL,29,56.0,0,0,0,0,0,0,1,0,20,0,0,1,0.0,0.0,0.0,1,0,9,15,60.0,0,12,1,1,0,2024-08-17,0,0,0,0,0,0,0,0,0,0,0,1,0
Ben Johnson,Ipswich Town,18,ENG,24,34.0,0,0,0,0,0,0,0,0,19,4,1,0,0.0,0.0,0.0,0,0,9,12,75.0,0,6,0,1,0,2024-08-17,0,0,0,0,0,0,0,0,0,1,0,1,0
Conor Chaplin,Ipswich Town,10,ENG,27,64.0,0,0,0,0,0,0,0,0,28,2,0,2,0.0,0.0,0.0,1,0,16,23,69.6,2,16,0,0,0,2024-08-17,1,0,0,0,0,0,0,0,0,0,0,0,0
Marcus Harness,Ipswich Town,11,ENG,28,26.0,0,0,0,0,0,0,0,0,16,0,0,1,0.0,0.0,0.0,2,0,9,14,64.3,2,9,0,1,0,2024-08-17,1,0,0,0,0,0,0,0,0,0,0,0,0
Massimo Luongo,Ipswich Town,25,AUS,31,64.0,0,0,0,0,0,0,0,0,26,2,0,2,0.0,0.0,0.0,0,0,16,19,84.2,3,13,0,0,0,2024-08-17,0,0,0,1,0,0,0,0,0,0,0,0,0
Jack Taylor,Ipswich Town,14,IRL,26,26.0,0,0,0,0,1,0,0,0,23,0,0,0,0.0,0.0,0.0,0,0,15,19,78.9,3,13,0,0,0,2024-08-17,0,0,0,1,0,0,0,0,0,0,0,0,0
Sam Morsy,Ipswich Town,5,EGY,32,90.0,0,0,0,0,0,0,0,0,55,5,0,0,0.0,0.0,0.1,1,0,37,47,78.7,1,27,0,0,0,2024-08-17,0,0,0,1,0,0,0,0,0,0,0,0,0
Leif Davis,Ipswich Town,3,ENG,24,90.0,0,0,0,0,0,0,0,0,50,4,0,0,0.0,0.0,0.0,3,0,29,41,70.7,2,20,5,0,0,2024-08-17,0,0,0,0,0,0,1,0,0,0,0,0,0
Jacob Greaves,Ipswich Town,24,ENG,23,90.0,0,0,0,0,2,1,0,0,45,0,2,2,0.1,0.1,0.0,0,0,25,30,83.3,2,17,0,0,0,2024-08-17,0,1,0,0,0,0,0,0,0,0,0,0,0
Luke Woolfenden,Ipswich Town,6,ENG,25,90.0,0,0,0,0,0,0,1,0,73,0,4,5,0.0,0.0,0.0,0,0,48,55,87.3,2,35,0,0,0,2024-08-17,0,1,0,0,0,0,0,0,0,0,0,0,0
Axel Tuanzebe,Ipswich Town,40,COD,26,82.5,0,0,0,0,1,0,0,0,39,3,1,1,0.1,0.1,0.0,0,0,23,27,85.2,1,13,0,0,0,2024-08-17,0,0,0,0,0,0,0,0,0,1,0,0,0
Sammie Szmodics,Ipswich Town,23,IRL,28,17.0,0,0,0,0,0,0,0,0,8,0,1,0,0.0,0.0,0.0,1,0,4,4,100.0,2,9,1,1,0,2024-08-17,0,0,0,0,0,0,0,0,1,0,0,0,0
Christian Walton,Ipswich Town,28,ENG,28,90.0,0,0,0,0,0,0,0,0,45,0,0,0,0.0,0.0,0.0,0,0,33,42,78.6,0,26,0,0,0,2024-08-17,0,0,0,0,0,1,0,0,0,0,0,0,0
Diogo Jota,Liverpool,20,POR,27,78.0,1,0,0,0,3,1,0,0,27,1,1,0,0.9,0.9,0.0,1,0,9,15,60.0,2,16,2,2,1,2024-08-17,0,0,0,0,1,0,0,0,0,0,0,0,0
Cody Gakpo,Liverpool,18,NED,25,12.0,0,0,0,0,0,0,1,0,11,0,0,0,0.0,0.0,0.0,0,0,7,10,70.0,0,5,1,0,0,2024-08-17,0,0,0,0,1,0,0,0,0,0,0,0,0
Luis Díaz,Liverpool,7,COL,27,90.0,0,0,0,0,3,0,0,0,44,1,0,1,0.5,0.5,0.3,7,0,31,36,86.1,2,28,9,5,5,2024-08-17,0,0,0,0,0,0,0,0,1,0,0,0,0
Mohamed Salah,Liverpool,11,EGY,32,90.0,1,1,0,0,4,3,0,0,44,0,0,0,0.7,0.7,0.5,3,1,25,34,73.5,1,26,2,2,0,2024-08-17,0,0,0,0,0,0,0,0,0,0,0,1,0
Dominik Szoboszlai,Liverpool,8,HUN,23,90.0,0,0,0,0,3,0,0,0,59,1,0,1,0.2,0.2,0.4,4,0,44,50,88.0,6,33,4,1,1,2024-08-17,1,0,0,0,0,0,0,0,0,0,0,0,0
Alexis Mac Allister,Liverpool,10,ARG,25,90.0,0,0,0,0,2,0,0,0,66,0,0,3,0.1,0.1,0.0,3,0,42,50,84.0,7,34,0,7,1,2024-08-17,0,0,0,1,0,0,0,0,0,0,0,0,0
Ryan Gravenberch,Liverpool,38,NED,22,90.0,0,0,0,0,0,0,0,0,68,3,0,3,0.0,0.0,0.0,1,1,51,59,86.4,5,40,2,2,1,2024-08-17,0,0,0,1,0,0,0,0,0,0,0,0,0
Andrew Robertson,Liverpool,26,SCO,30,78.0,0,0,0,0,0,0,0,0,87,1,1,0,0.0,0.0,0.2,2,0,61,79,77.2,3,38,1,1,0,2024-08-17,0,0,0,0,0,0,1,0,0,0,0,0,0
Kostas Tsimikas,Liverpool,21,GRE,28,12.0,0,0,0,0,0,0,0,0,14,0,0,1,0.0,0.0,0.0,1,0,12,13,92.3,5,9,1,0,0,2024-08-17,0,0,0,0,0,0,1,0,0,0,0,0,0
Virgil van Dijk,Liverpool,4,NED,33,90.0,0,0,0,0,0,0,0,0,89,0,1,0,0.0,0.0,0.0,1,1,81,86,94.2,2,54,0,0,0,2024-08-17,0,1,0,0,0,0,0,0,0,0,0,0,0
Jarell Quansah,Liverpool,78,ENG,21,45.0,0,0,0,0,0,0,0,0,35,2,1,1,0.0,0.0,0.0,0,0,25,28,89.3,0,16,0,0,0,2024-08-17,0,1,0,0,0,0,0,0,0,0,0,0,0
Ibrahima Konaté,Liverpool,5,FRA,25,45.0,0,0,0,0,0,0,0,0,35,0,1,1,0.0,0.0,0.0,0,0,28,30,93.3,0,22,0,1,1,2024-08-17,0,1,0,0,0,0,0,0,0,0,0,0,0
Trent Alexander-Arnold,Liverpool,66,ENG,25,76.0,0,0,0,0,1,0,0,0,58,0,0,3,0.1,0.1,0.7,4,1,38,54,70.4,5,33,2,1,0,2024-08-17,0,0,0,0,0,0,0,0,0,1,0,0,0
Conor Bradley,Liverpool,84,NIR,21,14.0,0,0,0,0,2,1,0,0,31,0,0,0,0.2,0.2,0.0,1,0,22,25,88.0,1,16,1,1,1,2024-08-17,0,0,0,0,0,0,0,0,0,1,0,0,0
Alisson,Liverpool,1,BRA,31,90.0,0,0,0,0,0,0,0,0,52,0,0,0,0.0,0.0,0.0,1,0,44,51,86.3,0,37,0,0,0,2024-08-17,0,0,0,0,0,1,0,0,0,0,0,0,0
Alexander Isak,Newcastle United,14,SWE,24,90.0,0,1,0,0,0,0,0,0,19,1,1,1,0.0,0.0,0.2,2,2,8,10,80.0,1,6,0,1,0,2024-08-17,0,0,0,0,1,0,0,0,0,0,0,0,0
Anthony Gordon,Newcastle United,10,ENG,23,69.0,0,0,0,0,0,0,0,0,24,0,0,0,0.0,0.0,0.0,2,0,11,18,61.1,2,11,4,2,1,2024-08-17,0,0,0,0,0,0,0,0,1,0,0,0,0
Harvey Barnes,Newcastle United,11,ENG,26,21.0,0,0,0,0,0,0,0,0,5,0,0,0,0.0,0.0,0.0,0,0,1,2,50.0,0,2,0,1,0,2024-08-17,0,0,0,0,0,0,0,0,1,0,0,0,0
Jacob Murphy,Newcastle United,23,ENG,29,29.0,0,0,0,0,0,0,0,0,12,3,0,0,0.0,0.0,0.0,1,0,6,7,85.7,3,6,0,1,0,2024-08-17,0,0,0,0,0,0,0,0,0,0,0,1,0
Emil Krafth,Newcastle United,17,SWE,30,61.0,0,0,0,0,0,0,0,0,12,0,0,2,0.0,0.0,0.0,0,0,2,3,66.7,0,0,0,0,0,2024-08-17,0,1,0,0,0,0,0,0,0,0,0,0,0
Joelinton,Newcastle United,7,BRA,28,90.0,1,0,0,0,2,1,0,0,34,1,1,4,0.2,0.2,0.0,0,0,10,17,58.8,2,13,1,1,0,2024-08-17,0,0,0,0,0,0,0,1,0,0,0,0,0
Bruno Guimarães,Newcastle United,39,BRA,26,90.0,0,0,0,0,0,0,0,0,42,6,1,4,0.0,0.0,0.0,0,0,18,28,64.3,1,17,0,0,0,2024-08-17,0,0,1,0,0,0,0,0,0,0,0,0,0
Sean Longstaff,Newcastle United,36,ENG,26,90.0,0,0,0,0,0,0,0,0,22,3,0,2,0.0,0.0,0.0,0,0,11,15,73.3,2,5,0,0,0,2024-08-17,0,0,0,0,0,0,0,0,0,0,1,0,0
Lewis Hall,Newcastle United,20,ENG,19,69.0,0,0,0,0,0,0,1,0,38,0,1,4,0.0,0.0,0.0,1,0,17,30,56.7,3,13,2,1,0,2024-08-17,0,0,0,0,0,0,1,0,0,0,0,0,0
Lloyd Kelly,Newcastle United,25,ENG,25,21.0,0,0,0,0,0,0,0,0,5,0,0,1,0.0,0.0,0.0,0,0,1,2,50.0,0,0,0,0,0,2024-08-17,0,0,0,0,0,0,1,0,0,0,0,0,0
Dan Burn,Newcastle United,33,ENG,32,90.0,0,0,0,0,0,0,1,0,30,0,0,1,0.0,0.0,0.0,0,0,13,18,72.2,0,11,0,0,0,2024-08-17,0,1,0,0,0,0,0,0,0,0,0,0,0
Fabian Schär,Newcastle United,5,SUI,32,27.0,0,0,0,0,1,0,0,1,13,0,0,0,0.0,0.0,0.0,0,0,9,11,81.8,1,6,0,0,0,2024-08-17,0,1,0,0,0,0,0,0,0,0,0,0,0
Valentino Livramento,Newcastle United,21,ENG,21,90.0,0,0,0,0,0,0,0,0,34,2,0,5,0.0,0.0,0.0,0,0,11,20,55.0,0,8,1,0,0,2024-08-17,0,0,0,0,0,0,0,0,0,1,0,0,0
Nick Pope,Newcastle United,22,ENG,32,90.0,0,0,0,0,0,0,0,0,27,0,0,0,0.0,0.0,0.0,0,0,10,26,38.5,0,10,0,0,0,2024-08-17,0,0,0,0,0,1,0,0,0,0,0,0,0
Ben Brereton,Southampton,17,CHI,25,69.0,0,0,0,0,2,0,1,0,32,1,0,0,0.3,0.3,0.1,1,0,20,26,76.9,0,18,1,1,0,2024-08-17,0,0,0,0,1,0,0,0,0,0,0,0,0
Cameron Archer,Southampton,19,ENG,23,21.0,0,0,0,0,2,1,0,0,7,0,0,0,0.2,0.2,0.0,0,0,2,4,50.0,0,4,1,0,0,2024-08-17,0,0,0,0,1,0,0,0,0,0,0,0,0
Adam Armstrong,Southampton,9,ENG,27,90.0,0,0,0,0,5,1,0,0,33,2,0,0,0.7,0.7,0.1,2,0,20,25,80.0,2,26,4,0,0,2024-08-17,0,0,0,0,1,0,0,0,0,0,0,0,0
Joe Aribo,Southampton,7,NGA,28,69.0,0,0,0,0,1,0,0,0,46,2,1,0,0.1,0.1,0.6,2,0,33,40,82.5,4,27,3,1,1,2024-08-17,0,0,1,0,0,0,0,0,0,0,0,0,0
Tyler Dibling,Southampton,33,ENG,18,21.0,0,0,0,0,0,0,0,0,16,0,0,0,0.0,0.0,0.0,2,0,14,15,93.3,1,13,1,0,0,2024-08-17,0,0,1,0,0,0,0,0,0,0,0,0,0
Flynn Downes,Southampton,4,ENG,25,90.0,0,0,0,0,1,0,0,0,98,2,0,1,0.1,0.1,0.1,5,0,83,90,92.2,8,44,1,0,0,2024-08-17,0,1,1,0,0,0,0,0,0,0,0,0,0
William Smallbone,Southampton,8,IRL,24,90.0,0,0,0,0,4,0,0,0,75,2,0,1,0.3,0.3,0.0,6,0,45,63,71.4,5,31,1,1,1,2024-08-17,0,0,1,0,0,0,0,0,0,0,0,0,0
Kyle Walker-Peters,Southampton,2,ENG,27,80.0,0,0,0,0,2,0,0,0,82,0,0,2,0.1,0.1,0.0,2,0,65,75,86.7,11,59,5,4,2,2024-08-17,0,0,0,0,0,0,0,0,0,0,0,0,1
Carlos Alcaraz,Southampton,22,ARG,21,10.0,0,0,0,0,1,1,0,0,17,0,1,0,0.1,0.1,0.1,1,0,13,13,100.0,6,12,4,2,0,2024-08-17,0,0,1,0,0,0,0,0,0,0,0,0,0
Yukinari Sugawara,Southampton,16,JPN,24,45.0,0,0,0,0,0,0,0,0,40,0,0,1,0.0,0.0,0.2,1,0,22,35,62.9,1,22,1,2,1,2024-08-17,0,0,0,0,0,0,0,0,0,0,0,0,1
Samuel Edozie,Southampton,23,ENG,21,45.0,0,0,0,0,0,0,1,0,30,2,0,0,0.0,0.0,0.1,4,0,20,23,87.0,4,28,5,3,1,2024-08-17,0,0,0,0,0,0,0,0,0,0,0,0,1
Jack Stephens,Southampton,5,ENG,30,90.0,0,0,0,0,0,0,1,0,98,1,0,2,0.0,0.0,0.0,3,0,85,91,93.4,11,64,1,0,0,2024-08-17,0,1,0,0,0,0,0,0,0,0,0,0,0
Jan Bednarek,Southampton,35,POL,28,80.0,0,0,0,0,0,0,0,0,86,0,1,0,0.0,0.0,0.0,2,0,77,82,93.9,6,49,1,0,0,2024-08-17,0,1,0,0,0,0,0,0,0,0,0,0,0
Samuel Amo-Ameyaw,Southampton,27,ENG,18,10.0,0,0,0,0,1,0,0,0,6,0,0,0,0.0,0.0,0.1,2,0,5,5,100.0,0,6,0,0,0,2024-08-17,0,0,0,0,0,0,0,0,0,0,0,0,1
Taylor Harwood-Bellis,Southampton,6,ENG,22,90.0,0,0,0,0,0,0,1,0,100,1,0,1,0.0,0.0,0.0,1,0,82,93,88.2,3,58,2,0,0,2024-08-17,0,1,0,0,0,0,0,0,0,0,0,0,0
Alex McCarthy,Southampton,1,ENG,34,90.0,0,0,0,0,0,0,0,0,22,0,0,0,0.0,0.0,0.0,0,0,18,22,81.8,0,15,0,0,0,2024-08-17,0,0,0,0,0,1,0,0,0,0,0,0,0
Chris Wood,Nottingham Forest,11,NZL,32,71.0,1,0,0,0,1,1,0,0,32,0,0,0,0.7,0.7,0.0,0,0,16,26,61.5,1,10,1,0,0,2024-08-17,0,0,0,0,1,0,0,0,0,0,0,0,0
Taiwo Awoniyi,Nottingham Forest,9,NGA,27,19.0,0,0,0,0,1,1,0,0,8,0,0,0,0.1,0.1,0.0,1,0,4,5,80.0,1,4,0,1,1,2024-08-17,0,0,0,0,1,0,0,0,0,0,0,0,0
Callum Hudson-Odoi,Nottingham Forest,14,ENG,23,71.0,0,0,0,0,2,2,0,0,45,0,0,0,0.1,0.1,0.1,5,0,33,39,84.6,1,23,6,2,0,2024-08-17,0,0,0,0,0,0,0,0,1,0,0,0,0
Elliot Anderson,Nottingham Forest,8,ENG,21,19.0,0,0,0,0,0,0,0,0,21,0,1,1,0.0,0.0,0.0,0,0,6,13,46.2,0,7,1,1,0,2024-08-17,0,0,0,0,0,0,0,0,1,0,0,0,0
Anthony Elanga,Nottingham Forest,21,SWE,22,53.0,0,0,0,0,1,1,0,0,38,0,0,0,0.0,0.0,0.1,5,0,26,31,83.9,3,21,1,4,2,2024-08-17,0,0,0,0,0,0,0,0,0,0,0,1,0
Nicolás Domínguez,Nottingham Forest,16,ARG,26,37.0,0,0,0,0,0,0,0,0,32,2,0,0,0.0,0.0,0.0,2,0,24,29,82.8,3,11,0,0,0,2024-08-17,0,0,0,0,0,0,0,0,0,0,0,1,0
Morgan Gibbs-White,Nottingham Forest,10,ENG,24,90.0,0,0,0,0,2,0,0,0,75,1,1,0,0.1,0.1,0.1,6,0,46,63,73.0,6,44,2,4,1,2024-08-17,1,0,0,0,0,0,0,0,0,0,0,0,0
Danilo,Nottingham Forest,28,BRA,23,14.0,0,0,0,0,0,0,0,0,6,0,0,0,0.0,0.0,0.0,0,0,3,3,100.0,0,4,0,3,1,2024-08-17,0,0,0,1,0,0,0,0,0,0,0,0,0
Ryan Yates,Nottingham Forest,22,ENG,26,76.0,0,0,0,0,3,2,0,0,53,1,0,1,0.2,0.2,0.0,4,1,35,37,94.6,7,32,5,3,1,2024-08-17,0,0,0,1,0,0,0,0,0,0,0,0,0
Ibrahim Sangaré,Nottingham Forest,6,CIV,26,90.0,0,0,0,0,0,0,0,0,64,5,1,2,0.0,0.0,0.0,0,0,38,54,70.4,5,16,0,0,0,2024-08-17,0,0,0,1,0,0,0,0,0,0,0,0,0
Ola Aina,Nottingham Forest,34,NGA,27,53.0,0,0,0,0,1,0,0,0,42,2,1,1,0.0,0.0,0.0,1,0,22,33,66.7,4,13,2,1,0,2024-08-17,0,0,0,0,0,0,1,0,0,0,0,0,0
Harry Toffolo,Nottingham Forest,15,ENG,28,37.0,0,0,0,0,1,0,0,0,36,2,0,0,0.0,0.0,0.0,0,0,22,30,73.3,1,8,0,0,0,2024-08-17,0,0,0,0,0,0,1,0,0,0,0,0,0
Murillo,Nottingham Forest,5,BRA,22,90.0,0,0,0,0,0,0,0,0,50,1,0,2,0.0,0.0,0.0,0,0,36,39,92.3,1,17,0,1,1,2024-08-17,0,1,0,0,0,0,0,0,0,0,0,0,0
Willy Boly,Nottingham Forest,30,CIV,33,90.0,0,0,0,0,1,1,0,0,70,4,1,3,0.1,0.1,0.0,0,0,42,53,79.2,2,32,0,0,0,2024-08-17,0,1,0,0,0,0,0,0,0,0,0,0,0
Neco Williams,Nottingham Forest,7,WAL,23,90.0,0,0,0,0,1,0,1,0,55,5,2,2,0.0,0.0,0.2,2,0,31,40,77.5,2,21,0,3,2,2024-08-17,0,0,0,0,0,0,0,0,0,1,0,0,0
Matz Sels,Nottingham Forest,26,BEL,32,90.0,0,0,0,0,0,0,0,0,50,1,0,0,0.0,0.0,0.0,0,0,36,48,75.0,0,36,0,0,0,2024-08-17,0,0,0,0,0,1,0,0,0,0,0,0,0
Antoine Semenyo,Bournemouth,24,GHA,24,90.0,1,0,0,0,5,2,0,0,48,0,0,1,0.4,0.4,0.0,2,0,22,33,66.7,1,29,2,3,1,2024-08-17,0,0,0,0,1,0,0,0,1,0,0,1,0
Luis Sinisterra,Bournemouth,17,COL,25,62.0,0,0,0,0,2,1,0,0,26,1,0,1,0.2,0.2,0.0,0,0,12,15,80.0,1,16,2,3,1,2024-08-17,0,0,0,0,1,0,0,0,1,0,0,0,0
Justin Kluivert,Bournemouth,19,NED,25,28.0,0,0,0,0,0,0,1,0,17,0,1,0,0.0,0.0,0.0,1,1,11,14,78.6,5,13,2,2,1,2024-08-17,0,0,0,0,1,0,0,0,1,0,0,0,0
Dango Ouattara,Bournemouth,11,BFA,22,68.0,0,0,0,0,1,0,0,0,39,3,0,1,0.2,0.2,0.0,2,0,8,21,38.1,0,14,3,3,1,2024-08-17,0,0,0,0,0,0,0,0,0,0,0,1,0
Daniel Jebbison,Bournemouth,21,ENG,21,22.0,0,0,0,0,0,0,0,0,7,0,0,0,0.0,0.0,0.0,2,0,3,5,60.0,0,6,1,0,0,2024-08-17,0,0,0,0,1,0,0,0,0,0,0,0,0
Marcus Tavernier,Bournemouth,16,ENG,25,90.0,0,0,0,0,5,1,0,0,58,0,0,0,0.4,0.4,0.2,6,0,35,49,71.4,13,28,2,2,0,2024-08-17,1,0,0,1,0,0,0,0,0,0,0,0,0
Lewis Cook,Bournemouth,4,ENG,27,83.0,0,0,0,0,0,0,1,0,54,1,2,2,0.0,0.0,0.2,1,0,29,40,72.5,5,20,1,0,0,2024-08-17,0,0,0,1,0,0,0,0,0,0,0,0,0
Philip Billing,Bournemouth,29,DEN,28,7.0,0,0,0,0,0,0,0,0,4,1,0,0,0.0,0.0,0.0,0,0,1,2,50.0,0,2,0,0,0,2024-08-17,1,0,0,0,0,0,0,0,0,0,0,0,0
Alex Scott,Bournemouth,14,ENG,20,62.0,0,0,0,0,0,0,0,0,41,8,3,3,0.0,0.0,0.1,2,0,19,21,90.5,6,20,0,2,0,2024-08-17,0,0,0,1,0,0,0,0,0,0,0,0,0
Ryan Christie,Bournemouth,10,SCO,29,28.0,0,0,0,0,0,0,0,0,32,0,1,0,0.0,0.0,0.0,1,0,18,26,69.2,2,18,1,2,1,2024-08-17,0,0,0,1,0,0,0,0,0,0,0,0,0
Milos Kerkez,Bournemouth,3,HUN,20,90.0,0,0,0,0,0,0,1,0,62,2,1,1,0.0,0.0,0.0,4,1,46,56,82.1,8,33,4,0,0,2024-08-17,0,0,0,0,0,0,1,0,0,0,0,0,0
Dean Huijsen,Bournemouth,2,ESP,19,90.0,0,0,0,0,0,0,0,0,78,0,2,2,0.0,0.0,0.0,1,0,56,68,82.4,4,46,0,0,0,2024-08-17,0,1,0,0,0,0,0,0,0,0,0,0,0
Illia Zabarnyi,Bournemouth,27,UKR,21,90.0,0,0,0,0,0,0,0,0,70,0,2,2,0.0,0.0,0.0,1,0,45,57,78.9,2,39,0,1,0,2024-08-17,0,1,0,0,0,0,0,0,0,0,0,0,0
Adam Smith,Bournemouth,15,ENG,33,62.0,0,0,0,0,0,0,0,0,27,1,2,0,0.0,0.0,0.0,0,0,18,21,85.7,0,13,0,2,0,2024-08-17,0,0,0,0,0,0,0,0,0,1,0,0,0
Julian Araujo,Bournemouth,28,MEX,23,28.0,0,0,0,0,0,0,0,0,26,1,0,0,0.0,0.0,0.0,1,0,17,23,73.9,2,11,0,0,0,2024-08-17,0,0,0,0,0,0,0,0,0,1,0,0,0
Neto,Bournemouth,1,BRA,35,90.0,0,0,0,0,0,0,0,0,39,0,0,0,0.0,0.0,0.0,0,0,23,34,67.6,0,19,0,0,0,2024-08-17,0,0,0,0,0,1,0,0,0,0,0,0,0
Dominic Calvert-Lewin,Everton,9,ENG,27,75.0,0,0,0,0,0,0,0,0,19,0,0,0,0.0,0.0,0.0,1,0,12,14,85.7,4,12,1,0,0,2024-08-17,0,0,0,0,1,0,0,0,0,0,0,0,0
Beto,Everton,14,GNB,26,15.0,0,0,0,0,0,0,0,0,8,0,0,1,0.0,0.0,0.0,0,0,1,4,25.0,0,5,0,1,0,2024-08-17,0,0,0,0,1,0,0,0,0,0,0,0,0
Dwight McNeil,Everton,7,ENG,24,90.0,0,0,0,0,0,0,0,0,37,2,2,0,0.0,0.0,0.0,1,0,24,32,75.0,1,22,0,0,0,2024-08-17,0,0,0,0,0,0,0,0,1,1,0,1,0
Jack Harrison,Everton,11,ENG,27,84.0,0,0,0,0,3,1,0,0,36,0,0,1,0.1,0.1,0.1,2,0,17,26,65.4,2,25,4,5,3,2024-08-17,0,0,0,0,0,0,0,0,0,0,0,1,0
Mason Holgate,Everton,4,ENG,27,6.0,0,0,0,0,0,0,0,0,3,0,0,0,0.0,0.0,0.0,0,0,2,2,100.0,0,1,0,0,0,2024-08-17,0,0,0,0,0,0,0,0,0,1,0,1,0
Abdoulaye Doucouré,Everton,16,MLI,31,62.0,0,0,0,0,1,0,0,0,21,1,0,0,0.1,0.1,0.0,1,0,12,19,63.2,0,10,2,1,1,2024-08-17,1,0,0,0,0,0,0,0,0,0,0,0,0
Iliman Ndiaye,Everton,10,SEN,24,28.0,0,0,0,0,0,0,0,0,9,3,0,0,0.0,0.0,0.0,0,0,3,4,75.0,0,5,1,1,0,2024-08-17,1,0,0,0,0,0,0,0,1,0,0,0,0
Idrissa Gana Gueye,Everton,27,SEN,34,90.0,0,0,0,0,1,0,0,0,45,2,0,3,0.0,0.0,0.0,1,0,29,35,82.9,4,22,1,2,0,2024-08-17,0,0,0,1,0,0,0,0,0,0,0,0,0
Tim Iroegbunam,Everton,42,ENG,21,90.0,0,0,0,0,2,0,0,0,47,9,4,1,0.1,0.1,0.0,3,0,17,29,58.6,3,26,1,2,1,2024-08-17,0,0,0,1,0,0,0,0,0,0,0,0,0
Vitaliy Mykolenko,Everton,19,UKR,25,90.0,0,0,0,0,0,0,0,0,52,0,1,1,0.0,0.0,0.0,1,0,33,42,78.6,2,23,1,3,0,2024-08-17,0,0,0,0,0,0,1,0,0,0,0,0,0
Michael Keane,Everton,5,ENG,31,90.0,0,0,0,0,1,0,0,0,57,0,0,1,0.0,0.0,0.0,2,0,44,53,83.0,3,31,0,0,0,2024-08-17,0,1,0,0,0,0,0,0,0,0,0,0,0
James Tarkowski,Everton,6,ENG,31,90.0,0,0,0,0,1,0,1,0,68,2,4,3,0.0,0.0,0.0,1,0,45,54,83.3,3,33,1,1,0,2024-08-17,0,1,0,0,0,0,0,0,0,0,0,0,0
Ashley Young,Everton,18,ENG,39,65.0,0,0,0,0,0,0,0,1,46,4,2,1,0.0,0.0,0.1,2,0,26,38,68.4,7,15,0,0,0,2024-08-17,0,0,0,0,0,0,0,0,0,1,0,0,0
Jordan Pickford,Everton,1,ENG,30,90.0,0,0,0,0,0,0,0,0,51,0,0,0,0.0,0.0,0.0,0,0,33,47,70.2,0,33,0,0,0,2024-08-17,0,0,0,0,0,1,0,0,0,0,0,0,0
Danny Welbeck,Brighton & Hove Albion,18,ENG,33,90.0,1,1,0,0,2,1,0,0,26,2,1,3,0.2,0.2,0.1,3,1,16,18,88.9,4,17,2,1,1,2024-08-17,0,0,0,0,1,0,0,0,0,0,0,0,0
Kaoru Mitoma,Brighton & Hove Albion,22,JPN,27,88.0,1,0,0,0,4,3,0,0,51,3,0,2,1.0,1.0,0.0,2,0,24,29,82.8,3,29,5,10,4,2024-08-17,0,0,0,0,0,0,0,0,1,0,0,0,0
Yasin Ayari,Brighton & Hove Albion,26,SWE,20,2.0,0,0,0,0,0,0,0,0,3,0,0,0,0.0,0.0,0.0,0,0,1,2,50.0,0,3,0,1,0,2024-08-17,0,0,0,0,0,0,0,0,1,0,0,0,0
Yankuba Minteh,Brighton & Hove Albion,17,GAM,20,44.0,0,1,0,0,0,0,0,0,17,1,1,1,0.0,0.0,1.0,4,2,9,13,69.2,2,9,3,1,1,2024-08-17,0,0,0,0,0,0,0,0,0,0,0,1,0
Simon Adingra,Brighton & Hove Albion,24,CIV,22,46.0,1,0,0,0,2,1,0,0,31,1,2,0,0.2,0.2,0.0,1,0,13,21,61.9,0,20,2,1,0,2024-08-17,0,0,0,0,0,0,0,0,0,0,0,1,0
João Pedro,Brighton & Hove Albion,9,BRA,22,81.0,0,0,0,0,1,0,0,0,26,2,1,0,0.0,0.0,0.1,1,0,9,16,56.3,2,20,3,1,0,2024-08-17,1,0,0,0,0,0,0,0,0,0,0,0,0
Jeremy Sarmiento,Brighton & Hove Albion,16,ECU,22,9.0,0,0,0,0,0,0,0,0,8,0,0,0,0.0,0.0,0.0,0,0,6,6,100.0,0,6,0,0,0,2024-08-17,1,0,0,0,0,0,0,0,0,0,0,0,0
Mats Wieffer,Brighton & Hove Albion,27,NED,24,90.0,0,1,0,0,0,0,0,0,82,4,0,1,0.0,0.0,0.1,2,1,63,72,87.5,3,49,0,2,0,2024-08-17,0,0,0,1,0,0,0,0,0,0,0,0,0
James Milner,Brighton & Hove Albion,6,ENG,38,81.0,0,0,0,0,0,0,1,0,47,4,0,3,0.0,0.0,0.2,5,0,30,40,75.0,4,19,1,0,0,2024-08-17,0,0,0,1,0,0,0,0,0,0,0,0,0
Billy Gilmour,Brighton & Hove Albion,11,SCO,23,9.0,0,0,0,0,0,0,0,0,12,0,0,0,0.0,0.0,0.0,0,0,10,12,83.3,1,10,0,0,0,2024-08-17,0,0,0,1,0,0,0,0,0,0,0,0,0
Jack Hinshelwood,Brighton & Hove Albion,41,ENG,19,90.0,0,0,0,0,0,0,0,0,81,0,1,0,0.0,0.0,0.0,1,1,60,72,83.3,6,47,1,0,0,2024-08-17,0,0,0,0,0,0,1,0,0,0,0,0,0
Lewis Dunk,Brighton & Hove Albion,5,ENG,32,75.0,0,0,0,0,1,0,0,0,75,0,0,0,0.1,0.1,0.0,0,0,60,70,85.7,2,43,0,0,0,2024-08-17,0,1,0,0,0,0,0,0,0,0,0,0,0
Adam Webster,Brighton & Hove Albion,4,ENG,29,15.0,0,0,0,0,0,0,0,0,34,0,0,0,0.0,0.0,0.0,0,0,30,33,90.9,5,22,0,0,0,2024-08-17,0,1,0,0,0,0,0,0,0,0,0,0,0
Jan Paul van Hecke,Brighton & Hove Albion,29,NED,24,90.0,0,0,0,0,0,0,0,0,94,2,0,0,0.0,0.0,0.0,0,0,81,87,93.1,4,74,0,1,0,2024-08-17,0,1,0,0,0,0,0,0,0,0,0,0,0
Joël Veltman,Brighton & Hove Albion,34,NED,32,90.0,0,0,0,0,0,0,0,0,61,2,2,1,0.0,0.0,0.0,0,0,42,52,80.8,2,37,1,0,0,2024-08-17,0,0,0,0,0,0,0,0,0,1,0,0,0
Jason Steele,Brighton & Hove Albion,23,ENG,33,90.0,0,0,0,0,0,0,0,0,63,0,0,0,0.0,0.0,0.0,0,0,56,62,90.3,0,51,0,0,0,2024-08-17,0,0,0,0,0,1,0,0,0,0,0,0,0
Kai Havertz,Arsenal,29,GER,25,90.0,1,1,0,0,5,1,0,0,40,1,1,2,0.4,0.4,0.1,3,1,14,18,77.8,5,22,3,3,1,2024-08-17,0,0,0,0,1,0,0,1,0,0,0,0,0
Gabriel Martinelli,Arsenal,11,BRA,23,90.0,0,0,0,0,1,0,0,0,34,2,0,0,0.1,0.1,0.4,5,0,18,23,78.3,2,22,4,7,2,2024-08-17,0,0,0,0,0,0,0,0,1,0,0,1,0
Bukayo Saka,Arsenal,7,ENG,22,79.0,1,1,0,0,5,3,1,0,38,2,0,1,0.4,0.4,0.4,7,1,20,25,80.0,5,25,4,1,0,2024-08-17,0,0,0,0,0,0,0,0,0,0,0,1,0
Leandro Trossard,Arsenal,19,BEL,29,11.0,0,0,0,0,0,0,0,0,7,2,0,0,0.0,0.0,0.0,0,0,3,4,75.0,0,2,0,1,0,2024-08-17,0,0,0,0,0,0,0,0,1,0,0,0,0
Declan Rice,Arsenal,41,ENG,25,84.0,0,0,0,0,1,0,0,0,39,0,2,0,0.1,0.1,0.1,5,0,26,31,83.9,8,20,1,0,0,2024-08-17,0,0,0,0,0,0,0,1,0,0,0,0,0
Gabriel Jesus,Arsenal,9,BRA,27,6.0,0,0,0,0,0,0,1,0,7,1,0,0,0.0,0.0,0.0,0,0,4,4,100.0,0,3,1,0,0,2024-08-17,0,0,0,0,1,0,0,0,0,0,0,0,0
Thomas Partey,Arsenal,5,GHA,31,90.0,0,0,0,0,1,0,0,0,45,3,0,0,0.1,0.1,0.1,5,1,33,37,89.2,6,30,0,0,0,2024-08-17,0,0,1,0,0,0,0,0,0,0,0,0,0
Martin Ødegaard,Arsenal,8,NOR,25,90.0,0,0,0,0,1,1,0,0,41,1,0,0,0.0,0.0,0.1,4,0,29,34,85.3,8,28,3,5,3,2024-08-17,0,0,0,0,0,0,0,0,0,0,1,0,0
Oleksandr Zinchenko,Arsenal,17,UKR,27,68.0,0,0,0,0,0,0,0,0,66,0,2,1,0.0,0.0,0.0,2,1,52,61,85.2,6,32,1,1,1,2024-08-17,0,0,0,0,0,0,1,0,0,0,0,0,0
Jurriën Timber,Arsenal,12,NED,23,22.0,0,0,0,0,1,0,0,0,14,0,0,0,0.0,0.0,0.0,0,0,9,10,90.0,0,6,1,3,2,2024-08-17,0,0,0,0,0,0,1,0,0,0,0,0,0
Gabriel Magalhães,Arsenal,6,BRA,26,90.0,0,0,0,0,1,0,0,0,75,1,1,2,0.1,0.1,0.0,1,0,54,66,81.8,3,47,0,0,0,2024-08-17,0,1,0,0,0,0,0,0,0,0,0,0,0
William Saliba,Arsenal,2,FRA,23,90.0,0,0,0,0,0,0,0,0,72,4,1,0,0.0,0.0,0.0,0,0,54,62,87.1,4,44,0,0,0,2024-08-17,0,1,0,0,0,0,0,0,0,0,0,0,0
Ben White,Arsenal,4,ENG,26,90.0,0,0,0,0,2,1,0,0,53,1,1,0,0.1,0.1,0.0,3,0,38,46,82.6,6,33,0,1,0,2024-08-17,0,0,0,0,0,0,0,0,0,1,0,0,0
David Raya,Arsenal,22,ESP,28,90.0,0,0,0,0,0,0,0,0,38,0,0,0,0.0,0.0,0.0,0,0,28,37,75.7,0,26,0,0,0,2024-08-17,0,0,0,0,0,1,0,0,0,0,0,0,0
Jørgen Strand Larsen,Wolverhampton Wanderers,9,NOR,24,83.0,0,0,0,0,1,1,0,0,19,0,0,1,0.1,0.1,0.0,0,0,8,12,66.7,0,9,1,0,0,2024-08-17,0,0,0,0,1,0,0,0,0,0,0,0,0
Chiquinho,Wolverhampton Wanderers,23,POR,24,7.0,0,0,0,0,0,0,0,0,3,0,0,0,0.0,0.0,0.0,2,0,3,3,100.0,0,1,0,0,0,2024-08-17,0,0,0,0,0,0,0,1,0,0,0,0,0
Rodrigo Gomes,Wolverhampton Wanderers,19,POR,21,74.0,0,0,0,0,1,0,0,0,24,0,0,1,0.1,0.1,0.0,0,0,11,20,55.0,1,15,4,1,1,2024-08-17,0,0,0,0,0,0,0,1,1,0,0,0,0
Daniel Podence,Wolverhampton Wanderers,10,POR,28,16.0,0,0,0,0,1,0,0,0,6,0,0,0,0.0,0.0,0.0,0,0,2,4,50.0,0,2,0,0,0,2024-08-17,0,0,0,0,0,0,0,0,0,0,1,0,0
Hwang Hee-chan,Wolverhampton Wanderers,11,KOR,28,90.0,0,0,0,0,0,0,0,0,31,0,0,2,0.0,0.0,0.1,1,0,18,23,78.3,2,25,2,3,1,2024-08-17,0,0,0,0,1,0,0,1,0,0,1,1,0
Jean-Ricner Bellegarde,Wolverhampton Wanderers,27,FRA,26,56.0,0,0,0,0,1,0,0,0,25,1,0,1,0.1,0.1,0.0,1,0,14,17,82.4,1,18,0,3,0,2024-08-17,1,0,0,0,0,0,0,0,0,0,0,0,0
Matheus Cunha,Wolverhampton Wanderers,12,BRA,25,34.0,0,0,0,0,1,1,0,0,14,2,0,0,0.1,0.1,0.1,2,0,9,9,100.0,0,9,2,1,0,2024-08-17,0,0,0,0,1,0,0,0,0,0,0,0,0
Mario Lemina,Wolverhampton Wanderers,5,GAB,30,90.0,0,0,0,0,0,0,0,0,51,2,5,3,0.0,0.0,0.0,0,0,32,40,80.0,1,26,0,0,0,2024-08-17,0,0,1,1,0,0,0,0,0,0,0,0,0
João Gomes,Wolverhampton Wanderers,8,BRA,23,83.0,0,0,0,0,0,0,1,0,42,2,0,1,0.0,0.0,0.0,2,0,33,40,82.5,5,27,2,2,2,2024-08-17,0,0,1,1,0,0,0,0,0,0,0,0,0
Pablo Sarabia,Wolverhampton Wanderers,21,ESP,32,7.0,0,0,0,0,1,1,0,0,10,1,0,0,0.1,0.1,0.0,0,0,5,7,71.4,2,8,0,3,2,2024-08-17,0,0,1,0,0,0,0,0,0,0,0,0,0
Rayan Aït-Nouri,Wolverhampton Wanderers,3,ALG,23,83.0,0,0,0,0,1,0,0,0,55,4,1,1,0.0,0.0,0.0,1,0,42,45,93.3,7,34,0,2,0,2024-08-17,0,0,0,0,0,0,1,0,0,0,0,0,0
Craig Dawson,Wolverhampton Wanderers,15,ENG,34,7.0,0,0,0,0,0,0,0,0,5,0,0,0,0.0,0.0,0.0,0,0,3,3,100.0,0,0,0,1,0,2024-08-17,0,1,0,0,0,0,0,0,0,0,0,0,0
Toti Gomes,Wolverhampton Wanderers,24,POR,25,90.0,0,0,0,0,0,0,1,0,60,2,0,0,0.0,0.0,0.0,1,0,52,58,89.7,1,43,1,0,0,2024-08-17,0,1,0,0,0,0,1,0,0,0,0,0,0
Yerson Mosquera,Wolverhampton Wanderers,14,COL,23,90.0,0,0,0,0,0,0,0,0,53,3,0,2,0.0,0.0,0.1,1,0,40,47,85.1,2,32,0,0,0,2024-08-17,0,1,0,0,0,0,0,0,0,0,0,0,0
Matt Doherty,Wolverhampton Wanderers,2,IRL,32,90.0,0,0,0,0,2,0,0,0,53,2,1,1,0.1,0.1,0.0,1,0,29,38,76.3,2,27,0,1,1,2024-08-17,0,0,0,0,0,0,0,0,0,1,0,0,0
José Sá,Wolverhampton Wanderers,1,POR,31,90.0,0,0,0,0,0,0,0,0,42,0,0,0,0.0,0.0,0.0,1,0,23,40,57.5,0,30,0,1,1,2024-08-17,0,0,0,0,0,1,0,0,0,0,0,0,0
Michail Antonio,West Ham United,9,JAM,34,72.0,0,0,0,0,2,0,0,0,20,0,0,1,0.2,0.2,0.0,0,0,6,11,54.5,1,11,3,0,0,2024-08-17,0,0,0,0,1,0,0,0,0,0,0,0,0
Niclas Füllkrug,West Ham United,11,GER,31,18.0,0,0,0,0,0,0,0,0,6,0,0,0,0.0,0.0,0.0,0,0,4,4,100.0,0,2,0,0,0,2024-08-17,0,0,0,0,1,0,0,0,0,0,0,0,0
Mohammed Kudus,West Ham United,14,GHA,24,90.0,0,0,0,0,2,0,0,0,46,1,0,2,0.1,0.1,0.5,4,0,24,36,66.7,2,31,5,6,3,2024-08-17,0,0,0,0,0,0,0,1,0,0,1,0,1
Lucas Paquetá,West Ham United,10,BRA,26,72.0,1,0,1,1,0,0,1,0,66,0,0,2,0.8,0.0,0.0,4,1,47,58,81.0,8,38,0,0,0,2024-08-17,0,0,1,0,0,0,0,0,0,0,0,0,0
James Ward-Prowse,West Ham United,8,ENG,29,18.0,0,0,0,0,0,0,0,0,16,1,0,1,0.0,0.0,0.0,0,0,11,15,73.3,4,6,1,0,0,2024-08-17,0,0,1,0,0,0,0,0,0,0,0,0,0
Tomáš Souček,West Ham United,28,CZE,29,90.0,0,0,0,0,5,0,0,0,24,2,1,0,0.9,0.9,0.1,5,1,10,16,62.5,0,7,0,0,0,2024-08-17,0,0,1,0,0,0,0,0,0,0,0,0,0
Jarrod Bowen,West Ham United,20,ENG,27,72.0,0,0,0,0,0,0,0,0,24,0,0,1,0.0,0.0,0.0,2,0,10,15,66.7,1,10,0,2,0,2024-08-17,0,0,0,0,0,0,0,0,0,0,1,0,0
Crysencio Summerville,West Ham United,7,NED,22,18.0,0,0,0,0,0,0,0,0,15,0,0,0,0.0,0.0,0.3,3,0,11,12,91.7,0,12,3,1,0,2024-08-17,0,0,1,0,0,0,0,1,0,0,0,0,0
Guido Rodríguez,West Ham United,24,ARG,30,84.0,0,0,0,0,1,0,0,0,53,3,1,0,0.0,0.0,0.0,1,0,40,46,87.0,3,26,0,0,0,2024-08-17,0,0,0,1,0,0,0,0,0,0,0,0,0
Danny Ings,West Ham United,18,ENG,32,6.0,0,0,0,0,1,1,0,0,5,0,0,0,0.3,0.3,0.0,1,0,2,4,50.0,0,4,0,0,0,2024-08-17,0,0,0,0,1,0,0,0,0,0,0,0,0
Emerson Palmieri,West Ham United,33,ITA,30,90.0,0,0,0,0,1,1,0,0,59,0,0,1,0.0,0.0,0.0,3,0,46,51,90.2,4,27,4,0,0,2024-08-17,0,0,0,0,0,0,1,0,0,0,0,0,1
Max Kilman,West Ham United,26,ENG,27,90.0,0,0,0,0,0,0,0,0,86,2,2,2,0.0,0.0,0.0,1,0,62,73,84.9,5,59,2,0,0,2024-08-17,0,1,0,0,0,0,0,0,0,0,0,0,0
Konstantinos Mavropanos,West Ham United,15,GRE,26,90.0,0,0,0,0,1,0,0,0,63,3,0,2,0.0,0.0,0.0,0,0,42,51,82.4,1,40,1,0,0,2024-08-17,0,1,0,0,0,0,0,0,0,0,0,0,0
Vladimír Coufal,West Ham United,5,CZE,31,84.0,0,0,0,0,0,0,0,0,42,0,2,2,0.0,0.0,0.1,2,0,25,31,80.6,1,23,1,0,0,2024-08-17,0,0,0,0,0,0,0,0,0,1,0,0,0
Jean-Clair Todibo,West Ham United,25,FRA,24,6.0,0,0,0,0,0,0,0,0,11,1,0,0,0.0,0.0,0.0,0,0,7,7,100.0,0,9,0,2,1,2024-08-17,0,1,0,0,0,0,0,0,0,0,0,0,0
Alphonse Areola,West Ham United,23,FRA,31,90.0,0,0,0,0,0,0,0,0,35,1,0,0,0.0,0.0,0.0,0,0,30,34,88.2,0,22,0,0,0,2024-08-17,0,0,0,0,0,1,0,0,0,0,0,0,0
Ollie Watkins,Aston Villa,11,ENG,28,61.0,0,0,0,0,0,0,0,0,13,0,0,2,0.0,0.0,0.0,0,0,4,5,80.0,0,9,1,3,0,2024-08-17,0,0,0,0,1,0,0,0,0,0,0,0,0
Jhon Durán,Aston Villa,9,COL,20,29.0,1,0,0,0,2,1,0,0,21,1,0,0,0.4,0.4,0.0,0,0,9,12,75.0,0,12,0,3,1,2024-08-17,0,0,0,0,1,0,0,0,0,0,0,0,0
John McGinn,Aston Villa,7,SCO,29,61.0,0,0,0,0,2,0,0,0,24,2,0,0,0.3,0.3,0.0,2,0,12,14,85.7,1,7,2,0,0,2024-08-17,0,0,0,0,0,0,0,0,1,0,0,0,0
Jacob Ramsey,Aston Villa,41,ENG,23,29.0,0,1,0,0,1,0,0,0,16,0,0,0,0.1,0.1,0.1,3,1,12,13,92.3,1,11,2,1,1,2024-08-17,0,0,0,0,0,0,0,0,1,0,0,0,0
Leon Bailey,Aston Villa,31,JAM,27,73.0,0,0,0,0,3,0,1,0,35,0,0,1,0.2,0.2,0.1,4,0,15,28,53.6,2,24,5,2,2,2024-08-17,0,0,0,0,0,0,0,0,0,0,0,1,0
Jaden Philogene Bidace,Aston Villa,19,ENG,22,17.0,0,0,0,0,1,0,1,0,12,1,0,0,0.1,0.1,0.0,0,0,7,9,77.8,0,3,0,0,0,2024-08-17,0,0,0,0,0,0,0,0,0,0,0,1,0
Morgan Rogers,Aston Villa,27,ENG,22,90.0,0,0,0,0,2,1,0,0,35,1,0,3,0.2,0.2,0.2,4,0,19,24,79.2,3,13,4,2,1,2024-08-17,1,0,0,0,0,0,0,0,0,0,0,0,0
Youri Tielemans,Aston Villa,8,BEL,27,90.0,0,1,0,0,2,0,0,0,64,2,2,1,0.2,0.2,0.7,4,1,47,53,88.7,4,43,2,2,1,2024-08-17,0,0,0,1,0,0,0,0,0,0,0,0,0
Amadou Onana,Aston Villa,24,BEL,23,90.0,1,0,0,0,1,1,0,0,48,3,2,1,0.6,0.6,0.0,0,0,30,31,96.8,2,25,2,1,1,2024-08-17,0,0,0,1,0,0,0,0,0,0,0,0,0
Lucas Digne,Aston Villa,12,FRA,31,73.0,0,0,0,0,0,0,0,0,52,2,1,1,0.0,0.0,0.2,1,0,32,45,71.1,1,27,0,0,0,2024-08-17,0,0,0,0,0,0,1,0,0,0,0,0,0
Ian Maatsen,Aston Villa,22,NED,22,17.0,0,0,0,0,0,0,0,0,13,3,0,0,0.0,0.0,0.1,2,1,7,9,77.8,2,5,1,0,0,2024-08-17,0,0,0,0,0,0,1,0,0,0,0,0,0
Pau Torres,Aston Villa,14,ESP,27,90.0,0,0,0,0,0,0,0,0,68,4,0,2,0.0,0.0,0.0,1,0,48,58,82.8,3,43,3,1,1,2024-08-17,0,1,0,0,0,0,0,0,0,0,0,0,0
Ezri Konsa,Aston Villa,4,ENG,26,90.0,0,0,0,0,1,0,0,0,54,1,1,0,0.1,0.1,0.0,1,0,41,45,91.1,2,32,0,0,0,2024-08-17,0,1,0,0,0,0,0,0,0,0,0,0,0
Matty Cash,Aston Villa,2,POL,27,81.0,0,0,0,0,0,0,0,0,55,3,1,1,0.0,0.0,0.1,1,0,33,43,76.7,3,24,1,0,0,2024-08-17,0,0,0,0,0,0,0,0,0,1,0,0,0
Kosta Nedeljković,Aston Villa,20,SRB,18,9.0,0,0,0,0,0,0,0,0,11,1,0,1,0.0,0.0,0.0,0,0,6,7,85.7,1,4,0,0,0,2024-08-17,0,0,0,0,0,0,0,0,0,1,0,0,0
Emiliano Martínez,Aston Villa,23,ARG,31,90.0,0,0,0,0,0,0,0,0,40,0,0,0,0.0,0.0,0.0,0,0,26,37,70.3,0,28,0,0,0,2024-08-17,0,0,0,0,0,1,0,0,0,0,0,0,0
Yoane Wissa,Brentford,11,COD,27,83.0,1,1,0,0,2,1,1,0,32,0,0,1,1.0,1.0,0.1,1,1,22,26,84.6,2,23,1,2,1,2024-08-18,0,0,0,0,1,0,0,0,0,0,0,0,0
Fabio Carvalho,Brentford,14,POR,21,7.0,0,0,0,0,0,0,0,0,8,1,0,1,0.0,0.0,0.0,0,0,2,5,40.0,0,1,0,0,0,2024-08-18,0,0,0,0,1,0,0,0,0,0,0,0,0
Kevin Schade,Brentford,7,GER,22,73.0,0,0,0,0,1,0,0,0,28,3,0,0,0.1,0.1,0.0,1,0,8,17,47.1,1,18,4,6,2,2024-08-18,0,0,0,0,0,0,0,0,1,0,0,0,0
Keane Lewis-Potter,Brentford,23,ENG,23,17.0,0,0,0,0,0,0,0,0,6,1,0,0,0.0,0.0,0.0,0,0,2,4,50.0,0,3,0,0,0,2024-08-18,0,0,0,0,1,0,0,1,1,0,0,0,0
Bryan Mbeumo,Brentford,19,CMR,25,89.0,1,0,0,0,1,1,0,0,37,0,0,1,0.1,0.1,0.4,6,0,16,32,50.0,1,23,3,1,1,2024-08-18,0,0,0,0,1,0,0,0,0,0,0,1,0
Ben Mee,Brentford,16,ENG,34,1.0,0,0,0,0,0,0,0,0,2,0,0,0,0.0,0.0,0.0,0,0,1,2,50.0,0,2,0,0,0,2024-08-18,0,1,0,0,0,0,0,0,0,0,0,0,0
Mathias Jensen,Brentford,8,DEN,28,83.0,0,0,0,0,0,0,0,0,47,0,2,3,0.0,0.0,0.0,2,0,29,41,70.7,4,26,1,1,0,2024-08-18,0,0,0,0,0,0,0,1,0,0,0,0,0
Frank Onyeka,Brentford,15,NGA,26,7.0,0,0,0,0,0,0,0,0,2,0,0,0,0.0,0.0,0.0,0,0,1,1,100.0,0,1,0,0,0,2024-08-18,0,0,1,0,0,0,0,0,0,0,0,0,0
Vitaly Janelt,Brentford,27,GER,26,73.0,0,0,0,0,2,0,0,0,41,3,2,0,0.1,0.1,0.0,1,0,28,30,93.3,4,28,1,2,0,2024-08-18,0,0,1,0,0,0,0,0,0,0,0,0,0
Mikkel Damsgaard,Brentford,24,DEN,24,17.0,0,0,0,0,0,0,0,0,9,0,1,0,0.0,0.0,0.0,0,0,7,9,77.8,1,4,1,1,0,2024-08-18,0,0,1,0,0,0,0,0,0,0,1,0,0
Christian Nørgaard,Brentford,6,DEN,30,90.0,0,0,0,0,0,0,0,0,56,3,3,2,0.0,0.0,0.1,3,1,31,43,72.1,7,28,1,0,0,2024-08-18,0,0,1,0,0,0,0,0,0,0,1,0,0
Kristoffer Ajer,Brentford,20,NOR,26,90.0,0,0,0,0,1,1,0,0,43,0,1,0,0.3,0.3,0.0,0,0,28,38,73.7,2,30,2,1,1,2024-08-18,0,0,0,0,0,0,1,0,0,0,0,0,0
Ethan Pinnock,Brentford,5,JAM,31,90.0,0,0,0,0,1,1,0,0,58,2,1,2,0.0,0.0,0.0,0,0,34,42,81.0,2,28,0,2,0,2024-08-18,0,1,0,0,0,0,0,0,0,0,0,0,0
Nathan Collins,Brentford,22,IRL,23,90.0,0,0,0,0,1,1,0,0,67,5,0,3,0.2,0.2,0.0,1,1,46,52,88.5,2,31,2,0,0,2024-08-18,0,1,0,0,0,0,0,0,0,0,0,0,0
Mads Roerslev,Brentford,30,DEN,25,90.0,0,0,0,0,0,0,0,0,48,0,1,0,0.0,0.0,0.0,0,0,34,43,79.1,5,34,0,0,0,2024-08-18,0,0,0,0,0,0,0,0,0,1,0,0,0
Mark Flekken,Brentford,1,NED,31,90.0,0,0,0,0,0,0,0,0,58,1,0,0,0.0,0.0,0.0,0,0,42,55,76.4,0,38,0,0,0,2024-08-18,0,0,0,0,0,1,0,0,0,0,0,0,0
Jean-Philippe Mateta,Crystal Palace,14,FRA,27,45.0,0,0,0,0,0,0,0,0,15,0,0,1,0.0,0.0,0.0,0,0,7,10,70.0,2,6,1,2,0,2024-08-18,0,0,0,0,1,0,0,0,0,0,0,0,0
Odsonne Édouard,Crystal Palace,22,FRA,26,45.0,0,0,0,0,1,0,0,0,17,0,0,1,0.0,0.0,0.0,1,0,7,12,58.3,1,9,0,0,0,2024-08-18,1,0,0,0,1,0,0,0,0,0,0,0,0
Eberechi Eze,Crystal Palace,10,ENG,26,90.0,0,0,0,0,7,3,0,0,58,1,0,0,0.4,0.4,0.0,6,0,31,43,72.1,5,41,7,6,2,2024-08-18,1,0,0,0,0,0,0,1,0,0,0,0,0
Daichi Kamada,Crystal Palace,18,JPN,28,69.0,0,0,0,0,0,0,1,0,36,1,1,0,0.0,0.0,0.1,3,0,23,28,82.1,3,16,1,3,1,2024-08-18,1,0,0,0,0,0,0,0,0,0,0,0,0
Jordan Ayew,Crystal Palace,9,GHA,32,21.0,0,0,0,0,1,0,1,0,12,1,0,0,0.5,0.5,0.0,1,0,8,10,80.0,0,6,0,0,0,2024-08-18,1,0,0,0,1,0,0,0,0,0,0,0,0
Will Hughes,Crystal Palace,19,ENG,29,83.0,0,0,0,0,0,0,0,0,56,5,1,1,0.0,0.0,0.0,3,0,43,49,87.8,4,29,1,0,0,2024-08-18,0,0,1,0,0,0,0,0,0,0,0,0,0
Cheick Doucouré,Crystal Palace,28,MLI,24,7.0,0,0,0,0,0,0,0,0,11,0,0,1,0.0,0.0,0.0,0,0,8,10,80.0,1,6,0,0,0,2024-08-18,0,0,1,0,0,0,0,0,0,0,0,0,0
Adam Wharton,Crystal Palace,20,ENG,20,73.0,0,0,0,0,3,2,0,0,43,3,0,0,0.1,0.1,0.0,0,0,24,35,68.6,4,26,1,1,0,2024-08-18,0,0,1,0,0,0,0,0,0,0,0,0,0
Jefferson Lerma,Crystal Palace,8,COL,29,17.0,0,0,0,0,0,0,0,0,24,0,0,0,0.0,0.0,0.5,1,0,20,22,90.9,1,13,0,0,0,2024-08-18,0,0,1,0,0,0,0,0,0,0,0,0,0
Tyrick Mitchell,Crystal Palace,3,ENG,24,90.0,0,0,0,0,1,0,0,0,70,1,0,1,0.1,0.1,0.1,5,0,39,49,79.6,2,28,1,3,0,2024-08-18,0,0,0,0,0,0,1,0,0,0,0,0,1
Daniel Muñoz,Crystal Palace,12,COL,28,90.0,0,0,0,0,0,0,0,0,68,4,1,3,0.0,0.0,0.0,1,0,42,55,76.4,1,25,0,3,0,2024-08-18,0,0,0,0,0,0,0,0,0,1,0,0,1
Marc Guéhi,Crystal Palace,6,ENG,24,90.0,0,0,0,0,0,0,1,0,57,1,1,0,0.0,0.0,0.0,1,0,42,45,93.3,4,27,0,0,0,2024-08-18,0,1,0,0,0,0,0,0,0,0,0,0,0
Joachim Andersen,Crystal Palace,5,DEN,28,90.0,0,0,0,0,1,1,1,0,93,1,0,0,0.0,0.0,0.0,1,0,61,83,73.5,4,49,1,0,0,2024-08-18,0,1,0,0,0,0,0,0,0,0,0,0,0
Chris Richards,Crystal Palace,26,USA,24,83.0,0,0,0,0,0,0,1,0,50,4,1,2,0.0,0.0,0.0,0,0,37,41,90.2,0,20,1,0,0,2024-08-18,0,1,0,0,0,0,0,0,0,0,0,0,0
Ismaila Sarr,Crystal Palace,7,SEN,26,7.0,0,0,0,0,0,0,0,0,2,0,0,0,0.0,0.0,0.0,0,0,2,2,100.0,0,1,0,0,0,2024-08-18,0,0,0,0,0,0,0,0,0,0,1,0,0
Dean Henderson,Crystal Palace,1,ENG,27,90.0,0,0,0,0,0,0,0,0,28,0,0,0,0.0,0.0,0.0,0,0,16,25,64.0,0,14,0,0,0,2024-08-18,0,0,0,0,0,1,0,0,0,0,0,0,0
Nicolas Jackson,Chelsea,15,SEN,23,66.0,0,0,0,0,1,1,0,0,21,0,0,0,0.5,0.5,0.2,3,0,11,16,68.8,2,10,0,0,0,2024-08-18,0,0,0,0,1,0,0,0,0,0,0,0,0
Marc Guiu,Chelsea,38,ESP,18,24.0,0,0,0,0,0,0,0,0,5,0,0,0,0.0,0.0,0.0,0,0,3,4,75.0,0,2,0,1,0,2024-08-18,0,0,0,0,1,0,0,0,0,0,0,0,0
Christopher Nkunku,Chelsea,18,FRA,26,57.0,0,0,0,0,1,0,0,0,38,3,1,2,0.1,0.1,0.0,2,0,26,26,100.0,2,24,2,3,0,2024-08-18,0,0,0,0,0,0,0,0,1,0,0,0,0
Pedro Neto,Chelsea,19,POR,24,33.0,0,0,0,0,1,0,0,0,23,0,0,0,0.0,0.0,0.2,2,0,17,19,89.5,0,20,3,2,1,2024-08-18,0,0,0,0,0,0,0,0,1,0,0,0,0
Cole Palmer,Chelsea,20,ENG,22,90.0,0,0,0,0,2,1,0,0,57,2,0,0,0.1,0.1,0.1,5,0,37,47,78.7,6,41,6,3,1,2024-08-18,0,0,0,0,0,0,0,0,0,0,0,1,0
Enzo Fernández,Chelsea,8,ARG,23,90.0,0,0,0,0,3,1,0,0,67,2,0,0,0.2,0.2,0.0,3,0,47,56,83.9,4,44,0,0,0,2024-08-18,1,0,0,1,0,0,0,0,0,0,0,0,0
Roméo Lavia,Chelsea,45,BEL,20,66.0,0,0,0,0,0,0,0,0,48,3,3,0,0.0,0.0,0.5,1,0,38,39,97.4,2,26,0,0,0,2024-08-18,0,0,0,1,0,0,0,0,0,0,0,0,0
Kiernan Dewsbury-Hall,Chelsea,22,ENG,25,24.0,0,0,0,0,0,0,0,0,19,0,1,1,0.0,0.0,0.0,0,0,13,17,76.5,0,13,1,0,0,2024-08-18,1,0,0,0,0,0,0,0,0,0,0,0,0
Moisés Caicedo,Chelsea,25,ECU,22,90.0,0,0,0,0,1,0,1,0,61,2,2,2,0.0,0.0,0.0,1,0,47,53,88.7,3,34,0,1,1,2024-08-18,0,0,0,1,0,0,0,0,0,0,0,0,0
Marc Cucurella,Chelsea,3,ESP,26,79.0,0,0,0,0,0,0,0,0,77,2,0,1,0.0,0.0,0.0,1,0,58,68,85.3,3,30,1,0,0,2024-08-18,0,0,0,0,0,0,1,0,0,0,0,0,0
Renato Veiga,Chelsea,40,POR,21,11.0,0,0,0,0,0,0,0,0,10,0,0,1,0.0,0.0,0.0,0,0,8,9,88.9,0,4,1,0,0,2024-08-18,0,0,0,0,0,0,1,0,0,0,0,0,0
Levi Colwill,Chelsea,6,ENG,21,90.0,0,0,0,0,0,0,0,0,56,1,2,1,0.0,0.0,0.0,1,0,47,48,97.9,2,33,0,0,0,2024-08-18,0,1,0,0,0,0,0,0,0,0,0,0,0
Wesley Fofana,Chelsea,29,FRA,23,90.0,0,0,0,0,1,0,0,0,64,1,1,2,0.0,0.0,0.0,0,0,49,56,87.5,1,49,0,0,0,2024-08-18,0,1,0,0,0,0,0,0,0,0,0,0,0
Malo Gusto,Chelsea,27,FRA,21,90.0,0,0,0,0,0,0,0,0,51,4,0,0,0.0,0.0,0.0,1,0,36,44,81.8,1,23,2,1,1,2024-08-18,0,0,0,0,0,0,0,0,0,1,0,0,0
Robert Sánchez,Chelsea,1,ESP,26,90.0,0,0,0,0,0,0,0,0,32,0,0,0,0.0,0.0,0.0,0,0,24,29,82.8,0,17,0,0,0,2024-08-18,0,0,0,0,0,1,0,0,0,0,0,0,0
Erling Haaland,Manchester City,9,NOR,24,90.0,1,0,0,0,2,2,1,0,12,0,0,0,0.3,0.3,0.0,1,1,3,8,37.5,2,8,0,1,1,2024-08-18,0,0,0,0,1,0,0,0,0,0,0,0,0
Sávio,Manchester City,26,BRA,20,45.0,0,0,0,0,0,0,0,0,19,2,0,0,0.0,0.0,0.2,6,0,12,16,75.0,2,13,5,3,3,2024-08-18,0,0,0,0,0,0,0,0,1,0,0,1,0
Phil Foden,Manchester City,47,ENG,24,45.0,0,0,0,0,0,0,0,0,32,0,2,1,0.0,0.0,0.0,0,0,24,28,85.7,1,20,2,0,0,2024-08-18,0,0,0,0,0,0,0,0,0,0,0,1,0
Jeremy Doku,Manchester City,11,BEL,22,90.0,0,0,0,0,2,1,0,0,51,1,0,1,0.1,0.1,0.0,2,0,28,36,77.8,4,39,18,15,6,2024-08-18,0,0,0,0,0,0,0,0,1,0,0,1,0
Kevin De Bruyne,Manchester City,17,BEL,33,90.0,0,0,0,0,2,0,0,0,67,1,1,0,0.1,0.1,0.0,1,0,46,58,79.3,5,33,4,2,1,2024-08-18,0,0,1,0,0,0,0,0,0,0,0,0,0
Bernardo Silva,Manchester City,20,POR,30,90.0,0,1,0,0,2,1,0,0,63,0,0,2,0.1,0.1,0.3,3,1,51,55,92.7,5,34,3,1,0,2024-08-18,0,0,1,0,0,0,0,0,0,0,0,0,0
Mateo Kovačić,Manchester City,8,CRO,30,90.0,1,0,0,0,2,1,0,0,79,6,0,0,0.1,0.1,0.0,2,1,63,66,95.5,3,52,2,4,2,2024-08-18,0,0,0,1,0,0,0,0,0,0,0,0,0
Rico Lewis,Manchester City,82,ENG,19,90.0,0,0,0,0,0,0,0,0,58,2,1,1,0.0,0.0,0.0,1,0,38,50,76.0,2,29,3,3,1,2024-08-18,0,0,0,1,0,0,0,0,0,0,0,0,0
Joško Gvardiol,Manchester City,24,CRO,22,90.0,0,0,0,0,1,0,0,0,81,2,4,0,0.0,0.0,0.0,3,0,64,69,92.8,5,46,3,1,1,2024-08-18,0,0,0,0,0,0,1,0,0,0,0,0,0
Rúben Dias,Manchester City,3,POR,27,90.0,0,0,0,0,0,0,0,0,80,1,2,0,0.0,0.0,0.0,0,0,69,71,97.2,0,42,0,0,0,2024-08-18,0,1,0,0,0,0,0,0,0,0,0,0,0
Manuel Akanji,Manchester City,25,SUI,29,90.0,0,0,0,0,0,0,0,0,80,1,0,1,0.0,0.0,0.0,0,0,70,74,94.6,3,41,1,0,0,2024-08-18,0,0,0,0,0,0,0,0,0,1,0,0,0
Ederson,Manchester City,31,BRA,31,90.0,0,0,0,0,0,0,0,0,42,0,0,0,0.0,0.0,0.0,0,0,33,39,84.6,0,28,0,0,0,2024-08-18,0,0,0,0,0,1,0,0,0,0,0,0,0
Jamie Vardy,Leicester City,9,ENG,37,78.0,1,0,0,0,2,2,0,0,18,1,1,0,0.8,0.8,0.0,0,0,4,10,40.0,1,9,0,0,0,2024-08-19,0,0,0,0,1,0,0,0,0,0,0,0,0
Stephy Mavididi,Leicester City,10,ENG,26,12.0,0,0,0,0,0,0,0,0,6,1,0,0,0.0,0.0,0.0,2,0,2,3,66.7,2,6,2,3,1,2024-08-19,0,0,0,0,1,0,0,0,0,0,0,0,0
Bobby Reid,Leicester City,14,JAM,31,85.0,0,0,0,0,1,0,0,0,31,0,0,1,0.1,0.1,0.0,1,0,15,24,62.5,0,17,1,0,0,2024-08-19,0,0,0,0,0,0,0,0,1,0,0,0,0
Kasey McAteer,Leicester City,35,IRL,22,5.0,0,0,0,0,1,0,0,0,12,2,0,4,0.0,0.0,0.0,0,0,2,4,50.0,0,3,0,0,0,2024-08-19,0,0,0,0,0,0,0,0,1,0,0,0,0
Abdul Fatawu Issahaku,Leicester City,7,GHA,20,90.0,0,1,0,0,0,0,0,0,49,6,0,1,0.0,0.0,0.5,3,1,18,25,72.0,2,27,5,8,3,2024-08-19,0,0,0,0,0,0,0,0,0,0,0,1,0
Facundo Buonanotte,Leicester City,40,ARG,19,78.0,0,0,0,0,0,0,0,0,35,3,0,1,0.0,0.0,0.4,2,0,20,25,80.0,5,18,2,4,1,2024-08-19,1,0,0,0,0,0,0,0,0,0,0,0,0
Boubakary Soumaré,Leicester City,24,FRA,25,12.0,0,0,0,0,0,0,0,0,4,0,0,0,0.0,0.0,0.0,0,0,3,3,100.0,0,2,0,0,0,2024-08-19,1,0,0,0,0,0,0,0,0,0,0,0,0
Wilfred Ndidi,Leicester City,6,NGA,27,90.0,0,0,0,0,2,1,0,0,55,2,0,5,0.1,0.1,0.0,1,0,27,35,77.1,2,21,0,2,1,2024-08-19,0,0,0,1,0,0,0,0,0,0,0,0,0
Harry Winks,Leicester City,8,ENG,28,90.0,0,0,0,0,0,0,0,0,43,3,1,1,0.0,0.0,0.0,1,0,34,41,82.9,6,16,1,1,1,2024-08-19,0,0,0,1,0,0,0,0,0,0,0,0,0
Victor Bernth Kristiansen,Leicester City,16,DEN,21,90.0,0,0,0,0,0,0,0,0,54,2,2,2,0.0,0.0,0.0,2,1,28,36,77.8,2,23,0,1,0,2024-08-19,0,0,0,0,0,0,1,0,0,0,0,0,0
Wout Faes,Leicester City,3,BEL,26,90.0,0,0,0,0,0,0,1,0,40,1,1,1,0.0,0.0,0.0,1,0,27,30,90.0,0,20,0,0,0,2024-08-19,0,1,0,0,0,0,0,0,0,0,0,0,0
Jannik Vestergaard,Leicester City,23,DEN,32,90.0,0,0,0,0,0,0,0,0,29,0,2,2,0.0,0.0,0.0,0,0,15,16,93.8,2,11,0,0,0,2024-08-19,0,1,0,0,0,0,0,0,0,0,0,0,0
James Justin,Leicester City,2,ENG,26,90.0,0,0,0,0,1,0,0,0,46,1,3,2,0.1,0.1,0.0,0,0,28,33,84.8,1,18,1,0,0,2024-08-19,0,0,0,0,0,0,0,0,0,1,0,0,0
Mads Hermansen,Leicester City,30,DEN,24,90.0,0,0,0,0,0,0,0,0,32,0,0,0,0.0,0.0,0.0,0,0,14,28,50.0,0,21,0,0,0,2024-08-19,0,0,0,0,0,1,0,0,0,0,0,0,0
Dominic Solanke,Tottenham Hotspur,19,ENG,26,90.0,0,0,0,0,3,3,0,0,29,2,0,0,0.3,0.3,0.1,1,0,15,19,78.9,1,19,3,3,3,2024-08-19,0,0,0,0,1,0,0,0,0,0,0,0,0
Son Heung-min,Tottenham Hotspur,7,KOR,32,89.0,0,0,0,0,1,0,0,0,58,0,1,0,0.0,0.0,0.1,5,1,43,52,82.7,5,42,5,6,4,2024-08-19,0,0,0,0,0,0,0,1,1,0,0,0,0
Richarlison,Tottenham Hotspur,9,BRA,27,1.0,0,0,0,0,1,0,0,0,7,0,0,0,0.2,0.2,0.0,0,0,3,5,60.0,0,1,0,0,0,2024-08-19,0,0,0,0,0,0,0,1,0,0,0,0,0
Brennan Johnson,Tottenham Hotspur,22,WAL,23,77.0,0,0,0,0,2,1,0,0,43,6,0,0,0.1,0.1,0.2,1,0,21,29,72.4,1,19,3,1,0,2024-08-19,0,0,0,0,0,0,0,0,0,0,0,1,0
Timo Werner,Tottenham Hotspur,16,GER,28,13.0,0,0,0,0,0,0,0,0,22,0,0,0,0.0,0.0,0.0,0,0,14,19,73.7,1,11,1,1,0,2024-08-19,0,0,0,0,0,0,0,0,0,0,1,0,0
James Maddison,Tottenham Hotspur,10,ENG,27,78.0,0,1,0,0,1,0,0,0,78,0,1,0,0.0,0.0,0.2,8,1,55,71,77.5,15,46,3,2,2,2024-08-19,0,0,0,0,0,0,0,1,0,0,0,0,0
Dejan Kulusevski,Tottenham Hotspur,21,SWE,24,12.0,0,0,0,0,0,0,0,0,19,1,0,3,0.0,0.0,0.0,2,0,7,9,77.8,1,7,0,2,0,2024-08-19,0,0,1,0,0,0,0,0,0,0,0,0,0
Rodrigo Bentancur,Tottenham Hotspur,30,URU,27,77.0,0,0,0,0,3,1,1,0,60,3,2,0,0.3,0.3,0.0,3,0,46,47,97.9,4,27,2,1,0,2024-08-19,0,0,1,0,0,0,0,0,0,0,0,0,0
Archie Gray,Tottenham Hotspur,14,ENG,18,13.0,0,0,0,0,0,0,0,0,23,2,0,0,0.0,0.0,0.0,0,0,18,21,85.7,2,13,0,0,0,2024-08-19,0,0,0,1,0,0,0,0,0,0,0,0,0
Pape Matar Sarr,Tottenham Hotspur,29,SEN,21,77.0,0,0,0,0,1,0,0,0,56,1,0,1,0.0,0.0,0.1,1,0,42,48,87.5,8,30,1,0,0,2024-08-19,0,0,0,0,0,0,0,0,0,0,1,0,0
Lucas Bergvall,Tottenham Hotspur,15,SWE,18,13.0,0,0,0,0,1,0,0,0,35,3,0,0,0.1,0.1,0.2,1,0,27,29,93.1,2,13,0,3,2,2024-08-19,0,0,1,0,0,0,0,0,0,0,0,0,0
Destiny Udogie,Tottenham Hotspur,13,ITA,21,90.0,0,0,0,0,0,0,0,0,82,4,0,3,0.0,0.0,0.0,0,0,61,71,85.9,7,37,2,2,0,2024-08-19,0,0,0,0,0,0,1,0,0,0,0,0,0
Micky van de Ven,Tottenham Hotspur,37,NED,23,90.0,0,0,0,0,0,0,0,0,104,0,1,1,0.0,0.0,0.0,2,0,90,96,93.8,5,68,1,0,0,2024-08-19,0,1,0,0,0,0,0,0,0,0,0,0,0
Cristian Romero,Tottenham Hotspur,17,ARG,26,90.0,0,0,0,0,1,0,0,0,102,1,0,0,0.1,0.1,0.0,1,0,89,97,91.8,9,61,0,0,0,2024-08-19,0,1,0,0,0,0,0,0,0,0,0,0,0
Pedro Porro,Tottenham Hotspur,23,ESP,24,89.0,1,0,0,0,1,1,0,0,65,0,1,0,0.1,0.1,0.2,5,0,49,57,86.0,6,29,3,2,0,2024-08-19,0,0,0,0,0,0,0,0,0,1,0,0,0
Djed Spence,Tottenham Hotspur,24,ENG,24,1.0,0,0,0,0,0,0,0,0,10,0,0,0,0.0,0.0,0.0,0,0,9,9,100.0,2,7,0,2,1,2024-08-19,0,0,0,0,0,0,0,0,0,1,0,0,0
Guglielmo Vicario,Tottenham Hotspur,1,ITA,27,90.0,0,0,0,0,0,0,0,0,47,0,0,0,0.0,0.0,0.0,0,0,42,45,93.3,0,35,0,1,1,2024-08-19,0,0,0,0,0,1,0,0,0,0,0,0,0
Danny Welbeck,Brighton & Hove Albion,18,ENG,33,78.0,1,0,0,0,3,2,0,0,24,1,1,0,1.1,1.1,0.1,4,0,15,18,83.3,1,10,1,0,0,2024-08-24,0,0,0,0,1,0,0,0,0,0,0,0,0
Julio Enciso,Brighton & Hove Albion,10,PAR,20,12.0,0,0,0,0,1,0,0,0,11,0,0,0,0.0,0.0,0.0,1,0,4,8,50.0,0,4,0,2,1,2024-08-24,1,0,0,0,0,0,0,0,0,0,0,0,0
Kaoru Mitoma,Brighton & Hove Albion,22,JPN,27,89.0,0,1,0,0,0,0,0,0,21,0,0,2,0.0,0.0,0.8,1,1,13,16,81.3,1,13,3,2,1,2024-08-24,0,0,0,0,0,0,0,0,1,0,0,0,0
Simon Adingra,Brighton & Hove Albion,24,CIV,22,1.0,0,1,0,0,1,0,0,0,8,0,0,0,0.1,0.1,0.5,2,1,3,4,75.0,0,3,0,1,0,2024-08-24,0,0,0,0,0,0,0,0,1,0,0,0,0
Yankuba Minteh,Brighton & Hove Albion,17,GAM,20,89.0,0,0,0,0,2,0,0,0,46,2,1,5,0.1,0.1,0.4,2,0,13,27,48.1,3,24,6,6,1,2024-08-24,0,0,0,0,0,0,0,0,0,0,0,1,0
Georginio Rutter,Brighton & Hove Albion,14,FRA,22,1.0,0,0,0,0,0,0,0,0,4,0,0,0,0.0,0.0,0.0,1,0,3,3,100.0,2,4,1,1,1,2024-08-24,0,0,0,0,0,0,0,0,0,0,0,1,0
João Pedro,Brighton & Hove Albion,9,BRA,22,82.5,1,0,0,0,3,2,0,0,36,2,0,0,0.5,0.5,0.1,4,1,19,24,79.2,6,24,3,5,1,2024-08-24,1,0,0,0,1,0,0,0,0,0,0,0,0
Billy Gilmour,Brighton & Hove Albion,11,SCO,23,89.0,0,0,0,0,1,0,0,0,61,3,0,1,0.1,0.1,0.0,3,0,48,55,87.3,10,34,2,2,1,2024-08-24,0,0,0,1,0,0,0,0,0,0,0,0,0
Yasin Ayari,Brighton & Hove Albion,26,SWE,20,1.0,0,0,0,0,1,0,0,0,7,0,0,2,0.0,0.0,0.0,1,1,3,4,75.0,2,3,0,0,0,2024-08-24,0,0,0,1,0,0,0,0,0,0,0,0,0
James Milner,Brighton & Hove Albion,6,ENG,38,72.0,0,0,0,0,2,0,0,0,41,1,1,1,0.2,0.2,0.0,3,0,23,31,74.2,5,25,0,1,1,2024-08-24,0,0,0,1,0,0,0,0,0,0,0,0,0
Carlos Baleba,Brighton & Hove Albion,20,CMR,20,18.0,0,0,0,0,0,0,0,0,9,1,0,0,0.0,0.0,0.0,0,0,8,8,100.0,0,5,1,1,1,2024-08-24,0,0,0,1,0,0,0,0,0,0,0,0,0
Jack Hinshelwood,Brighton & Hove Albion,41,ENG,19,90.0,0,0,0,0,0,0,0,0,52,0,0,0,0.0,0.0,0.0,2,0,39,48,81.3,3,25,1,1,1,2024-08-24,0,0,0,0,0,0,1,0,0,0,0,0,0
Lewis Dunk,Brighton & Hove Albion,5,ENG,32,90.0,0,0,0,0,0,0,0,0,86,0,1,1,0.0,0.0,0.0,1,0,76,79,96.2,4,55,1,1,0,2024-08-24,0,1,0,0,0,0,0,0,0,0,0,0,0
Jan Paul van Hecke,Brighton & Hove Albion,29,NED,24,90.0,0,0,0,0,0,0,1,0,96,4,3,0,0.0,0.0,0.0,0,0,76,86,88.4,6,77,0,1,1,2024-08-24,0,1,0,0,0,0,0,0,0,0,0,0,0
Joël Veltman,Brighton & Hove Albion,34,NED,32,90.0,0,0,0,0,0,0,0,0,63,3,0,1,0.0,0.0,0.1,2,0,47,53,88.7,3,23,5,0,0,2024-08-24,0,0,0,0,0,0,0,0,0,1,0,0,0
Jason Steele,Brighton & Hove Albion,23,ENG,34,90.0,0,0,0,0,0,0,0,0,51,0,0,0,0.0,0.0,0.0,0,0,45,50,90.0,0,40,0,0,0,2024-08-24,0,0,0,0,0,1,0,0,0,0,0,0,0
Bruno Fernandes,Manchester United,8,POR,29,78.0,0,0,0,0,1,0,0,0,48,1,0,0,0.1,0.1,0.8,4,0,32,45,71.1,6,30,1,0,0,2024-08-24,1,0,0,0,1,0,0,0,0,0,0,0,0
Scott McTominay,Manchester United,39,SCO,27,12.0,0,0,0,0,1,0,0,0,10,0,0,0,0.1,0.1,0.0,1,0,6,6,100.0,1,7,0,1,0,2024-08-24,1,0,0,0,0,0,0,0,0,0,0,0,0
Marcus Rashford,Manchester United,10,ENG,26,64.0,0,0,0,0,0,0,0,0,22,0,0,1,0.0,0.0,0.0,0,0,13,18,72.2,0,14,2,4,1,2024-08-24,0,0,0,0,1,0,0,0,1,0,0,0,0
Alejandro Garnacho,Manchester United,17,ARG,20,26.0,0,0,0,0,1,0,0,0,19,0,0,0,0.7,0.7,0.0,1,0,11,16,68.8,2,19,3,3,1,2024-08-24,0,0,0,0,0,0,0,0,1,0,0,0,0
Amad Diallo,Manchester United,16,CIV,22,89.0,1,0,0,0,2,1,1,0,51,2,0,0,0.3,0.3,0.0,3,0,33,45,73.3,4,37,7,3,1,2024-08-24,0,0,0,0,0,0,0,0,0,0,0,1,0
Antony,Manchester United,21,BRA,24,1.0,0,0,0,0,0,0,0,0,3,1,0,0,0.0,0.0,0.1,1,0,1,2,50.0,0,1,0,0,0,2024-08-24,0,0,0,0,0,0,0,0,0,0,0,1,0
Mason Mount,Manchester United,7,ENG,25,45.0,0,0,0,0,1,1,0,0,21,0,0,1,0.1,0.1,0.0,0,0,15,18,83.3,2,14,0,0,0,2024-08-24,1,0,0,0,0,0,0,0,0,0,0,0,0
Joshua Zirkzee,Manchester United,11,NED,23,45.0,0,0,0,0,0,0,0,0,17,1,0,2,0.0,0.0,0.1,1,0,7,10,70.0,0,6,0,3,2,2024-08-24,0,0,0,0,1,0,0,0,1,0,0,0,0
Kobbie Mainoo,Manchester United,37,ENG,19,90.0,0,0,0,0,0,0,1,0,57,2,5,1,0.0,0.0,0.0,1,1,41,45,91.1,3,35,0,4,4,2024-08-24,0,0,0,1,0,0,0,0,0,0,0,0,0
Casemiro,Manchester United,18,BRA,32,90.0,0,0,0,0,3,1,0,0,67,5,0,1,0.1,0.1,0.0,2,0,44,54,81.5,2,35,0,0,0,2024-08-24,0,0,0,1,0,0,0,0,0,0,0,0,0
Diogo Dalot,Manchester United,20,POR,25,90.0,0,0,0,0,1,0,0,0,78,2,2,2,0.0,0.0,0.2,2,0,60,66,90.9,4,46,1,3,1,2024-08-24,0,0,0,0,0,0,1,0,0,0,0,0,0
Lisandro Martínez,Manchester United,6,ARG,26,90.0,0,0,0,0,0,0,0,0,79,1,1,1,0.0,0.0,0.0,1,0,70,73,95.9,4,66,0,0,0,2024-08-24,0,1,0,0,0,0,0,0,0,0,0,0,0
Harry Maguire,Manchester United,5,ENG,31,78.0,0,0,0,0,1,0,0,0,54,1,2,1,0.0,0.0,0.0,1,0,41,45,91.1,0,39,0,0,0,2024-08-24,0,1,0,0,0,0,0,0,0,0,0,0,0
Matthijs de Ligt,Manchester United,4,NED,25,12.0,0,0,0,0,0,0,0,0,12,0,1,1,0.0,0.0,0.0,0,0,8,8,100.0,1,5,0,0,0,2024-08-24,0,1,0,0,0,0,0,0,0,0,0,0,0
Noussair Mazraoui,Manchester United,3,MAR,26,90.0,0,1,0,0,0,0,0,0,45,2,1,1,0.0,0.0,0.1,2,1,34,42,81.0,5,26,1,1,0,2024-08-24,0,0,0,0,0,0,0,0,0,1,0,0,0
André Onana,Manchester United,24,CMR,28,90.0,0,0,0,0,0,0,0,0,60,1,0,0,0.0,0.0,0.0,1,0,54,59,91.5,0,53,0,0,0,2024-08-24,0,0,0,0,0,1,0,0,0,0,0,0,0
Son Heung-min,Tottenham Hotspur,7,KOR,32,90.0,2,0,0,0,3,3,0,0,46,0,0,0,1.1,1.1,0.2,4,0,27,35,77.1,4,28,1,4,1,2024-08-24,0,0,0,0,1,0,0,0,1,0,0,0,0
Wilson Odobert,Tottenham Hotspur,28,FRA,19,66.0,0,0,0,0,1,0,0,0,53,3,0,0,0.0,0.0,0.0,1,0,32,39,82.1,5,39,7,6,2,2024-08-24,0,0,0,0,0,0,0,0,1,0,0,0,0
Richarlison,Tottenham Hotspur,9,BRA,27,24.0,0,0,0,0,0,0,0,0,11,0,0,0,0.0,0.0,0.0,0,0,6,8,75.0,1,6,1,1,1,2024-08-24,0,0,0,0,1,0,0,0,0,0,0,0,0
Brennan Johnson,Tottenham Hotspur,22,WAL,23,90.0,0,0,0,0,1,0,0,0,29,2,0,0,0.2,0.2,0.0,0,0,15,22,68.2,1,20,3,3,0,2024-08-24,0,0,0,0,0,0,0,0,0,0,0,1,0
James Maddison,Tottenham Hotspur,10,ENG,27,78.0,0,1,0,0,3,1,0,0,80,1,0,2,0.4,0.4,0.4,2,1,57,68,83.8,10,56,1,2,0,2024-08-24,0,0,0,0,0,0,0,1,0,0,0,0,0
Lucas Bergvall,Tottenham Hotspur,15,SWE,18,12.0,0,0,0,0,0,0,0,0,7,1,0,0,0.0,0.0,0.0,0,0,3,5,60.0,0,6,0,0,0,2024-08-24,0,0,0,0,0,0,0,1,0,0,0,0,0
Yves Bissouma,Tottenham Hotspur,8,MLI,27,72.0,1,0,0,0,1,1,0,0,86,2,1,0,0.1,0.1,0.0,2,0,74,80,92.5,6,62,1,0,0,2024-08-24,0,0,1,0,0,0,0,0,0,0,0,0,0
Archie Gray,Tottenham Hotspur,14,ENG,18,18.0,0,0,0,0,0,0,0,0,15,0,0,0,0.0,0.0,0.0,0,0,14,15,93.3,0,11,0,1,0,2024-08-24,0,0,1,0,0,0,0,0,0,0,0,0,0
Dejan Kulusevski,Tottenham Hotspur,21,SWE,24,66.0,0,1,0,0,0,0,0,0,29,0,0,0,0.0,0.0,0.2,6,2,20,23,87.0,3,15,4,4,2,2024-08-24,0,0,0,0,0,0,0,0,0,0,1,0,0
Pape Matar Sarr,Tottenham Hotspur,29,SEN,21,24.0,0,0,0,0,0,0,0,0,18,2,0,1,0.0,0.0,0.0,0,0,10,12,83.3,0,12,1,1,0,2024-08-24,0,0,0,0,0,0,0,0,0,0,1,0,0
Destiny Udogie,Tottenham Hotspur,13,ITA,21,72.0,0,0,0,0,0,0,0,0,54,1,0,0,0.0,0.0,0.0,0,0,47,51,92.2,4,31,2,1,1,2024-08-24,0,0,0,0,0,0,1,0,0,0,0,0,0
Djed Spence,Tottenham Hotspur,24,ENG,24,18.0,0,0,0,0,0,0,0,0,9,1,0,0,0.0,0.0,0.0,0,0,7,8,87.5,0,7,0,0,0,2024-08-24,0,0,0,0,0,0,1,0,0,0,0,0,0
Micky van de Ven,Tottenham Hotspur,37,NED,23,90.0,0,1,0,0,0,0,0,0,73,0,2,1,0.0,0.0,0.3,1,1,65,70,92.9,7,53,0,0,0,2024-08-24,0,1,0,0,0,0,0,0,0,0,0,0,0
Cristian Romero,Tottenham Hotspur,17,ARG,26,90.0,1,0,0,0,3,2,0,0,115,6,0,2,0.5,0.5,0.2,2,0,91,98,92.9,5,81,0,0,0,2024-08-24,0,1,0,0,0,0,0,0,0,0,0,0,0
Pedro Porro,Tottenham Hotspur,23,ESP,24,90.0,0,0,0,0,1,0,0,0,94,3,1,4,0.0,0.0,0.0,3,0,61,79,77.2,6,57,1,1,0,2024-08-24,0,0,0,0,0,0,0,0,0,1,0,0,0
Guglielmo Vicario,Tottenham Hotspur,1,ITA,27,90.0,0,0,0,0,0,0,0,0,46,0,0,0,0.0,0.0,0.0,0,0,45,45,100.0,0,41,0,0,0,2024-08-24,0,0,0,0,0,1,0,0,0,0,0,0,0
Dominic Calvert-Lewin,Everton,9,ENG,27,71.0,0,0,0,0,1,0,0,0,19,2,2,0,0.1,0.1,0.0,0,0,6,11,54.5,0,9,0,1,0,2024-08-24,0,0,0,0,1,0,0,0,0,0,0,0,0
Beto,Everton,14,GNB,26,19.0,0,0,0,0,0,0,0,0,4,1,0,0,0.0,0.0,0.0,0,0,0,0,80.8,0,2,1,0,0,2024-08-24,0,0,0,0,1,0,0,0,0,0,0,0,0
Dwight McNeil,Everton,7,ENG,24,90.0,0,0,0,0,1,0,0,0,49,1,1,1,0.0,0.0,0.6,9,0,33,44,75.0,6,32,1,3,2,2024-08-24,1,0,0,0,0,0,0,0,1,0,0,0,0
Jack Harrison,Everton,11,ENG,27,56.0,0,0,0,0,2,0,0,0,11,0,1,0,0.5,0.5,0.0,0,0,3,7,42.9,1,9,1,1,0,2024-08-24,0,0,0,0,0,0,0,0,0,0,0,1,0
Jesper Lindstrøm,Everton,29,DEN,24,34.0,0,0,0,0,1,1,0,0,11,2,0,0,0.0,0.0,0.0,1,0,5,7,71.4,0,4,0,2,0,2024-08-24,0,0,0,0,0,0,0,0,0,0,0,1,0
Abdoulaye Doucouré,Everton,16,MLI,31,56.0,0,0,0,0,1,0,0,0,13,0,0,0,0.1,0.1,0.0,0,0,7,9,77.8,0,7,1,1,0,2024-08-24,1,0,0,0,0,0,0,0,0,0,0,0,0
Iliman Ndiaye,Everton,10,SEN,24,34.0,0,0,0,0,1,0,0,0,22,4,1,2,0.0,0.0,0.0,0,0,7,10,70.0,0,14,5,5,2,2024-08-24,0,0,0,0,0,0,0,0,1,0,0,0,0
Idrissa Gana Gueye,Everton,27,SEN,34,89.0,0,0,0,0,0,0,0,0,39,8,1,1,0.0,0.0,0.0,2,0,24,28,85.7,4,16,1,1,0,2024-08-24,0,0,0,1,0,0,0,0,0,0,0,0,0
Harrison Armstrong,Everton,45,ENG,17,1.0,0,0,0,0,0,0,0,0,4,0,0,0,0.0,0.0,0.0,0,0,1,4,25.0,0,3,0,0,0,2024-08-24,0,0,0,1,0,0,0,0,0,0,0,0,0
Tim Iroegbunam,Everton,42,ENG,21,90.0,0,0,0,0,0,0,0,0,19,1,0,0,0.0,0.0,0.0,0,0,10,14,71.4,1,14,0,4,1,2024-08-24,0,0,0,1,0,0,0,0,0,0,0,0,0
Vitaliy Mykolenko,Everton,19,UKR,25,90.0,0,0,0,0,0,0,0,0,45,2,2,1,0.0,0.0,0.0,0,0,29,34,85.3,4,19,0,1,0,2024-08-24,0,0,0,0,0,0,1,0,0,0,0,0,0
Michael Keane,Everton,5,ENG,31,90.0,0,0,0,0,0,0,0,0,45,2,5,0,0.0,0.0,0.1,1,0,28,33,84.8,4,23,0,0,0,2024-08-24,0,1,0,0,0,0,0,0,0,0,0,0,0
James Tarkowski,Everton,6,ENG,31,90.0,0,0,0,0,3,0,0,0,44,1,1,2,0.2,0.2,0.3,4,0,24,33,72.7,2,20,0,0,0,2024-08-24,0,1,0,0,0,0,0,0,0,0,0,0,0
Roman Dixon,Everton,75,ENG,19,90.0,0,0,0,0,0,0,0,0,36,5,1,1,0.0,0.0,0.0,0,0,11,19,57.9,0,16,0,3,0,2024-08-24,0,0,0,0,0,0,0,0,0,1,0,0,0
Jordan Pickford,Everton,1,ENG,30,90.0,0,0,0,0,0,0,0,0,40,0,0,0,0.0,0.0,0.0,0,0,23,34,67.6,0,21,0,0,0,2024-08-24,0,0,0,0,0,1,0,0,0,0,0,0,0
Rodrigo Muniz,Fulham,9,BRA,23,79.0,0,0,0,0,7,2,0,0,22,0,0,1,0.6,0.6,0.2,2,0,5,8,62.5,2,12,0,1,0,2024-08-24,0,0,0,0,1,0,0,0,0,0,0,0,0
Raúl Jiménez,Fulham,7,MEX,33,11.0,0,0,0,0,0,0,0,0,6,0,0,0,0.0,0.0,0.0,0,0,2,3,66.7,1,3,0,0,0,2024-08-24,0,0,0,0,1,0,0,0,0,0,0,0,0
Alex Iwobi,Fulham,17,NGA,28,90.0,1,0,0,0,2,2,0,0,55,0,0,0,0.2,0.2,0.0,3,0,34,46,73.9,8,39,7,3,0,2024-08-24,0,0,0,0,0,0,0,0,1,0,0,0,0
Adama Traoré,Fulham,11,ESP,28,68.0,0,1,0,0,3,1,0,0,42,0,1,0,0.2,0.2,0.9,7,1,24,34,70.6,6,25,2,3,2,2024-08-24,0,0,0,0,0,0,0,0,0,0,0,1,0
Tom Cairney,Fulham,10,SCO,33,22.0,0,0,0,0,0,0,1,0,12,2,0,0,0.0,0.0,0.0,1,1,10,10,100.0,1,7,0,1,0,2024-08-24,1,0,0,0,0,0,0,0,0,0,0,0,0
Emile Smith Rowe,Fulham,32,ENG,24,68.0,1,0,0,0,2,1,0,0,62,1,0,1,0.5,0.5,0.0,1,0,48,53,90.6,5,37,2,3,0,2024-08-24,1,0,0,0,0,0,0,0,0,0,0,0,0
Harry Wilson,Fulham,8,WAL,27,22.0,0,0,0,0,0,0,1,0,14,0,0,0,0.0,0.0,0.0,1,0,9,11,81.8,1,8,1,0,0,2024-08-24,0,0,0,0,0,0,0,0,0,0,0,1,0
Saša Lukić,Fulham,20,SRB,28,90.0,0,0,0,0,0,0,0,0,70,2,1,0,0.0,0.0,0.0,3,0,61,65,93.8,4,39,0,0,0,2024-08-24,0,0,0,1,0,0,0,0,0,0,0,0,0
Andreas Pereira,Fulham,18,BRA,28,85.0,0,0,0,0,2,0,0,0,76,0,0,1,0.1,0.1,0.4,11,0,52,65,80.0,11,36,1,2,1,2024-08-24,0,0,0,1,0,0,0,0,0,0,0,0,0
Harrison Reed,Fulham,6,ENG,29,5.0,0,0,0,0,0,0,0,0,4,0,0,0,0.0,0.0,0.0,0,0,3,3,100.0,2,3,0,1,0,2024-08-24,0,0,0,1,0,0,0,0,0,0,0,0,0
Antonee Robinson,Fulham,33,USA,27,90.0,0,1,0,0,0,0,0,0,69,5,3,1,0.0,0.0,0.2,2,1,41,49,83.7,3,34,1,1,0,2024-08-24,0,0,0,0,0,0,1,0,0,0,0,0,0
Calvin Bassey,Fulham,3,NGA,24,90.0,0,0,0,0,0,0,0,0,80,0,0,2,0.0,0.0,0.0,0,0,68,75,90.7,3,60,0,1,0,2024-08-24,0,1,0,0,0,0,0,0,0,0,0,0,0
Issa Diop,Fulham,31,FRA,27,90.0,0,0,0,0,0,0,0,0,64,0,0,0,0.0,0.0,0.0,1,0,48,61,78.7,3,36,0,0,0,2024-08-24,0,1,0,0,0,0,0,0,0,0,0,0,0
Kenny Tete,Fulham,2,NED,28,90.0,0,0,0,0,2,0,0,0,74,4,3,1,0.2,0.2,0.0,2,1,53,61,86.9,8,37,2,3,1,2024-08-24,0,0,0,0,0,0,0,0,0,1,0,0,0
Bernd Leno,Fulham,1,GER,32,90.0,0,0,0,0,0,0,0,0,39,0,0,0,0.0,0.0,0.0,0,0,31,38,81.6,0,28,0,0,0,2024-08-24,0,0,0,0,0,1,0,0,0,0,0,0,0
Jamie Vardy,Leicester City,9,ENG,37,70.0,0,0,0,0,0,0,0,0,12,0,0,0,0.0,0.0,0.0,1,1,6,11,54.5,2,6,0,0,0,2024-08-24,0,0,0,0,1,0,0,0,0,0,0,0,0
Stephy Mavididi,Leicester City,10,ENG,26,20.0,0,0,0,0,0,0,0,0,8,1,0,0,0.0,0.0,0.0,0,0,6,6,100.0,0,6,0,0,0,2024-08-24,0,0,0,0,1,0,0,0,0,0,0,0,0
Bobby Reid,Leicester City,14,JAM,31,62.0,0,0,0,0,1,1,0,0,25,1,0,3,0.0,0.0,0.0,1,0,14,16,87.5,2,14,1,1,0,2024-08-24,0,0,0,0,0,0,0,0,1,0,0,0,0
Jordan Ayew,Leicester City,18,GHA,32,28.0,0,0,0,0,1,0,0,0,11,0,0,0,0.1,0.1,0.0,1,0,7,8,87.5,1,9,0,1,1,2024-08-24,0,0,0,0,0,0,0,0,1,0,0,0,0
Facundo Buonanotte,Leicester City,40,ARG,19,70.0,0,1,0,0,0,0,0,0,28,3,1,2,0.0,0.0,0.2,3,1,12,17,70.6,1,16,0,3,1,2024-08-24,0,0,0,0,0,0,0,0,0,0,0,1,0
Oliver Skipp,Leicester City,22,ENG,23,20.0,0,0,0,0,0,0,0,0,16,0,0,0,0.0,0.0,0.0,0,0,15,16,93.8,1,13,1,1,1,2024-08-24,0,0,0,0,0,0,0,0,0,0,0,1,0
Victor Bernth Kristiansen,Leicester City,16,DEN,21,84.0,0,0,0,0,0,0,1,0,59,3,1,1,0.0,0.0,0.0,0,0,29,49,59.2,1,32,1,1,1,2024-08-24,0,0,0,0,0,0,0,1,0,0,0,0,0
Kasey McAteer,Leicester City,35,IRL,22,6.0,0,0,0,0,0,0,0,0,9,0,0,0,0.0,0.0,0.0,1,0,4,7,57.1,0,2,0,0,0,2024-08-24,0,0,0,0,0,0,0,1,0,0,0,0,0
Wilfred Ndidi,Leicester City,6,NGA,27,90.0,0,0,0,0,1,1,0,0,56,3,0,2,0.1,0.1,0.0,3,0,41,46,89.1,6,33,1,3,2,2024-08-24,0,0,1,0,0,0,0,0,0,0,0,0,0
Harry Winks,Leicester City,8,ENG,28,90.0,0,0,0,0,0,0,0,0,68,0,0,2,0.0,0.0,0.1,2,0,57,62,91.9,4,34,0,0,0,2024-08-24,0,0,1,0,0,0,0,0,0,0,0,0,0
Abdul Fatawu Issahaku,Leicester City,7,GHA,20,90.0,0,0,0,0,3,1,0,0,44,5,2,2,0.1,0.1,0.0,2,0,12,24,50.0,2,27,3,6,1,2024-08-24,0,0,0,0,0,0,0,0,0,0,1,0,0
Wout Faes,Leicester City,3,BEL,26,90.0,1,0,0,0,3,1,0,0,85,0,2,7,0.3,0.3,0.0,0,0,58,65,89.2,1,41,0,0,0,2024-08-24,0,1,0,0,0,0,0,0,0,0,0,0,0
Jannik Vestergaard,Leicester City,23,DEN,32,90.0,0,0,0,0,1,0,1,0,79,2,0,0,0.0,0.0,0.0,0,0,61,68,89.7,1,51,0,0,0,2024-08-24,0,1,0,0,0,0,0,0,0,0,0,0,0
James Justin,Leicester City,2,ENG,26,90.0,0,0,0,0,0,0,0,0,58,3,1,1,0.0,0.0,0.0,2,0,41,47,87.2,0,25,1,2,0,2024-08-24,0,1,0,0,0,0,0,0,0,0,0,0,0
Mads Hermansen,Leicester City,30,DEN,24,90.0,0,0,0,0,0,0,0,0,48,0,0,0,0.0,0.0,0.0,0,0,39,47,83.0,0,28,0,0,0,2024-08-24,0,0,0,0,0,1,0,0,0,0,0,0,0
Jean-Philippe Mateta,Crystal Palace,14,FRA,27,90.0,0,0,0,0,1,0,0,0,20,1,0,1,0.3,0.3,0.3,4,0,12,15,80.0,2,5,0,0,0,2024-08-24,0,0,0,0,1,0,0,0,0,0,0,0,0
Eberechi Eze,Crystal Palace,10,ENG,26,90.0,0,0,0,0,5,1,0,0,64,2,0,1,0.4,0.4,0.3,6,0,36,44,81.8,5,41,6,7,2,2024-08-24,1,0,0,0,0,0,0,0,0,0,0,0,0
Odsonne Édouard,Crystal Palace,22,FRA,26,70.0,0,0,0,0,4,1,0,0,28,1,0,0,0.3,0.3,0.0,0,0,10,16,62.5,3,14,2,1,0,2024-08-24,1,0,0,0,0,0,0,0,0,0,0,0,0
Ismaila Sarr,Crystal Palace,7,SEN,26,20.0,0,0,0,0,1,0,0,0,15,0,0,0,0.1,0.1,0.3,1,0,10,11,90.9,0,10,0,1,0,2024-08-24,1,0,0,0,0,0,0,0,0,0,0,0,0
Jefferson Lerma,Crystal Palace,8,COL,29,62.0,0,0,0,0,1,0,1,0,46,1,3,1,0.0,0.0,0.0,2,0,30,39,76.9,6,20,1,0,0,2024-08-24,0,0,1,0,0,0,0,0,0,0,0,0,0
Daichi Kamada,Crystal Palace,18,JPN,28,28.0,0,0,0,0,0,0,0,0,34,2,0,0,0.0,0.0,0.0,3,0,28,32,87.5,6,27,2,0,0,2024-08-24,0,0,1,0,0,0,0,0,0,0,0,0,0
Adam Wharton,Crystal Palace,20,ENG,20,90.0,0,0,0,0,1,0,0,0,79,3,2,0,0.0,0.0,0.3,5,0,57,70,81.4,10,36,0,2,0,2024-08-24,0,0,1,0,0,0,0,0,0,0,0,0,0
Tyrick Mitchell,Crystal Palace,3,ENG,24,90.0,0,0,0,0,0,0,0,0,68,3,1,3,0.0,0.0,0.1,3,0,43,59,72.9,5,34,2,0,0,2024-08-24,0,0,0,0,0,0,0,0,0,0,0,0,1
Daniel Muñoz,Crystal Palace,12,COL,28,90.0,0,0,0,0,0,0,0,0,72,3,1,0,0.0,0.0,0.0,2,0,48,59,81.4,2,34,1,2,1,2024-08-24,0,0,0,0,0,0,0,0,0,0,0,0,1
Chadi Riad,Crystal Palace,34,MAR,21,90.0,0,0,0,0,0,0,0,0,90,5,2,0,0.0,0.0,0.0,0,0,70,82,85.4,7,58,2,0,0,2024-08-24,0,1,0,0,0,0,0,0,0,0,0,0,0
Marc Guéhi,Crystal Palace,6,ENG,24,90.0,0,0,0,0,0,0,0,0,98,2,0,3,0.0,0.0,0.0,0,0,71,85,83.5,2,56,0,0,0,2024-08-24,0,1,0,0,0,0,0,0,0,0,0,0,0
Chris Richards,Crystal Palace,26,USA,24,81.0,0,0,0,0,1,0,0,0,53,0,0,1,0.1,0.1,0.0,0,0,38,46,82.6,1,32,0,1,0,2024-08-24,0,1,0,0,0,0,0,0,0,0,0,0,0
Jeffrey Schlupp,Crystal Palace,15,GHA,31,9.0,0,0,0,0,0,0,0,0,9,0,0,1,0.0,0.0,0.0,0,0,4,6,66.7,0,3,0,0,0,2024-08-24,0,1,0,0,0,0,0,0,0,0,0,0,0
Dean Henderson,Crystal Palace,1,ENG,27,90.0,0,0,0,0,0,0,0,0,33,0,0,0,0.0,0.0,0.0,0,0,21,32,65.6,0,16,0,0,0,2024-08-24,0,0,0,0,0,1,0,0,0,0,0,0,0
Michail Antonio,West Ham United,9,JAM,34,61.0,0,0,0,0,2,0,0,0,18,0,0,0,0.6,0.6,0.0,1,0,6,11,54.5,1,11,0,0,0,2024-08-24,0,0,0,0,1,0,0,0,0,0,0,0,0
Aaron Wan-Bissaka,West Ham United,29,ENG,26,29.0,0,0,0,0,0,0,0,0,12,0,1,0,0.0,0.0,0.0,2,0,3,7,42.9,0,4,2,2,2,2024-08-24,0,0,0,0,0,0,0,0,0,1,0,0,0
Mohammed Kudus,West Ham United,14,GHA,24,88.0,0,0,0,0,2,0,0,0,29,2,0,1,0.1,0.1,0.0,2,0,14,16,87.5,2,22,6,9,6,2024-08-24,0,0,0,0,0,0,0,1,0,0,0,0,0
Jean-Clair Todibo,West Ham United,25,FRA,24,2.0,0,0,0,0,0,0,0,0,2,0,0,0,0.0,0.0,0.0,0,0,0,0,80.8,0,0,0,0,0,2024-08-24,0,1,0,0,0,0,0,0,0,0,0,0,0
Lucas Paquetá,West Ham United,10,BRA,26,90.0,0,0,0,0,3,0,0,0,59,5,1,1,0.1,0.1,0.0,5,1,35,46,76.1,3,19,2,1,1,2024-08-24,0,0,1,0,0,0,0,1,0,0,0,0,0
Tomáš Souček,West Ham United,28,CZE,29,77.0,1,0,0,0,3,1,1,0,32,3,0,1,0.2,0.2,0.0,4,0,13,21,61.9,3,7,1,0,0,2024-08-24,0,0,1,0,0,0,0,0,0,0,0,0,0
Edson Álvarez,West Ham United,19,MEX,26,13.0,0,0,0,0,1,0,0,0,12,1,0,1,0.0,0.0,0.0,0,0,6,7,85.7,1,3,0,1,0,2024-08-24,0,0,1,1,0,0,0,0,0,0,0,0,0
Jarrod Bowen,West Ham United,20,ENG,27,90.0,1,0,0,0,1,1,0,0,34,1,0,1,0.1,0.1,0.4,6,0,14,21,66.7,3,20,3,5,1,2024-08-24,0,0,0,0,0,0,0,0,0,0,1,0,0
Guido Rodríguez,West Ham United,24,ARG,30,90.0,0,0,0,0,2,0,0,0,53,2,4,1,0.0,0.0,0.0,1,0,31,40,77.5,3,19,1,1,1,2024-08-24,0,0,1,1,0,0,0,0,0,0,0,0,0
Emerson Palmieri,West Ham United,33,ITA,30,88.0,0,0,0,0,0,0,0,0,58,4,2,1,0.0,0.0,0.0,1,0,38,46,82.6,1,14,1,2,2,2024-08-24,0,0,0,0,0,0,1,0,0,0,0,0,0
Aaron Cresswell,West Ham United,3,ENG,34,2.0,0,0,0,0,0,0,0,0,2,0,0,0,0.0,0.0,0.0,0,0,0,2,0.0,0,0,0,0,0,2024-08-24,0,0,0,0,0,0,1,0,0,0,0,0,0
Max Kilman,West Ham United,26,ENG,27,90.0,0,1,0,0,1,0,0,0,77,1,3,0,0.1,0.1,0.1,4,2,57,64,89.1,5,40,1,2,1,2024-08-24,0,1,0,0,0,0,0,0,0,0,0,0,0
Konstantinos Mavropanos,West Ham United,15,GRE,26,90.0,0,0,0,0,0,0,0,0,69,1,4,3,0.0,0.0,0.0,0,0,42,55,76.4,3,30,0,0,0,2024-08-24,0,1,0,0,0,0,0,0,0,0,0,0,0
Vladimír Coufal,West Ham United,5,CZE,32,62.0,0,0,0,0,1,0,0,0,43,0,0,0,0.0,0.0,0.0,0,0,28,38,73.7,3,10,0,1,0,2024-08-24,0,0,0,0,0,0,0,0,0,1,0,0,0
Niclas Füllkrug,West Ham United,11,GER,31,28.0,0,0,0,0,2,1,0,0,12,0,0,0,0.3,0.3,0.0,0,0,4,5,80.0,0,4,2,2,0,2024-08-24,0,0,0,0,1,0,0,0,0,0,0,0,0
Alphonse Areola,West Ham United,23,FRA,31,90.0,0,0,0,0,0,0,0,0,46,0,0,0,0.0,0.0,0.0,0,0,29,46,63.0,0,22,0,0,0,2024-08-24,0,0,0,0,0,1,0,0,0,0,0,0,0
Erling Haaland,Manchester City,9,NOR,24,89.0,3,0,1,1,6,3,0,0,20,0,0,0,1.8,1.0,0.0,1,1,7,10,70.0,0,6,2,3,2,2024-08-24,0,0,0,0,1,0,0,0,0,0,0,0,0
James Mcatee,Manchester City,87,ENG,21,1.0,0,0,0,0,0,0,0,0,6,0,0,1,0.0,0.0,0.0,0,0,4,4,100.0,0,2,0,0,0,2024-08-24,0,0,0,0,1,0,0,0,0,0,0,0,0
Jeremy Doku,Manchester City,11,BEL,22,70.0,0,0,0,0,0,0,0,0,47,2,0,1,0.0,0.0,0.9,2,0,33,36,91.7,2,33,4,5,2,2024-08-24,0,0,0,0,0,0,0,0,1,0,0,0,0
İlkay Gündoğan,Manchester City,19,GER,33,20.0,0,0,0,0,0,0,0,0,18,0,0,0,0.0,0.0,0.0,1,1,15,18,83.3,1,9,1,0,0,2024-08-24,0,0,0,1,0,0,0,0,0,0,0,0,0
Sávio,Manchester City,26,BRA,20,70.0,0,1,0,0,0,0,0,0,66,4,0,1,0.0,0.0,0.7,6,3,45,56,80.4,2,45,6,4,1,2024-08-24,0,0,0,0,0,0,0,0,0,0,0,1,0
Jack Grealish,Manchester City,10,ENG,28,20.0,0,0,0,0,1,0,1,0,19,1,0,1,0.1,0.1,0.0,0,0,12,14,85.7,0,14,1,0,0,2024-08-24,0,0,0,0,0,0,0,0,1,0,0,0,0
Kevin De Bruyne,Manchester City,17,BEL,33,89.0,1,1,0,0,4,1,0,0,111,0,0,0,0.8,0.8,0.7,6,1,86,104,82.7,16,61,4,1,1,2024-08-24,1,0,1,0,0,0,0,0,0,0,0,0,0
Matheus Nunes,Manchester City,27,POR,25,1.0,0,0,0,0,0,0,0,0,4,0,0,0,0.0,0.0,0.0,0,0,3,4,75.0,0,1,0,0,0,2024-08-24,1,0,0,0,0,0,0,0,0,0,0,0,0
Bernardo Silva,Manchester City,20,POR,30,90.0,0,0,0,0,1,0,0,0,58,0,0,0,0.1,0.1,0.0,1,1,50,54,92.6,3,29,1,0,0,2024-08-24,0,0,1,0,0,0,0,0,0,0,0,1,0
Mateo Kovačić,Manchester City,8,CRO,30,49.0,0,0,0,0,0,0,0,0,34,1,1,0,0.0,0.0,0.0,3,0,29,32,90.6,3,19,0,3,3,2024-08-24,0,0,0,1,0,0,0,0,0,0,0,0,0
John Stones,Manchester City,5,ENG,30,41.0,0,0,0,0,0,0,0,0,27,1,1,1,0.0,0.0,0.0,1,0,20,22,90.9,0,14,1,0,0,2024-08-24,0,0,0,1,0,0,0,0,0,0,0,0,0
Rico Lewis,Manchester City,82,ENG,19,90.0,0,0,0,0,1,0,0,0,86,0,1,1,0.5,0.5,0.0,1,0,67,75,89.3,4,40,2,2,1,2024-08-24,0,0,0,1,0,0,0,0,0,1,0,0,0
Joško Gvardiol,Manchester City,24,CRO,22,90.0,0,0,0,0,0,0,0,0,103,3,0,1,0.0,0.0,0.0,3,0,92,99,92.9,10,65,3,2,1,2024-08-24,0,0,0,0,0,0,1,0,0,0,0,0,0
Rúben Dias,Manchester City,3,POR,27,90.0,0,0,0,0,0,0,1,0,126,1,3,0,0.0,0.0,0.0,0,0,114,116,98.3,5,82,1,0,0,2024-08-24,0,1,0,0,0,0,0,0,0,0,0,0,0
Manuel Akanji,Manchester City,25,SUI,29,90.0,0,0,0,0,0,0,0,0,134,1,0,1,0.0,0.0,0.1,3,1,125,128,97.7,14,64,1,0,0,2024-08-24,0,1,0,0,0,0,0,0,0,1,0,0,0
Ederson,Manchester City,31,BRA,31,90.0,0,0,0,0,0,0,0,0,25,0,0,0,0.0,0.0,0.0,0,0,24,24,100.0,0,17,0,0,0,2024-08-24,0,0,0,0,0,1,0,0,0,0,0,0,0
Liam Delap,Ipswich Town,19,ENG,21,82.0,0,0,0,0,0,0,0,0,22,1,0,1,0.0,0.0,0.0,0,0,7,10,70.0,1,15,1,2,0,2024-08-24,0,0,0,0,1,0,0,0,0,0,0,0,0
Ali Al Hamadi,Ipswich Town,16,IRQ,22,8.0,0,0,0,0,0,0,1,0,2,0,0,0,0.0,0.0,0.0,0,0,0,0,80.8,0,0,0,0,0,2024-08-24,0,0,0,0,1,0,0,0,0,0,0,0,0
Sammie Szmodics,Ipswich Town,23,IRL,28,71.0,1,0,0,0,1,1,1,0,17,2,1,0,0.3,0.3,0.0,0,0,9,11,81.8,1,12,0,0,0,2024-08-24,0,0,0,0,0,0,0,1,0,0,0,0,0
Marcus Harness,Ipswich Town,11,ENG,28,19.0,0,0,0,0,0,0,0,0,6,1,0,1,0.0,0.0,0.0,0,0,1,2,50.0,0,0,0,0,0,2024-08-24,0,0,0,0,0,0,0,1,0,0,0,0,0
Massimo Luongo,Ipswich Town,25,AUS,31,71.0,0,0,0,0,0,0,0,0,27,2,1,0,0.0,0.0,0.0,0,0,14,21,66.7,1,15,0,0,0,2024-08-24,0,0,1,0,0,0,0,0,0,0,0,0,0
Jack Taylor,Ipswich Town,14,IRL,26,19.0,0,0,0,0,0,0,0,0,13,0,1,0,0.0,0.0,0.0,0,0,5,6,83.3,0,5,0,0,0,2024-08-24,0,0,1,0,0,0,0,0,0,0,0,0,0
Sam Morsy,Ipswich Town,5,EGY,32,90.0,0,0,0,0,0,0,1,0,48,6,0,4,0.0,0.0,0.0,0,0,31,34,91.2,1,25,0,1,1,2024-08-24,0,0,1,0,0,0,0,0,0,0,0,0,0
Omari Hutchinson,Ipswich Town,20,ENG,20,88.0,0,0,0,0,0,0,0,0,25,0,0,2,0.0,0.0,0.0,1,1,14,17,82.4,0,12,1,2,1,2024-08-24,0,0,0,0,0,0,0,0,0,0,1,0,0
Conor Chaplin,Ipswich Town,10,ENG,27,2.0,0,0,0,0,0,0,0,0,1,0,0,0,0.0,0.0,0.0,0,0,1,1,100.0,0,0,0,0,0,2024-08-24,0,0,0,0,0,0,0,0,0,0,1,0,0
Leif Davis,Ipswich Town,3,ENG,24,90.0,0,0,0,0,0,0,0,0,33,1,1,2,0.0,0.0,0.0,0,0,15,23,65.2,2,16,0,0,0,2024-08-24,0,0,0,0,0,0,1,0,0,0,0,0,0
Jacob Greaves,Ipswich Town,24,ENG,23,90.0,0,0,0,0,0,0,0,0,43,0,0,0,0.0,0.0,0.0,0,0,30,34,88.2,0,25,0,0,0,2024-08-24,0,1,0,0,0,0,0,0,0,0,0,0,0
Luke Woolfenden,Ipswich Town,6,ENG,25,90.0,0,0,0,0,0,0,0,0,40,0,2,2,0.0,0.0,0.0,0,0,26,30,86.7,1,26,0,0,0,2024-08-24,0,1,0,0,0,0,0,0,0,0,0,0,0
Axel Tuanzebe,Ipswich Town,40,COD,26,88.0,0,0,0,0,0,0,0,0,31,1,2,2,0.0,0.0,0.0,0,0,20,21,95.2,0,14,0,0,0,2024-08-24,0,1,0,0,0,0,0,0,0,0,0,0,0
George Edmundson,Ipswich Town,4,ENG,26,82.5,0,0,0,0,0,0,0,0,3,0,0,0,0.0,0.0,0.0,0,0,1,2,50.0,0,1,0,0,0,2024-08-24,0,1,0,0,0,0,0,0,0,0,0,0,0
Ben Johnson,Ipswich Town,18,ENG,24,90.0,0,1,0,0,0,0,0,0,36,3,2,2,0.0,0.0,0.3,1,1,11,18,61.1,2,18,1,3,0,2024-08-24,0,0,0,0,0,0,0,0,0,1,0,0,0
Arijanet Muric,Ipswich Town,1,KVX,25,90.0,0,0,0,0,0,0,0,0,40,0,0,0,0.0,0.0,0.0,0,0,26,36,72.2,0,26,0,0,0,2024-08-24,0,0,0,0,0,1,0,0,0,0,0,0,0
Ben Brereton,Southampton,17,CHI,25,90.0,0,0,0,0,0,0,0,0,43,0,0,0,0.0,0.0,0.0,3,0,32,38,84.2,2,36,3,3,1,2024-08-24,0,0,0,0,1,0,0,0,1,0,0,0,0
Adam Armstrong,Southampton,9,ENG,27,70.0,0,0,0,0,1,0,1,0,37,1,0,0,0.0,0.0,0.0,0,0,22,25,88.0,3,21,1,4,0,2024-08-24,0,0,0,0,1,0,0,0,0,0,0,0,0
Samuel Edozie,Southampton,23,ENG,21,20.0,0,0,0,0,0,0,0,0,13,1,0,0,0.0,0.0,0.0,0,0,5,10,50.0,0,6,1,1,1,2024-08-24,0,0,0,0,0,0,0,0,0,0,0,1,1
Joe Aribo,Southampton,7,NGA,28,75.0,0,0,0,0,0,0,0,0,37,0,0,2,0.0,0.0,0.0,1,0,31,33,93.9,1,22,3,1,0,2024-08-24,0,0,1,0,0,0,0,1,0,0,0,0,0
Charlie Taylor,Southampton,21,ENG,30,15.0,0,0,0,0,0,0,0,0,10,0,0,0,0.0,0.0,0.0,0,0,8,10,80.0,2,6,1,0,0,2024-08-24,0,0,0,0,0,0,0,1,0,0,0,0,1
Flynn Downes,Southampton,4,ENG,25,90.0,0,0,0,0,0,0,1,0,71,4,2,3,0.0,0.0,0.0,2,0,52,56,92.9,4,33,3,0,0,2024-08-24,0,0,1,0,0,0,0,0,0,0,0,0,0
William Smallbone,Southampton,8,IRL,24,83.0,0,0,0,0,0,0,0,0,45,1,0,2,0.0,0.0,0.0,0,0,28,38,73.7,3,17,1,0,0,2024-08-24,0,0,1,0,0,0,0,0,0,0,1,0,0
Tyler Dibling,Southampton,33,ENG,18,7.0,0,0,0,0,0,0,0,0,10,1,0,0,0.0,0.0,0.0,0,0,4,6,66.7,0,7,2,5,3,2024-08-24,0,0,1,0,0,0,0,0,0,0,0,0,0
Kyle Walker-Peters,Southampton,2,ENG,27,90.0,0,0,0,0,3,1,0,0,87,3,0,0,0.1,0.1,0.0,2,0,62,68,91.2,7,54,9,5,1,2024-08-24,0,1,0,0,0,0,0,0,0,1,0,0,1
Yukinari Sugawara,Southampton,16,JPN,24,70.0,0,0,0,0,1,0,0,0,59,3,0,2,0.0,0.0,0.0,0,0,35,46,76.1,4,32,2,2,1,2024-08-24,0,0,0,0,0,0,0,0,0,0,0,0,1
Cameron Archer,Southampton,19,ENG,23,20.0,0,0,0,0,0,0,0,0,7,0,0,0,0.0,0.0,0.0,0,0,4,5,80.0,1,4,0,0,0,2024-08-24,0,0,0,0,1,0,0,0,0,0,0,0,0
Jack Stephens,Southampton,5,ENG,30,90.0,0,0,0,0,0,0,0,0,104,3,0,1,0.0,0.0,0.0,0,0,94,99,94.9,9,73,3,1,0,2024-08-24,0,1,0,0,0,0,1,0,0,0,0,0,0
Jan Bednarek,Southampton,35,POL,28,90.0,0,0,0,0,0,0,1,0,131,1,0,1,0.0,0.0,0.0,1,0,121,122,99.2,4,82,0,0,0,2024-08-24,0,1,0,0,0,0,0,0,0,0,0,0,0
Taylor Harwood-Bellis,Southampton,6,ENG,22,75.0,0,0,0,0,0,0,0,0,96,0,0,2,0.0,0.0,0.0,0,0,81,92,88.0,7,59,0,0,0,2024-08-24,0,1,0,0,0,0,0,0,0,0,0,0,0
Mateus Fernandes,Southampton,18,POR,20,15.0,0,0,0,0,0,0,0,0,15,0,0,2,0.0,0.0,0.0,0,0,11,12,91.7,2,7,0,0,0,2024-08-24,0,1,1,0,0,0,0,0,0,0,0,0,0
Alex McCarthy,Southampton,1,ENG,34,90.0,0,0,0,0,0,0,0,0,35,0,0,0,0.0,0.0,0.0,0,0,28,31,90.3,0,22,0,0,0,2024-08-24,0,0,0,0,0,1,0,0,0,0,0,0,0
Chris Wood,Nottingham Forest,11,NZL,32,75.0,0,0,0,0,3,2,1,0,18,0,1,0,0.2,0.2,0.7,2,0,7,12,58.3,0,13,0,0,0,2024-08-24,0,0,0,0,1,0,0,0,0,0,0,0,0
Taiwo Awoniyi,Nottingham Forest,9,NGA,27,15.0,0,0,0,0,0,0,0,0,7,1,0,0,0.0,0.0,0.0,0,0,3,3,100.0,0,5,1,0,0,2024-08-24,0,0,0,0,1,0,0,0,0,0,0,0,0
Callum Hudson-Odoi,Nottingham Forest,14,ENG,23,89.0,0,0,0,0,1,1,0,0,42,2,0,0,0.0,0.0,0.4,6,0,32,38,84.2,7,27,7,1,1,2024-08-24,0,0,0,0,0,0,0,0,1,0,0,0,0
Willy Boly,Nottingham Forest,30,CIV,33,1.0,0,0,0,0,0,0,0,0,1,0,0,0,0.0,0.0,0.0,0,0,1,1,100.0,0,0,0,0,0,2024-08-24,0,1,0,0,0,0,0,0,0,0,0,0,0
Anthony Elanga,Nottingham Forest,21,SWE,22,90.0,0,0,0,0,2,1,0,0,44,2,1,0,0.2,0.2,0.3,4,0,19,28,67.9,2,24,2,8,1,2024-08-24,0,0,0,0,0,0,0,1,0,0,0,1,0
Morgan Gibbs-White,Nottingham Forest,10,ENG,24,89.0,1,0,0,0,4,2,0,0,48,3,1,0,0.4,0.4,0.2,5,1,26,34,76.5,6,31,3,6,4,2024-08-24,1,0,0,0,0,0,0,0,0,0,0,0,0
Jota Silva,Nottingham Forest,20,POR,25,1.0,0,0,0,0,0,0,0,0,2,0,0,0,0.0,0.0,0.0,0,0,1,1,100.0,0,0,0,0,0,2024-08-24,0,0,0,0,0,0,0,0,0,0,1,0,0
Elliot Anderson,Nottingham Forest,8,ENG,21,74.0,0,0,0,0,2,0,0,0,50,4,1,2,0.1,0.1,0.0,2,0,33,39,84.6,4,29,3,0,0,2024-08-24,0,0,0,1,0,0,0,0,0,0,0,0,0
Nicolás Domínguez,Nottingham Forest,16,ARG,26,16.0,0,0,0,0,1,0,1,0,14,3,0,0,0.1,0.1,0.0,1,0,5,6,83.3,0,3,0,1,0,2024-08-24,0,0,1,1,0,0,0,0,0,0,0,0,0
Ibrahim Sangaré,Nottingham Forest,6,CIV,26,65.0,0,0,0,0,1,1,1,0,44,3,0,1,0.0,0.0,0.0,2,0,27,35,77.1,1,26,0,0,0,2024-08-24,0,0,0,1,0,0,0,0,0,0,0,0,0
Ryan Yates,Nottingham Forest,22,ENG,26,25.0,0,0,0,0,1,0,0,0,21,2,0,0,0.0,0.0,0.1,2,0,15,17,88.2,0,9,0,0,0,2024-08-24,0,0,1,1,0,0,0,0,0,0,0,0,0
Ola Aina,Nottingham Forest,34,NGA,27,90.0,0,0,0,0,0,0,0,0,68,0,3,2,0.0,0.0,0.0,5,0,52,59,88.1,5,36,3,3,1,2024-08-24,0,0,0,0,0,0,1,0,0,0,0,0,0
Murillo,Nottingham Forest,5,BRA,22,90.0,0,0,0,0,0,0,0,0,41,2,0,0,0.0,0.0,0.1,2,0,28,33,84.8,1,19,0,1,0,2024-08-24,0,1,0,0,0,0,0,0,0,0,0,0,0
Nikola Milenković,Nottingham Forest,31,SRB,26,90.0,0,0,0,0,3,0,0,0,41,0,2,1,1.0,1.0,0.0,2,0,28,29,96.6,2,22,0,0,0,2024-08-24,0,1,0,0,0,0,0,0,0,0,0,0,0
Neco Williams,Nottingham Forest,7,WAL,23,90.0,0,0,0,0,5,1,0,0,44,2,2,2,0.3,0.3,0.0,4,0,23,30,76.7,1,26,4,0,0,2024-08-24,0,0,0,0,0,0,0,0,0,1,0,0,0
Matz Sels,Nottingham Forest,26,BEL,32,90.0,0,0,0,0,0,0,0,0,18,0,0,0,0.0,0.0,0.0,0,0,6,18,33.3,0,10,0,0,0,2024-08-24,0,0,0,0,0,1,0,0,0,0,0,0,0
Ollie Watkins,Aston Villa,11,ENG,28,64.0,0,0,0,0,2,1,0,0,12,0,0,0,0.9,0.9,0.1,1,0,2,6,33.3,0,5,0,0,0,2024-08-24,0,0,0,0,1,0,0,0,0,0,0,0,0
Jhon Durán,Aston Villa,9,COL,20,26.0,0,0,0,0,1,0,0,0,13,0,0,0,0.1,0.1,0.0,1,0,6,9,66.7,1,5,0,0,0,2024-08-24,0,0,0,0,1,0,0,0,0,0,0,0,0
Morgan Rogers,Aston Villa,27,ENG,22,90.0,0,0,0,0,3,0,0,0,43,2,0,1,0.1,0.1,0.4,6,0,20,30,66.7,0,26,7,7,5,2024-08-24,0,0,0,0,1,0,0,0,0,0,0,0,0
John McGinn,Aston Villa,7,SCO,29,64.0,0,0,0,0,0,0,0,0,20,0,0,0,0.0,0.0,0.0,1,0,13,14,92.9,3,10,1,2,0,2024-08-24,0,0,0,0,0,0,0,1,0,0,0,0,0
Jacob Ramsey,Aston Villa,41,ENG,23,26.0,0,0,0,0,1,1,0,0,16,0,0,0,0.0,0.0,0.0,2,0,12,13,92.3,0,9,2,2,2,2024-08-24,0,0,0,0,0,0,0,1,0,0,0,0,0
Youri Tielemans,Aston Villa,8,BEL,27,90.0,0,0,0,0,0,0,0,0,49,5,0,2,0.0,0.0,0.1,2,0,28,33,84.8,3,20,0,3,1,2024-08-24,0,0,1,0,0,0,0,0,0,0,0,0,0
Amadou Onana,Aston Villa,24,BEL,23,75.0,0,0,0,0,2,0,1,0,26,1,1,0,0.1,0.1,0.0,2,0,18,20,90.0,1,16,3,1,0,2024-08-24,0,0,1,0,0,0,0,0,0,0,0,0,0
Ross Barkley,Aston Villa,6,ENG,30,15.0,0,0,0,0,1,0,0,0,14,0,0,0,0.0,0.0,0.0,0,0,10,13,76.9,0,6,0,0,0,2024-08-24,0,0,1,0,0,0,0,0,0,0,0,0,0
Leon Bailey,Aston Villa,31,JAM,27,90.0,0,0,0,0,1,1,0,0,31,2,0,0,0.0,0.0,0.0,1,0,10,21,47.6,3,16,1,2,1,2024-08-24,0,0,0,0,0,0,0,0,0,0,1,0,0
Lucas Digne,Aston Villa,12,FRA,31,75.0,0,0,0,0,0,0,0,0,38,4,2,0,0.0,0.0,0.0,0,0,20,27,74.1,0,11,0,1,0,2024-08-24,0,0,0,0,0,0,1,0,0,0,0,0,0
Ian Maatsen,Aston Villa,22,NED,22,15.0,0,0,0,0,0,0,0,0,13,0,0,0,0.0,0.0,0.1,2,0,10,11,90.9,1,9,1,1,1,2024-08-24,0,0,0,0,0,0,1,0,0,0,0,0,0
Pau Torres,Aston Villa,14,ESP,27,90.0,0,0,0,0,0,0,0,0,49,1,0,0,0.0,0.0,0.0,0,0,36,45,80.0,2,30,0,0,0,2024-08-24,0,1,0,0,0,0,0,0,0,0,0,0,0
Ezri Konsa,Aston Villa,4,ENG,26,90.0,0,0,0,0,0,0,0,0,53,2,1,1,0.0,0.0,0.0,1,0,44,47,93.6,1,31,0,0,0,2024-08-24,0,1,0,0,0,0,0,0,0,0,0,0,0
Matty Cash,Aston Villa,2,POL,27,15.0,0,0,0,0,0,0,0,0,7,0,0,0,0.0,0.0,0.0,0,0,5,6,83.3,1,2,0,0,0,2024-08-24,0,0,0,0,0,0,0,0,0,1,0,0,0
Kosta Nedeljković,Aston Villa,20,SRB,18,75.0,0,0,0,0,0,0,0,0,31,5,0,0,0.0,0.0,0.0,0,0,20,23,87.0,1,14,1,2,1,2024-08-24,0,0,0,0,0,0,0,0,0,1,0,0,0
Emiliano Martínez,Aston Villa,23,ARG,31,90.0,0,0,0,0,0,0,0,0,42,0,0,0,0.0,0.0,0.0,0,0,33,40,82.5,0,27,0,0,0,2024-08-24,0,0,0,0,0,1,0,0,0,0,0,0,0
Kai Havertz,Arsenal,29,GER,25,90.0,0,0,0,0,1,0,0,0,31,1,1,0,0.2,0.2,0.0,2,0,20,23,87.0,2,20,1,2,0,2024-08-24,0,0,0,0,1,0,0,0,0,0,0,0,0
Gabriel Martinelli,Arsenal,11,BRA,23,64.0,0,0,0,0,0,0,0,0,24,0,0,0,0.0,0.0,0.2,3,0,15,21,71.4,0,18,6,4,1,2024-08-24,0,0,0,0,0,0,0,0,1,0,0,0,0
Leandro Trossard,Arsenal,19,BEL,29,26.0,1,0,0,0,3,1,0,0,13,1,0,0,0.2,0.2,0.0,1,1,4,6,66.7,2,8,3,1,0,2024-08-24,0,0,0,0,0,0,0,0,1,0,0,0,0
Bukayo Saka,Arsenal,7,ENG,22,87.0,0,1,0,0,1,1,0,0,42,3,0,2,0.0,0.0,0.1,4,2,28,32,87.5,3,35,2,1,0,2024-08-24,0,0,0,0,0,0,0,0,0,0,0,1,0
Reiss Nelson,Arsenal,24,ENG,24,3.0,0,0,0,0,0,0,0,0,2,1,0,0,0.0,0.0,0.0,0,0,0,0,80.8,0,1,0,0,0,2024-08-24,0,0,0,0,0,0,0,0,0,0,0,1,0
Declan Rice,Arsenal,41,ENG,25,90.0,0,0,0,0,1,1,1,0,41,1,1,1,0.1,0.1,0.3,4,0,28,33,84.8,8,22,2,3,1,2024-08-24,0,0,0,0,0,0,0,1,0,0,0,0,0
Thomas Partey,Arsenal,5,GHA,31,90.0,1,0,0,0,2,1,0,0,69,2,1,0,0.1,0.1,0.0,0,0,54,61,88.5,7,48,1,0,0,2024-08-24,0,0,1,0,0,0,0,0,0,0,0,0,0
Martin Ødegaard,Arsenal,8,NOR,25,90.0,0,0,0,0,1,0,1,0,62,2,1,0,0.3,0.3,0.1,4,1,44,53,83.0,8,39,3,3,1,2024-08-24,0,0,0,0,0,0,0,0,0,0,1,0,0
Jurriën Timber,Arsenal,12,NED,23,78.0,0,0,0,0,0,0,0,0,46,1,0,0,0.0,0.0,0.0,0,0,33,40,82.5,2,28,1,1,1,2024-08-24,0,0,0,0,0,0,1,0,0,0,0,0,0
Riccardo Calafiori,Arsenal,33,ITA,22,12.0,0,0,0,0,0,0,0,0,9,0,1,1,0.0,0.0,0.0,0,0,5,6,83.3,0,1,0,0,0,2024-08-24,0,0,0,0,0,0,1,0,0,0,0,0,0
Gabriel Magalhães,Arsenal,6,BRA,26,90.0,0,0,0,0,0,0,1,0,94,0,1,5,0.0,0.0,0.0,0,0,77,83,92.8,6,60,0,1,1,2024-08-24,0,1,0,0,0,0,0,0,0,0,0,0,0
William Saliba,Arsenal,2,FRA,23,90.0,0,0,0,0,0,0,0,0,100,5,1,1,0.0,0.0,0.0,0,0,89,90,98.9,3,56,0,1,1,2024-08-24,0,1,0,0,0,0,0,0,0,0,0,0,0
Ben White,Arsenal,4,ENG,26,90.0,0,0,0,0,0,0,0,0,71,0,0,0,0.0,0.0,0.0,0,0,61,67,91.0,8,45,1,0,0,2024-08-24,0,0,0,0,0,0,0,0,0,1,0,0,0
David Raya,Arsenal,22,ESP,28,90.0,0,0,0,0,0,0,0,0,31,0,1,0,0.0,0.0,0.0,0,0,25,29,86.2,0,20,0,0,0,2024-08-24,0,0,0,0,0,1,0,0,0,0,0,0,0
Evanilson,Bournemouth,9,BRA,24,71.0,0,0,0,0,3,2,0,0,23,1,0,2,0.8,0.8,0.0,1,0,6,11,54.5,1,10,1,2,1,2024-08-25,0,0,0,0,1,0,0,0,0,0,0,0,0
Luis Sinisterra,Bournemouth,17,COL,25,19.0,0,0,0,0,1,1,0,0,15,0,0,2,0.0,0.0,0.0,1,0,3,6,50.0,0,6,1,0,0,2024-08-25,1,0,0,0,1,0,0,0,0,0,0,0,0
Marcus Tavernier,Bournemouth,16,ENG,25,84.0,1,0,0,0,2,1,0,0,51,3,0,3,0.9,0.9,0.2,3,0,25,32,78.1,3,20,1,2,0,2024-08-25,1,0,0,0,0,0,0,0,1,0,0,0,0
Daniel Jebbison,Bournemouth,21,ENG,21,6.0,0,0,0,0,0,0,0,0,0,0,0,0,0.0,0.0,0.0,0,0,0,0,80.8,0,0,0,0,0,2024-08-25,0,0,0,0,1,0,0,0,0,0,0,0,0
Antoine Semenyo,Bournemouth,24,GHA,24,90.0,0,1,0,0,7,0,0,0,45,2,0,4,0.3,0.3,1.6,6,1,24,25,96.0,2,23,6,3,0,2024-08-25,0,0,0,0,0,0,0,0,0,0,0,1,0
Justin Kluivert,Bournemouth,19,NED,25,71.0,0,0,0,0,1,0,0,0,31,1,1,2,0.0,0.0,0.1,2,0,15,21,71.4,2,16,1,3,1,2024-08-25,1,0,0,0,0,0,0,0,0,0,0,0,0
Dango Ouattara,Bournemouth,11,BFA,22,19.0,0,0,0,0,1,0,0,0,14,1,1,1,0.1,0.1,0.0,2,0,2,6,33.3,0,4,2,0,0,2024-08-25,0,0,0,0,0,0,0,0,1,0,0,0,0
Ryan Christie,Bournemouth,10,SCO,29,63.0,0,0,0,0,0,0,1,0,31,1,0,2,0.0,0.0,0.1,5,0,19,21,90.5,6,14,1,2,0,2024-08-25,0,0,0,1,0,0,0,0,0,0,0,0,0
Alex Scott,Bournemouth,14,ENG,21,27.0,0,0,0,0,1,0,0,0,16,1,0,0,0.0,0.0,0.0,1,0,5,5,100.0,1,6,0,2,0,2024-08-25,0,0,0,1,0,0,0,0,0,0,0,0,0
Lewis Cook,Bournemouth,4,ENG,27,90.0,0,0,0,0,0,0,0,0,60,5,1,1,0.0,0.0,0.1,4,0,35,50,70.0,5,19,2,0,0,2024-08-25,0,0,0,1,0,0,0,0,0,0,0,0,0
Milos Kerkez,Bournemouth,3,HUN,20,90.0,0,0,0,0,0,0,0,0,49,2,1,3,0.0,0.0,0.0,1,0,25,37,67.6,3,16,0,0,0,2024-08-25,0,0,0,0,0,0,1,0,0,0,0,0,0
Marcos Senesi,Bournemouth,5,ARG,27,90.0,0,0,0,0,0,0,1,0,56,3,1,3,0.0,0.0,0.0,2,0,28,39,71.8,3,23,0,0,0,2024-08-25,0,1,0,0,0,0,0,0,0,0,0,0,0
Illia Zabarnyi,Bournemouth,27,UKR,21,90.0,0,0,0,0,0,0,0,0,52,1,1,0,0.0,0.0,0.0,1,0,32,42,76.2,3,26,1,0,0,2024-08-25,0,1,0,0,0,0,0,0,0,0,0,0,0
Julian Araujo,Bournemouth,28,MEX,23,85.0,0,0,0,0,0,0,0,0,40,0,0,1,0.0,0.0,0.0,0,0,27,36,75.0,2,12,0,0,0,2024-08-25,0,0,0,0,0,0,0,0,0,1,0,0,0
Adam Smith,Bournemouth,15,ENG,33,5.0,0,0,0,0,0,0,0,0,1,0,0,0,0.0,0.0,0.0,0,0,0,0,80.8,0,0,0,0,0,2024-08-25,0,0,0,0,0,0,0,0,0,1,0,0,0
Neto,Bournemouth,1,BRA,35,90.0,0,0,0,0,0,0,0,0,31,0,0,0,0.0,0.0,0.0,0,0,17,28,60.7,0,16,0,0,0,2024-08-25,0,0,0,0,0,1,0,0,0,0,0,0,0
Alexander Isak,Newcastle United,14,SWE,24,90.0,0,0,0,0,5,1,0,0,34,0,0,1,0.3,0.3,0.2,2,0,11,19,57.9,1,27,5,4,1,2024-08-25,0,0,0,0,1,0,0,0,0,0,0,0,0
Anthony Gordon,Newcastle United,10,ENG,23,88.0,1,0,0,0,2,1,0,0,44,1,0,0,0.5,0.5,0.4,3,0,27,36,75.0,1,28,2,1,0,2024-08-25,0,0,0,0,0,0,0,0,1,0,0,1,0
Miguel Almirón,Newcastle United,24,PAR,30,2.0,0,0,0,0,0,0,0,0,4,0,0,0,0.0,0.0,0.0,0,0,4,4,100.0,2,0,0,0,0,2024-08-25,0,0,0,0,0,0,0,0,0,0,0,1,0
Jacob Murphy,Newcastle United,23,ENG,29,57.0,0,0,0,0,0,0,0,0,36,0,0,2,0.0,0.0,0.0,3,0,19,30,63.3,5,15,1,1,0,2024-08-25,0,0,0,0,0,0,0,0,0,0,0,1,0
Harvey Barnes,Newcastle United,11,ENG,26,33.0,0,1,0,0,1,0,0,0,17,0,0,0,0.2,0.2,0.8,3,1,13,15,86.7,2,13,3,1,0,2024-08-25,0,0,0,0,0,0,0,0,1,0,0,0,0
Joelinton,Newcastle United,7,BRA,28,90.0,0,0,0,0,1,1,1,0,74,5,0,0,0.3,0.3,0.0,1,0,44,59,74.6,5,47,1,2,1,2024-08-25,0,0,0,0,0,0,0,1,0,0,0,0,0
Bruno Guimarães,Newcastle United,39,BRA,26,90.0,0,0,0,0,2,1,0,0,88,4,0,0,0.1,0.1,0.1,5,0,59,75,78.7,16,56,4,1,1,2024-08-25,0,0,1,0,0,0,0,0,0,0,0,0,0
Sean Longstaff,Newcastle United,36,ENG,26,69.0,0,0,0,0,0,0,0,0,38,1,0,2,0.0,0.0,0.0,1,0,30,34,88.2,2,26,1,1,0,2024-08-25,0,0,0,0,0,0,0,0,0,0,1,0,0
Joe Willock,Newcastle United,28,ENG,25,21.0,0,0,0,0,1,0,0,0,12,1,0,0,0.1,0.1,0.0,1,0,5,7,71.4,0,11,2,1,1,2024-08-25,0,0,0,0,0,0,0,0,0,0,1,0,0
Lloyd Kelly,Newcastle United,25,ENG,25,68.0,0,0,0,0,0,0,0,0,40,2,0,0,0.0,0.0,0.0,0,0,29,35,82.9,2,19,0,2,1,2024-08-25,0,0,0,0,0,0,1,0,0,0,0,0,0
Lewis Hall,Newcastle United,20,ENG,19,82.5,0,0,0,0,0,0,0,0,20,0,0,2,0.0,0.0,0.1,2,1,15,17,88.2,2,13,0,0,0,2024-08-25,0,0,0,0,0,0,1,0,0,0,0,0,0
Dan Burn,Newcastle United,33,ENG,32,90.0,0,0,0,0,2,1,1,0,73,2,2,2,0.3,0.3,0.0,1,0,56,64,87.5,2,46,0,0,0,2024-08-25,0,1,0,0,0,0,0,0,0,0,0,0,0
Emil Krafth,Newcastle United,17,SWE,30,90.0,0,0,0,0,0,0,0,0,53,1,2,1,0.0,0.0,0.1,2,0,37,46,80.4,1,29,0,0,0,2024-08-25,0,1,0,0,0,0,0,0,0,0,0,0,0
Valentino Livramento,Newcastle United,21,ENG,21,57.0,0,0,0,0,0,0,0,0,51,2,0,0,0.0,0.0,0.0,0,0,34,44,77.3,1,25,0,0,0,2024-08-25,0,0,0,0,0,0,0,0,0,1,0,0,0
Kieran Trippier,Newcastle United,2,ENG,33,33.0,0,0,0,0,0,0,0,0,33,2,0,0,0.0,0.0,0.0,2,0,18,31,58.1,3,12,0,1,1,2024-08-25,0,0,0,0,0,0,0,0,0,1,0,0,0
Nick Pope,Newcastle United,22,ENG,32,90.0,0,0,0,0,0,0,0,0,41,0,0,0,0.0,0.0,0.0,0,0,27,36,75.0,0,21,0,0,0,2024-08-25,0,0,0,0,0,1,0,0,0,0,0,0,0
Jørgen Strand Larsen,Wolverhampton Wanderers,9,NOR,24,90.0,1,0,0,0,2,1,0,0,25,1,0,2,0.6,0.6,0.3,1,0,7,13,53.8,1,7,0,3,2,2024-08-25,0,0,0,0,1,0,0,0,0,0,0,0,0
Jean-Ricner Bellegarde,Wolverhampton Wanderers,27,FRA,26,67.0,0,0,0,0,0,0,0,0,14,2,0,1,0.0,0.0,0.0,3,1,3,7,42.9,2,7,3,4,0,2024-08-25,0,0,0,0,0,0,0,0,1,0,0,0,0
Rodrigo Gomes,Wolverhampton Wanderers,19,POR,21,23.0,0,0,0,0,1,0,0,0,9,0,0,0,0.0,0.0,0.0,0,0,2,5,40.0,0,5,2,1,0,2024-08-25,0,0,0,0,0,0,0,0,1,0,0,0,0
Hwang Hee-chan,Wolverhampton Wanderers,11,KOR,28,58.0,0,0,0,0,0,0,0,0,19,0,1,0,0.0,0.0,0.0,1,0,10,13,76.9,1,7,1,2,0,2024-08-25,0,0,0,0,0,0,0,0,0,0,0,1,0
Daniel Podence,Wolverhampton Wanderers,10,POR,28,32.0,0,0,0,0,0,0,0,0,14,0,0,0,0.0,0.0,0.0,0,0,9,12,75.0,2,11,1,2,2,2024-08-25,1,0,0,0,0,0,0,0,0,0,0,1,0
Matheus Cunha,Wolverhampton Wanderers,12,BRA,25,67.0,1,0,0,0,4,2,0,0,31,0,1,0,0.9,0.9,0.3,3,0,14,23,60.9,1,16,3,1,0,2024-08-25,1,0,0,0,0,0,0,0,0,0,0,0,0
Pablo Sarabia,Wolverhampton Wanderers,21,ESP,32,23.0,0,0,0,0,1,1,0,0,26,1,1,2,0.0,0.0,0.0,0,0,12,20,60.0,4,10,2,1,1,2024-08-25,0,0,0,0,0,0,0,0,0,0,0,1,0
Mario Lemina,Wolverhampton Wanderers,5,GAB,30,89.0,0,0,0,0,1,0,0,0,31,2,1,0,0.1,0.1,0.0,1,0,22,23,95.7,4,17,0,2,2,2024-08-25,0,0,0,1,0,0,0,0,0,0,0,0,0
Tommy Doyle,Wolverhampton Wanderers,20,ENG,22,1.0,0,0,0,0,0,0,0,0,9,0,0,0,0.0,0.0,0.0,1,0,9,9,100.0,2,6,1,0,0,2024-08-25,0,0,0,1,0,0,0,0,0,0,0,0,0
João Gomes,Wolverhampton Wanderers,8,BRA,23,90.0,0,0,0,0,1,0,0,0,56,5,1,2,0.0,0.0,0.0,3,0,33,39,84.6,6,25,1,2,1,2024-08-25,0,0,0,1,0,0,0,0,0,0,0,0,0
Rayan Aït-Nouri,Wolverhampton Wanderers,3,ALG,23,66.0,0,1,0,0,1,0,1,0,28,1,0,1,0.1,0.1,0.5,2,2,22,25,88.0,2,12,1,0,0,2024-08-25,0,0,0,0,0,0,1,0,0,0,0,0,0
Craig Dawson,Wolverhampton Wanderers,15,ENG,34,24.0,0,0,0,0,0,0,0,0,10,0,2,0,0.0,0.0,0.0,0,0,9,9,100.0,0,8,0,0,0,2024-08-25,0,1,0,0,0,0,0,0,0,0,0,0,0
Toti Gomes,Wolverhampton Wanderers,24,POR,25,90.0,0,1,0,0,0,0,0,0,44,1,0,0,0.0,0.0,0.5,1,1,34,40,85.0,0,24,1,0,0,2024-08-25,0,1,0,0,0,0,1,0,0,0,0,0,0
Yerson Mosquera,Wolverhampton Wanderers,14,COL,23,90.0,0,0,0,0,1,0,1,0,60,2,1,3,0.3,0.3,0.0,1,0,37,48,77.1,0,38,0,0,0,2024-08-25,0,1,0,0,0,0,0,0,0,0,0,0,0
Matt Doherty,Wolverhampton Wanderers,2,IRL,32,90.0,0,0,0,0,0,0,0,0,53,4,1,2,0.0,0.0,0.1,1,0,30,41,73.2,2,17,1,0,0,2024-08-25,0,0,0,0,0,0,0,0,0,1,0,0,0
José Sá,Wolverhampton Wanderers,1,POR,31,90.0,0,0,0,0,0,0,0,0,34,0,0,0,0.0,0.0,0.1,1,0,19,30,63.3,0,20,0,0,0,2024-08-25,0,0,0,0,0,1,0,0,0,0,0,0,0
Nicolas Jackson,Chelsea,15,SEN,23,67.0,1,1,0,0,1,1,0,0,33,0,0,1,0.2,0.2,0.1,3,2,18,21,85.7,2,22,0,1,0,2024-08-25,0,0,0,0,1,0,0,0,0,0,0,0,0
João Félix,Chelsea,14,POR,24,23.0,1,0,0,0,2,1,0,0,17,0,0,1,0.3,0.3,0.0,0,0,10,13,76.9,1,14,3,1,1,2024-08-25,0,0,0,0,1,0,0,0,0,0,1,0,0
Mykhailo Mudryk,Chelsea,10,UKR,23,45.0,0,0,0,0,0,0,0,0,12,0,0,0,0.0,0.0,0.0,0,0,5,9,55.6,1,10,1,2,1,2024-08-25,0,0,0,0,0,0,0,0,1,0,0,0,0
Pedro Neto,Chelsea,7,POR,24,45.0,0,1,0,0,0,0,0,0,27,1,1,0,0.0,0.0,0.2,2,1,20,21,95.2,1,18,3,5,1,2024-08-25,0,0,0,0,0,0,0,0,1,0,0,0,0
Noni Madueke,Chelsea,11,ENG,22,90.0,3,0,0,0,6,5,0,0,32,1,0,0,0.6,0.6,0.4,3,1,16,21,76.2,1,29,5,0,0,2024-08-25,0,0,0,0,0,0,0,0,0,0,0,1,0
Cole Palmer,Chelsea,20,ENG,22,82.0,1,3,0,0,5,1,1,0,45,0,1,1,0.7,0.7,0.4,8,5,24,37,64.9,9,34,3,2,1,2024-08-25,1,0,0,0,0,0,0,0,0,0,0,0,0
Christopher Nkunku,Chelsea,18,FRA,26,8.0,0,0,0,0,0,0,0,0,1,0,0,0,0.0,0.0,0.1,2,0,1,1,100.0,0,1,0,2,2,2024-08-25,1,0,0,0,1,0,0,0,0,0,0,0,0
Enzo Fernández,Chelsea,8,ARG,23,90.0,0,0,0,0,0,0,0,0,65,4,0,1,0.0,0.0,0.1,4,0,43,59,72.9,4,39,2,2,1,2024-08-25,0,0,1,1,0,0,0,0,0,0,0,0,0
Moisés Caicedo,Chelsea,25,ECU,22,75.0,0,0,0,0,0,0,0,0,43,2,1,1,0.0,0.0,0.0,1,1,32,37,86.5,3,23,1,2,1,2024-08-25,0,0,0,1,0,0,0,0,0,0,0,0,0
Kiernan Dewsbury-Hall,Chelsea,22,ENG,25,15.0,0,0,0,0,0,0,0,0,12,0,0,0,0.0,0.0,0.0,0,0,10,12,83.3,1,8,1,0,0,2024-08-25,0,0,0,1,0,0,0,1,0,0,0,0,0
Marc Cucurella,Chelsea,3,ESP,26,82.0,0,0,0,0,0,0,1,0,63,1,2,0,0.0,0.0,0.0,1,0,52,55,94.5,3,35,2,0,0,2024-08-25,0,0,0,0,0,0,1,0,0,0,0,0,0
Renato Veiga,Chelsea,40,POR,21,8.0,0,0,0,0,0,0,0,0,18,0,1,1,0.0,0.0,0.0,0,0,15,15,100.0,1,15,1,1,1,2024-08-25,0,0,0,0,0,0,1,0,0,0,0,0,0
Levi Colwill,Chelsea,6,ENG,21,90.0,0,0,0,0,0,0,0,0,85,1,1,2,0.0,0.0,0.0,0,0,71,77,92.2,1,54,0,0,0,2024-08-25,0,1,0,0,0,0,0,0,0,0,0,0,0
Wesley Fofana,Chelsea,29,FRA,23,90.0,0,0,0,0,0,0,0,0,54,0,1,0,0.0,0.0,0.0,0,0,42,47,89.4,2,42,2,1,0,2024-08-25,0,1,0,0,0,0,0,0,0,0,0,0,0
Malo Gusto,Chelsea,27,FRA,21,90.0,0,0,0,0,0,0,1,0,66,4,1,3,0.0,0.0,0.1,2,0,46,52,88.5,2,29,2,0,0,2024-08-25,0,0,0,0,0,0,0,0,0,1,0,0,0
Robert Sánchez,Chelsea,1,ESP,26,90.0,0,0,0,0,0,0,0,0,50,0,0,0,0.0,0.0,0.0,1,1,40,48,83.3,0,33,0,0,0,2024-08-25,0,0,0,0,0,1,0,0,0,0,0,0,0
Diogo Jota,Liverpool,20,POR,27,71.0,0,1,0,0,4,0,0,0,22,1,0,0,0.6,0.6,0.7,3,1,13,15,86.7,1,16,2,1,0,2024-08-25,0,0,0,0,1,0,0,0,0,0,0,0,0
Darwin Núñez,Liverpool,9,URU,25,19.0,0,0,0,0,0,0,0,0,11,0,0,0,0.0,0.0,0.0,0,0,8,8,100.0,1,4,0,0,0,2024-08-25,0,0,0,0,1,0,0,0,0,0,0,0,0
Luis Díaz,Liverpool,7,COL,27,71.0,1,1,0,0,3,2,0,0,37,3,0,0,0.7,0.7,0.7,7,1,28,28,100.0,4,29,3,6,1,2024-08-25,0,0,0,0,0,0,0,0,1,0,0,0,0
Cody Gakpo,Liverpool,18,NED,25,19.0,0,0,0,0,1,0,0,0,10,1,0,0,0.0,0.0,0.0,1,0,6,8,75.0,1,8,0,1,1,2024-08-25,0,0,0,0,0,0,0,0,1,0,0,0,0
Mohamed Salah,Liverpool,11,EGY,32,82.0,1,0,0,0,3,2,0,0,46,1,0,0,0.5,0.5,0.0,3,0,30,35,85.7,10,40,6,2,2,2024-08-25,0,0,0,0,0,0,0,0,0,0,0,1,0
Harvey Elliott,Liverpool,19,ENG,21,8.0,0,0,0,0,0,0,0,0,14,0,0,0,0.0,0.0,0.0,0,0,12,14,85.7,0,10,1,0,0,2024-08-25,0,0,0,0,0,0,0,0,0,0,0,1,0
Dominik Szoboszlai,Liverpool,8,HUN,23,90.0,0,0,0,0,1,0,1,0,78,0,0,5,0.1,0.1,0.2,5,0,62,65,95.4,5,50,4,0,0,2024-08-25,1,0,0,0,0,0,0,0,0,0,0,0,0
Alexis Mac Allister,Liverpool,10,ARG,25,90.0,0,0,0,0,0,0,0,0,61,2,2,4,0.0,0.0,0.2,4,1,43,49,87.8,5,41,0,1,0,2024-08-25,0,0,0,1,0,0,0,0,0,0,0,0,0
Ryan Gravenberch,Liverpool,38,NED,22,89.0,0,0,0,0,0,0,1,0,89,3,3,2,0.0,0.0,0.0,1,0,71,76,93.4,6,60,1,2,1,2024-08-25,0,0,0,1,0,0,0,0,0,0,0,0,0
Wataru Endo,Liverpool,3,JPN,31,1.0,0,0,0,0,0,0,0,0,1,0,0,0,0.0,0.0,0.0,0,0,1,1,100.0,0,1,0,0,0,2024-08-25,0,0,0,1,0,0,0,0,0,0,0,0,0
Andrew Robertson,Liverpool,26,SCO,30,90.0,0,0,0,0,2,2,0,0,85,1,0,0,0.3,0.3,0.2,5,0,69,80,86.3,7,52,3,1,1,2024-08-25,0,0,0,0,0,0,1,0,0,0,0,0,0
Virgil van Dijk,Liverpool,4,NED,33,90.0,0,0,0,0,1,1,0,0,69,1,1,0,0.0,0.0,0.0,0,0,60,63,95.2,4,46,0,0,0,2024-08-25,0,1,0,0,0,0,0,0,0,0,0,0,0
Ibrahima Konaté,Liverpool,5,FRA,25,90.0,0,0,0,0,2,1,0,0,86,2,0,2,0.2,0.2,0.0,0,0,73,76,96.1,6,70,1,0,0,2024-08-25,0,1,0,0,0,0,0,0,0,0,0,0,0
Trent Alexander-Arnold,Liverpool,66,ENG,25,71.0,0,0,0,0,2,0,0,0,71,2,0,1,0.1,0.1,0.6,6,0,46,62,74.2,8,40,3,2,2,2024-08-25,0,0,0,0,0,0,0,0,0,1,0,0,0
Conor Bradley,Liverpool,84,NIR,21,19.0,0,0,0,0,0,0,0,0,23,0,1,0,0.0,0.0,0.0,0,0,20,21,95.2,1,18,1,0,0,2024-08-25,0,0,0,0,0,0,0,0,0,1,0,0,0
Alisson,Liverpool,1,BRA,31,90.0,0,0,0,0,0,0,0,0,38,0,0,0,0.0,0.0,0.0,0,0,29,37,78.4,0,29,0,0,0,2024-08-25,0,0,0,0,0,1,0,0,0,0,0,0,0
Yoane Wissa,Brentford,11,COD,27,72.0,0,0,0,0,0,0,0,0,18,0,1,0,0.0,0.0,0.0,1,0,12,14,85.7,1,14,2,1,0,2024-08-25,0,0,0,0,1,0,0,0,0,0,0,0,0
Kevin Schade,Brentford,7,GER,22,18.0,0,0,0,0,0,0,0,0,7,0,0,0,0.0,0.0,0.0,0,0,2,4,50.0,0,5,0,0,0,2024-08-25,0,0,0,0,1,0,0,0,0,0,0,0,0
Bryan Mbeumo,Brentford,19,CMR,25,90.0,0,0,0,0,1,0,1,0,33,1,0,0,0.0,0.0,0.2,3,0,16,20,80.0,2,16,4,4,1,2024-08-25,0,0,0,0,1,0,0,0,0,0,0,0,0
Keane Lewis-Potter,Brentford,23,ENG,23,65.0,0,0,0,0,2,1,0,0,27,1,0,0,0.1,0.1,0.0,2,0,14,20,70.0,2,17,0,4,1,2024-08-25,0,0,0,0,0,0,0,1,0,0,0,0,0
Mikkel Damsgaard,Brentford,24,DEN,24,25.0,0,0,0,0,0,0,0,0,16,0,0,2,0.0,0.0,0.0,0,0,9,14,64.3,2,11,0,2,1,2024-08-25,0,0,0,0,0,0,0,0,0,0,1,0,0
Vitaly Janelt,Brentford,27,GER,26,72.0,0,0,0,0,0,0,0,0,23,1,0,1,0.0,0.0,0.0,1,0,16,20,80.0,4,10,0,1,0,2024-08-25,0,0,1,0,0,0,0,0,0,0,0,0,0
Frank Onyeka,Brentford,15,NGA,26,18.0,0,0,0,0,0,0,0,0,8,0,0,0,0.0,0.0,0.0,0,0,5,6,83.3,1,5,0,0,0,2024-08-25,0,0,1,0,0,0,0,0,0,0,0,0,0
Christian Nørgaard,Brentford,6,DEN,30,90.0,0,0,0,0,1,0,1,0,50,4,1,0,0.2,0.2,0.0,1,0,34,37,91.9,1,23,1,0,0,2024-08-25,0,0,1,0,0,0,0,0,0,0,0,0,0
Mathias Jensen,Brentford,8,DEN,28,65.0,0,0,0,0,1,0,1,0,24,0,0,0,0.0,0.0,0.2,2,0,13,20,65.0,2,13,0,2,1,2024-08-25,0,0,0,0,0,0,0,0,0,0,1,0,0
Fabio Carvalho,Brentford,14,POR,21,25.0,0,0,0,0,0,0,0,0,13,0,0,1,0.0,0.0,0.0,0,0,7,9,77.8,1,9,2,1,0,2024-08-25,0,0,0,0,0,0,0,1,0,0,0,0,0
Kristoffer Ajer,Brentford,20,NOR,26,90.0,0,0,0,0,0,0,0,0,52,1,0,0,0.0,0.0,0.0,2,0,35,43,81.4,5,24,1,1,0,2024-08-25,0,0,0,0,0,0,1,0,0,0,0,0,0
Ethan Pinnock,Brentford,5,JAM,31,90.0,0,0,0,0,0,0,0,0,45,1,2,1,0.0,0.0,0.0,0,0,34,39,87.2,0,28,0,0,0,2024-08-25,0,1,0,0,0,0,0,0,0,0,0,0,0
Nathan Collins,Brentford,22,IRL,23,90.0,0,0,0,0,2,1,0,0,65,0,1,6,0.2,0.2,0.0,2,0,48,54,88.9,2,37,0,1,1,2024-08-25,0,1,0,0,0,0,0,0,0,0,0,0,0
Mads Roerslev,Brentford,30,DEN,25,90.0,0,0,0,0,1,0,0,0,54,1,0,0,0.0,0.0,0.0,1,0,36,45,80.0,3,32,1,5,1,2024-08-25,0,0,0,0,0,0,0,0,0,1,0,0,0
Mark Flekken,Brentford,1,NED,31,90.0,0,0,0,0,0,0,0,0,58,0,0,0,0.0,0.0,0.0,0,0,41,54,75.9,0,38,0,0,0,2024-08-25,0,0,0,0,0,1,0,0,0,0,0,0,0
Kai Havertz,Arsenal,29,GER,25,90.0,1,0,0,0,2,2,0,0,26,0,0,1,0.8,0.8,0.7,3,0,11,13,84.6,3,13,3,2,0,2024-08-31,0,0,0,0,1,0,0,0,0,0,0,0,0
Leandro Trossard,Arsenal,19,BEL,29,58.0,0,0,0,0,1,1,0,0,23,1,1,2,0.0,0.0,0.2,2,0,8,14,57.1,1,16,3,2,0,2024-08-31,0,0,0,0,0,0,0,1,1,0,0,0,0
Riccardo Calafiori,Arsenal,33,ITA,22,32.0,0,0,0,0,0,0,0,0,8,0,0,0,0.0,0.0,0.0,0,0,3,4,75.0,0,2,0,0,0,2024-08-31,0,1,0,0,0,0,1,0,0,0,0,0,0
Bukayo Saka,Arsenal,7,ENG,22,90.0,0,1,0,0,4,3,0,0,41,2,0,3,1.0,1.0,0.6,5,1,13,25,52.0,1,25,3,7,4,2024-08-31,0,0,1,0,0,0,0,0,0,0,1,1,0
Declan Rice,Arsenal,41,ENG,25,48.0,0,0,0,0,1,0,2,1,19,0,0,1,0.0,0.0,0.0,1,0,13,15,86.7,2,11,1,1,1,2024-08-31,0,0,0,0,0,0,0,1,0,0,0,0,0
Thomas Partey,Arsenal,5,GHA,31,90.0,0,0,0,0,0,0,1,0,34,1,5,3,0.0,0.0,0.0,1,0,19,25,76.0,1,16,0,1,1,2024-08-31,0,0,1,0,0,0,0,0,0,0,0,0,0
Martin Ødegaard,Arsenal,8,NOR,25,73.0,0,0,0,0,1,1,0,0,24,2,0,0,0.2,0.2,0.1,1,0,9,19,47.4,3,16,2,1,1,2024-08-31,0,0,1,0,0,0,0,0,0,0,1,0,0
Gabriel Martinelli,Arsenal,11,BRA,23,17.0,0,0,0,0,0,0,0,0,5,0,0,0,0.0,0.0,0.0,0,0,3,4,75.0,0,4,0,0,0,2024-08-31,0,0,1,0,0,0,0,0,0,0,0,0,0
Jurriën Timber,Arsenal,12,NED,23,79.0,0,0,0,0,0,0,1,0,31,2,1,1,0.0,0.0,0.0,2,1,17,21,81.0,1,12,0,1,0,2024-08-31,0,1,0,0,0,0,1,0,0,1,0,0,0
Oleksandr Zinchenko,Arsenal,17,UKR,27,11.0,0,0,0,0,0,0,0,0,3,0,0,0,0.0,0.0,0.0,0,0,1,3,33.3,0,1,0,0,0,2024-08-31,0,0,0,0,0,0,1,0,0,0,0,0,0
Gabriel Magalhães,Arsenal,6,BRA,26,90.0,0,0,0,0,1,0,0,0,45,1,1,2,0.1,0.1,0.3,2,0,31,33,93.9,1,28,0,1,1,2024-08-31,0,1,0,0,0,0,0,0,0,0,0,0,0
William Saliba,Arsenal,2,FRA,23,90.0,0,0,0,0,0,0,0,0,62,5,2,1,0.0,0.0,0.0,2,0,48,51,94.1,2,45,1,0,0,2024-08-31,0,1,0,0,0,0,0,0,0,0,0,0,0
Ben White,Arsenal,4,ENG,26,90.0,0,0,0,0,1,0,0,0,44,3,2,2,0.0,0.0,0.0,1,0,20,28,71.4,3,18,0,0,0,2024-08-31,0,1,0,0,0,0,0,0,0,1,0,0,0
David Raya,Arsenal,22,ESP,28,90.0,0,0,0,0,0,0,1,0,43,0,0,0,0.0,0.0,0.0,0,0,19,41,46.3,1,26,0,0,0,2024-08-31,0,0,0,0,0,1,0,0,0,0,0,0,0
Danny Welbeck,Brighton & Hove Albion,18,ENG,33,84.0,0,0,0,0,1,0,0,0,21,2,0,1,0.1,0.1,0.0,0,0,7,10,70.0,1,9,0,2,0,2024-08-31,0,0,0,0,1,0,0,0,0,0,0,0,0
Julio Enciso,Brighton & Hove Albion,10,PAR,20,6.0,0,0,0,0,0,0,0,0,9,0,0,0,0.0,0.0,0.1,3,0,5,9,55.6,0,4,1,0,0,2024-08-31,1,0,0,0,0,0,0,0,0,0,0,0,0
Kaoru Mitoma,Brighton & Hove Albion,22,JPN,27,84.0,0,0,0,0,1,0,0,0,43,0,0,0,0.0,0.0,0.3,3,0,28,36,77.8,1,26,6,7,4,2024-08-31,0,0,0,0,0,0,0,0,1,0,0,0,0
Simon Adingra,Brighton & Hove Albion,24,CIV,22,6.0,0,0,0,0,0,0,0,0,8,0,0,0,0.0,0.0,0.0,1,0,4,5,80.0,0,5,0,2,0,2024-08-31,0,0,0,0,0,0,0,0,1,0,0,0,0
Yankuba Minteh,Brighton & Hove Albion,17,GAM,20,71.0,0,0,0,0,2,1,1,0,19,1,0,0,0.4,0.4,0.0,3,1,6,12,50.0,0,11,0,3,1,2024-08-31,0,0,0,0,0,0,0,0,0,0,0,1,0
Georginio Rutter,Brighton & Hove Albion,14,FRA,22,19.0,0,0,0,0,3,0,0,0,6,0,0,0,0.1,0.1,0.0,1,0,0,3,0.0,0,3,0,0,0,2024-08-31,0,0,0,0,0,0,0,0,0,0,0,1,0
João Pedro,Brighton & Hove Albion,9,BRA,22,90.0,1,0,0,0,1,1,1,0,60,1,0,2,0.3,0.3,0.0,4,0,37,46,80.4,5,43,7,7,4,2024-08-31,1,0,0,0,1,0,0,0,0,0,0,0,0
Carlos Baleba,Brighton & Hove Albion,20,CMR,20,90.0,0,0,0,0,4,0,0,0,49,3,2,0,0.2,0.2,0.0,4,0,32,38,84.2,4,26,2,1,0,2024-08-31,0,0,0,1,0,0,0,0,0,0,0,0,0
James Milner,Brighton & Hove Albion,6,ENG,38,16.0,0,0,0,0,0,0,0,0,4,0,1,0,0.0,0.0,0.0,0,0,2,2,100.0,1,2,0,0,0,2024-08-31,0,0,0,1,0,0,0,0,0,0,0,0,0
Yasin Ayari,Brighton & Hove Albion,26,SWE,20,74.0,0,0,0,0,2,1,0,0,36,3,0,0,0.4,0.4,0.0,3,0,20,27,74.1,1,15,0,1,0,2024-08-31,0,0,0,1,0,0,0,0,0,0,0,0,0
Jack Hinshelwood,Brighton & Hove Albion,41,ENG,19,90.0,0,0,0,0,3,1,0,0,70,2,1,0,0.2,0.2,0.1,3,0,47,62,75.8,5,33,2,0,0,2024-08-31,0,0,0,0,0,0,1,0,0,1,0,0,0
Lewis Dunk,Brighton & Hove Albion,5,ENG,32,90.0,0,0,0,0,0,0,0,0,111,1,1,2,0.0,0.0,0.4,3,0,100,104,96.2,12,71,2,0,0,2024-08-31,0,1,0,0,0,0,0,0,0,0,0,0,0
Jan Paul van Hecke,Brighton & Hove Albion,29,NED,24,90.0,0,0,0,0,2,0,0,0,79,2,0,1,0.1,0.1,0.0,4,0,65,68,95.6,12,49,3,0,0,2024-08-31,0,1,0,0,0,0,0,0,0,0,0,0,0
Joël Veltman,Brighton & Hove Albion,34,NED,32,71.0,0,0,0,0,1,0,0,0,45,3,0,0,0.1,0.1,0.0,2,0,27,39,69.2,1,18,2,1,1,2024-08-31,0,0,0,0,0,0,0,0,0,1,0,0,0
Pervis Estupiñán,Brighton & Hove Albion,30,ECU,26,19.0,0,0,0,0,2,0,0,0,24,0,0,0,0.0,0.0,0.1,3,0,20,23,87.0,7,16,3,0,0,2024-08-31,0,0,0,0,0,0,1,0,0,0,0,0,0
Bart Verbruggen,Brighton & Hove Albion,1,NED,22,90.0,0,0,0,0,0,0,0,0,36,0,0,0,0.0,0.0,0.0,1,0,29,34,85.3,0,27,0,0,0,2024-08-31,0,0,0,0,0,1,0,0,0,0,0,0,0
Dominic Calvert-Lewin,Everton,9,ENG,27,87.0,1,1,0,0,2,1,0,0,33,1,0,1,0.4,0.4,0.2,2,1,11,18,61.1,0,15,1,2,0,2024-08-31,0,0,0,0,1,0,0,0,0,0,0,0,0
Beto,Everton,14,GNB,26,3.0,0,0,0,0,0,0,0,0,5,0,0,0,0.0,0.0,0.0,0,0,2,3,66.7,1,1,0,0,0,2024-08-31,0,0,0,0,1,0,0,0,0,0,0,0,0
Iliman Ndiaye,Everton,10,SEN,24,82.0,0,0,0,0,3,2,0,0,35,4,1,1,0.3,0.3,0.0,4,1,18,24,75.0,3,16,2,4,1,2024-08-31,0,0,0,0,0,0,0,0,1,0,0,0,0
Abdoulaye Doucouré,Everton,16,MLI,31,8.0,0,0,0,0,0,0,0,0,9,0,0,0,0.0,0.0,0.0,0,0,7,9,77.8,0,3,0,1,1,2024-08-31,1,0,0,0,0,0,0,0,0,0,0,0,0
Jack Harrison,Everton,11,ENG,27,90.0,0,0,0,0,2,1,0,0,50,2,2,0,0.1,0.1,0.7,8,1,32,39,82.1,5,37,3,4,2,2024-08-31,0,0,0,0,0,0,0,0,0,0,0,1,0
Dwight McNeil,Everton,7,ENG,24,90.0,0,1,0,0,2,1,0,0,55,0,0,0,0.1,0.1,0.8,8,1,33,49,67.3,6,29,0,2,2,2024-08-31,1,0,0,0,0,0,0,0,1,0,0,0,0
Idrissa Gana Gueye,Everton,27,SEN,34,90.0,0,0,0,0,2,1,0,0,54,2,3,2,0.1,0.1,0.0,2,0,38,42,90.5,5,25,0,1,0,2024-08-31,0,0,0,1,0,0,0,0,0,0,0,0,0
Tim Iroegbunam,Everton,42,ENG,21,90.0,0,0,0,0,2,0,1,0,51,2,3,3,0.1,0.1,0.1,5,0,24,32,75.0,5,30,4,4,2,2024-08-31,0,0,0,1,0,0,0,0,0,0,0,0,0
Vitaliy Mykolenko,Everton,19,UKR,25,90.0,0,0,0,0,0,0,0,0,39,0,1,1,0.0,0.0,0.0,1,0,19,29,65.5,1,8,1,0,0,2024-08-31,0,0,0,0,0,0,1,0,0,0,0,0,0
Michael Keane,Everton,5,ENG,31,90.0,1,0,0,0,3,1,1,0,42,0,1,1,0.2,0.2,0.0,1,0,23,32,71.9,1,18,0,0,0,2024-08-31,0,1,0,0,0,0,0,0,0,0,0,0,0
James Tarkowski,Everton,6,ENG,31,90.0,0,0,0,0,1,0,0,0,50,5,1,1,0.1,0.1,0.1,1,0,25,35,71.4,2,23,0,1,0,2024-08-31,0,1,0,0,0,0,0,0,0,0,0,0,0
Séamus Coleman,Everton,23,IRL,35,90.0,0,0,0,0,1,1,0,0,52,1,0,2,0.6,0.6,0.0,1,0,32,43,74.4,6,22,0,2,2,2024-08-31,0,0,0,0,0,0,0,0,0,1,0,0,0
Jordan Pickford,Everton,1,ENG,30,90.0,0,0,0,0,0,0,0,0,43,0,0,0,0.0,0.0,0.0,0,0,16,38,42.1,0,22,0,0,0,2024-08-31,0,0,0,0,0,1,0,0,0,0,0,0,0
Evanilson,Bournemouth,9,BRA,24,65.0,0,0,0,0,1,0,0,0,14,0,0,0,0.2,0.2,0.0,2,0,7,9,77.8,1,9,0,1,0,2024-08-31,0,0,0,0,1,0,0,0,0,0,0,0,0
Luis Sinisterra,Bournemouth,17,COL,25,25.0,1,1,0,0,2,1,0,0,16,0,0,0,0.4,0.4,0.2,3,1,11,13,84.6,2,13,3,2,1,2024-08-31,0,0,0,0,0,0,0,0,1,0,0,0,0
Marcus Tavernier,Bournemouth,16,ENG,25,90.0,0,0,0,0,5,3,0,0,47,4,0,0,0.7,0.7,0.2,6,2,16,29,55.2,4,26,2,3,1,2024-08-31,1,0,0,0,0,0,0,0,1,0,0,0,0
Antoine Semenyo,Bournemouth,24,GHA,24,90.0,1,0,0,0,5,2,1,0,41,2,0,0,0.6,0.6,0.1,3,0,13,25,52.0,1,29,6,5,1,2024-08-31,0,0,0,0,0,0,0,0,0,0,0,1,0
Justin Kluivert,Bournemouth,19,NED,25,90.0,0,1,0,0,1,0,0,0,43,3,0,0,0.1,0.1,0.6,5,2,21,30,70.0,2,23,2,3,1,2024-08-31,1,0,0,0,1,0,0,0,0,0,0,0,0
Ryan Christie,Bournemouth,10,SCO,29,65.0,0,0,0,0,0,0,0,0,29,1,0,1,0.0,0.0,0.0,3,0,20,24,83.3,1,18,1,0,0,2024-08-31,0,0,0,1,0,0,0,0,0,0,0,0,0
Alex Scott,Bournemouth,8,ENG,21,25.0,0,0,0,0,0,0,0,0,21,3,0,1,0.0,0.0,0.0,1,0,14,18,77.8,3,15,0,0,0,2024-08-31,0,0,0,1,0,0,0,0,0,0,0,0,0
Lewis Cook,Bournemouth,4,ENG,27,90.0,1,0,0,0,1,1,0,0,63,3,2,2,0.2,0.2,0.0,0,0,37,47,78.7,7,26,1,1,0,2024-08-31,0,0,0,1,0,0,0,0,0,0,0,0,0
Milos Kerkez,Bournemouth,3,HUN,20,65.0,0,0,0,0,1,0,0,0,37,1,0,1,0.0,0.0,0.1,2,0,20,30,66.7,3,13,3,0,0,2024-08-31,0,0,0,0,0,0,1,0,0,0,0,0,0
Dango Ouattara,Bournemouth,11,BFA,22,25.0,0,1,0,0,0,0,0,0,21,0,0,1,0.0,0.0,1.0,3,1,13,17,76.5,0,11,1,1,0,2024-08-31,0,0,0,0,0,0,1,0,0,0,0,0,0
Marcos Senesi,Bournemouth,5,ARG,27,76.0,0,0,0,0,0,0,0,0,64,3,1,1,0.0,0.0,0.0,2,0,38,54,70.4,3,39,1,1,1,2024-08-31,0,1,0,0,0,0,0,0,0,0,0,0,0
Dean Huijsen,Bournemouth,2,ESP,19,14.0,0,0,0,0,0,0,0,0,20,1,1,0,0.0,0.0,0.0,1,0,14,16,87.5,1,12,0,1,0,2024-08-31,0,1,0,0,0,0,0,0,0,0,0,0,0
Illia Zabarnyi,Bournemouth,27,UKR,21,90.0,0,0,0,0,1,0,0,0,69,1,2,2,0.2,0.2,0.0,0,0,44,55,80.0,6,40,0,0,0,2024-08-31,0,1,0,0,0,0,0,0,0,0,0,0,0
Julian Araujo,Bournemouth,22,MEX,23,76.0,0,0,0,0,0,0,0,0,32,3,1,0,0.0,0.0,0.0,0,0,23,27,85.2,1,19,1,0,0,2024-08-31,0,0,0,0,0,0,0,0,0,1,0,0,0
Adam Smith,Bournemouth,15,ENG,33,14.0,0,0,0,0,0,0,0,0,18,1,0,1,0.0,0.0,0.1,2,0,9,15,60.0,1,5,1,0,0,2024-08-31,0,0,0,0,0,0,0,0,0,1,0,0,0
Kepa Arrizabalaga,Bournemouth,13,ESP,29,90.0,0,0,0,0,0,0,0,0,34,0,0,0,0.0,0.0,0.0,0,0,27,32,84.4,0,19,0,0,0,2024-08-31,0,0,0,0,0,1,0,0,0,0,0,0,0
Jamie Vardy,Leicester City,9,ENG,37,90.0,0,0,0,0,0,0,1,0,19,0,0,1,0.0,0.0,0.0,2,0,9,12,75.0,1,8,1,2,0,2024-08-31,0,0,0,0,1,0,0,0,0,0,0,0,0
Jordan Ayew,Leicester City,18,GHA,32,67.0,0,0,0,0,1,0,0,0,37,3,0,2,0.0,0.0,0.0,2,0,22,28,78.6,3,26,2,2,2,2024-08-31,0,0,0,0,0,0,0,0,1,0,0,0,0
Stephy Mavididi,Leicester City,10,ENG,26,23.0,0,0,0,0,0,0,0,0,10,2,0,0,0.0,0.0,0.0,2,2,6,7,85.7,0,7,1,4,2,2024-08-31,0,0,0,0,0,0,0,1,0,0,0,0,1
Abdul Fatawu Issahaku,Leicester City,7,GHA,20,67.0,0,0,0,0,2,1,0,0,32,3,1,0,0.0,0.0,0.0,0,0,14,18,77.8,4,24,1,6,1,2024-08-31,0,0,0,0,0,0,0,0,0,0,0,1,0
Facundo Buonanotte,Leicester City,40,ARG,19,23.0,1,0,0,0,2,1,0,0,24,1,0,0,0.2,0.2,0.0,1,0,17,20,85.0,0,15,1,0,0,2024-08-31,1,0,0,0,0,0,0,0,0,0,1,0,0
Wilfred Ndidi,Leicester City,6,NGA,27,88.0,0,1,0,0,0,0,0,0,51,2,1,1,0.0,0.0,0.2,0,0,29,37,78.4,1,32,0,2,0,2024-08-31,1,0,1,0,0,0,0,0,0,0,0,0,0
Bobby Reid,Leicester City,14,JAM,31,2.0,0,0,0,0,0,0,0,0,2,0,0,0,0.0,0.0,0.0,0,0,1,2,50.0,0,1,0,0,0,2024-08-31,1,0,1,0,0,0,0,0,0,0,0,0,0
Oliver Skipp,Leicester City,22,ENG,23,67.0,0,0,0,0,1,1,1,0,50,2,1,1,0.0,0.0,0.0,1,0,38,43,88.4,5,34,1,1,1,2024-08-31,0,0,0,1,0,0,0,0,0,0,0,0,0
Bilal El Khannouss,Leicester City,11,MAR,20,23.0,0,0,0,0,1,0,0,0,17,0,0,0,0.0,0.0,0.0,0,0,15,16,93.8,1,11,0,0,0,2024-08-31,0,0,1,0,0,0,0,0,0,0,0,0,0
Harry Winks,Leicester City,8,ENG,28,90.0,0,0,0,0,0,0,1,0,87,1,1,1,0.0,0.0,0.0,2,0,76,84,90.5,4,59,0,0,0,2024-08-31,0,0,1,1,0,0,0,0,0,0,0,0,0
Victor Bernth Kristiansen,Leicester City,16,DEN,21,90.0,0,0,0,0,0,0,0,0,63,2,3,2,0.0,0.0,0.1,4,0,41,50,82.0,3,39,5,0,0,2024-08-31,0,1,0,0,0,0,1,0,0,0,0,0,0
Caleb Okoli,Leicester City,5,ITA,23,89.0,0,0,0,0,1,0,1,0,81,3,1,2,0.0,0.0,0.0,0,0,62,68,91.2,2,53,1,0,0,2024-08-31,0,1,0,0,0,0,0,0,0,0,0,0,0
Kasey McAteer,Leicester City,35,IRL,22,1.0,0,0,0,0,0,0,0,0,2,0,0,0,0.0,0.0,0.0,0,0,1,2,50.0,0,0,0,0,0,2024-08-31,0,1,0,0,0,0,0,0,0,0,0,0,1
Wout Faes,Leicester City,3,BEL,26,90.0,0,0,0,0,0,0,0,0,83,0,1,0,0.0,0.0,0.0,0,0,69,76,90.8,5,56,0,0,0,2024-08-31,0,1,0,0,0,0,0,0,0,0,0,0,0
James Justin,Leicester City,2,ENG,26,90.0,0,0,0,0,1,0,0,0,63,2,2,0,0.1,0.1,0.0,0,0,45,53,84.9,2,33,0,0,0,2024-08-31,0,1,0,0,0,0,0,0,0,1,0,0,0
Mads Hermansen,Leicester City,30,DEN,24,90.0,0,0,0,0,0,0,0,0,32,1,0,0,0.0,0.0,0.0,1,0,26,29,89.7,0,22,0,0,0,2024-08-31,0,0,0,0,0,1,0,0,0,0,0,0,0
Ollie Watkins,Aston Villa,11,ENG,28,60.0,0,1,0,0,2,1,0,0,13,1,0,2,0.7,0.7,0.4,2,1,5,5,100.0,1,6,0,1,0,2024-08-31,0,0,0,0,1,0,0,0,0,0,0,0,0
Jhon Durán,Aston Villa,9,COL,20,30.0,1,0,0,0,2,2,1,0,15,0,0,0,0.2,0.2,0.0,0,0,3,9,33.3,0,7,0,1,0,2024-08-31,0,0,0,0,1,0,0,0,0,0,0,0,0
Morgan Rogers,Aston Villa,27,ENG,22,90.0,0,0,0,0,0,0,0,0,33,0,0,1,0.0,0.0,0.3,1,0,13,17,76.5,1,17,0,6,1,2024-08-31,0,0,0,0,1,0,0,0,0,0,0,0,0
John McGinn,Aston Villa,7,SCO,29,90.0,0,0,0,0,1,0,1,0,42,1,1,0,0.1,0.1,0.0,1,0,21,33,63.6,1,16,4,2,2,2024-08-31,0,0,0,0,0,0,0,1,0,0,1,0,0
Youri Tielemans,Aston Villa,8,BEL,27,90.0,0,0,0,0,0,0,1,0,71,2,1,1,0.0,0.0,0.1,3,0,52,63,82.5,4,32,2,2,2,2024-08-31,0,0,1,0,0,0,0,0,0,0,0,0,0
Amadou Onana,Aston Villa,24,BEL,23,60.0,1,0,0,0,3,1,1,0,36,0,2,0,0.4,0.4,0.1,2,0,23,25,92.0,1,13,1,1,1,2024-08-31,0,0,1,0,0,0,0,0,0,0,0,0,0
Ross Barkley,Aston Villa,6,ENG,30,30.0,0,0,0,0,0,0,0,0,22,0,0,2,0.0,0.0,0.1,1,0,18,18,100.0,2,10,0,0,0,2024-08-31,0,0,1,0,0,0,0,0,0,0,0,0,0
Leon Bailey,Aston Villa,31,JAM,27,15.0,0,0,0,0,0,0,0,0,6,0,0,0,0.0,0.0,0.0,0,0,4,4,100.0,0,3,1,1,0,2024-08-31,0,0,0,0,0,0,0,0,0,0,1,0,0
Jacob Ramsey,Aston Villa,41,ENG,23,63.0,0,0,0,0,1,1,0,0,33,2,0,0,0.1,0.1,0.4,3,1,24,28,85.7,2,22,6,3,3,2024-08-31,0,0,0,0,0,0,0,1,0,0,0,0,0
Ian Maatsen,Aston Villa,22,NED,22,12.0,0,0,0,0,1,0,0,0,2,2,0,0,0.0,0.0,0.0,1,0,0,1,0.0,0,1,0,0,0,2024-08-31,0,0,0,0,0,0,0,1,0,0,0,0,0
Lucas Digne,Aston Villa,12,FRA,31,90.0,0,1,0,0,0,0,0,0,57,5,2,0,0.0,0.0,0.1,1,1,33,45,73.3,1,26,0,0,0,2024-08-31,0,0,0,0,0,0,1,0,0,0,0,0,0
Pau Torres,Aston Villa,14,ESP,27,90.0,0,0,0,0,0,0,0,0,54,0,1,0,0.0,0.0,0.0,0,0,41,49,83.7,2,28,0,2,2,2024-08-31,0,1,0,0,0,0,0,0,0,0,0,0,0
Ezri Konsa,Aston Villa,4,ENG,26,90.0,0,0,0,0,0,0,0,0,46,0,0,1,0.0,0.0,0.0,0,0,30,33,90.9,1,20,0,1,0,2024-08-31,0,1,0,0,0,0,0,0,0,0,0,0,0
Lamare Bogarde,Aston Villa,26,NED,20,78.0,0,0,0,0,0,0,1,0,44,3,0,0,0.0,0.0,0.0,2,0,30,37,81.1,2,25,3,1,1,2024-08-31,0,0,0,0,0,0,0,0,0,1,0,0,0
Kosta Nedeljković,Aston Villa,20,SRB,18,12.0,0,0,0,0,0,0,0,0,7,1,0,0,0.0,0.0,0.0,0,0,5,6,83.3,1,2,0,0,0,2024-08-31,0,0,0,0,0,0,0,0,0,1,0,0,0
Emiliano Martínez,Aston Villa,23,ARG,31,90.0,0,0,0,0,0,0,0,0,39,0,0,0,0.0,0.0,0.0,0,0,31,38,81.6,0,23,0,1,1,2024-08-31,0,0,0,0,0,1,0,0,0,0,0,0,0
Chris Wood,Nottingham Forest,11,NZL,32,90.0,1,0,0,0,5,3,0,0,35,0,1,0,0.5,0.5,0.0,2,0,15,19,78.9,3,25,2,2,1,2024-08-31,0,0,0,0,1,0,0,0,0,0,0,0,0
Callum Hudson-Odoi,Nottingham Forest,14,ENG,23,79.0,0,0,0,0,3,0,0,0,28,1,1,2,0.1,0.1,0.0,5,1,16,21,76.2,3,17,3,1,1,2024-08-31,0,0,0,0,0,0,0,0,1,0,0,0,0
Ramón Sosa,Nottingham Forest,24,PAR,25,11.0,0,0,0,0,1,0,0,0,13,0,0,0,0.1,0.1,0.2,3,0,3,7,42.9,0,7,2,2,1,2024-08-31,0,0,0,0,0,0,0,0,1,0,0,0,0
Anthony Elanga,Nottingham Forest,21,SWE,22,89.0,0,0,0,0,1,0,0,0,29,0,0,0,0.0,0.0,0.1,2,0,17,23,73.9,1,17,4,1,0,2024-08-31,0,0,0,0,0,0,0,0,0,0,0,1,0
Jota Silva,Nottingham Forest,20,POR,25,1.0,0,0,0,0,0,0,0,0,6,0,1,0,0.0,0.0,0.0,0,0,1,2,50.0,0,2,0,2,0,2024-08-31,0,0,0,0,0,0,0,0,0,0,0,1,0
Morgan Gibbs-White,Nottingham Forest,10,ENG,24,90.0,0,0,0,0,3,2,1,0,49,0,0,0,0.1,0.1,0.4,5,0,30,38,78.9,9,29,2,3,1,2024-08-31,1,0,0,0,0,0,0,0,0,0,0,0,0
Elliot Anderson,Nottingham Forest,8,ENG,21,89.0,0,1,0,0,1,0,1,0,58,4,0,1,0.0,0.0,0.1,4,1,37,47,78.7,2,34,1,5,2,2024-08-31,0,0,0,1,0,0,0,0,0,0,0,0,0
Taiwo Awoniyi,Nottingham Forest,9,NGA,27,1.0,0,0,0,0,0,0,0,0,2,0,0,1,0.0,0.0,0.0,0,0,0,0,80.8,0,0,0,0,0,2024-08-31,0,0,0,1,0,0,0,0,0,0,0,0,0
Ibrahim Sangaré,Nottingham Forest,6,CIV,26,57.0,0,0,0,0,0,0,1,0,38,7,1,1,0.0,0.0,0.0,2,0,21,24,87.5,2,18,0,0,0,2024-08-31,0,0,0,1,0,0,0,0,0,0,0,0,0
Ryan Yates,Nottingham Forest,22,ENG,26,33.0,0,0,0,0,0,0,0,0,21,0,0,1,0.0,0.0,0.1,2,0,12,15,80.0,0,9,0,2,1,2024-08-31,0,0,0,1,0,0,0,0,0,0,0,0,0
Ola Aina,Nottingham Forest,34,NGA,27,90.0,0,0,0,0,1,0,0,0,67,0,5,0,0.0,0.0,0.1,2,0,41,56,73.2,9,33,6,2,1,2024-08-31,0,0,0,0,0,0,1,0,0,0,0,0,0
Murillo,Nottingham Forest,5,BRA,22,90.0,0,0,0,0,0,0,0,0,71,2,0,3,0.0,0.0,0.0,1,0,50,63,79.4,5,32,2,0,0,2024-08-31,0,1,0,0,0,0,0,0,0,0,0,0,0
Nikola Milenković,Nottingham Forest,31,SRB,26,90.0,0,0,0,0,0,0,0,0,46,1,1,0,0.0,0.0,0.0,1,0,38,42,90.5,2,21,0,0,0,2024-08-31,0,1,0,0,0,0,0,0,0,0,0,0,0
Neco Williams,Nottingham Forest,7,WAL,23,90.0,0,0,0,0,1,0,0,0,39,2,0,0,0.1,0.1,0.0,1,0,21,33,63.6,2,18,3,1,0,2024-08-31,0,0,0,0,0,0,0,0,0,1,0,0,0
Matz Sels,Nottingham Forest,26,BEL,32,90.0,0,0,0,0,0,0,0,0,23,0,0,0,0.0,0.0,0.0,0,0,10,22,45.5,0,13,0,0,0,2024-08-31,0,0,0,0,0,1,0,0,0,0,0,0,0
Jørgen Strand Larsen,Wolverhampton Wanderers,9,NOR,24,85.0,0,0,0,0,0,0,0,0,22,0,1,0,0.0,0.0,0.1,1,0,9,13,69.2,1,10,0,0,0,2024-08-31,0,0,0,0,1,0,0,0,0,0,0,0,0
André,Wolverhampton Wanderers,7,BRA,23,5.0,0,0,0,0,0,0,0,0,6,1,0,0,0.0,0.0,0.0,0,0,4,5,80.0,0,0,0,0,0,2024-08-31,0,0,0,0,1,0,0,0,0,0,0,0,0
Matheus Cunha,Wolverhampton Wanderers,12,BRA,25,90.0,0,0,0,0,4,0,0,0,51,1,0,0,0.2,0.2,0.2,4,0,28,35,80.0,4,28,6,7,4,2024-08-31,0,0,0,0,1,0,0,0,0,0,0,0,0
Rayan Aït-Nouri,Wolverhampton Wanderers,3,ALG,23,59.0,0,0,0,0,2,1,0,0,25,1,0,0,0.3,0.3,0.2,3,0,15,18,83.3,1,15,0,3,1,2024-08-31,0,0,0,0,0,0,0,1,0,0,0,0,0
Hwang Hee-chan,Wolverhampton Wanderers,11,KOR,28,31.0,0,0,0,0,0,0,0,0,10,1,0,2,0.0,0.0,0.0,2,0,5,7,71.4,0,6,1,0,0,2024-08-31,0,0,0,0,0,0,0,1,0,0,0,0,0
Mario Lemina,Wolverhampton Wanderers,5,GAB,30,90.0,0,1,0,0,0,0,1,0,51,8,2,1,0.0,0.0,0.0,3,1,26,33,78.8,4,24,1,2,1,2024-08-31,0,0,1,0,0,0,0,0,0,0,0,0,0
João Gomes,Wolverhampton Wanderers,8,BRA,23,59.0,0,0,0,0,1,0,1,0,28,4,0,0,0.1,0.1,0.0,0,0,18,20,90.0,2,15,1,0,0,2024-08-31,0,0,1,0,0,0,0,0,0,0,0,0,0
Tommy Doyle,Wolverhampton Wanderers,20,ENG,22,31.0,0,0,0,0,2,0,0,0,26,0,0,0,0.0,0.0,0.0,2,0,14,23,60.9,2,13,0,0,0,2024-08-31,0,0,1,0,0,0,0,0,0,0,0,0,0
Jean-Ricner Bellegarde,Wolverhampton Wanderers,27,FRA,26,74.0,1,0,0,0,2,1,1,0,34,0,1,2,0.1,0.1,0.0,1,0,18,21,85.7,1,23,1,2,0,2024-08-31,0,0,0,0,0,0,0,0,0,0,1,0,0
Gonçalo Guedes,Wolverhampton Wanderers,29,POR,27,16.0,0,0,0,0,0,0,0,0,10,0,2,2,0.0,0.0,0.0,1,0,1,1,100.0,0,6,0,1,0,2024-08-31,0,0,0,0,0,0,0,0,0,0,1,0,0
Toti Gomes,Wolverhampton Wanderers,24,POR,25,90.0,0,0,0,0,0,0,1,0,50,1,1,0,0.0,0.0,0.0,1,0,29,37,78.4,4,25,0,2,2,2024-08-31,0,0,0,0,0,0,1,0,0,0,0,0,0
Craig Dawson,Wolverhampton Wanderers,15,ENG,34,90.0,0,0,0,0,0,0,0,0,64,2,0,2,0.0,0.0,0.0,0,0,42,52,80.8,1,31,0,1,0,2024-08-31,0,1,0,0,0,0,0,0,0,0,0,0,0
Yerson Mosquera,Wolverhampton Wanderers,14,COL,23,90.0,0,0,0,0,0,0,0,0,48,0,3,3,0.0,0.0,0.0,0,0,34,39,87.2,0,28,0,0,0,2024-08-31,0,1,0,0,0,0,0,0,0,0,0,0,0
Nélson Semedo,Wolverhampton Wanderers,22,POR,30,74.0,0,0,0,0,0,0,0,0,45,3,0,1,0.0,0.0,0.0,0,0,27,34,79.4,1,24,1,1,0,2024-08-31,0,0,0,0,0,0,0,0,0,1,0,0,0
Matt Doherty,Wolverhampton Wanderers,2,IRL,32,16.0,0,0,0,0,0,0,0,0,15,1,0,1,0.0,0.0,0.0,0,0,6,13,46.2,0,2,0,0,0,2024-08-31,0,0,0,0,0,0,0,0,0,1,0,0,0
Sam Johnstone,Wolverhampton Wanderers,31,ENG,31,90.0,0,0,0,0,0,0,0,0,35,0,0,0,0.0,0.0,0.0,0,0,16,32,50.0,0,25,0,0,0,2024-08-31,0,0,0,0,0,1,0,0,0,0,0,0,0
Liam Delap,Ipswich Town,19,ENG,21,80.0,1,0,0,0,4,2,0,0,18,1,0,0,0.2,0.2,0.0,2,0,3,5,60.0,0,7,2,1,1,2024-08-31,0,0,0,0,1,0,0,0,0,0,0,0,0
Ali Al Hamadi,Ipswich Town,16,IRQ,22,10.0,0,0,0,0,0,0,1,0,5,1,0,0,0.0,0.0,0.0,1,0,2,3,66.7,0,1,0,0,0,2024-08-31,0,0,0,0,1,0,0,0,0,0,0,0,0
Sammie Szmodics,Ipswich Town,23,IRL,28,80.0,0,0,0,0,0,0,0,0,21,0,1,2,0.0,0.0,0.0,0,0,10,16,62.5,3,10,2,1,1,2024-08-31,0,0,0,0,0,0,0,0,1,0,0,0,0
Jack Clarke,Ipswich Town,47,ENG,23,10.0,0,0,0,0,2,0,0,0,7,0,0,0,0.1,0.1,0.0,0,0,1,4,25.0,0,5,0,0,0,2024-08-31,0,0,0,0,0,0,0,0,1,0,0,0,0
Chiedozie Ogbene,Ipswich Town,21,IRL,27,87.0,0,0,0,0,0,0,0,0,24,4,0,0,0.0,0.0,0.0,2,0,12,16,75.0,0,12,1,1,0,2024-08-31,0,0,0,0,0,0,0,0,0,0,0,1,0
Conor Chaplin,Ipswich Town,10,ENG,27,3.0,0,0,0,0,0,0,0,0,4,0,0,0,0.0,0.0,0.0,1,0,4,4,100.0,1,1,0,0,0,2024-08-31,1,0,0,0,0,0,0,0,0,0,0,1,0
Omari Hutchinson,Ipswich Town,20,ENG,20,90.0,0,0,0,0,2,1,0,0,44,1,0,3,0.1,0.1,0.0,0,0,29,32,90.6,3,25,0,3,2,2024-08-31,1,0,0,0,0,0,0,0,0,0,0,1,0
Kalvin Phillips,Ipswich Town,8,ENG,28,70.0,0,0,0,0,0,0,0,0,42,0,0,2,0.0,0.0,0.0,1,0,27,35,77.1,3,21,0,0,0,2024-08-31,0,0,0,1,0,0,0,0,0,0,0,0,0
Jens Cajuste,Ipswich Town,12,SWE,25,20.0,0,0,0,0,0,0,0,0,12,0,0,0,0.0,0.0,0.0,3,0,8,9,88.9,1,5,2,1,1,2024-08-31,0,0,0,1,0,0,0,0,0,0,0,0,0
Sam Morsy,Ipswich Town,5,EGY,32,90.0,0,0,0,0,0,0,1,0,64,1,0,1,0.0,0.0,0.0,2,0,53,60,88.3,7,33,1,2,2,2024-08-31,0,0,0,1,0,0,0,0,0,0,0,0,0
Leif Davis,Ipswich Town,3,ENG,24,90.0,0,1,0,0,1,0,0,0,58,2,0,1,0.1,0.1,0.2,6,2,40,48,83.3,2,30,1,4,2,2024-08-31,0,0,0,0,0,0,1,0,0,0,0,0,0
Jacob Greaves,Ipswich Town,24,ENG,23,90.0,0,0,0,0,1,1,0,0,60,0,2,1,0.0,0.0,0.0,0,0,41,49,83.7,1,27,0,0,0,2024-08-31,0,1,0,0,0,0,0,0,0,0,0,0,0
Luke Woolfenden,Ipswich Town,6,ENG,25,90.0,0,0,0,0,1,0,0,0,70,0,0,1,0.0,0.0,0.0,0,0,53,60,88.3,3,44,2,0,0,2024-08-31,0,1,0,0,0,0,0,0,0,0,0,0,0
Axel Tuanzebe,Ipswich Town,40,COD,26,90.0,0,0,0,0,0,0,0,0,58,3,1,0,0.0,0.0,0.0,1,0,45,52,86.5,2,27,2,1,1,2024-08-31,0,0,0,0,0,0,0,0,0,1,0,0,0
Arijanet Muric,Ipswich Town,1,KVX,25,90.0,0,0,0,0,0,0,0,0,42,0,0,0,0.0,0.0,0.0,1,0,32,41,78.0,0,25,0,0,0,2024-08-31,0,0,0,0,0,1,0,0,0,0,0,0,0
Rodrigo Muniz,Fulham,9,BRA,23,78.0,0,0,0,0,2,1,0,0,14,0,0,0,0.3,0.3,0.0,0,0,6,8,75.0,3,8,0,0,0,2024-08-31,0,0,0,0,1,0,0,0,0,0,0,0,0
Raúl Jiménez,Fulham,7,MEX,33,12.0,0,0,0,0,1,1,0,0,3,0,0,0,0.0,0.0,0.0,0,0,1,1,100.0,1,3,1,0,0,2024-08-31,0,0,0,0,1,0,0,0,0,0,0,0,0
Alex Iwobi,Fulham,17,NGA,28,86.0,0,0,0,0,1,1,0,0,40,0,1,0,0.0,0.0,0.2,6,1,30,34,88.2,4,29,2,3,2,2024-08-31,0,0,0,0,0,0,0,0,1,0,0,0,0
Harry Wilson,Fulham,8,WAL,27,4.0,0,0,0,0,0,0,0,0,3,0,0,0,0.0,0.0,0.0,0,0,1,1,100.0,0,0,0,0,0,2024-08-31,0,0,0,0,0,0,0,0,1,0,0,1,0
Adama Traoré,Fulham,11,ESP,28,90.0,1,0,0,0,1,1,1,0,35,0,0,2,0.2,0.2,0.3,3,0,21,27,77.8,2,28,6,6,5,2024-08-31,0,0,0,0,0,0,0,0,1,0,0,1,0
Emile Smith Rowe,Fulham,32,ENG,24,71.0,0,0,0,0,2,0,0,0,40,1,1,0,0.2,0.2,0.0,2,0,35,37,94.6,3,25,0,0,0,2024-08-31,0,0,0,0,0,0,0,1,0,0,0,0,0
Sander Berge,Fulham,16,NOR,26,19.0,0,0,0,0,0,0,0,0,12,2,0,0,0.0,0.0,0.1,1,0,10,10,100.0,1,6,0,0,0,2024-08-31,0,0,0,1,0,0,0,0,0,0,0,0,0
Saša Lukić,Fulham,20,SRB,28,86.0,0,0,0,0,0,0,1,0,45,1,3,1,0.0,0.0,0.0,0,0,36,38,94.7,3,25,2,1,0,2024-08-31,0,0,1,1,0,0,0,0,0,0,0,0,0
Harrison Reed,Fulham,6,ENG,29,4.0,0,0,0,0,0,0,0,0,0,0,0,0,0.0,0.0,0.0,0,0,0,0,80.8,0,0,0,0,0,2024-08-31,0,0,0,1,0,0,0,0,0,0,0,0,0
Andreas Pereira,Fulham,18,BRA,28,86.0,0,0,0,0,0,0,0,0,58,0,1,0,0.0,0.0,0.2,3,0,30,54,55.6,3,29,0,2,1,2024-08-31,1,0,0,0,0,0,0,0,0,0,1,0,0
Tom Cairney,Fulham,10,SCO,33,4.0,0,0,0,0,0,0,0,0,4,0,0,0,0.0,0.0,0.0,0,0,3,4,75.0,0,2,0,0,0,2024-08-31,1,0,0,0,0,0,0,0,0,0,0,0,0
Antonee Robinson,Fulham,33,USA,27,90.0,0,1,0,0,0,0,1,0,49,1,0,0,0.0,0.0,0.2,1,1,32,41,78.0,1,25,1,5,4,2024-08-31,0,0,0,0,0,0,1,0,0,0,0,0,0
Calvin Bassey,Fulham,3,NGA,24,90.0,0,0,0,0,0,0,0,0,77,1,0,1,0.0,0.0,0.0,1,0,59,71,83.1,5,58,1,3,2,2024-08-31,0,1,0,0,0,0,0,0,0,0,0,0,0
Issa Diop,Fulham,31,FRA,27,90.0,0,0,0,0,1,0,0,0,56,2,0,2,0.2,0.2,0.0,0,0,42,47,89.4,2,34,0,0,0,2024-08-31,0,1,0,0,0,0,0,0,0,0,0,0,0
Kenny Tete,Fulham,2,NED,28,90.0,0,0,0,0,1,0,0,0,60,3,0,2,0.0,0.0,0.0,0,0,40,51,78.4,1,25,1,0,0,2024-08-31,0,0,0,0,0,0,0,0,0,1,0,0,0
Bernd Leno,Fulham,1,GER,32,90.0,0,0,0,0,0,0,0,0,49,0,0,1,0.0,0.0,0.0,0,0,37,45,82.2,0,30,0,0,0,2024-08-31,0,0,0,0,0,1,0,0,0,0,0,0,0
Yoane Wissa,Brentford,11,COD,27,90.0,1,0,0,0,6,2,0,0,34,1,0,1,1.1,1.1,0.2,8,1,18,21,85.7,3,22,3,1,1,2024-08-31,0,0,0,0,1,0,0,0,0,0,0,0,0
Kevin Schade,Brentford,7,GER,22,74.0,0,0,0,0,2,1,0,0,24,1,0,0,0.2,0.2,0.1,3,1,10,14,71.4,0,16,2,2,1,2024-08-31,0,0,0,0,0,0,0,0,1,0,0,0,0
Sepp van den Berg,Brentford,4,NED,22,16.0,0,0,0,0,0,0,0,0,12,0,0,0,0.0,0.0,0.0,0,0,7,8,87.5,1,6,0,1,0,2024-08-31,0,0,0,0,0,0,0,0,0,1,0,0,0
Bryan Mbeumo,Brentford,19,CMR,25,90.0,2,0,0,0,4,3,1,0,48,0,1,1,0.8,0.8,0.3,9,1,29,37,78.4,5,28,4,1,1,2024-08-31,0,0,0,0,0,0,0,0,1,0,0,1,0
Mikkel Damsgaard,Brentford,24,DEN,24,81.0,0,0,0,0,2,1,0,0,46,4,2,1,0.2,0.2,0.2,4,0,25,31,80.6,9,25,6,2,2,2024-08-31,0,0,0,0,0,0,0,1,0,0,0,0,0
Fabio Carvalho,Brentford,14,POR,22,9.0,0,0,0,0,1,0,0,0,8,1,0,0,0.1,0.1,0.0,0,0,4,5,80.0,0,2,0,1,0,2024-08-31,0,0,0,0,0,0,0,1,0,0,0,0,0
Christian Nørgaard,Brentford,6,DEN,30,90.0,0,0,0,0,3,0,0,0,50,2,1,4,0.3,0.3,0.0,2,0,32,36,88.9,3,22,0,0,0,2024-08-31,0,0,1,0,0,0,0,0,0,0,0,0,0
Mathias Jensen,Brentford,8,DEN,28,90.0,0,1,0,0,1,0,0,0,57,1,0,0,0.1,0.1,0.5,5,2,38,52,73.1,6,33,0,0,0,2024-08-31,0,0,0,0,0,0,0,0,0,0,1,0,0
Vitaly Janelt,Brentford,27,GER,26,74.0,0,0,0,0,0,0,0,0,50,1,0,2,0.0,0.0,0.1,3,0,39,44,88.6,2,27,0,0,0,2024-08-31,0,0,0,0,0,0,1,0,0,0,0,0,0
Keane Lewis-Potter,Brentford,23,ENG,23,16.0,0,0,0,0,0,0,0,0,7,0,0,0,0.0,0.0,0.0,0,0,4,5,80.0,2,3,1,0,0,2024-08-31,0,0,0,0,0,0,0,0,0,0,0,1,0
Ethan Pinnock,Brentford,5,JAM,31,90.0,0,0,0,0,0,0,1,0,48,2,3,1,0.0,0.0,0.0,0,0,30,34,88.2,2,27,1,1,0,2024-08-31,0,1,0,0,0,0,0,0,0,0,0,0,0
Nathan Collins,Brentford,22,IRL,23,90.0,0,0,0,0,1,0,0,0,53,2,2,4,0.0,0.0,0.0,1,0,38,41,92.7,2,28,0,0,0,2024-08-31,0,1,0,0,0,0,0,0,0,0,0,0,0
Kristoffer Ajer,Brentford,20,NOR,26,38.0,0,0,0,0,0,0,0,0,11,1,1,0,0.0,0.0,0.0,0,0,5,8,62.5,2,7,1,0,0,2024-08-31,0,0,0,0,0,0,0,0,0,1,0,0,0
Mads Roerslev,Brentford,30,DEN,25,52.0,0,0,0,0,0,0,0,0,32,1,1,2,0.0,0.0,0.2,2,0,21,25,84.0,1,18,2,2,1,2024-08-31,0,0,0,0,0,0,1,0,0,1,0,0,0
Mark Flekken,Brentford,1,NED,31,90.0,0,0,0,0,0,0,0,0,41,0,0,0,0.0,0.0,0.0,0,0,31,37,83.8,0,27,0,0,0,2024-08-31,0,0,0,0,0,1,0,0,0,0,0,0,0
Ben Brereton,Southampton,17,CHI,25,90.0,0,0,0,0,5,1,0,0,36,0,0,0,0.2,0.2,0.0,2,0,25,29,86.2,2,24,4,0,0,2024-08-31,0,0,0,0,1,0,0,0,1,0,0,0,0
Adam Armstrong,Southampton,9,ENG,27,45.0,0,0,0,0,1,0,0,0,10,0,0,0,0.0,0.0,0.0,2,0,7,8,87.5,0,5,0,0,0,2024-08-31,0,0,0,0,1,0,0,0,0,0,0,0,0
Cameron Archer,Southampton,19,ENG,23,45.0,0,0,0,0,0,0,0,0,6,2,0,1,0.0,0.0,0.0,0,0,3,3,100.0,0,1,0,0,0,2024-08-31,0,0,0,0,1,0,0,0,0,0,0,0,0
Joe Aribo,Southampton,7,NGA,28,81.0,0,0,0,0,1,0,0,0,56,0,1,0,0.5,0.5,0.0,2,0,44,52,84.6,6,44,6,2,1,2024-08-31,0,0,1,0,0,0,0,0,0,0,1,0,0
Adam Lallana,Southampton,10,ENG,36,9.0,0,1,0,0,1,0,0,0,14,0,0,0,0.1,0.1,0.1,2,1,9,10,90.0,2,4,1,0,0,2024-08-31,0,0,0,0,0,0,0,0,0,0,1,0,0
Flynn Downes,Southampton,4,ENG,25,90.0,0,0,0,0,1,0,0,0,69,3,3,1,0.1,0.1,0.2,5,0,51,59,86.4,7,30,3,2,1,2024-08-31,0,0,1,0,0,0,0,0,0,0,0,0,0
William Smallbone,Southampton,8,IRL,24,45.0,0,0,0,0,0,0,0,0,32,4,0,0,0.0,0.0,0.3,3,0,16,23,69.6,0,13,0,0,0,2024-08-31,0,0,1,0,0,0,0,0,0,0,0,0,0
Mateus Fernandes,Southampton,18,POR,20,45.0,0,0,0,0,2,1,0,0,39,3,0,0,0.2,0.2,0.0,2,0,26,34,76.5,7,18,2,0,0,2024-08-31,0,0,1,0,0,0,0,1,0,0,0,0,0
Kyle Walker-Peters,Southampton,2,ENG,27,90.0,0,0,0,0,1,1,0,0,85,0,0,1,0.0,0.0,0.0,2,0,73,78,93.6,5,54,3,2,1,2024-08-31,0,0,0,0,0,0,1,0,0,0,0,0,1
Yukinari Sugawara,Southampton,16,JPN,24,90.0,1,0,0,0,3,2,0,0,96,2,2,1,0.2,0.2,0.5,4,0,70,84,83.3,4,46,1,1,0,2024-08-31,0,0,0,0,0,0,0,0,0,1,0,0,1
Jack Stephens,Southampton,5,ENG,30,90.0,0,0,0,0,1,0,0,0,71,0,0,0,0.2,0.2,0.0,0,0,64,67,95.5,1,31,0,1,0,2024-08-31,0,1,0,0,0,0,0,0,0,0,0,0,0
Jan Bednarek,Southampton,35,POL,28,90.0,0,0,0,0,0,0,0,0,96,0,1,3,0.0,0.0,0.0,1,0,80,86,93.0,1,45,0,0,0,2024-08-31,0,1,0,0,0,0,0,0,0,0,0,0,0
Taylor Harwood-Bellis,Southampton,6,ENG,22,55.0,0,0,0,0,0,0,1,0,69,0,1,1,0.0,0.0,0.0,2,0,57,64,89.1,4,46,1,1,1,2024-08-31,0,1,0,0,0,0,0,0,0,0,0,0,0
Tyler Dibling,Southampton,33,ENG,18,35.0,0,0,0,0,2,1,0,0,30,1,1,0,0.1,0.1,0.1,7,1,20,26,76.9,4,20,5,4,3,2024-08-31,0,0,0,0,0,0,0,0,0,0,0,1,0
Aaron Ramsdale,Southampton,30,ENG,26,90.0,0,0,0,0,0,0,0,0,43,0,0,0,0.0,0.0,0.0,0,0,28,41,68.3,0,33,0,0,0,2024-08-31,0,0,0,0,0,1,0,0,0,0,0,0,0
Michail Antonio,West Ham United,9,JAM,34,70.0,0,0,0,0,1,0,0,0,15,0,0,0,0.1,0.1,0.0,1,0,3,8,37.5,0,7,2,4,2,2024-08-31,0,0,0,0,1,0,0,0,0,0,0,0,0
Niclas Füllkrug,West Ham United,11,GER,31,20.0,0,0,0,0,0,0,0,0,6,0,0,0,0.0,0.0,0.0,1,0,5,5,100.0,0,4,0,0,0,2024-08-31,0,0,0,0,1,0,0,0,0,0,0,0,0
Mohammed Kudus,West Ham United,14,GHA,24,90.0,0,0,0,0,3,0,0,0,36,2,0,1,0.1,0.1,0.0,2,0,19,24,79.2,1,21,5,4,2,2024-08-31,0,0,0,0,0,0,0,0,1,0,0,1,0
Jarrod Bowen,West Ham United,20,ENG,27,85.0,0,0,0,0,2,1,0,0,31,2,0,0,0.1,0.1,0.3,2,0,12,23,52.2,2,21,2,3,1,2024-08-31,0,0,0,0,0,0,0,0,0,0,0,1,0
Crysencio Summerville,West Ham United,7,NED,22,5.0,0,0,0,0,1,1,0,0,4,0,0,1,0.1,0.1,0.0,0,0,1,2,50.0,0,2,0,0,0,2024-08-31,0,0,0,0,0,0,0,0,1,0,0,0,0
Lucas Paquetá,West Ham United,10,BRA,27,90.0,0,0,0,0,0,0,0,0,76,2,1,2,0.0,0.0,0.0,2,0,58,68,85.3,8,53,0,2,2,2024-08-31,1,0,0,0,0,0,0,0,0,0,0,0,0
Edson Álvarez,West Ham United,19,MEX,26,76.0,0,0,0,0,0,0,0,0,43,1,0,1,0.0,0.0,0.0,1,0,33,36,91.7,4,28,0,0,0,2024-08-31,0,0,0,1,0,0,0,0,0,0,0,0,0
Tomáš Souček,West Ham United,28,CZE,29,14.0,0,0,0,0,1,0,0,0,9,0,0,0,0.1,0.1,0.0,0,0,6,8,75.0,1,5,0,0,0,2024-08-31,0,0,0,1,0,0,0,0,0,0,0,0,0
Guido Rodríguez,West Ham United,24,ARG,30,90.0,0,0,0,0,1,0,1,0,46,0,3,3,0.0,0.0,0.0,0,0,31,37,83.8,0,24,0,0,0,2024-08-31,0,0,0,1,0,0,0,0,0,0,0,0,0
Emerson Palmieri,West Ham United,33,ITA,30,70.0,0,0,0,0,0,0,1,0,35,2,0,0,0.0,0.0,0.1,1,0,24,28,85.7,2,15,1,0,0,2024-08-31,0,0,0,0,0,0,1,0,0,0,0,0,0
Vladimír Coufal,West Ham United,5,CZE,32,20.0,0,0,0,0,0,0,0,0,7,0,0,0,0.0,0.0,0.0,0,0,3,6,50.0,1,2,2,0,0,2024-08-31,0,0,0,0,0,0,0,0,0,1,0,0,0
Max Kilman,West Ham United,26,ENG,27,90.0,0,0,0,0,1,0,1,0,40,0,0,2,0.2,0.2,0.0,0,0,28,30,93.3,2,28,0,0,0,2024-08-31,0,1,0,0,0,0,0,0,0,0,0,0,0
Konstantinos Mavropanos,West Ham United,15,GRE,26,90.0,0,0,0,0,0,0,0,0,41,0,0,2,0.0,0.0,0.0,1,0,32,35,91.4,0,29,1,0,0,2024-08-31,0,1,0,0,0,0,0,0,0,0,0,0,0
Aaron Wan-Bissaka,West Ham United,29,ENG,26,90.0,0,0,0,0,0,0,0,0,51,2,2,1,0.0,0.0,0.0,6,0,34,42,81.0,2,29,4,4,3,2024-08-31,0,0,0,0,0,0,1,0,0,1,0,0,0
Alphonse Areola,West Ham United,23,FRA,31,45.0,0,0,0,0,0,0,0,0,20,0,0,0,0.0,0.0,0.0,0,0,16,19,84.2,0,9,0,0,0,2024-08-31,0,0,0,0,0,1,0,0,0,0,0,0,0
Łukasz Fabiański,West Ham United,1,POL,39,45.0,0,0,0,0,0,0,0,0,8,0,0,0,0.0,0.0,0.0,0,0,5,8,62.5,0,6,0,0,0,2024-08-31,0,0,0,0,0,1,0,0,0,0,0,0,0
Erling Haaland,Manchester City,9,NOR,24,90.0,3,0,0,0,5,4,0,0,19,2,0,0,1.7,1.7,0.1,3,0,8,12,66.7,1,12,3,1,0,2024-08-31,0,0,0,0,1,0,0,0,0,0,0,0,0
Jack Grealish,Manchester City,10,ENG,28,71.0,0,0,0,0,2,0,0,0,46,2,0,1,0.2,0.2,0.3,7,0,36,40,90.0,6,29,10,2,1,2024-08-31,0,0,0,0,0,0,0,0,1,0,0,0,0
Matheus Nunes,Manchester City,27,POR,26,19.0,0,1,0,0,0,0,0,0,17,0,0,2,0.0,0.0,0.5,2,2,12,14,85.7,1,10,2,1,1,2024-08-31,0,0,0,0,0,0,0,0,1,0,0,0,0
Jeremy Doku,Manchester City,11,BEL,22,67.0,0,0,0,0,1,0,0,0,44,1,0,0,0.0,0.0,0.1,3,0,32,38,84.2,3,33,9,7,4,2024-08-31,0,0,0,0,0,0,0,0,0,0,0,1,0
İlkay Gündoğan,Manchester City,19,GER,33,23.0,0,0,0,0,0,0,0,0,27,0,0,0,0.0,0.0,0.2,2,0,26,26,100.0,3,14,3,1,1,2024-08-31,1,0,1,0,0,0,0,0,0,0,0,0,0
Kevin De Bruyne,Manchester City,17,BEL,33,87.0,0,0,0,0,6,2,1,0,105,0,0,2,0.3,0.3,0.5,10,0,75,95,78.9,12,50,2,3,2,2024-08-31,0,0,1,0,0,0,0,0,0,0,0,0,0
Nathan Aké,Manchester City,6,NED,29,3.0,0,0,0,0,0,0,0,0,9,1,1,0,0.0,0.0,0.0,0,0,6,7,85.7,1,4,0,0,0,2024-08-31,0,0,0,0,0,0,1,0,0,0,0,0,0
Bernardo Silva,Manchester City,20,POR,30,90.0,0,1,0,0,3,1,0,0,87,0,1,2,0.3,0.3,0.9,6,1,71,77,92.2,10,42,1,1,1,2024-08-31,0,0,1,0,0,0,0,0,0,0,0,1,0
Mateo Kovačić,Manchester City,8,CRO,30,90.0,0,0,0,0,0,0,0,0,106,2,1,3,0.0,0.0,0.0,2,1,93,97,95.9,11,58,2,2,1,2024-08-31,0,0,0,1,0,0,0,0,0,0,0,0,0
Rico Lewis,Manchester City,82,ENG,19,90.0,0,1,0,0,1,0,0,0,69,4,1,0,0.1,0.1,0.1,2,1,57,62,91.9,3,37,4,0,0,2024-08-31,0,0,0,1,0,0,0,0,0,0,0,0,0
Joško Gvardiol,Manchester City,24,CRO,22,87.0,0,0,0,0,3,1,0,0,75,3,2,2,0.1,0.1,0.0,1,0,58,61,95.1,9,37,0,1,1,2024-08-31,0,0,0,0,0,0,1,0,0,0,0,0,0
Kyle Walker,Manchester City,2,ENG,34,3.0,0,0,0,0,0,0,0,0,12,0,0,0,0.0,0.0,0.0,0,0,10,11,90.9,0,3,0,0,0,2024-08-31,0,0,0,0,0,0,0,0,0,1,0,0,0
Rúben Dias,Manchester City,3,POR,27,90.0,0,0,0,0,2,0,0,0,95,0,1,1,0.3,0.3,0.0,3,0,76,82,92.7,6,54,2,0,0,2024-08-31,0,1,0,0,0,0,0,0,0,0,0,0,0
Manuel Akanji,Manchester City,25,SUI,29,90.0,0,0,0,0,0,0,1,0,105,0,0,1,0.0,0.0,0.0,1,0,98,102,96.1,11,59,1,0,0,2024-08-31,0,1,0,0,0,0,0,0,0,1,0,0,0
Ederson,Manchester City,31,BRA,31,90.0,0,0,0,0,0,0,0,0,41,0,0,0,0.0,0.0,0.0,0,0,33,38,86.8,0,19,0,0,0,2024-08-31,0,0,0,0,0,1,0,0,0,0,0,0,0
Alexander Isak,Newcastle United,14,SWE,24,90.0,1,0,0,0,3,1,0,0,26,1,0,2,1.0,1.0,0.0,2,0,9,12,75.0,0,14,2,3,1,2024-09-01,0,0,0,0,1,0,0,0,0,0,0,0,0
Harvey Barnes,Newcastle United,11,ENG,26,60.0,1,0,0,0,2,1,0,0,14,1,1,0,0.5,0.5,0.0,0,0,4,7,57.1,1,11,1,1,1,2024-09-01,0,0,0,0,0,0,0,0,1,0,0,0,0
Jacob Murphy,Newcastle United,23,ENG,29,30.0,0,1,0,0,2,1,0,0,20,0,0,0,0.1,0.1,0.9,1,1,8,14,57.1,1,13,1,1,0,2024-09-01,0,0,0,0,0,0,0,0,0,0,0,1,0
Anthony Gordon,Newcastle United,10,ENG,23,89.0,0,0,0,0,0,0,0,0,50,3,1,2,0.0,0.0,0.3,4,0,19,36,52.8,0,22,3,5,1,2024-09-01,0,0,0,0,0,0,0,0,1,0,0,1,0
Miguel Almirón,Newcastle United,24,PAR,30,1.0,0,0,0,0,0,0,0,0,0,0,0,0,0.0,0.0,0.0,0,0,0,0,80.8,0,0,0,0,0,2024-09-01,0,0,0,0,0,0,0,0,1,0,0,0,0
Joelinton,Newcastle United,7,BRA,28,90.0,0,0,0,0,0,0,1,0,40,2,0,4,0.0,0.0,0.0,1,1,21,26,80.8,3,22,1,2,0,2024-09-01,0,0,0,0,0,0,0,1,0,0,0,0,0
Bruno Guimarães,Newcastle United,39,BRA,26,90.0,0,0,0,0,0,0,1,0,40,1,3,1,0.0,0.0,0.0,1,0,18,24,75.0,2,21,0,4,2,2024-09-01,0,0,1,0,0,0,0,0,0,0,0,0,0
Sean Longstaff,Newcastle United,36,ENG,26,67.0,0,0,0,0,0,0,1,0,38,6,3,2,0.0,0.0,0.0,1,0,20,26,76.9,2,18,0,0,0,2024-09-01,0,0,0,0,0,0,0,0,0,0,1,0,0
Sandro Tonali,Newcastle United,8,ITA,24,23.0,0,0,0,0,0,0,0,0,10,1,1,0,0.0,0.0,0.0,0,0,5,5,100.0,1,5,0,0,0,2024-09-01,0,0,0,0,0,0,0,0,0,0,1,0,0
Lloyd Kelly,Newcastle United,25,ENG,25,67.0,0,1,0,0,1,0,1,0,31,0,1,1,0.2,0.2,0.5,1,1,17,22,77.3,1,16,0,1,1,2024-09-01,0,0,0,0,0,0,1,0,0,0,0,0,0
Lewis Hall,Newcastle United,20,ENG,19,23.0,0,0,0,0,0,0,0,0,10,0,0,1,0.0,0.0,0.0,0,0,7,9,77.8,0,4,0,0,0,2024-09-01,0,0,0,0,0,0,1,0,0,0,0,0,0
Dan Burn,Newcastle United,33,ENG,32,90.0,0,0,0,0,0,0,0,0,37,1,2,3,0.0,0.0,0.0,1,1,18,22,81.8,2,14,0,0,0,2024-09-01,0,1,0,0,0,0,0,0,0,0,0,0,0
Emil Krafth,Newcastle United,17,SWE,30,90.0,0,0,0,0,1,0,0,0,35,1,0,2,0.0,0.0,0.0,1,0,20,25,80.0,0,20,0,0,0,2024-09-01,0,1,0,0,0,0,0,0,0,0,0,0,0
Valentino Livramento,Newcastle United,21,ENG,21,90.0,0,0,0,0,0,0,0,0,54,0,2,4,0.0,0.0,0.1,1,0,27,37,73.0,0,22,1,3,2,2024-09-01,0,0,0,0,0,0,0,0,0,1,0,0,0
Nick Pope,Newcastle United,22,ENG,32,90.0,0,0,0,0,0,0,0,0,38,0,0,0,0.0,0.0,0.0,1,0,14,31,45.2,0,15,0,0,0,2024-09-01,0,0,0,0,0,1,0,0,0,0,0,0,0
Dejan Kulusevski,Tottenham Hotspur,21,SWE,24,90.0,0,0,0,0,2,0,0,0,57,0,2,2,0.1,0.1,0.1,7,0,31,41,75.6,3,25,8,4,1,2024-09-01,0,0,0,0,1,0,0,0,0,0,1,0,0
Son Heung-min,Tottenham Hotspur,7,KOR,32,90.0,0,0,0,0,1,0,0,0,46,2,0,1,0.1,0.1,0.2,7,0,36,39,92.3,8,26,6,4,1,2024-09-01,0,0,0,0,1,0,0,0,1,0,0,0,0
Wilson Odobert,Tottenham Hotspur,28,FRA,19,73.0,0,0,0,0,4,0,0,0,38,2,0,0,0.3,0.3,0.0,2,0,20,28,71.4,3,26,2,3,1,2024-09-01,0,0,0,0,0,0,0,0,1,0,0,1,0
Timo Werner,Tottenham Hotspur,16,GER,28,17.0,0,0,0,0,0,0,0,0,14,1,0,1,0.0,0.0,0.0,0,0,8,8,100.0,1,7,0,1,0,2024-09-01,0,0,0,0,0,0,0,0,1,0,0,0,0
James Maddison,Tottenham Hotspur,10,ENG,27,81.0,0,0,0,0,2,2,1,0,68,2,0,0,0.1,0.1,0.1,6,0,41,57,71.9,4,43,2,3,0,2024-09-01,1,0,0,0,0,0,0,1,0,0,0,0,0
Lucas Bergvall,Tottenham Hotspur,15,SWE,18,9.0,0,0,0,0,0,0,0,0,12,0,0,0,0.0,0.0,0.0,0,0,9,11,81.8,1,6,0,0,0,2024-09-01,0,0,0,0,0,0,0,1,0,0,0,0,0
Yves Bissouma,Tottenham Hotspur,8,MLI,28,81.0,0,0,0,0,0,0,1,0,73,1,1,2,0.0,0.0,0.2,3,0,56,61,91.8,9,47,4,6,4,2024-09-01,0,0,1,1,0,0,0,0,0,0,0,0,0
Rodrigo Bentancur,Tottenham Hotspur,30,URU,27,9.0,0,0,0,0,0,0,1,0,17,0,0,0,0.0,0.0,0.0,0,0,14,17,82.4,0,8,0,0,0,2024-09-01,0,0,1,0,0,0,0,0,0,0,0,0,0
Pape Matar Sarr,Tottenham Hotspur,29,SEN,21,45.0,0,0,0,0,2,2,1,0,43,5,0,2,0.1,0.1,0.0,1,0,32,35,91.4,0,22,0,0,0,2024-09-01,0,0,0,1,0,0,0,0,0,0,0,0,0
Brennan Johnson,Tottenham Hotspur,22,WAL,23,45.0,0,0,0,0,2,1,0,0,27,2,0,1,0.3,0.3,0.0,2,0,15,23,65.2,3,16,6,2,2,2024-09-01,0,0,0,0,0,0,0,0,0,0,0,1,0
Destiny Udogie,Tottenham Hotspur,13,ITA,21,90.0,0,0,0,0,0,0,0,0,56,2,0,2,0.0,0.0,0.0,2,0,43,49,87.8,5,28,0,0,0,2024-09-01,0,0,0,0,0,0,1,0,0,0,0,0,0
Cristian Romero,Tottenham Hotspur,17,ARG,26,90.0,0,0,0,0,0,0,0,0,60,2,0,2,0.0,0.0,0.0,0,0,47,54,87.0,4,34,1,0,0,2024-09-01,0,1,0,0,0,0,0,0,0,0,0,0,0
Radu Drăgușin,Tottenham Hotspur,6,ROU,22,90.0,0,0,0,0,1,0,0,0,60,1,1,2,0.0,0.0,0.0,0,0,41,48,85.4,1,28,0,1,0,2024-09-01,0,1,0,0,0,0,0,0,0,0,0,0,0
Pedro Porro,Tottenham Hotspur,23,ESP,24,90.0,0,0,0,0,6,1,0,0,80,2,3,1,0.2,0.2,0.1,5,0,43,63,68.3,6,42,0,2,1,2024-09-01,0,0,0,0,0,0,0,0,0,1,0,0,0
Guglielmo Vicario,Tottenham Hotspur,1,ITA,27,90.0,0,0,0,0,0,0,0,0,24,0,0,0,0.0,0.0,0.0,0,0,14,23,60.9,0,19,0,0,0,2024-09-01,0,0,0,0,0,1,0,0,0,0,0,0,0
Nicolas Jackson,Chelsea,15,SEN,23,90.0,1,0,0,0,4,3,1,0,17,0,0,0,1.6,1.6,0.0,1,0,3,5,60.0,0,10,3,4,2,2024-09-01,0,0,0,0,1,0,0,0,0,0,0,0,0
Pedro Neto,Chelsea,7,POR,24,57.0,0,0,0,0,0,0,1,0,20,0,0,0,0.0,0.0,0.0,2,0,13,18,72.2,1,15,4,3,1,2024-09-01,0,0,0,0,0,0,0,0,1,0,0,0,0
João Félix,Chelsea,14,POR,24,33.0,0,0,0,0,1,1,0,0,20,0,0,0,0.0,0.0,0.0,2,0,12,13,92.3,2,10,1,5,2,2024-09-01,0,0,0,0,0,0,0,1,1,0,0,0,0
Noni Madueke,Chelsea,11,ENG,22,85.0,0,0,0,0,3,1,0,0,37,2,0,1,0.5,0.5,0.0,2,1,24,27,88.9,5,19,5,4,2,2024-09-01,0,0,0,0,0,0,0,0,0,0,0,1,0
Christopher Nkunku,Chelsea,18,FRA,26,5.0,0,0,0,0,0,0,0,0,13,0,0,0,0.0,0.0,0.1,1,0,10,12,83.3,2,5,1,0,0,2024-09-01,0,0,0,0,0,0,0,0,0,0,0,1,0
Cole Palmer,Chelsea,20,ENG,22,90.0,0,1,0,0,2,1,1,0,57,0,1,0,0.1,0.1,1.2,8,1,36,47,76.6,5,32,1,3,1,2024-09-01,1,0,0,0,0,0,0,0,0,0,1,0,0
Enzo Fernández,Chelsea,8,ARG,23,90.0,0,0,0,0,0,0,0,0,92,3,0,1,0.0,0.0,0.0,1,0,65,79,82.3,3,43,0,0,0,2024-09-01,0,0,1,1,0,0,0,0,0,0,0,0,0
Moisés Caicedo,Chelsea,25,ECU,22,90.0,0,0,0,0,0,0,0,0,93,5,3,2,0.0,0.0,0.0,2,0,75,80,93.8,4,45,2,2,0,2024-09-01,0,0,0,1,0,0,0,0,0,1,0,0,0
Marc Cucurella,Chelsea,3,ESP,26,90.0,0,0,0,0,0,0,0,0,92,0,0,2,0.0,0.0,0.0,0,0,74,83,89.2,7,29,1,1,1,2024-09-01,0,0,0,0,0,0,1,0,0,0,0,0,0
Levi Colwill,Chelsea,6,ENG,21,90.0,0,0,0,0,2,1,0,0,124,1,1,1,0.2,0.2,0.0,1,0,106,112,94.6,10,69,1,1,0,2024-09-01,0,1,0,0,0,0,0,0,0,0,0,0,0
Wesley Fofana,Chelsea,29,FRA,23,90.0,0,0,0,0,0,0,1,0,87,1,2,4,0.0,0.0,0.3,3,0,64,68,94.1,6,45,1,2,1,2024-09-01,0,1,0,0,0,0,0,0,0,0,0,0,0
Malo Gusto,Chelsea,27,FRA,21,73.0,0,0,0,0,1,0,0,0,45,1,1,1,0.0,0.0,0.0,0,0,34,38,89.5,2,23,1,0,0,2024-09-01,0,0,0,0,0,0,0,0,0,1,0,0,0
Mykhailo Mudryk,Chelsea,10,UKR,23,17.0,0,0,0,0,0,0,0,0,13,0,0,1,0.0,0.0,0.5,2,0,5,10,50.0,3,6,2,2,1,2024-09-01,0,0,0,0,0,0,0,0,1,0,0,0,0
Robert Sánchez,Chelsea,1,ESP,26,90.0,0,0,0,0,0,0,0,0,39,0,0,0,0.0,0.0,0.0,0,0,32,36,88.9,0,27,0,0,0,2024-09-01,0,0,0,0,0,1,0,0,0,0,0,0,0
Jean-Philippe Mateta,Crystal Palace,14,FRA,27,68.0,0,0,0,0,1,0,0,0,8,0,0,0,0.0,0.0,0.0,1,0,3,5,60.0,0,4,0,0,0,2024-09-01,0,0,0,0,1,0,0,0,0,0,0,0,0
Ismaila Sarr,Crystal Palace,7,SEN,26,22.0,0,0,0,0,0,0,0,0,12,0,0,0,0.0,0.0,0.3,3,0,9,10,90.0,1,6,1,0,0,2024-09-01,0,0,0,0,1,0,0,0,0,0,0,0,0
Eberechi Eze,Crystal Palace,10,ENG,26,90.0,1,0,0,0,3,1,0,0,51,1,0,1,0.2,0.2,0.0,2,0,33,39,84.6,9,37,1,5,2,2024-09-01,1,0,0,0,0,0,0,0,0,0,0,0,0
Daichi Kamada,Crystal Palace,18,JPN,28,87.0,0,0,0,0,2,1,0,0,43,1,0,1,0.1,0.1,0.0,3,0,30,38,78.9,3,23,4,1,1,2024-09-01,1,0,0,0,0,0,0,0,0,0,0,0,0
Jeffrey Schlupp,Crystal Palace,15,GHA,31,3.0,0,0,0,0,0,0,0,0,7,0,0,0,0.0,0.0,0.0,0,0,4,4,100.0,1,3,0,0,0,2024-09-01,1,0,0,0,0,0,0,0,0,0,0,0,0
Will Hughes,Crystal Palace,19,ENG,29,49.0,0,0,0,0,0,0,1,0,28,1,0,0,0.0,0.0,0.0,0,0,22,26,84.6,1,10,0,0,0,2024-09-01,0,0,1,0,0,0,0,0,0,0,0,0,0
Cheick Doucouré,Crystal Palace,28,MLI,24,41.0,0,0,0,0,1,0,0,0,19,2,1,0,0.0,0.0,0.0,1,1,11,12,91.7,2,6,1,1,1,2024-09-01,0,0,1,0,0,0,0,0,0,0,0,0,0
Adam Wharton,Crystal Palace,20,ENG,20,90.0,0,0,0,0,1,1,0,0,58,1,2,1,0.0,0.0,0.0,3,0,34,44,77.3,7,27,2,2,0,2024-09-01,0,0,1,0,0,0,0,0,0,0,0,0,0
Tyrick Mitchell,Crystal Palace,3,ENG,25,90.0,0,0,0,0,1,0,0,0,44,4,1,0,0.1,0.1,0.0,2,0,23,33,69.7,1,18,1,0,0,2024-09-01,0,0,0,0,0,0,0,0,0,0,0,0,1
Daniel Muñoz,Crystal Palace,12,COL,28,90.0,0,0,0,0,0,0,1,0,57,5,1,0,0.0,0.0,0.1,2,0,34,43,79.1,4,21,3,3,1,2024-09-01,0,0,0,0,0,0,0,0,0,0,0,0,1
Chris Richards,Crystal Palace,26,USA,24,90.0,0,0,0,0,0,0,0,0,42,1,0,1,0.0,0.0,0.0,0,0,28,34,82.4,1,21,1,0,0,2024-09-01,0,1,0,0,0,0,0,0,0,0,0,0,0
Marc Guéhi,Crystal Palace,6,ENG,24,90.0,0,0,0,0,0,0,0,0,46,0,0,1,0.0,0.0,0.0,0,0,32,38,84.2,0,20,0,1,1,2024-09-01,0,1,0,0,0,0,0,0,0,0,0,0,0
Nathaniel Clyne,Crystal Palace,17,ENG,33,90.0,0,0,0,0,0,0,0,0,34,3,1,0,0.0,0.0,0.0,0,0,17,24,70.8,1,15,0,0,0,2024-09-01,0,1,0,0,0,0,0,0,0,0,0,0,0
Dean Henderson,Crystal Palace,1,ENG,27,90.0,0,0,0,0,0,0,0,0,36,0,0,0,0.0,0.0,0.0,0,0,20,32,62.5,0,19,0,0,0,2024-09-01,0,0,0,0,0,1,0,0,0,0,0,0,0
Joshua Zirkzee,Manchester United,11,NED,23,85.0,0,0,0,0,3,2,1,0,30,0,0,2,0.9,0.9,0.0,1,0,15,21,71.4,3,17,0,3,0,2024-09-01,0,0,0,0,1,0,0,0,0,0,0,0,0
Christian Eriksen,Manchester United,14,DEN,32,5.0,0,0,0,0,0,0,0,0,4,0,0,0,0.0,0.0,0.0,0,0,3,4,75.0,0,3,0,0,0,2024-09-01,1,0,0,0,0,0,0,0,0,0,0,0,0
Marcus Rashford,Manchester United,10,ENG,26,90.0,0,0,0,0,0,0,0,0,31,1,0,0,0.0,0.0,0.8,2,0,18,26,69.2,1,21,1,5,2,2024-09-01,0,0,0,0,0,0,0,0,1,0,0,0,0
Alejandro Garnacho,Manchester United,17,ARG,20,68.0,0,0,0,0,0,0,0,0,32,1,1,0,0.0,0.0,0.1,1,0,20,24,83.3,0,19,3,3,0,2024-09-01,0,0,0,0,0,0,0,0,0,0,0,1,0
Amad Diallo,Manchester United,16,CIV,22,22.0,0,0,0,0,1,0,0,0,21,2,0,1,0.0,0.0,0.4,2,0,12,15,80.0,0,15,3,2,0,2024-09-01,0,0,0,0,0,0,0,0,0,0,0,1,0
Bruno Fernandes,Manchester United,8,POR,29,90.0,0,0,0,0,1,0,0,0,58,4,0,1,0.0,0.0,0.0,2,0,38,49,77.6,5,36,0,1,0,2024-09-01,1,0,0,0,1,0,0,0,0,0,0,0,0
Kobbie Mainoo,Manchester United,37,ENG,19,90.0,0,0,0,0,0,0,1,0,50,3,1,0,0.0,0.0,0.0,1,0,36,41,87.8,3,33,2,3,2,2024-09-01,0,0,0,1,0,0,0,0,0,0,0,0,0
Casemiro,Manchester United,18,BRA,32,45.0,0,0,0,0,0,0,0,0,44,1,0,1,0.0,0.0,0.0,0,0,26,37,70.3,3,26,1,1,1,2024-09-01,0,0,0,1,0,0,0,0,0,0,0,0,0
Toby Collyer,Manchester United,43,ENG,20,45.0,0,0,0,0,0,0,0,0,31,4,0,0,0.0,0.0,0.1,2,0,15,19,78.9,2,20,0,1,1,2024-09-01,0,0,0,1,0,0,0,0,0,0,0,0,0
Diogo Dalot,Manchester United,20,POR,25,90.0,0,0,0,0,0,0,0,0,64,3,4,1,0.0,0.0,0.0,2,0,45,57,78.9,7,28,1,2,1,2024-09-01,0,0,0,0,0,0,1,0,0,0,0,0,0
Lisandro Martínez,Manchester United,6,ARG,26,90.0,0,0,0,0,1,0,1,0,76,3,0,0,0.3,0.3,0.0,1,0,61,65,93.8,3,54,0,0,0,2024-09-01,0,1,0,0,0,0,0,0,0,0,0,0,0
Matthijs de Ligt,Manchester United,4,NED,25,68.0,0,0,0,0,0,0,1,0,60,1,1,0,0.0,0.0,0.0,0,0,47,55,85.5,1,43,0,0,0,2024-09-01,0,1,0,0,0,0,0,0,0,0,0,0,0
Harry Maguire,Manchester United,5,ENG,31,22.0,0,0,0,0,0,0,0,0,23,1,0,0,0.0,0.0,0.0,0,0,18,22,81.8,0,14,0,0,0,2024-09-01,0,1,0,0,0,0,0,0,0,0,0,0,0
Noussair Mazraoui,Manchester United,3,MAR,26,90.0,0,0,0,0,2,1,0,0,82,8,0,0,0.1,0.1,0.0,2,0,53,66,80.3,5,39,1,1,1,2024-09-01,0,0,0,0,0,0,0,0,0,1,0,0,0
André Onana,Manchester United,24,CMR,28,90.0,0,0,0,0,0,0,0,0,55,0,0,0,0.0,0.0,0.0,0,0,46,55,83.6,0,39,0,0,0,2024-09-01,0,0,0,0,0,1,0,0,0,0,0,0,0
Diogo Jota,Liverpool,20,POR,27,75.0,0,0,0,0,1,0,0,0,25,0,1,1,0.0,0.0,0.0,0,0,7,11,63.6,1,14,1,5,0,2024-09-01,0,0,0,0,1,0,0,0,0,0,0,0,0
Darwin Núñez,Liverpool,9,URU,25,15.0,0,0,0,0,1,0,0,0,10,1,0,0,0.1,0.1,0.0,1,0,5,6,83.3,1,4,0,2,1,2024-09-01,0,0,0,0,1,0,0,0,0,0,0,0,0
Luis Díaz,Liverpool,7,COL,27,65.0,2,0,0,0,2,2,0,0,29,1,0,3,0.6,0.6,0.0,1,1,10,17,58.8,0,19,2,4,1,2024-09-01,0,0,0,0,0,0,0,0,1,0,0,0,0
Cody Gakpo,Liverpool,18,NED,25,25.0,0,0,0,0,2,0,0,0,9,2,0,0,0.3,0.3,0.0,0,0,3,4,75.0,0,4,0,0,0,2024-09-01,0,0,0,0,0,0,0,0,1,0,0,0,0
Mohamed Salah,Liverpool,11,EGY,32,90.0,1,2,0,0,3,1,0,0,46,1,1,0,0.6,0.6,0.9,7,2,27,35,77.1,2,32,5,4,2,2024-09-01,0,0,0,0,0,0,0,0,0,0,0,1,0
Dominik Szoboszlai,Liverpool,8,HUN,23,90.0,0,1,0,0,1,0,0,0,48,2,1,2,0.0,0.0,0.4,4,1,36,40,90.0,2,20,4,0,0,2024-09-01,1,0,0,0,0,0,0,0,0,0,0,0,0
Alexis Mac Allister,Liverpool,10,ARG,25,90.0,0,0,0,0,0,0,0,0,59,6,0,1,0.0,0.0,0.1,3,1,42,49,85.7,7,20,1,0,0,2024-09-01,0,0,0,1,0,0,0,0,0,0,0,0,0
Ryan Gravenberch,Liverpool,38,NED,22,90.0,0,0,0,0,0,0,0,0,57,2,4,1,0.0,0.0,0.0,1,1,37,44,84.1,4,29,3,3,1,2024-09-01,0,0,0,1,0,0,0,0,0,0,0,0,0
Andrew Robertson,Liverpool,26,SCO,30,82.0,0,0,0,0,0,0,0,0,52,1,0,1,0.0,0.0,0.0,1,0,40,49,81.6,1,23,0,0,0,2024-09-01,0,0,0,0,0,0,1,0,0,0,0,0,0
Kostas Tsimikas,Liverpool,21,GRE,28,8.0,0,0,0,0,0,0,0,0,7,1,0,0,0.0,0.0,0.0,0,0,4,6,66.7,0,3,0,0,0,2024-09-01,0,0,0,0,0,0,1,0,0,0,0,0,0
Virgil van Dijk,Liverpool,4,NED,33,90.0,0,0,0,0,0,0,1,0,89,2,3,1,0.0,0.0,0.0,2,0,69,73,94.5,3,37,0,0,0,2024-09-01,0,1,0,0,0,0,0,0,0,0,0,0,0
Ibrahima Konaté,Liverpool,5,FRA,25,90.0,0,0,0,0,1,0,0,0,74,2,0,2,0.0,0.0,0.0,0,0,58,65,89.2,4,35,0,0,0,2024-09-01,0,1,0,0,0,0,0,0,0,0,0,0,0
Trent Alexander-Arnold,Liverpool,66,ENG,25,75.0,0,0,0,0,0,0,0,0,51,3,0,1,0.0,0.0,0.0,0,0,32,46,69.6,3,14,2,2,0,2024-09-01,0,0,0,0,0,0,0,0,0,1,0,0,0
Conor Bradley,Liverpool,84,NIR,21,15.0,0,0,0,0,0,0,0,0,19,0,0,0,0.0,0.0,0.0,1,0,13,16,81.3,2,7,2,0,0,2024-09-01,0,0,0,0,0,0,0,0,0,1,0,0,0
Alisson,Liverpool,1,BRA,31,90.0,0,0,0,0,0,0,0,0,40,0,0,0,0.0,0.0,0.0,0,0,31,36,86.1,0,21,0,0,0,2024-09-01,0,0,0,0,0,1,0,0,0,0,0,0,0
Cameron Archer,Southampton,19,ENG,23,61.0,0,0,0,1,2,1,0,0,13,0,0,0,0.8,0.0,0.0,1,0,9,9,100.0,1,5,1,1,0,2024-09-14,0,0,0,0,1,0,0,0,0,0,0,0,0
Ross Stewart,Southampton,11,SCO,28,29.0,0,0,0,0,0,0,0,0,7,0,0,1,0.0,0.0,0.0,0,0,5,6,83.3,0,5,0,0,0,2024-09-14,0,0,0,0,1,0,0,0,0,0,0,0,0
Ben Brereton,Southampton,17,CHI,25,63.0,0,0,0,0,0,0,0,0,30,1,0,2,0.0,0.0,0.0,0,0,17,22,77.3,2,18,1,0,0,2024-09-14,0,0,0,0,0,0,0,0,1,0,0,0,0
Ryan Fraser,Southampton,24,SCO,30,27.0,0,0,0,0,0,0,0,0,7,1,0,0,0.0,0.0,0.0,0,0,5,5,100.0,0,5,1,0,0,2024-09-14,0,0,0,0,0,0,0,0,1,0,0,0,0
Tyler Dibling,Southampton,33,ENG,18,62.0,0,0,0,0,1,1,0,0,30,0,0,3,0.0,0.0,0.0,3,0,17,19,89.5,1,22,3,5,0,2024-09-14,0,0,0,0,0,0,0,0,0,0,0,1,0
Adam Lallana,Southampton,10,ENG,36,28.0,0,0,0,0,0,0,0,0,26,2,0,0,0.0,0.0,0.0,0,0,16,22,72.7,1,11,0,1,0,2024-09-14,0,0,0,1,0,0,0,0,0,0,0,0,0
Mateus Fernandes,Southampton,18,POR,20,80.0,0,0,0,0,0,0,0,0,38,2,2,0,0.0,0.0,0.0,0,0,20,27,74.1,0,22,2,1,0,2024-09-14,1,0,0,0,0,0,0,0,0,0,0,0,0
Taylor Harwood-Bellis,Southampton,6,ENG,22,10.0,0,0,0,0,0,0,0,0,12,0,0,1,0.0,0.0,0.0,0,0,10,11,90.9,0,4,0,0,0,2024-09-14,0,1,0,0,0,0,0,0,0,0,0,0,0
Lesley Ugochukwu,Southampton,26,FRA,20,63.0,0,0,0,0,1,0,0,0,31,2,0,2,0.2,0.2,0.0,1,0,23,25,92.0,1,16,1,1,0,2024-09-14,0,0,0,1,0,0,0,0,0,0,0,0,0
Maxwel Cornet,Southampton,22,CIV,27,27.0,0,0,0,0,0,0,1,0,14,2,0,0,0.0,0.0,0.0,0,0,8,10,80.0,0,8,1,1,0,2024-09-14,0,0,0,0,0,0,0,0,0,0,0,1,0
Flynn Downes,Southampton,4,ENG,25,90.0,0,0,0,0,0,0,0,0,76,2,3,1,0.0,0.0,0.0,0,0,58,59,98.3,3,32,2,3,0,2024-09-14,0,0,0,1,0,0,0,0,0,0,0,0,0
Kyle Walker-Peters,Southampton,2,ENG,27,90.0,0,0,0,0,0,0,0,0,54,3,3,0,0.0,0.0,0.0,0,0,36,42,85.7,2,30,4,6,3,2024-09-14,0,0,0,0,0,0,1,0,0,0,0,0,0
Jan Bednarek,Southampton,35,POL,28,90.0,0,0,0,0,0,0,0,0,93,0,2,4,0.0,0.0,0.0,0,0,70,80,87.5,1,57,0,0,0,2024-09-14,0,1,0,0,0,0,0,0,0,0,0,0,0
Jack Stephens,Southampton,5,ENG,30,78.0,0,0,0,0,0,0,0,1,74,4,0,1,0.0,0.0,0.0,1,0,64,70,91.4,2,38,2,0,0,2024-09-14,0,1,0,0,0,0,0,0,0,0,0,0,0
Yukinari Sugawara,Southampton,16,JPN,24,90.0,0,0,0,0,1,0,0,0,68,2,1,0,0.0,0.0,0.2,4,0,52,61,85.2,8,46,3,1,1,2024-09-14,0,0,0,0,0,0,0,0,0,1,0,0,0
Aaron Ramsdale,Southampton,30,ENG,26,90.0,0,0,0,0,0,0,0,0,43,0,0,0,0.0,0.0,0.0,0,0,29,37,78.4,0,30,0,0,0,2024-09-14,0,0,0,0,0,1,0,0,0,0,0,0,0
Joshua Zirkzee,Manchester United,11,NED,23,90.0,0,0,0,0,3,2,0,0,36,0,1,0,1.1,1.1,0.0,6,0,23,28,82.1,3,26,1,3,3,2024-09-14,0,0,0,0,1,0,0,0,0,0,0,0,0
Marcus Rashford,Manchester United,10,ENG,26,72.0,1,0,0,0,4,3,0,0,30,1,0,0,0.4,0.4,0.0,3,0,18,22,81.8,1,22,4,3,0,2024-09-14,0,0,0,0,0,0,0,0,1,0,0,0,0
Alejandro Garnacho,Manchester United,17,ARG,20,18.0,1,0,0,0,2,1,0,0,12,0,0,1,0.3,0.3,0.1,1,0,6,6,100.0,0,12,1,1,0,2024-09-14,0,0,0,0,0,0,0,0,1,0,0,0,0
Amad Diallo,Manchester United,16,CIV,22,90.0,0,1,0,0,1,1,0,0,68,4,0,0,0.0,0.0,0.5,10,1,55,62,88.7,9,42,13,1,0,2024-09-14,0,0,0,0,0,0,0,0,0,0,0,1,0
Bruno Fernandes,Manchester United,8,POR,30,90.0,0,1,0,0,5,0,1,0,61,4,0,2,0.2,0.2,0.3,3,1,36,42,85.7,10,35,4,5,3,2024-09-14,1,0,0,0,0,0,0,0,0,0,0,0,0
Kobbie Mainoo,Manchester United,37,ENG,19,90.0,0,0,0,0,1,0,1,0,72,4,2,0,0.0,0.0,0.4,1,0,50,58,86.2,2,39,0,4,2,2024-09-14,0,0,0,1,0,0,0,0,0,0,0,0,0
Christian Eriksen,Manchester United,14,DEN,32,72.0,0,0,0,0,0,0,1,0,52,1,0,2,0.0,0.0,0.8,5,2,42,47,89.4,6,24,2,0,0,2024-09-14,0,0,0,1,0,0,0,0,0,0,0,0,0
Manuel Ugarte Ribeiro,Manchester United,25,URU,23,18.0,0,0,0,0,0,0,0,0,15,2,0,0,0.0,0.0,0.0,1,0,13,13,100.0,0,9,0,1,0,2024-09-14,0,0,0,1,0,0,0,0,0,0,0,0,0
Diogo Dalot,Manchester United,20,POR,25,90.0,0,1,0,0,0,0,0,0,93,1,2,0,0.0,0.0,0.4,3,1,78,86,90.7,3,61,0,2,1,2024-09-14,0,0,0,0,0,0,1,0,0,1,0,0,0
Lisandro Martínez,Manchester United,6,ARG,26,76.0,0,0,0,0,0,0,0,0,66,2,5,1,0.0,0.0,0.0,0,0,58,60,96.7,3,43,1,1,1,2024-09-14,0,1,0,0,0,0,1,0,0,0,0,0,0
Jonny Evans,Manchester United,35,NIR,36,14.0,0,0,0,0,0,0,0,0,19,1,1,0,0.0,0.0,0.0,1,0,18,18,100.0,2,8,0,0,0,2024-09-14,0,0,0,0,0,0,1,0,0,0,0,0,0
Matthijs de Ligt,Manchester United,4,NED,25,86.0,1,0,0,0,2,2,0,0,75,2,1,1,0.4,0.4,0.0,1,0,59,64,92.2,3,50,0,0,0,2024-09-14,0,1,0,0,0,0,0,0,0,0,0,0,0
Casemiro,Manchester United,18,BRA,32,4.0,0,0,0,0,0,0,0,0,24,0,0,0,0.0,0.0,0.0,1,1,22,24,91.7,5,20,0,0,0,2024-09-14,0,1,0,0,0,0,0,0,0,0,0,0,0
Noussair Mazraoui,Manchester United,3,MAR,26,73.0,0,0,0,0,2,1,0,0,57,0,0,1,0.1,0.1,0.0,3,0,43,50,86.0,5,28,1,3,3,2024-09-14,0,0,0,0,0,0,0,0,0,1,0,0,0
Harry Maguire,Manchester United,5,ENG,31,17.0,0,0,0,0,0,0,1,0,25,0,0,0,0.0,0.0,0.0,0,0,25,25,100.0,2,18,0,1,1,2024-09-14,0,1,0,0,0,0,0,0,0,0,0,0,0
André Onana,Manchester United,24,CMR,28,90.0,0,0,0,0,0,0,0,0,39,0,0,0,0.0,0.0,0.0,0,0,30,35,85.7,0,29,0,0,0,2024-09-14,0,0,0,0,0,1,0,0,0,0,0,0,0
Danny Welbeck,Brighton & Hove Albion,18,ENG,33,84.0,0,0,0,0,4,1,0,0,30,0,0,0,0.2,0.2,0.0,2,0,17,20,85.0,2,18,0,3,1,2024-09-14,0,0,0,0,1,0,0,0,0,0,0,0,0
Evan Ferguson,Brighton & Hove Albion,28,IRL,19,6.0,0,0,0,0,1,0,0,0,2,0,0,0,0.1,0.1,0.0,0,0,1,1,100.0,0,1,0,0,0,2024-09-14,0,0,0,0,1,0,0,0,0,0,0,0,0
Georginio Rutter,Brighton & Hove Albion,14,FRA,22,66.0,0,0,0,0,3,1,0,0,30,1,0,0,0.4,0.4,0.1,6,0,15,23,65.2,6,17,1,2,1,2024-09-14,0,0,0,0,1,0,0,0,0,0,0,0,0
Julio Enciso,Brighton & Hove Albion,10,PAR,20,24.0,0,0,0,0,1,1,0,0,25,0,0,0,0.0,0.0,0.0,1,0,15,20,75.0,2,14,1,2,1,2024-09-14,0,0,0,0,1,0,0,0,0,0,0,0,0
Kaoru Mitoma,Brighton & Hove Albion,22,JPN,27,90.0,0,0,0,0,3,2,0,0,54,2,0,2,0.6,0.6,0.0,3,0,28,42,66.7,3,35,10,2,1,2024-09-14,0,0,0,0,0,0,0,1,0,0,0,0,0
Yasin Ayari,Brighton & Hove Albion,26,SWE,20,90.0,0,0,0,0,2,0,0,0,63,4,1,0,0.1,0.1,0.0,5,0,35,46,76.1,5,33,5,5,1,2024-09-14,0,0,1,0,0,0,0,0,0,0,0,0,0
Carlos Baleba,Brighton & Hove Albion,20,CMR,20,90.0,0,0,0,0,4,1,0,0,63,3,2,0,0.2,0.2,0.1,5,0,44,48,91.7,8,29,2,6,4,2024-09-14,0,0,1,0,0,0,0,0,0,0,0,0,0
Yankuba Minteh,Brighton & Hove Albion,17,GAM,20,67.0,0,0,0,0,0,0,1,0,42,0,0,1,0.0,0.0,0.2,4,0,23,33,69.7,3,23,3,7,1,2024-09-14,0,0,0,0,0,0,0,0,0,0,1,0,0
Simon Adingra,Brighton & Hove Albion,11,CIV,22,23.0,0,0,0,0,1,0,0,0,16,1,0,0,0.0,0.0,0.0,0,0,7,13,53.8,0,9,1,1,0,2024-09-14,0,0,0,0,0,0,0,0,0,0,1,0,0
Jack Hinshelwood,Brighton & Hove Albion,41,ENG,19,67.0,0,0,0,0,0,0,1,0,68,4,0,0,0.0,0.0,0.0,1,0,47,63,74.6,4,19,1,0,0,2024-09-14,0,0,0,0,0,0,1,0,0,0,0,0,0
Ferdi Kadioglu,Brighton & Hove Albion,24,TUR,24,23.0,0,0,0,0,1,0,0,0,26,0,2,0,0.0,0.0,0.1,3,0,16,20,80.0,2,12,1,0,0,2024-09-14,0,0,0,0,0,0,1,0,0,0,0,0,0
Lewis Dunk,Brighton & Hove Albion,5,ENG,32,90.0,0,0,0,0,1,0,0,0,96,0,1,0,0.1,0.1,0.0,0,0,83,93,89.2,6,49,0,0,0,2024-09-14,0,1,0,0,0,0,0,0,0,0,0,0,0
Jan Paul van Hecke,Brighton & Hove Albion,29,NED,24,90.0,0,0,0,0,0,0,0,0,94,1,1,1,0.0,0.0,0.0,3,0,80,86,93.0,8,66,0,0,0,2024-09-14,0,1,0,0,0,0,0,0,0,0,0,0,0
Joël Veltman,Brighton & Hove Albion,34,NED,32,90.0,0,0,0,0,0,0,1,0,82,3,2,1,0.0,0.0,0.0,1,0,64,71,90.1,9,36,3,2,0,2024-09-14,0,0,0,0,0,0,0,0,0,1,0,0,0
Bart Verbruggen,Brighton & Hove Albion,1,NED,22,90.0,0,0,0,0,0,0,1,0,38,0,0,0,0.0,0.0,0.0,0,0,37,38,97.4,0,21,0,0,0,2024-09-14,0,0,0,0,0,1,0,0,0,0,0,0,0
Liam Delap,Ipswich Town,19,ENG,21,58.0,0,0,0,0,1,0,0,0,13,0,1,0,0.2,0.2,0.0,0,0,1,3,33.3,0,10,1,2,1,2024-09-14,0,0,0,0,1,0,0,0,0,0,0,0,0
George Hirst,Ipswich Town,27,ENG,25,32.0,0,0,0,0,0,0,0,0,7,0,0,0,0.0,0.0,0.0,1,0,3,6,50.0,1,2,0,0,0,2024-09-14,0,0,0,0,1,0,0,0,0,0,0,0,0
Sammie Szmodics,Ipswich Town,23,IRL,28,58.0,0,0,0,0,0,0,0,0,8,0,0,0,0.0,0.0,0.0,0,0,3,4,75.0,2,6,0,0,0,2024-09-14,0,0,0,0,0,0,0,0,1,0,0,0,0
Jack Clarke,Ipswich Town,47,ENG,23,32.0,0,0,0,0,1,0,0,0,15,1,0,0,0.0,0.0,0.0,1,0,8,10,80.0,1,8,1,5,2,2024-09-14,0,0,0,0,0,0,0,0,1,0,0,0,0
Wes Burns,Ipswich Town,7,WAL,29,58.0,0,0,0,0,0,0,0,0,16,0,0,1,0.0,0.0,0.0,0,0,5,9,55.6,0,13,1,4,1,2024-09-14,0,0,0,0,0,0,0,0,0,0,0,1,0
Chiedozie Ogbene,Ipswich Town,21,IRL,27,32.0,0,0,0,0,0,0,0,0,12,1,1,1,0.0,0.0,0.0,0,0,4,6,66.7,0,7,3,1,0,2024-09-14,0,0,0,0,0,0,0,0,0,0,0,1,0
Omari Hutchinson,Ipswich Town,20,ENG,20,84.0,0,0,0,0,1,1,1,0,30,2,0,0,0.0,0.0,0.0,1,0,8,18,44.4,0,20,2,4,2,2024-09-14,1,0,0,0,0,0,0,0,0,0,0,0,0
Conor Chaplin,Ipswich Town,10,ENG,27,6.0,0,0,0,0,0,0,0,0,3,1,0,0,0.0,0.0,0.0,0,0,0,2,0.0,0,1,0,0,0,2024-09-14,1,0,0,0,0,0,0,0,0,0,0,0,0
Kalvin Phillips,Ipswich Town,8,ENG,28,90.0,0,0,0,0,0,0,1,0,48,3,3,4,0.0,0.0,0.0,1,0,23,28,82.1,3,18,0,0,0,2024-09-14,0,0,0,1,0,0,0,0,0,0,0,0,0
Sam Morsy,Ipswich Town,5,EGY,33,84.0,0,0,0,0,0,0,1,0,38,0,0,3,0.0,0.0,0.0,0,0,23,30,76.7,3,15,1,2,1,2024-09-14,0,0,0,1,0,0,0,0,0,0,0,0,0
Massimo Luongo,Ipswich Town,25,AUS,31,6.0,0,0,0,0,0,0,0,0,3,1,0,1,0.0,0.0,0.0,0,0,0,2,0.0,0,1,0,0,0,2024-09-14,0,0,0,1,0,0,0,0,0,0,0,0,0
Leif Davis,Ipswich Town,3,ENG,24,90.0,0,0,0,0,1,0,0,0,47,5,0,1,0.0,0.0,0.0,2,0,23,32,71.9,2,19,2,2,0,2024-09-14,0,0,0,0,0,0,1,0,0,0,0,0,0
Jacob Greaves,Ipswich Town,24,ENG,24,90.0,0,0,0,0,0,0,0,0,43,6,1,2,0.0,0.0,0.0,0,0,23,28,82.1,0,12,0,0,0,2024-09-14,0,1,0,0,0,0,0,0,0,0,0,0,0
Dara O'Shea,Ipswich Town,26,IRL,25,90.0,0,0,0,0,2,0,0,0,59,2,4,4,0.1,0.1,0.0,1,0,28,38,73.7,0,24,0,0,0,2024-09-14,0,1,0,0,0,0,0,0,0,0,0,0,0
Axel Tuanzebe,Ipswich Town,40,COD,26,90.0,0,0,0,0,0,0,0,0,47,3,1,1,0.0,0.0,0.2,0,0,26,31,83.9,3,14,0,1,1,2024-09-14,0,0,0,0,0,0,0,0,0,1,0,0,0
Arijanet Muric,Ipswich Town,1,KVX,25,90.0,0,0,0,0,0,0,0,0,48,0,0,0,0.0,0.0,0.0,0,0,27,46,58.7,0,27,0,0,0,2024-09-14,0,0,0,0,0,1,0,0,0,0,0,0,0
Jean-Philippe Mateta,Crystal Palace,14,FRA,27,90.0,2,0,1,1,3,1,0,0,29,0,0,0,1.4,0.6,0.0,0,0,12,18,66.7,2,19,0,1,0,2024-09-14,0,0,0,0,1,0,0,0,0,0,0,0,0
Eberechi Eze,Crystal Palace,10,ENG,26,90.0,0,0,0,0,3,0,0,0,73,2,0,2,0.5,0.5,0.2,10,1,54,61,88.5,12,51,3,2,1,2024-09-14,1,0,0,0,0,0,0,0,1,0,0,0,0
Eddie Nketiah,Crystal Palace,9,ENG,25,90.0,0,0,0,0,6,1,0,0,45,0,1,1,0.3,0.3,0.1,2,0,27,33,81.8,2,31,5,1,1,2024-09-14,1,0,0,0,0,0,0,0,0,0,0,0,0
Cheick Doucouré,Crystal Palace,28,MLI,24,45.0,0,0,0,0,1,0,0,0,33,4,1,1,0.0,0.0,0.0,1,0,26,27,96.3,3,23,0,1,1,2024-09-14,0,0,1,0,0,0,0,0,0,0,0,0,0
Will Hughes,Crystal Palace,19,ENG,29,45.0,0,0,0,0,0,0,0,0,39,2,1,0,0.0,0.0,0.0,1,0,30,36,83.3,6,29,1,0,0,2024-09-14,0,0,1,1,0,0,0,0,0,0,0,0,0
Adam Wharton,Crystal Palace,20,ENG,20,90.0,0,0,0,0,0,0,0,0,83,4,1,1,0.0,0.0,0.1,5,0,60,72,83.3,15,57,0,1,0,2024-09-14,0,0,1,1,0,0,0,0,0,0,0,0,0
Tyrick Mitchell,Crystal Palace,3,ENG,25,88.0,0,1,0,0,1,1,0,0,87,0,1,1,0.0,0.0,0.9,8,1,61,80,76.3,8,59,4,3,1,2024-09-14,0,0,0,0,0,0,1,0,0,0,0,0,1
Jeffrey Schlupp,Crystal Palace,15,GHA,31,2.0,0,0,0,0,0,0,0,0,7,0,0,0,0.0,0.0,0.0,0,0,3,6,50.0,0,1,0,0,0,2024-09-14,0,0,0,0,0,0,1,0,0,0,0,0,0
Daniel Muñoz,Crystal Palace,12,COL,28,80.0,0,0,0,0,2,0,0,0,79,3,1,2,0.2,0.2,0.1,3,0,50,60,83.3,5,39,2,0,0,2024-09-14,0,0,0,0,0,0,0,0,0,1,0,0,1
Ismaila Sarr,Crystal Palace,7,SEN,26,10.0,0,0,0,0,1,0,0,0,13,0,0,0,0.1,0.1,0.0,1,1,5,10,50.0,0,8,1,1,0,2024-09-14,0,0,0,0,0,0,0,0,0,1,0,0,0
Maxence Lacroix,Crystal Palace,5,FRA,24,90.0,0,0,0,0,0,0,0,0,81,3,1,1,0.0,0.0,0.1,3,0,64,76,84.2,2,56,0,0,0,2024-09-14,0,1,0,0,0,0,0,0,0,0,0,0,0
Marc Guéhi,Crystal Palace,6,ENG,24,90.0,0,0,0,0,0,0,0,0,85,0,1,1,0.0,0.0,0.0,1,0,65,76,85.5,4,50,2,0,0,2024-09-14,0,1,0,0,0,0,0,0,0,0,0,0,0
Nathaniel Clyne,Crystal Palace,17,ENG,33,63.0,0,0,0,0,0,0,0,0,58,4,0,0,0.0,0.0,0.0,0,0,40,50,80.0,3,46,1,0,0,2024-09-14,0,1,0,0,0,0,0,0,0,0,0,0,0
Daichi Kamada,Crystal Palace,18,JPN,28,27.0,0,0,0,0,2,0,0,0,21,1,0,0,0.1,0.1,0.0,2,0,8,16,50.0,4,11,1,0,0,2024-09-14,0,0,0,0,0,0,0,0,0,0,0,1,0
Dean Henderson,Crystal Palace,1,ENG,27,90.0,0,0,0,0,0,0,0,0,33,1,0,0,0.0,0.0,0.0,0,0,28,31,90.3,0,23,0,0,0,2024-09-14,0,0,0,0,0,1,0,0,0,0,0,0,0
Jamie Vardy,Leicester City,9,ENG,37,90.0,1,0,0,0,1,1,0,0,22,0,0,0,0.6,0.6,0.1,4,1,11,17,64.7,2,8,1,2,2,2024-09-14,0,0,0,0,1,0,0,0,0,0,0,0,0
Stephy Mavididi,Leicester City,10,ENG,26,71.0,1,0,0,0,3,1,0,0,28,1,0,5,0.4,0.4,0.0,1,0,12,17,70.6,1,18,2,2,1,2024-09-14,0,0,0,0,0,0,0,0,1,0,0,0,0
Abdul Fatawu Issahaku,Leicester City,7,GHA,20,19.0,0,0,0,0,1,0,0,0,8,1,0,0,0.0,0.0,0.0,1,0,2,4,50.0,0,3,0,2,1,2024-09-14,0,0,0,0,1,0,0,0,1,0,0,0,0
Jordan Ayew,Leicester City,18,GHA,33,82.0,0,0,0,0,2,1,1,0,37,2,1,1,0.1,0.1,0.0,0,0,11,13,84.6,1,21,1,7,4,2024-09-14,0,0,0,0,0,0,0,0,0,0,0,1,0
Conor Coady,Leicester City,4,ENG,31,8.0,0,0,0,0,0,0,1,0,8,0,1,2,0.0,0.0,0.0,0,0,1,2,50.0,0,2,0,0,0,2024-09-14,0,1,0,0,0,0,0,0,0,0,0,0,0
Wilfred Ndidi,Leicester City,6,NGA,27,75.0,0,2,0,0,0,0,1,0,39,3,1,2,0.0,0.0,1.0,4,2,20,28,71.4,3,17,1,2,2,2024-09-14,1,0,0,0,0,0,0,0,0,0,0,0,0
Hamza Choudhury,Leicester City,17,ENG,26,15.0,0,0,0,0,0,0,0,0,5,0,1,0,0.0,0.0,0.0,0,0,0,3,0.0,0,0,0,0,0,2024-09-14,1,0,1,0,0,0,0,0,0,0,0,0,0
Oliver Skipp,Leicester City,22,ENG,23,90.0,0,0,0,0,0,0,0,0,46,1,0,0,0.0,0.0,0.1,3,0,27,36,75.0,3,20,2,3,1,2024-09-14,0,0,1,1,0,0,0,0,0,0,0,0,0
Harry Winks,Leicester City,8,ENG,28,90.0,0,0,0,0,0,0,0,0,42,3,1,1,0.0,0.0,0.0,0,0,26,34,76.5,1,14,0,0,0,2024-09-14,0,0,1,1,0,0,0,0,0,0,0,0,0
Victor Bernth Kristiansen,Leicester City,16,DEN,21,90.0,0,0,0,0,0,0,0,0,60,2,0,3,0.0,0.0,0.0,3,0,36,51,70.6,0,27,1,0,0,2024-09-14,0,0,0,0,0,0,1,0,0,0,0,0,0
Caleb Okoli,Leicester City,5,ITA,23,90.0,0,0,0,0,1,1,0,0,45,3,1,5,0.0,0.0,0.0,0,0,26,31,83.9,2,23,0,0,0,2024-09-14,0,1,0,0,0,0,0,0,0,0,0,0,0
Wout Faes,Leicester City,3,BEL,26,90.0,0,0,0,0,0,0,0,0,38,0,1,6,0.0,0.0,0.0,0,0,19,26,73.1,1,11,0,0,0,2024-09-14,0,1,0,0,0,0,0,0,0,0,0,0,0
James Justin,Leicester City,2,ENG,26,90.0,0,0,0,0,1,0,0,0,44,3,1,1,0.0,0.0,0.0,0,0,22,35,62.9,2,12,1,1,0,2024-09-14,0,0,0,0,0,0,0,0,0,1,0,0,0
Mads Hermansen,Leicester City,30,DEN,24,90.0,0,0,0,0,0,0,0,0,38,0,0,0,0.0,0.0,0.0,0,0,16,36,44.4,0,24,0,0,0,2024-09-14,0,0,0,0,0,1,0,0,0,0,0,0,0
Erling Haaland,Manchester City,9,NOR,24,90.0,2,0,0,0,6,4,0,0,22,0,0,0,1.1,1.1,0.0,1,0,6,11,54.5,0,11,0,3,0,2024-09-14,0,0,0,0,1,0,0,0,0,0,0,0,0
Jack Grealish,Manchester City,10,ENG,29,83.0,0,0,0,0,2,1,0,0,54,1,0,2,0.2,0.2,0.2,4,0,36,44,81.8,2,30,7,1,1,2024-09-14,0,0,0,0,0,0,0,0,1,0,0,0,0
Bernardo Silva,Manchester City,20,POR,30,7.0,0,0,0,0,0,0,0,0,3,0,0,0,0.0,0.0,0.0,0,0,3,3,100.0,0,1,0,0,0,2024-09-14,0,0,0,0,0,0,0,0,1,0,0,0,0
Sávio,Manchester City,26,BRA,20,89.0,0,0,0,0,5,2,1,0,56,1,0,1,0.7,0.7,0.0,2,0,31,44,70.5,5,38,10,4,1,2024-09-14,0,0,0,0,0,0,0,0,0,0,0,1,0
Matheus Nunes,Manchester City,27,POR,26,1.0,0,0,0,0,0,0,0,0,1,0,0,0,0.0,0.0,0.0,0,0,0,0,80.8,0,1,0,2,1,2024-09-14,0,0,0,0,0,0,0,0,0,0,0,1,0
Kevin De Bruyne,Manchester City,17,BEL,33,90.0,0,0,0,0,2,0,0,0,74,1,1,0,0.1,0.1,0.5,11,0,52,64,81.3,14,33,0,2,0,2024-09-14,1,0,0,0,0,0,0,0,0,0,0,0,0
İlkay Gündoğan,Manchester City,19,GER,33,90.0,0,0,0,0,2,0,0,0,72,3,0,0,0.1,0.1,0.3,4,0,55,59,93.2,4,34,1,1,0,2024-09-14,0,0,0,1,0,0,0,0,0,0,0,0,0
Mateo Kovačić,Manchester City,8,CRO,30,45.0,0,0,0,0,0,0,1,0,35,0,0,0,0.0,0.0,0.0,0,0,33,34,97.1,2,21,1,0,0,2024-09-14,0,0,0,1,0,0,0,0,0,0,0,0,0
Rodri,Manchester City,16,ESP,28,45.0,0,0,0,0,0,0,0,0,51,1,0,1,0.0,0.0,0.0,1,0,45,48,93.8,4,24,0,1,0,2024-09-14,0,0,0,1,0,0,0,0,0,0,0,0,0
Rico Lewis,Manchester City,82,ENG,19,45.0,0,0,0,0,0,0,0,0,22,3,0,3,0.0,0.0,0.0,1,0,17,17,100.0,3,14,1,0,0,2024-09-14,0,0,0,0,0,0,1,0,0,0,0,0,0
Joško Gvardiol,Manchester City,24,CRO,22,45.0,0,0,0,0,0,0,0,0,39,0,2,0,0.0,0.0,0.5,2,0,32,36,88.9,1,16,3,0,0,2024-09-14,0,0,0,0,0,0,1,0,0,0,0,0,0
Manuel Akanji,Manchester City,25,SUI,29,90.0,0,0,0,0,0,0,0,0,69,0,1,1,0.0,0.0,0.0,0,0,63,64,98.4,9,41,1,0,0,2024-09-14,0,1,0,0,0,0,0,0,0,0,0,0,0
John Stones,Manchester City,5,ENG,30,83.0,0,0,0,0,0,0,1,0,50,0,0,0,0.0,0.0,0.0,3,1,41,47,87.2,2,25,0,0,0,2024-09-14,0,1,0,0,0,0,0,0,0,0,0,0,0
Rúben Dias,Manchester City,3,POR,27,7.0,0,0,0,0,0,0,0,0,2,0,0,0,0.0,0.0,0.0,0,0,2,2,100.0,0,1,0,0,0,2024-09-14,0,1,0,0,0,0,0,0,0,0,0,0,0
Kyle Walker,Manchester City,2,ENG,34,90.0,0,0,0,0,1,0,0,0,70,2,0,0,0.0,0.0,0.1,2,0,58,64,90.6,9,26,1,0,0,2024-09-14,0,0,0,0,0,0,0,0,0,1,0,0,0
Ederson,Manchester City,31,BRA,31,90.0,0,1,0,0,0,0,0,0,51,0,1,0,0.0,0.0,0.4,1,1,33,44,75.0,0,25,0,0,0,2024-09-14,0,0,0,0,0,1,0,0,0,0,0,0,0
Bryan Mbeumo,Brentford,19,CMR,25,90.0,0,0,0,0,1,0,0,0,36,1,0,0,0.2,0.2,0.4,4,0,24,27,88.9,3,20,5,3,0,2024-09-14,0,0,0,0,1,0,0,0,0,0,0,0,0
Yoane Wissa,Brentford,11,COD,28,44.0,1,0,0,0,1,1,0,0,22,0,1,0,0.3,0.3,0.0,1,1,12,17,70.6,1,13,0,0,0,2024-09-14,0,0,0,0,1,0,0,0,0,0,0,0,0
Kevin Schade,Brentford,7,GER,22,46.0,0,0,0,0,0,0,0,0,15,2,0,0,0.0,0.0,0.0,1,0,5,11,45.5,1,9,0,0,0,2024-09-14,0,0,0,0,1,0,0,0,0,0,0,0,0
Vitaly Janelt,Brentford,27,GER,26,71.0,0,0,0,0,0,0,0,0,40,0,1,1,0.0,0.0,0.0,1,0,28,34,82.4,2,24,0,0,0,2024-09-14,0,0,1,0,0,0,0,0,0,0,0,0,0
Fabio Carvalho,Brentford,14,POR,22,19.0,0,0,0,0,0,0,0,0,7,1,0,0,0.0,0.0,0.0,0,0,3,5,60.0,0,6,1,1,0,2024-09-14,0,0,1,0,0,0,0,0,0,0,0,0,0
Christian Nørgaard,Brentford,6,DEN,30,90.0,0,0,0,0,0,0,0,0,66,4,3,2,0.0,0.0,0.0,2,0,45,50,90.0,4,35,1,2,2,2024-09-14,0,0,1,0,0,0,0,0,0,0,0,0,0
Mikkel Damsgaard,Brentford,24,DEN,24,83.0,0,0,0,0,0,0,0,0,50,0,1,3,0.0,0.0,0.2,3,0,31,37,83.8,4,29,2,2,1,2024-09-14,0,0,1,0,0,0,0,0,0,0,0,0,0
Yehor Yarmoliuk,Brentford,18,UKR,20,7.0,0,0,0,0,1,0,0,0,5,0,0,0,0.0,0.0,0.0,0,0,3,3,100.0,0,3,0,0,0,2024-09-14,0,0,1,0,0,0,0,0,0,0,0,0,0
Keane Lewis-Potter,Brentford,23,ENG,23,90.0,0,0,0,0,1,1,0,0,32,0,1,1,0.0,0.0,0.0,0,0,16,21,76.2,1,19,1,3,0,2024-09-14,0,0,0,0,0,0,1,0,0,0,0,0,0
Nathan Collins,Brentford,22,IRL,23,90.0,0,0,0,0,1,1,1,0,58,1,1,3,0.1,0.1,0.0,0,0,43,49,87.8,1,30,2,0,0,2024-09-14,0,1,0,0,0,0,0,0,0,0,0,0,0
Ethan Pinnock,Brentford,5,JAM,31,90.0,0,0,0,0,3,2,0,0,83,6,1,0,0.2,0.2,0.0,1,0,64,68,94.1,1,42,0,0,0,2024-09-14,0,1,0,0,0,0,0,0,0,0,0,0,0
Sepp van den Berg,Brentford,4,NED,22,90.0,0,0,0,0,0,0,0,0,63,3,0,2,0.0,0.0,0.0,0,0,46,52,88.5,0,30,0,0,0,2024-09-14,0,1,0,0,0,0,0,0,0,0,0,0,0
Kristoffer Ajer,Brentford,20,NOR,26,71.0,0,0,0,0,0,0,0,0,46,1,0,1,0.0,0.0,0.0,1,1,33,41,80.5,3,22,0,0,0,2024-09-14,0,0,0,0,0,0,0,0,0,1,0,0,0
Mads Roerslev,Brentford,30,DEN,25,19.0,0,0,0,0,0,0,0,0,11,1,0,0,0.0,0.0,0.0,0,0,5,10,50.0,1,9,0,0,0,2024-09-14,0,0,0,0,0,0,0,0,0,1,0,0,0
Mark Flekken,Brentford,1,NED,31,90.0,0,0,0,0,0,0,0,0,71,0,0,0,0.0,0.0,0.0,1,0,56,67,83.6,0,46,0,0,0,2024-09-14,0,0,0,0,0,1,0,0,0,0,0,0,0
Diogo Jota,Liverpool,20,POR,27,59.0,0,0,0,0,3,1,0,0,23,0,0,0,0.3,0.3,0.0,1,0,8,14,57.1,1,15,3,2,0,2024-09-14,0,0,0,0,1,0,0,0,0,0,0,0,0
Darwin Núñez,Liverpool,9,URU,25,31.0,0,0,0,0,0,0,0,0,7,1,0,0,0.0,0.0,0.0,1,0,3,6,50.0,0,5,2,0,0,2024-09-14,0,0,0,0,1,0,0,0,0,0,0,0,0
Luis Díaz,Liverpool,7,COL,27,60.0,0,0,0,0,1,0,0,0,36,2,1,0,0.1,0.1,0.0,1,0,25,26,96.2,1,23,1,3,0,2024-09-14,0,0,0,0,0,0,0,0,1,0,0,0,0
Cody Gakpo,Liverpool,18,NED,25,30.0,0,0,0,0,0,0,0,0,12,0,0,0,0.0,0.0,0.0,0,0,8,11,72.7,0,10,0,1,1,2024-09-14,0,0,0,0,0,0,0,0,1,0,0,0,0
Mohamed Salah,Liverpool,11,EGY,32,90.0,0,0,0,0,3,2,0,0,54,0,0,0,0.1,0.1,0.1,6,0,30,43,69.8,5,39,7,5,1,2024-09-14,0,0,0,0,0,0,0,0,0,0,0,1,0
Dominik Szoboszlai,Liverpool,8,HUN,23,90.0,0,0,0,0,2,0,1,0,71,1,0,1,0.2,0.2,0.1,5,0,49,65,75.4,4,42,2,3,2,2024-09-14,1,0,0,0,0,0,0,0,0,0,0,0,0
Alexis Mac Allister,Liverpool,10,ARG,25,59.0,0,0,0,0,1,1,0,0,55,1,0,0,0.1,0.1,0.2,2,0,46,49,93.9,2,33,0,0,0,2024-09-14,0,0,0,1,0,0,0,0,0,0,0,0,0
Conor Bradley,Liverpool,84,NIR,21,31.0,0,0,0,0,0,0,0,0,24,0,1,0,0.0,0.0,0.0,0,0,18,23,78.3,1,15,2,0,0,2024-09-14,0,1,0,0,0,0,0,0,0,1,0,0,0
Ryan Gravenberch,Liverpool,38,NED,22,90.0,0,0,0,0,1,1,1,0,86,2,2,2,0.0,0.0,0.1,2,0,64,73,87.7,13,60,4,3,2,2024-09-14,0,0,1,1,0,0,0,0,0,0,0,0,0
Andrew Robertson,Liverpool,26,SCO,30,74.0,0,0,0,0,0,0,1,0,57,0,0,0,0.0,0.0,0.1,2,0,49,55,89.1,8,30,2,0,0,2024-09-14,0,0,0,0,0,0,1,0,0,0,0,0,0
Kostas Tsimikas,Liverpool,21,GRE,28,16.0,0,0,0,0,0,0,0,0,15,1,1,1,0.0,0.0,0.0,0,0,11,11,100.0,2,5,0,0,0,2024-09-14,0,1,0,0,0,0,0,0,0,0,0,0,0
Virgil van Dijk,Liverpool,4,NED,33,90.0,0,0,0,0,2,0,0,0,130,0,6,0,0.1,0.1,0.0,2,0,95,109,87.2,9,73,0,0,0,2024-09-14,0,1,0,0,0,0,0,0,0,0,0,0,0
Ibrahima Konaté,Liverpool,5,FRA,25,74.0,0,0,0,0,0,0,0,0,66,0,0,1,0.0,0.0,0.0,1,0,56,60,93.3,7,39,1,0,0,2024-09-14,0,1,0,0,0,0,0,0,0,0,0,0,0
Curtis Jones,Liverpool,17,ENG,23,16.0,0,0,0,0,0,0,0,0,10,0,0,0,0.0,0.0,0.0,0,0,8,9,88.9,1,8,0,0,0,2024-09-14,0,0,1,0,0,0,0,0,0,0,0,0,0
Trent Alexander-Arnold,Liverpool,66,ENG,25,90.0,0,0,0,0,1,0,1,0,93,4,0,0,0.0,0.0,0.2,4,0,56,81,69.1,9,57,3,3,0,2024-09-14,0,0,1,1,0,0,0,0,0,1,0,0,0
Alisson,Liverpool,1,BRA,31,90.0,0,0,0,0,0,0,0,0,21,0,0,0,0.0,0.0,0.0,0,0,17,20,85.0,0,11,0,0,0,2024-09-14,0,0,0,0,0,1,0,0,0,0,0,0,0
Chris Wood,Nottingham Forest,11,NZL,32,80.0,0,0,0,0,1,1,0,0,13,0,0,0,0.1,0.1,0.0,2,0,4,8,50.0,2,13,1,1,0,2024-09-14,0,0,0,0,1,0,0,0,0,0,0,0,0
Jota Silva,Nottingham Forest,20,POR,25,10.0,0,0,0,0,0,0,0,0,9,1,0,0,0.0,0.0,0.2,1,0,2,5,40.0,2,5,0,2,0,2024-09-14,0,0,0,0,0,0,0,0,0,0,1,0,0
Elliot Anderson,Nottingham Forest,8,ENG,21,60.0,0,0,0,0,0,0,0,0,39,2,1,2,0.0,0.0,0.0,0,0,17,24,70.8,3,21,0,4,2,2024-09-14,0,0,0,0,0,0,0,0,1,0,0,0,0
Anthony Elanga,Nottingham Forest,21,SWE,22,30.0,0,1,0,0,2,1,1,0,11,0,1,0,0.2,0.2,0.1,1,1,3,5,60.0,1,8,2,1,0,2024-09-14,0,0,0,0,1,0,0,0,0,0,0,1,0
Nicolás Domínguez,Nottingham Forest,16,ARG,26,53.0,0,0,0,0,0,0,0,0,25,2,1,2,0.0,0.0,0.0,0,0,9,18,50.0,1,10,1,0,0,2024-09-14,0,0,0,0,0,0,0,0,0,0,0,1,0
Callum Hudson-Odoi,Nottingham Forest,14,ENG,23,37.0,1,0,0,0,1,1,0,0,15,0,0,1,0.1,0.1,0.0,0,0,5,9,55.6,0,10,2,1,1,2024-09-14,0,0,0,0,0,0,0,1,1,0,0,1,0
Morgan Gibbs-White,Nottingham Forest,10,ENG,24,80.0,0,0,0,0,1,0,0,0,35,3,0,0,0.0,0.0,0.2,3,1,19,23,82.6,3,18,2,0,0,2024-09-14,1,0,0,0,0,0,0,0,0,0,0,0,0
Morato,Nottingham Forest,4,BRA,23,10.0,0,0,0,0,0,0,0,0,6,0,0,0,0.0,0.0,0.0,0,0,0,2,0.0,0,1,0,0,0,2024-09-14,0,1,0,0,0,0,0,0,0,0,0,0,0
James Ward-Prowse,Nottingham Forest,18,ENG,29,90.0,0,0,0,0,0,0,0,0,49,1,4,0,0.0,0.0,0.0,1,0,31,43,72.1,3,17,0,0,0,2024-09-14,0,0,1,1,0,0,0,0,0,0,0,0,0
Ryan Yates,Nottingham Forest,22,ENG,26,90.0,0,0,0,0,0,0,1,0,32,0,0,0,0.0,0.0,0.0,0,0,18,21,85.7,1,14,0,1,0,2024-09-14,0,0,1,1,0,0,0,0,0,0,0,0,0
Álex Moreno,Nottingham Forest,19,ESP,31,79.0,0,0,0,0,0,0,1,0,43,7,3,0,0.0,0.0,0.0,0,0,17,32,53.1,1,20,2,0,0,2024-09-14,0,0,0,0,0,0,1,0,0,0,0,0,0
Neco Williams,Nottingham Forest,7,WAL,23,11.0,0,0,0,0,0,0,0,0,8,1,0,1,0.0,0.0,0.0,0,0,2,3,66.7,0,1,0,1,0,2024-09-14,0,0,0,0,0,0,1,0,0,0,0,0,0
Murillo,Nottingham Forest,5,BRA,22,90.0,0,0,0,0,0,0,0,0,34,1,1,2,0.0,0.0,0.0,0,0,15,26,57.7,1,13,0,1,1,2024-09-14,0,1,0,0,0,0,0,0,0,0,0,0,0
Nikola Milenković,Nottingham Forest,31,SRB,26,90.0,0,0,0,0,0,0,0,0,29,1,0,2,0.0,0.0,0.0,0,0,19,23,82.6,0,10,0,0,0,2024-09-14,0,1,0,0,0,0,0,0,0,0,0,0,0
Ola Aina,Nottingham Forest,34,NGA,27,90.0,0,0,0,0,0,0,0,0,39,3,0,1,0.0,0.0,0.0,1,0,27,32,84.4,3,13,0,2,2,2024-09-14,0,0,0,0,0,0,0,0,0,1,0,0,0
Matz Sels,Nottingham Forest,26,BEL,32,90.0,0,0,0,0,0,0,1,0,34,0,0,0,0.0,0.0,0.0,1,0,9,30,30.0,0,22,0,0,0,2024-09-14,0,0,0,0,0,1,0,0,0,0,0,0,0
Raúl Jiménez,Fulham,7,MEX,33,72.0,1,0,0,0,2,2,0,0,26,2,1,0,0.3,0.3,0.2,1,0,7,11,63.6,0,15,1,2,0,2024-09-14,0,0,0,0,1,0,0,0,0,0,0,0,0
Rodrigo Muniz,Fulham,9,BRA,23,18.0,0,0,0,0,0,0,0,0,4,0,0,0,0.0,0.0,0.0,1,0,1,2,50.0,1,4,0,2,1,2024-09-14,0,0,0,0,1,0,0,0,0,0,0,0,0
Alex Iwobi,Fulham,17,NGA,28,65.0,0,0,0,0,1,0,0,0,39,3,0,0,0.0,0.0,0.2,8,0,20,29,69.0,8,29,4,3,1,2024-09-14,0,0,0,0,0,0,0,0,1,0,0,0,0
Sander Berge,Fulham,16,NOR,26,25.0,0,0,0,0,0,0,0,0,15,0,2,2,0.0,0.0,0.0,1,0,11,12,91.7,1,4,0,0,0,2024-09-14,0,0,0,1,0,0,0,0,0,0,0,0,0
Adama Traoré,Fulham,11,ESP,28,90.0,0,0,0,0,4,1,0,0,34,3,0,0,0.6,0.6,0.1,1,0,11,19,57.9,2,25,3,9,5,2024-09-14,0,0,0,0,0,0,0,0,0,0,0,1,0
Emile Smith Rowe,Fulham,32,ENG,24,72.0,0,1,0,0,3,0,0,0,44,3,1,3,0.2,0.2,0.3,5,1,27,29,93.1,4,29,4,2,0,2024-09-14,1,0,0,0,0,0,0,0,0,0,0,0,0
Tom Cairney,Fulham,10,SCO,33,18.0,0,0,0,0,0,0,0,0,15,0,0,0,0.0,0.0,0.2,1,0,13,14,92.9,2,8,1,0,0,2024-09-14,0,0,0,1,0,0,0,0,0,0,0,0,0
Saša Lukić,Fulham,20,SRB,28,65.0,0,0,0,0,0,0,1,0,35,3,0,1,0.0,0.0,0.0,1,0,25,27,92.6,2,16,0,1,0,2024-09-14,0,0,0,1,0,0,0,0,0,0,0,0,0
Reiss Nelson,Fulham,19,ENG,24,25.0,0,0,0,0,2,1,1,0,18,2,0,1,0.1,0.1,0.0,3,0,8,11,72.7,2,10,3,2,2,2024-09-14,0,0,0,0,0,0,0,0,1,0,0,0,0
Andreas Pereira,Fulham,18,BRA,28,85.0,0,0,0,0,5,1,0,0,47,0,0,0,0.2,0.2,0.1,5,1,22,36,61.1,3,27,0,2,1,2024-09-14,1,0,0,1,0,0,0,0,0,0,0,0,0
Harrison Reed,Fulham,6,ENG,29,5.0,0,0,0,0,0,0,0,0,10,1,0,0,0.0,0.0,0.1,1,0,5,8,62.5,0,3,0,0,0,2024-09-14,1,0,0,0,0,0,0,0,0,0,0,0,0
Antonee Robinson,Fulham,33,USA,27,90.0,0,0,0,0,0,0,0,0,63,6,2,3,0.0,0.0,0.1,4,0,36,49,73.5,3,30,1,3,2,2024-09-14,0,0,0,0,0,0,1,0,0,0,0,0,0
Calvin Bassey,Fulham,3,NGA,24,90.0,0,0,0,0,1,0,0,0,58,1,2,2,0.1,0.1,0.0,0,0,36,44,81.8,2,32,2,2,0,2024-09-14,0,1,0,0,0,0,0,0,0,0,0,0,0
Joachim Andersen,Fulham,5,DEN,28,90.0,0,0,0,0,1,0,0,0,85,3,1,1,0.0,0.0,0.0,0,0,59,72,81.9,4,44,0,0,0,2024-09-14,0,1,0,0,0,0,0,0,0,0,0,0,0
Kenny Tete,Fulham,2,NED,28,90.0,0,0,0,0,2,0,0,0,63,3,4,1,0.1,0.1,0.0,3,0,40,53,75.5,3,32,3,1,0,2024-09-14,0,0,0,0,0,0,0,0,0,1,0,0,0
Bernd Leno,Fulham,1,GER,32,90.0,0,0,0,0,0,0,0,0,36,0,0,0,0.0,0.0,0.0,0,0,30,35,85.7,0,27,0,0,0,2024-09-14,0,0,0,0,0,1,0,0,0,0,0,0,0
Michail Antonio,West Ham United,9,JAM,34,45.0,0,0,0,0,1,0,0,0,20,0,0,0,0.0,0.0,0.0,1,0,7,16,43.8,1,10,1,0,0,2024-09-14,0,0,0,0,1,0,0,0,0,0,0,0,0
Crysencio Summerville,West Ham United,7,NED,22,45.0,0,0,0,0,0,0,0,0,17,0,0,2,0.0,0.0,0.0,1,0,7,12,58.3,0,7,1,2,0,2024-09-14,0,0,0,0,0,0,0,0,1,0,0,0,0
Mohammed Kudus,West Ham United,14,GHA,24,90.0,0,0,0,0,2,0,0,0,37,1,1,1,0.0,0.0,0.3,4,0,22,24,91.7,2,24,5,9,5,2024-09-14,0,0,0,0,0,0,0,0,1,0,0,1,0
Jarrod Bowen,West Ham United,20,ENG,27,90.0,0,1,0,0,2,1,0,0,31,3,1,3,0.3,0.3,0.3,4,1,12,15,80.0,3,12,2,4,2,2024-09-14,0,0,0,0,1,0,0,0,0,0,0,1,0
Tomáš Souček,West Ham United,28,CZE,29,45.0,0,0,0,0,2,0,0,0,14,0,0,2,0.1,0.1,0.0,0,0,4,7,57.1,1,8,0,1,0,2024-09-14,1,0,0,0,0,0,0,0,0,0,0,0,0
Lucas Paquetá,West Ham United,10,BRA,27,45.0,0,0,0,0,1,0,0,0,33,0,0,0,0.0,0.0,0.1,1,0,19,29,65.5,2,17,0,0,0,2024-09-14,1,0,0,0,0,0,0,0,0,0,0,0,0
Guido Rodríguez,West Ham United,24,ARG,30,69.0,0,0,0,0,0,0,1,0,43,3,0,2,0.0,0.0,0.0,2,0,27,34,79.4,0,21,0,1,0,2024-09-14,0,0,0,1,0,0,0,0,0,0,0,0,0
Carlos Soler,West Ham United,4,ESP,27,21.0,0,0,0,0,0,0,1,0,12,1,1,2,0.0,0.0,0.0,0,0,5,6,83.3,0,1,0,0,0,2024-09-14,0,0,0,1,0,0,0,0,0,0,0,0,0
Edson Álvarez,West Ham United,19,MEX,26,81.0,0,0,0,0,0,0,1,0,54,5,3,1,0.0,0.0,0.0,1,0,32,39,82.1,3,28,0,2,0,2024-09-14,0,0,0,1,0,0,0,0,0,0,0,0,0
Danny Ings,West Ham United,18,ENG,32,9.0,1,0,0,0,1,1,0,0,4,0,0,0,0.2,0.2,0.0,0,0,0,2,0.0,0,3,0,0,0,2024-09-14,0,0,0,1,0,0,0,0,0,0,0,0,0
Emerson Palmieri,West Ham United,33,ITA,30,56.0,0,0,0,0,0,0,0,0,30,0,0,0,0.0,0.0,0.0,2,0,22,29,75.9,4,18,0,0,0,2024-09-14,0,0,0,0,0,0,1,0,0,0,0,0,0
Vladimír Coufal,West Ham United,5,CZE,32,34.0,0,0,0,0,0,0,0,0,24,0,0,0,0.0,0.0,0.0,2,1,16,22,72.7,1,7,0,1,0,2024-09-14,0,0,0,0,0,0,0,0,0,1,0,0,0
Max Kilman,West Ham United,26,ENG,27,90.0,0,0,0,0,0,0,0,0,48,0,1,2,0.0,0.0,0.0,0,0,30,39,76.9,5,25,2,3,2,2024-09-14,0,1,0,0,0,0,0,0,0,0,0,0,0
Konstantinos Mavropanos,West Ham United,15,GRE,26,90.0,0,0,0,0,2,1,0,0,59,2,1,1,0.1,0.1,0.0,1,0,36,43,83.7,4,28,1,0,0,2024-09-14,0,1,0,0,0,0,0,0,0,0,0,0,0
Aaron Wan-Bissaka,West Ham United,29,ENG,26,90.0,0,0,0,0,0,0,0,0,43,3,2,0,0.0,0.0,0.0,1,0,24,30,80.0,5,13,0,1,0,2024-09-14,0,0,0,0,0,0,1,0,0,1,0,0,0
Alphonse Areola,West Ham United,23,FRA,31,90.0,0,0,0,0,0,0,0,0,34,0,0,0,0.0,0.0,0.0,1,0,20,32,62.5,0,12,0,0,0,2024-09-14,0,0,0,0,0,1,0,0,0,0,0,0,0
Ollie Watkins,Aston Villa,11,ENG,28,83.0,2,0,0,0,6,3,0,0,16,0,0,0,1.2,1.2,0.1,2,0,6,7,85.7,0,9,1,0,0,2024-09-14,0,0,0,0,1,0,0,0,0,0,0,0,0
Emi Buendía,Aston Villa,10,ARG,27,7.0,0,0,0,0,0,0,0,0,4,0,0,1,0.0,0.0,0.0,0,0,4,4,100.0,1,2,0,0,0,2024-09-14,1,0,0,0,0,0,0,0,0,0,0,0,0
Jacob Ramsey,Aston Villa,41,ENG,23,68.0,0,0,0,0,2,0,0,0,49,2,0,0,0.3,0.3,0.0,1,0,37,39,94.9,6,35,0,3,0,2024-09-14,0,0,0,0,0,0,0,0,1,0,0,0,0
Jhon Durán,Aston Villa,9,COL,20,22.0,1,0,0,0,3,1,0,0,10,0,0,1,0.3,0.3,0.0,0,0,2,3,66.7,0,7,0,1,0,2024-09-14,0,0,0,0,1,0,0,0,0,0,0,0,0
John McGinn,Aston Villa,7,SCO,29,89.0,0,0,0,0,1,0,0,0,49,1,0,2,0.1,0.1,0.1,4,0,35,43,81.4,4,33,2,3,2,2024-09-14,0,0,0,0,0,0,0,0,0,0,1,1,0
Jaden Philogene Bidace,Aston Villa,19,ENG,22,1.0,0,0,0,0,0,0,0,0,4,1,0,0,0.0,0.0,0.0,1,0,1,1,100.0,0,3,0,1,0,2024-09-14,0,0,0,0,0,0,0,0,0,0,0,1,0
Morgan Rogers,Aston Villa,27,ENG,22,90.0,0,0,0,0,4,3,0,0,44,1,0,1,0.2,0.2,0.1,4,0,20,27,74.1,5,26,3,6,2,2024-09-14,1,0,0,0,0,0,0,1,1,0,0,0,0
Youri Tielemans,Aston Villa,8,BEL,27,90.0,0,0,0,0,0,0,0,0,144,4,0,0,0.0,0.0,0.0,3,1,127,140,90.7,14,97,0,0,0,2024-09-14,0,0,1,1,0,0,0,0,0,0,0,0,0
Amadou Onana,Aston Villa,24,BEL,23,45.0,0,0,0,0,0,0,0,0,36,2,1,0,0.0,0.0,0.0,1,1,27,33,81.8,2,22,0,1,1,2024-09-14,0,0,0,1,0,0,0,0,0,0,0,0,0
Ross Barkley,Aston Villa,6,ENG,30,45.0,0,1,0,0,1,0,0,0,45,0,0,0,0.0,0.0,0.0,4,2,42,43,97.7,2,35,3,0,0,2024-09-14,0,0,1,1,0,0,0,0,0,0,0,0,0
Lucas Digne,Aston Villa,12,FRA,31,68.0,0,1,0,0,0,0,0,0,70,2,0,0,0.0,0.0,0.7,4,1,57,67,85.1,4,37,0,1,1,2024-09-14,0,0,0,0,0,0,1,0,0,0,0,0,0
Ian Maatsen,Aston Villa,22,NED,22,22.0,0,0,0,0,0,0,0,0,28,0,0,1,0.0,0.0,0.6,3,0,20,24,83.3,1,13,0,1,0,2024-09-14,0,0,0,0,0,0,1,0,0,0,0,0,0
Pau Torres,Aston Villa,14,ESP,27,90.0,0,0,0,0,0,0,0,0,129,0,2,2,0.0,0.0,0.0,2,1,107,122,87.7,5,100,5,0,0,2024-09-14,0,1,0,0,0,0,0,0,0,0,0,0,0
Ezri Konsa,Aston Villa,4,ENG,26,90.0,0,0,0,0,0,0,0,0,80,2,0,0,0.0,0.0,0.0,0,0,67,72,93.1,4,52,1,0,0,2024-09-14,0,1,0,0,0,0,0,0,0,0,0,0,0
Lamare Bogarde,Aston Villa,26,NED,20,90.0,0,0,0,0,0,0,0,0,73,5,1,1,0.0,0.0,0.1,4,0,56,62,90.3,4,47,0,1,0,2024-09-14,0,0,0,0,0,0,0,0,0,1,0,0,0
Emiliano Martínez,Aston Villa,23,ARG,32,90.0,0,0,0,0,0,0,1,0,23,0,0,0,0.0,0.0,0.0,0,0,20,22,90.9,0,17,0,0,0,2024-09-14,0,0,0,0,0,1,0,0,0,0,0,0,0
Dominic Calvert-Lewin,Everton,9,ENG,27,90.0,1,0,0,0,3,1,0,0,28,0,0,0,0.8,0.8,0.0,0,0,9,13,69.2,0,19,1,3,0,2024-09-14,0,0,0,0,1,0,0,0,0,0,0,0,0
Iliman Ndiaye,Everton,10,SEN,24,80.0,0,0,0,0,0,0,1,0,25,0,1,1,0.0,0.0,0.0,1,0,11,14,78.6,2,14,4,8,3,2024-09-14,0,0,0,0,0,0,0,1,1,0,0,0,0
Jesper Lindstrøm,Everton,29,DEN,24,10.0,0,0,0,0,0,0,0,0,12,0,0,0,0.0,0.0,0.0,0,0,7,11,63.6,1,7,1,0,0,2024-09-14,0,0,0,0,0,0,0,0,0,0,1,0,0
Jack Harrison,Everton,11,ENG,27,63.0,0,0,0,0,0,0,0,0,20,2,0,0,0.0,0.0,0.0,1,1,9,10,90.0,0,10,1,3,1,2024-09-14,0,0,0,0,0,0,0,0,0,0,0,1,0
Jake O'Brien,Everton,15,IRL,23,27.0,0,0,0,0,0,0,1,0,20,2,0,1,0.0,0.0,0.0,1,0,12,15,80.0,1,7,0,3,1,2024-09-14,0,1,0,0,0,0,0,0,0,1,0,0,0
Dwight McNeil,Everton,7,ENG,24,90.0,1,1,0,0,1,1,0,0,38,1,0,1,0.0,0.0,0.8,5,2,21,32,65.6,3,20,2,1,0,2024-09-14,1,0,0,0,0,0,0,1,0,0,1,0,0
Tim Iroegbunam,Everton,42,ENG,21,80.0,0,0,0,0,0,0,1,0,21,3,1,0,0.0,0.0,0.0,0,0,14,15,93.3,1,8,0,2,1,2024-09-14,0,0,1,1,0,0,0,0,0,0,0,0,0
Beto,Everton,14,GNB,26,10.0,0,0,0,0,0,0,0,0,2,0,0,0,0.0,0.0,0.0,0,0,0,1,0.0,0,0,0,0,0,2024-09-14,0,0,0,0,1,0,0,0,0,0,0,0,0
Idrissa Gana Gueye,Everton,27,SEN,34,63.0,0,0,0,0,0,0,0,0,18,2,2,1,0.0,0.0,0.0,0,0,8,10,80.0,0,3,0,0,0,2024-09-14,0,0,0,1,0,0,0,0,0,0,0,0,0
Orel Mangala,Everton,8,BEL,26,27.0,0,0,0,0,1,0,0,0,11,1,0,0,0.1,0.1,0.0,1,0,6,9,66.7,2,6,3,1,1,2024-09-14,0,0,1,0,0,0,0,0,0,0,0,0,0
Vitaliy Mykolenko,Everton,19,UKR,25,25.0,0,0,0,0,0,0,0,0,6,1,0,0,0.0,0.0,0.0,0,0,1,4,25.0,0,1,0,0,0,2024-09-14,0,0,0,0,0,0,1,0,0,0,0,0,0
James Garner,Everton,37,ENG,23,65.0,0,0,0,0,0,0,0,0,32,2,1,1,0.0,0.0,0.0,1,0,19,25,76.0,1,15,1,1,0,2024-09-14,0,0,1,0,0,0,0,0,0,1,0,0,0
Michael Keane,Everton,5,ENG,31,90.0,0,0,0,0,1,0,0,0,42,2,0,1,0.0,0.0,0.0,0,0,21,29,72.4,0,16,0,0,0,2024-09-14,0,1,0,0,0,0,0,0,0,0,0,0,0
James Tarkowski,Everton,6,ENG,31,90.0,0,0,0,0,0,0,0,0,29,5,1,1,0.0,0.0,0.0,0,0,16,20,80.0,0,9,0,0,0,2024-09-14,0,1,0,0,0,0,0,0,0,0,0,0,0
Ashley Young,Everton,18,ENG,39,90.0,0,0,0,0,0,0,1,0,38,3,0,0,0.0,0.0,0.0,1,0,23,28,82.1,5,10,1,0,0,2024-09-14,0,0,0,0,0,0,1,0,0,1,0,0,0
Jordan Pickford,Everton,1,ENG,30,90.0,0,0,0,0,0,0,0,0,38,0,0,0,0.0,0.0,0.0,0,0,26,36,72.2,0,16,0,0,0,2024-09-14,0,0,0,0,0,1,0,0,0,0,0,0,0
Evanilson,Bournemouth,9,BRA,24,67.0,0,0,0,1,2,0,0,0,16,0,0,0,0.9,0.1,0.2,3,0,4,7,57.1,0,8,0,1,0,2024-09-14,0,0,0,0,1,0,0,0,0,0,0,0,0
Luis Sinisterra,Bournemouth,17,COL,25,23.0,0,0,0,0,1,0,0,0,11,0,0,0,0.1,0.1,0.1,1,0,5,6,83.3,0,6,1,2,0,2024-09-14,0,0,0,0,1,0,0,0,1,0,0,0,0
Marcus Tavernier,Bournemouth,16,ENG,25,82.0,0,0,0,0,2,1,0,0,38,2,0,0,0.1,0.1,0.1,6,0,18,28,64.3,2,20,6,2,2,2024-09-14,0,0,0,0,0,0,0,0,1,0,0,0,0
Enes Ünal,Bournemouth,26,TUR,27,8.0,0,0,0,0,2,2,0,0,4,0,0,1,0.1,0.1,0.0,2,0,1,1,100.0,1,1,0,0,0,2024-09-14,0,0,0,0,1,0,0,0,0,0,0,0,0
Antoine Semenyo,Bournemouth,24,GHA,24,90.0,0,0,0,0,3,0,1,0,40,0,0,3,0.1,0.1,0.0,1,0,18,27,66.7,3,26,1,4,2,2024-09-14,0,0,0,0,0,0,0,0,0,0,0,1,0
Justin Kluivert,Bournemouth,19,NED,25,74.0,0,0,0,0,2,2,1,0,29,1,2,0,0.3,0.3,0.1,4,0,9,20,45.0,3,14,2,3,2,2024-09-14,1,0,0,0,0,0,0,0,0,0,0,0,0
Philip Billing,Bournemouth,29,DEN,28,16.0,0,0,0,0,0,0,0,0,12,0,1,0,0.0,0.0,0.0,1,0,5,11,45.5,0,8,0,0,0,2024-09-14,1,0,0,0,0,0,0,0,0,0,0,0,0
Ryan Christie,Bournemouth,10,SCO,29,67.0,0,0,0,0,1,0,1,0,41,1,1,3,0.1,0.1,0.0,3,0,24,33,72.7,9,20,1,2,1,2024-09-14,0,0,0,1,0,0,0,0,0,0,0,0,0
Alex Scott,Bournemouth,8,ENG,21,23.0,0,0,0,0,0,0,0,0,17,1,0,1,0.0,0.0,0.0,0,0,7,9,77.8,2,9,0,1,0,2024-09-14,0,0,0,1,0,0,0,0,0,0,0,0,0
Lewis Cook,Bournemouth,4,ENG,27,90.0,0,0,0,0,3,1,1,0,42,1,1,0,0.0,0.0,0.0,4,0,26,36,72.2,7,22,0,1,1,2024-09-14,0,0,0,1,0,0,0,0,0,0,0,0,0
Milos Kerkez,Bournemouth,3,HUN,20,90.0,0,0,0,0,2,0,0,0,41,2,2,0,0.1,0.0,0.0,1,0,22,31,71.0,0,15,0,0,0,2024-09-14,0,0,0,0,0,0,1,0,0,0,0,0,0
Marcos Senesi,Bournemouth,5,ARG,27,90.0,0,0,0,0,0,0,1,0,52,3,1,2,0.0,0.0,0.1,3,0,26,39,66.7,3,26,0,1,0,2024-09-14,0,1,0,0,0,0,0,0,0,0,0,0,0
Illia Zabarnyi,Bournemouth,27,UKR,22,90.0,0,0,0,0,0,0,0,0,32,1,0,0,0.0,0.0,0.1,1,0,21,27,77.8,4,16,0,0,0,2024-09-14,0,1,0,0,0,0,0,0,0,0,0,0,0
Adam Smith,Bournemouth,15,ENG,33,74.0,0,0,0,0,0,0,1,0,22,2,1,0,0.0,0.0,0.0,2,0,12,17,70.6,1,7,1,1,1,2024-09-14,0,0,0,0,0,0,0,0,0,1,0,0,0
Julian Araujo,Bournemouth,22,MEX,23,16.0,0,0,0,0,0,0,0,0,9,0,1,0,0.0,0.0,0.0,0,0,5,7,71.4,1,2,0,0,0,2024-09-14,0,0,0,0,0,0,0,0,0,1,0,0,0
Mark Travers,Bournemouth,42,IRL,25,90.0,0,0,0,0,0,0,0,0,20,0,0,0,0.0,0.0,0.0,0,0,11,18,61.1,0,14,0,0,0,2024-09-14,0,0,0,0,0,1,0,0,0,0,0,0,0
Nicolas Jackson,Chelsea,15,SEN,23,78.0,0,0,0,0,3,1,1,0,26,0,0,1,0.3,0.3,0.0,0,0,11,14,78.6,2,15,1,1,0,2024-09-14,0,0,0,0,1,0,0,0,0,0,0,0,0
Christopher Nkunku,Chelsea,18,FRA,26,12.0,1,0,0,0,1,1,0,0,6,0,0,0,0.3,0.3,0.0,1,1,5,5,100.0,0,3,0,1,1,2024-09-14,0,0,0,0,1,0,0,0,0,0,0,0,0
Pedro Neto,Chelsea,7,POR,24,45.0,0,0,0,0,0,0,0,0,23,0,0,1,0.0,0.0,0.0,1,0,12,18,66.7,1,13,2,2,1,2024-09-14,0,0,0,0,0,0,0,0,1,0,0,0,0
Jadon Sancho,Chelsea,19,ENG,24,45.0,0,1,0,0,0,0,1,0,37,0,0,0,0.0,0.0,0.4,3,1,25,30,83.3,6,24,2,4,2,2024-09-14,0,0,0,0,0,0,0,0,1,0,0,0,0
Noni Madueke,Chelsea,11,ENG,22,61.0,0,0,0,0,3,0,0,0,26,0,1,0,0.1,0.1,0.0,1,0,14,19,73.7,0,16,2,4,3,2024-09-14,0,0,0,0,0,0,0,0,0,0,0,1,0
João Félix,Chelsea,14,POR,24,29.0,0,0,0,0,0,0,1,0,24,0,0,0,0.0,0.0,0.0,1,0,16,21,76.2,2,17,2,1,0,2024-09-14,1,0,0,0,0,0,0,0,0,0,0,0,0
Cole Palmer,Chelsea,20,ENG,22,90.0,0,0,0,0,0,0,0,0,43,2,0,0,0.0,0.0,0.0,1,0,26,34,76.5,3,28,1,5,2,2024-09-14,1,0,0,0,0,0,0,0,0,0,0,1,0
Renato Veiga,Chelsea,40,POR,21,90.0,0,0,0,0,2,1,1,0,69,3,0,1,0.0,0.0,0.0,1,0,53,59,89.8,4,35,2,2,2,2024-09-14,0,0,0,1,0,0,0,0,0,0,0,0,0
Moisés Caicedo,Chelsea,25,ECU,22,90.0,0,0,0,0,1,0,0,0,77,4,2,1,0.0,0.0,0.0,0,0,53,61,86.9,4,48,2,1,0,2024-09-14,0,0,0,1,0,0,0,0,0,0,0,0,0
Marc Cucurella,Chelsea,3,ESP,26,90.0,0,0,0,0,0,0,1,0,58,1,1,1,0.0,0.0,0.0,3,0,38,48,79.2,2,15,1,0,0,2024-09-14,0,0,0,0,0,0,1,0,0,0,0,0,0
Levi Colwill,Chelsea,6,ENG,21,90.0,0,0,0,0,0,0,1,0,71,0,0,2,0.0,0.0,0.0,3,0,53,62,85.5,7,31,2,0,0,2024-09-14,0,1,0,0,0,0,0,0,0,0,0,0,0
Wesley Fofana,Chelsea,29,FRA,23,90.0,0,0,0,0,0,0,1,0,104,1,1,1,0.0,0.0,0.1,2,0,89,97,91.8,2,61,0,1,1,2024-09-14,0,1,0,0,0,0,0,0,0,0,0,0,0
Axel Disasi,Chelsea,2,FRA,26,60.0,0,0,0,0,0,0,0,0,62,0,1,0,0.0,0.0,0.0,0,0,50,57,87.7,5,38,0,0,0,2024-09-14,0,0,0,0,0,0,0,0,0,1,0,0,0
Tosin Adarabioyo,Chelsea,4,ENG,26,30.0,0,0,0,0,0,0,0,0,42,1,0,0,0.0,0.0,0.0,1,0,37,41,90.2,2,24,0,0,0,2024-09-14,0,0,0,0,0,0,0,0,0,1,0,0,0
Robert Sánchez,Chelsea,1,ESP,26,90.0,0,0,0,0,0,0,1,0,57,0,0,0,0.0,0.0,0.0,0,0,40,53,75.5,0,33,0,0,0,2024-09-14,0,0,0,0,0,1,0,0,0,0,0,0,0
Dominic Solanke,Tottenham Hotspur,19,ENG,27,90.0,0,0,0,0,2,0,0,0,27,2,0,1,0.2,0.2,0.0,2,0,11,15,73.3,2,18,1,2,0,2024-09-15,0,0,0,0,1,0,0,0,0,0,0,0,0
Son Heung-min,Tottenham Hotspur,7,KOR,32,90.0,0,0,0,0,1,0,0,0,54,0,1,1,0.0,0.0,0.1,5,0,39,46,84.8,4,34,1,4,2,2024-09-15,1,0,0,0,0,0,0,0,1,0,0,0,0
Brennan Johnson,Tottenham Hotspur,22,WAL,23,67.0,0,0,0,0,4,1,0,0,23,0,0,2,0.2,0.2,0.0,1,0,14,15,93.3,1,19,5,2,1,2024-09-15,0,0,0,0,0,0,0,0,0,0,0,1,0
Wilson Odobert,Tottenham Hotspur,28,FRA,19,23.0,0,0,0,0,1,0,0,0,14,0,0,1,0.0,0.0,0.0,1,0,7,11,63.6,2,11,4,1,0,2024-09-15,0,0,0,0,0,0,0,0,0,0,0,1,0
James Maddison,Tottenham Hotspur,10,ENG,27,79.0,0,0,0,0,0,0,0,0,66,2,2,0,0.0,0.0,0.2,3,0,50,60,83.3,4,46,0,2,1,2024-09-15,0,0,0,0,0,0,0,1,0,0,0,0,0
Timo Werner,Tottenham Hotspur,16,GER,28,11.0,0,0,0,0,0,0,0,0,11,1,0,0,0.0,0.0,0.0,1,0,5,10,50.0,0,6,3,2,1,2024-09-15,0,0,0,0,0,0,0,0,1,0,0,0,0
Rodrigo Bentancur,Tottenham Hotspur,30,URU,27,67.0,0,0,0,0,0,0,1,0,56,0,2,1,0.0,0.0,0.0,1,0,49,51,96.1,8,45,1,0,0,2024-09-15,0,0,1,0,0,0,0,0,0,0,0,0,0
Pape Matar Sarr,Tottenham Hotspur,29,SEN,22,23.0,0,0,0,0,2,1,0,0,32,2,1,1,0.1,0.1,0.0,4,0,21,25,84.0,2,19,0,2,0,2024-09-15,0,0,1,1,0,0,0,0,0,0,0,0,0
Dejan Kulusevski,Tottenham Hotspur,21,SWE,24,90.0,0,0,0,0,3,1,1,0,42,3,1,0,0.1,0.1,0.0,5,0,17,29,58.6,4,29,4,3,1,2024-09-15,0,0,0,1,0,0,0,0,0,0,1,0,0
Destiny Udogie,Tottenham Hotspur,13,ITA,21,90.0,0,0,0,0,0,0,1,0,68,3,0,0,0.0,0.0,0.0,1,0,52,57,91.2,9,41,5,3,1,2024-09-15,0,0,0,0,0,0,1,0,0,0,0,0,0
Micky van de Ven,Tottenham Hotspur,37,NED,23,90.0,0,0,0,0,1,1,1,0,82,1,1,0,0.0,0.0,0.0,0,0,61,69,88.4,6,56,1,1,0,2024-09-15,0,1,0,0,0,0,0,0,0,0,0,0,0
Cristian Romero,Tottenham Hotspur,17,ARG,26,90.0,0,0,0,0,1,1,0,0,84,2,1,3,0.0,0.0,0.0,1,0,70,73,95.9,3,64,1,0,0,2024-09-15,0,1,0,0,0,0,0,0,0,0,0,0,0
Pedro Porro,Tottenham Hotspur,23,ESP,25,90.0,0,0,0,0,0,0,0,0,83,4,0,3,0.0,0.0,0.1,4,0,52,66,78.8,10,45,6,2,0,2024-09-15,0,0,0,0,0,0,0,0,0,1,0,0,0
Guglielmo Vicario,Tottenham Hotspur,1,ITA,27,90.0,0,0,0,0,0,0,1,0,27,0,0,0,0.0,0.0,0.0,0,0,22,26,84.6,1,19,0,0,0,2024-09-15,0,0,0,0,0,1,0,0,0,0,0,0,0
Leandro Trossard,Arsenal,19,BEL,29,79.0,0,0,0,0,1,0,0,0,22,1,1,0,0.1,0.1,0.2,2,0,13,17,76.5,4,11,0,1,1,2024-09-15,0,0,0,0,1,0,0,0,0,0,0,0,0
Gabriel Jesus,Arsenal,9,BRA,27,11.0,0,0,0,0,0,0,0,0,3,0,1,0,0.0,0.0,0.0,0,0,0,0,80.8,0,3,0,1,0,2024-09-15,0,0,0,0,1,0,0,0,0,0,0,1,0
Kai Havertz,Arsenal,29,GER,25,90.0,0,0,0,0,2,2,0,0,49,2,1,4,0.2,0.2,0.0,1,0,18,28,64.3,1,14,2,3,1,2024-09-15,0,0,0,0,1,0,0,1,0,0,0,0,0
Gabriel Martinelli,Arsenal,11,BRA,23,79.0,0,0,0,0,1,1,0,0,35,3,0,2,0.2,0.2,0.2,3,0,15,23,65.2,2,15,4,8,6,2024-09-15,0,0,0,0,0,0,0,1,0,0,0,0,0
Raheem Sterling,Arsenal,30,ENG,29,11.0,0,0,0,0,0,0,0,0,2,0,0,0,0.0,0.0,0.0,0,0,1,2,50.0,0,3,0,0,0,2024-09-15,0,0,0,0,0,0,0,0,1,0,0,0,0
Jorginho,Arsenal,20,ITA,32,90.0,0,0,0,0,0,0,1,0,28,1,0,0,0.0,0.0,0.0,1,0,19,24,79.2,1,15,0,0,0,2024-09-15,0,0,1,0,0,0,0,0,0,0,0,0,0
Thomas Partey,Arsenal,5,GHA,31,90.0,0,0,0,0,0,0,0,0,34,3,2,1,0.0,0.0,0.0,0,0,17,21,81.0,1,6,0,1,0,2024-09-15,0,0,1,0,0,0,0,0,0,0,1,0,0
Bukayo Saka,Arsenal,7,ENG,23,85.0,0,1,0,0,1,0,0,0,40,2,0,1,0.1,0.1,0.3,3,2,22,31,71.0,1,19,2,4,2,2024-09-15,0,0,0,0,0,0,0,0,0,0,1,1,0
Ethan Nwaneri,Arsenal,53,ENG,17,5.0,0,0,0,0,0,0,0,0,7,0,0,1,0.0,0.0,0.0,0,0,3,5,60.0,1,4,1,1,1,2024-09-15,0,0,0,0,1,0,0,0,0,0,0,0,0
Jurriën Timber,Arsenal,12,NED,23,90.0,0,0,0,0,1,0,1,0,47,3,1,2,0.1,0.1,0.0,1,0,17,33,51.5,3,14,3,2,1,2024-09-15,0,0,0,0,0,0,1,0,0,0,0,0,0
Gabriel Magalhães,Arsenal,6,BRA,26,90.0,1,0,0,0,1,1,0,0,39,2,1,3,0.2,0.2,0.0,0,0,20,25,80.0,0,12,0,0,0,2024-09-15,0,1,0,0,0,0,0,0,0,0,0,0,0
William Saliba,Arsenal,2,FRA,23,90.0,0,0,0,0,0,0,1,0,44,2,0,2,0.0,0.0,0.0,1,0,34,35,97.1,2,19,0,0,0,2024-09-15,0,1,0,0,0,0,0,0,0,0,0,0,0
Ben White,Arsenal,4,ENG,26,90.0,0,0,0,0,0,0,0,0,48,2,2,0,0.0,0.0,0.0,0,0,31,38,81.6,1,11,0,1,0,2024-09-15,0,0,0,0,0,0,0,0,0,1,0,0,0
David Raya,Arsenal,22,ESP,29,90.0,0,0,0,0,0,0,0,0,41,0,0,0,0.0,0.0,0.0,0,0,25,38,65.8,0,14,0,0,0,2024-09-15,0,0,0,0,0,1,0,0,0,0,0,0,0
Jørgen Strand Larsen,Wolverhampton Wanderers,9,NOR,24,85.0,0,1,0,0,2,1,0,0,21,0,0,1,0.2,0.2,0.4,1,1,4,14,28.6,0,11,1,0,0,2024-09-15,0,0,0,0,1,0,0,0,0,0,0,0,0
Gonçalo Guedes,Wolverhampton Wanderers,29,POR,27,5.0,0,0,0,0,0,0,0,0,3,0,0,0,0.0,0.0,0.0,0,0,2,3,66.7,0,3,0,0,0,2024-09-15,0,0,0,0,1,0,0,0,0,0,0,0,0
Matheus Cunha,Wolverhampton Wanderers,10,BRA,25,90.0,0,0,0,0,4,2,0,0,47,1,1,0,0.2,0.2,0.0,3,1,19,31,61.3,3,24,2,6,3,2024-09-15,0,0,0,0,1,0,0,0,0,0,1,0,0
Jean-Ricner Bellegarde,Wolverhampton Wanderers,27,FRA,26,70.0,0,0,0,0,1,0,0,0,28,2,3,0,0.1,0.1,0.0,3,0,15,18,83.3,0,19,2,4,1,2024-09-15,0,0,0,0,0,0,0,1,0,0,0,0,0
Hwang Hee-chan,Wolverhampton Wanderers,11,KOR,28,20.0,0,0,0,0,0,0,0,0,9,0,0,1,0.0,0.0,0.0,0,0,8,8,100.0,0,6,0,0,0,2024-09-15,0,0,0,0,0,0,0,1,0,0,0,0,0
João Gomes,Wolverhampton Wanderers,8,BRA,23,90.0,0,0,0,0,1,0,0,0,60,5,0,1,0.1,0.1,0.0,1,0,50,54,92.6,3,38,2,0,0,2024-09-15,0,0,1,0,0,0,0,0,0,0,0,0,0
André,Wolverhampton Wanderers,7,BRA,23,76.0,0,0,0,0,0,0,1,0,44,2,0,2,0.0,0.0,0.1,2,0,40,40,100.0,3,36,0,1,1,2024-09-15,0,0,1,0,0,0,0,0,0,0,0,0,0
Tommy Doyle,Wolverhampton Wanderers,20,ENG,22,14.0,0,0,0,0,0,0,0,0,20,0,0,0,0.0,0.0,0.0,0,0,18,20,90.0,4,14,0,0,0,2024-09-15,0,0,1,0,0,0,0,0,0,0,0,0,0
Mario Lemina,Wolverhampton Wanderers,5,GAB,31,90.0,1,0,0,0,2,1,0,0,44,1,2,0,0.6,0.6,0.2,5,0,31,37,83.8,5,22,1,2,2,2024-09-15,0,0,0,0,1,0,1,0,0,0,1,0,0
Rayan Aït-Nouri,Wolverhampton Wanderers,3,ALG,23,85.0,0,0,0,0,0,0,1,0,60,2,1,1,0.0,0.0,0.0,0,0,41,49,83.7,3,29,2,4,4,2024-09-15,0,0,0,0,0,0,1,0,0,0,0,0,0
Carlos Forbs,Wolverhampton Wanderers,26,POR,20,5.0,0,0,0,0,0,0,0,0,11,1,0,0,0.0,0.0,0.0,1,0,4,10,40.0,1,9,0,1,1,2024-09-15,0,0,0,0,0,0,1,0,0,0,1,0,0
Craig Dawson,Wolverhampton Wanderers,15,ENG,34,90.0,0,0,0,0,0,0,0,0,64,0,0,3,0.0,0.0,0.0,1,0,46,58,79.3,2,36,1,0,0,2024-09-15,0,1,0,0,0,0,0,0,0,0,0,0,0
Yerson Mosquera,Wolverhampton Wanderers,14,COL,23,90.0,0,0,0,0,1,0,0,0,71,5,3,3,0.1,0.1,0.0,2,0,46,56,82.1,3,34,0,0,0,2024-09-15,0,1,0,0,0,0,0,0,0,0,0,0,0
Nélson Semedo,Wolverhampton Wanderers,22,POR,30,76.0,0,0,0,0,1,1,1,0,36,3,0,0,0.0,0.0,0.1,4,0,23,25,92.0,2,22,2,5,3,2024-09-15,0,0,0,0,0,0,0,0,0,1,0,0,0
Matt Doherty,Wolverhampton Wanderers,2,IRL,32,14.0,0,0,0,0,0,0,0,0,14,1,0,0,0.0,0.0,0.0,0,0,9,13,69.2,2,6,0,0,0,2024-09-15,0,0,0,0,0,0,0,0,0,1,0,0,0
Sam Johnstone,Wolverhampton Wanderers,31,ENG,31,90.0,0,0,0,0,0,0,0,0,50,0,0,0,0.0,0.0,0.0,1,0,33,47,70.2,0,32,0,0,0,2024-09-15,0,0,0,0,0,1,0,0,0,0,0,0,0
Alexander Isak,Newcastle United,14,SWE,24,45.0,0,0,0,0,1,0,0,0,18,0,0,1,0.1,0.1,0.1,1,0,9,12,75.0,1,12,1,1,0,2024-09-15,0,0,0,0,1,0,0,0,0,0,0,0,0
Harvey Barnes,Newcastle United,11,ENG,26,45.0,1,0,0,0,3,1,0,0,23,0,0,0,0.5,0.5,0.4,5,1,12,16,75.0,4,17,5,3,2,2024-09-15,0,0,0,0,0,0,0,0,1,0,0,0,0
Anthony Gordon,Newcastle United,10,ENG,23,90.0,0,0,0,0,2,0,0,0,49,0,1,2,0.2,0.2,0.1,4,0,33,35,94.3,0,43,3,8,5,2024-09-15,0,0,0,0,1,0,0,0,1,0,0,0,0
Jacob Murphy,Newcastle United,23,ENG,29,90.0,0,0,0,0,1,1,1,0,36,0,0,2,0.1,0.1,0.0,3,0,20,30,66.7,5,25,4,1,0,2024-09-15,0,0,0,0,0,0,0,0,0,0,0,1,0
Joelinton,Newcastle United,7,BRA,28,45.0,0,0,0,0,0,0,1,0,35,2,1,0,0.0,0.0,0.0,1,0,26,30,86.7,4,22,0,1,0,2024-09-15,0,0,0,0,0,0,0,1,0,0,0,0,0
Joe Willock,Newcastle United,28,ENG,25,45.0,0,1,0,0,1,0,0,0,20,2,0,0,0.1,0.1,0.6,8,2,12,14,85.7,4,14,5,3,1,2024-09-15,0,0,1,0,0,0,0,1,0,0,0,0,0
Bruno Guimarães,Newcastle United,39,BRA,26,86.0,0,1,0,0,1,1,0,0,46,0,0,1,0.0,0.0,0.0,2,1,34,39,87.2,5,35,2,2,2,2024-09-15,0,0,1,0,0,0,0,0,0,0,0,0,0
Lloyd Kelly,Newcastle United,25,ENG,25,4.0,0,0,0,0,0,0,0,0,6,0,0,0,0.0,0.0,0.0,0,0,3,4,75.0,1,3,0,0,0,2024-09-15,0,1,0,0,0,0,0,0,0,0,0,0,0
Sean Longstaff,Newcastle United,36,ENG,26,45.0,0,0,0,0,0,0,0,0,22,0,0,1,0.0,0.0,0.0,0,0,19,21,90.5,3,14,0,0,0,2024-09-15,0,0,0,0,0,0,0,0,0,0,1,0,0
Sandro Tonali,Newcastle United,8,ITA,24,45.0,0,0,0,0,2,2,0,0,22,1,2,0,0.4,0.4,0.0,1,0,15,16,93.8,4,14,0,1,0,2024-09-15,0,0,1,0,0,0,0,0,0,0,1,0,0
Lewis Hall,Newcastle United,20,ENG,20,90.0,0,0,0,0,0,0,0,0,99,2,0,1,0.0,0.0,0.1,1,0,81,91,89.0,13,68,5,2,2,2024-09-15,0,0,0,0,0,0,1,1,0,0,0,0,0
Dan Burn,Newcastle United,33,ENG,32,90.0,0,0,0,0,1,0,1,0,78,2,0,0,0.0,0.0,0.0,1,0,68,70,97.1,0,49,0,0,0,2024-09-15,0,1,0,0,0,0,0,0,0,0,0,0,0
Fabian Schär,Newcastle United,5,SUI,32,90.0,1,0,0,0,2,1,0,0,64,0,1,0,0.1,0.1,0.0,0,0,43,51,84.3,2,40,0,0,0,2024-09-15,0,1,0,0,0,0,0,0,0,0,0,0,0
Valentino Livramento,Newcastle United,21,ENG,21,63.0,0,0,0,0,0,0,0,0,33,5,0,2,0.0,0.0,0.0,0,0,22,24,91.7,0,13,0,0,0,2024-09-15,0,0,0,0,0,0,0,0,0,1,0,0,0
Kieran Trippier,Newcastle United,2,ENG,33,27.0,0,0,0,0,0,0,0,0,19,0,0,0,0.0,0.0,0.0,0,0,13,18,72.2,1,8,1,0,0,2024-09-15,0,0,0,0,0,0,0,0,0,1,1,0,0
Nick Pope,Newcastle United,22,ENG,32,90.0,0,0,0,0,0,0,0,0,39,0,0,0,0.0,0.0,0.0,0,0,24,34,70.6,0,21,0,0,0,2024-09-15,0,0,0,0,0,1,0,0,0,0,0,0,0
Jarrod Bowen,West Ham United,20,ENG,27,90.0,0,0,0,0,2,1,0,0,32,1,1,0,0.1,0.1,0.0,3,0,18,25,72.0,6,20,8,3,2,2024-09-21,0,0,0,0,1,0,0,0,0,0,0,1,0
Crysencio Summerville,West Ham United,7,NED,22,53.0,0,0,0,0,0,0,0,0,21,1,0,0,0.0,0.0,0.0,2,0,13,15,86.7,0,15,1,2,1,2024-09-21,0,0,0,0,0,0,0,0,1,0,0,0,0
Michail Antonio,West Ham United,9,JAM,34,37.0,0,0,0,0,1,1,1,0,14,0,0,0,0.1,0.1,0.0,1,0,6,9,66.7,0,8,2,2,0,2024-09-21,0,0,0,0,1,0,0,0,0,0,0,0,0
Mohammed Kudus,West Ham United,14,GHA,24,90.0,0,0,0,0,3,2,0,0,37,0,0,0,0.2,0.2,0.0,3,0,18,25,72.0,3,29,7,10,5,2024-09-21,0,0,0,0,0,0,0,0,1,0,0,1,0
Emerson Palmieri,West Ham United,33,ITA,30,72.0,0,0,0,0,0,0,0,0,34,1,1,2,0.0,0.0,0.1,2,0,24,29,82.8,3,18,2,1,0,2024-09-21,0,0,0,0,0,0,1,1,0,0,0,0,0
Aaron Cresswell,West Ham United,3,ENG,34,18.0,0,0,0,0,0,0,0,0,22,0,0,1,0.0,0.0,0.0,1,0,16,20,80.0,3,14,1,0,0,2024-09-21,0,0,0,0,0,0,1,0,0,0,0,0,0
Lucas Paquetá,West Ham United,10,BRA,27,72.0,0,0,0,0,2,0,0,0,57,0,0,0,0.1,0.1,0.0,2,0,32,47,68.1,6,39,2,3,1,2024-09-21,0,0,1,0,0,0,0,1,0,0,0,0,0
Andy Irving,West Ham United,39,SCO,24,18.0,0,0,0,0,1,1,0,0,25,2,0,0,0.0,0.0,0.0,1,0,21,21,100.0,2,18,0,0,0,2024-09-21,0,0,0,0,0,0,0,1,0,0,0,0,0
Guido Rodríguez,West Ham United,24,ARG,30,37.0,0,0,0,0,0,0,0,0,28,2,0,0,0.0,0.0,0.0,1,0,21,25,84.0,4,21,0,0,0,2024-09-21,0,0,1,0,0,0,0,0,0,0,0,0,0
Tomáš Souček,West Ham United,28,CZE,29,53.0,0,0,0,0,1,1,1,0,46,1,2,0,0.1,0.1,0.1,0,0,36,38,94.7,5,27,0,0,0,2024-09-21,0,0,1,0,0,0,0,0,0,0,0,0,0
Aaron Wan-Bissaka,West Ham United,29,ENG,26,90.0,0,0,0,0,0,0,0,0,64,3,0,3,0.0,0.0,0.1,4,0,46,55,83.6,8,39,3,3,0,2024-09-21,0,0,0,0,0,0,0,0,0,1,1,0,0
Max Kilman,West Ham United,26,ENG,27,90.0,0,0,0,0,0,0,1,0,78,0,1,0,0.0,0.0,0.1,1,0,66,71,93.0,11,53,2,0,0,2024-09-21,0,1,0,0,0,0,0,0,0,0,0,0,0
Edson Álvarez,West Ham United,19,MEX,26,53.0,0,0,0,0,1,0,1,0,49,1,0,1,0.0,0.0,0.1,3,0,42,45,93.3,3,34,1,0,0,2024-09-21,0,1,0,0,0,0,0,0,0,0,0,0,0
Carlos Soler,West Ham United,4,ESP,27,37.0,0,0,0,0,2,1,1,0,23,0,0,0,0.1,0.1,0.0,0,0,17,21,81.0,3,20,1,0,0,2024-09-21,0,0,0,0,0,0,0,0,0,0,1,0,0
Konstantinos Mavropanos,West Ham United,15,GRE,26,90.0,0,0,0,0,2,0,0,0,75,4,3,2,0.1,0.1,0.0,3,0,56,63,88.9,4,46,0,0,0,2024-09-21,0,1,0,0,0,0,0,0,0,0,0,0,0
Alphonse Areola,West Ham United,23,FRA,31,90.0,0,0,0,0,0,0,0,0,35,0,0,0,0.0,0.0,0.0,0,0,31,33,93.9,0,21,0,0,0,2024-09-21,0,0,0,0,0,1,0,0,0,0,0,0,0
Nicolas Jackson,Chelsea,15,SEN,23,63.0,2,1,0,0,4,2,0,0,28,0,1,0,0.8,0.8,0.4,3,2,14,17,82.4,2,22,5,2,0,2024-09-21,0,0,0,0,1,0,0,0,0,0,0,0,0
Christopher Nkunku,Chelsea,18,FRA,26,27.0,0,0,0,0,1,1,0,0,13,0,0,0,0.6,0.6,0.0,2,0,10,11,90.9,0,11,0,0,0,2024-09-21,0,0,0,0,1,0,0,0,0,0,0,0,0
Jadon Sancho,Chelsea,19,ENG,24,56.0,0,1,0,0,0,0,0,0,22,0,0,0,0.0,0.0,0.3,2,1,18,20,90.0,1,16,1,1,0,2024-09-21,0,0,0,0,0,0,0,0,1,0,0,0,0
Pedro Neto,Chelsea,7,POR,24,34.0,0,0,0,0,0,0,0,0,29,2,0,0,0.0,0.0,0.0,1,0,16,23,69.6,1,19,3,4,3,2024-09-21,0,0,0,0,0,0,0,0,1,0,0,0,0
Noni Madueke,Chelsea,11,ENG,22,90.0,0,0,0,0,2,1,0,0,32,0,1,0,0.2,0.2,0.0,2,0,17,21,81.0,0,19,6,0,0,2024-09-21,0,0,0,0,0,0,0,0,0,0,0,1,0
Cole Palmer,Chelsea,20,ENG,22,63.0,1,0,0,0,2,1,0,0,27,1,0,0,0.4,0.4,0.1,1,0,15,19,78.9,2,25,4,2,0,2024-09-21,1,0,0,0,0,0,0,0,0,0,0,0,0
João Félix,Chelsea,14,POR,24,27.0,0,0,0,0,2,0,0,0,23,1,0,0,0.2,0.2,0.0,0,0,12,15,80.0,3,16,1,4,0,2024-09-21,1,0,0,0,0,0,0,0,0,0,0,0,0
Enzo Fernández,Chelsea,8,ARG,23,83.0,0,0,0,0,0,0,0,0,55,1,1,1,0.0,0.0,0.2,3,1,41,46,89.1,6,33,1,2,0,2024-09-21,0,0,0,1,0,0,0,0,0,0,0,0,0
Kiernan Dewsbury-Hall,Chelsea,22,ENG,26,7.0,0,0,0,0,0,0,0,0,10,0,0,0,0.0,0.0,0.1,1,0,6,8,75.0,1,7,1,1,1,2024-09-21,0,0,0,1,0,0,0,0,0,0,0,0,0
Moisés Caicedo,Chelsea,25,ECU,22,90.0,0,1,0,0,1,0,0,0,72,8,1,2,0.1,0.1,0.4,3,2,48,56,85.7,3,37,0,1,0,2024-09-21,0,0,0,1,0,0,0,0,0,0,0,0,0
Marc Cucurella,Chelsea,3,ESP,26,90.0,0,0,0,0,0,0,1,0,54,3,2,2,0.0,0.0,0.0,1,0,37,39,94.9,0,21,0,0,0,2024-09-21,0,0,0,0,0,0,1,0,0,0,0,0,0
Levi Colwill,Chelsea,6,ENG,21,90.0,0,0,0,0,0,0,0,0,72,0,1,1,0.0,0.0,0.6,1,0,55,62,88.7,2,44,0,0,0,2024-09-21,0,1,0,0,0,0,0,0,0,0,0,0,0
Tosin Adarabioyo,Chelsea,4,ENG,26,90.0,0,0,0,0,0,0,0,0,65,1,1,2,0.0,0.0,0.0,1,0,50,56,89.3,0,42,0,1,1,2024-09-21,0,1,0,0,0,0,0,0,0,0,0,0,0
Wesley Fofana,Chelsea,29,FRA,23,56.0,0,0,0,0,0,0,1,0,30,1,0,0,0.0,0.0,0.0,1,0,22,26,84.6,1,19,1,0,0,2024-09-21,0,0,0,0,0,0,0,0,0,1,0,0,0
Axel Disasi,Chelsea,2,FRA,26,34.0,0,0,0,0,0,0,0,0,21,1,0,1,0.0,0.0,0.0,0,0,14,17,82.4,0,8,1,1,1,2024-09-21,0,0,0,0,0,0,0,0,0,1,0,0,0
Robert Sánchez,Chelsea,1,ESP,26,90.0,0,0,0,0,0,0,0,0,45,0,0,0,0.0,0.0,0.0,0,0,35,43,81.4,0,37,0,0,0,2024-09-21,0,0,0,0,0,1,0,0,0,0,0,0,0
Darwin Núñez,Liverpool,9,URU,25,71.0,1,0,0,0,3,2,0,0,18,4,0,0,0.3,0.3,0.0,1,1,6,10,60.0,2,16,4,0,0,2024-09-21,0,0,0,0,1,0,0,0,0,0,0,0,0
Federico Chiesa,Liverpool,14,ITA,26,19.0,0,0,0,0,2,1,0,0,12,0,0,0,0.2,0.2,0.0,2,0,7,8,87.5,0,11,1,1,0,2024-09-21,0,0,0,0,1,0,0,0,0,0,0,0,0
Luis Díaz,Liverpool,7,COL,27,71.0,2,0,0,0,4,4,0,0,44,0,0,1,0.6,0.6,0.0,7,0,31,33,93.9,3,34,1,5,3,2024-09-21,0,0,0,0,0,0,0,0,1,0,0,0,0
Cody Gakpo,Liverpool,18,NED,25,19.0,0,0,0,0,1,0,0,0,12,0,0,1,0.1,0.1,0.3,2,0,6,7,85.7,0,7,0,1,1,2024-09-21,0,0,0,0,0,0,0,0,1,0,0,0,0
Mohamed Salah,Liverpool,11,EGY,32,90.0,0,1,0,0,4,3,0,0,37,0,0,0,0.6,0.6,0.5,12,2,20,25,80.0,4,39,4,7,5,2024-09-21,0,0,0,0,0,0,0,0,0,0,0,1,0
Dominik Szoboszlai,Liverpool,8,HUN,23,60.0,0,0,0,0,1,0,0,0,51,0,0,1,0.0,0.0,0.0,1,0,40,45,88.9,1,36,0,1,1,2024-09-21,1,0,0,0,0,0,0,0,0,0,0,0,0
Curtis Jones,Liverpool,17,ENG,23,30.0,0,0,0,0,1,0,0,0,24,2,0,1,0.1,0.1,0.0,0,0,19,19,100.0,1,20,1,2,2,2024-09-21,1,0,0,0,0,0,0,0,0,0,0,0,0
Alexis Mac Allister,Liverpool,10,ARG,25,90.0,0,0,0,0,1,1,0,0,72,6,0,2,0.0,0.0,0.4,3,0,54,58,93.1,10,47,4,0,0,2024-09-21,0,0,0,1,0,0,0,0,0,0,0,0,0
Ryan Gravenberch,Liverpool,38,NED,22,90.0,0,0,0,0,1,1,0,0,91,2,1,1,0.0,0.0,0.1,2,0,75,85,88.2,9,64,5,1,1,2024-09-21,0,0,0,1,0,0,0,0,0,0,0,0,0
Andrew Robertson,Liverpool,26,SCO,30,90.0,0,0,0,0,1,0,0,0,76,2,0,0,0.1,0.1,0.2,2,0,62,70,88.6,2,53,4,1,1,2024-09-21,0,0,0,0,0,0,1,0,0,0,0,0,0
Virgil van Dijk,Liverpool,4,NED,33,90.0,0,0,0,0,0,0,0,0,58,0,2,0,0.0,0.0,0.0,0,0,48,48,100.0,1,31,1,0,0,2024-09-21,0,1,0,0,0,0,0,0,0,0,0,0,0
Ibrahima Konaté,Liverpool,5,FRA,25,90.0,0,1,0,0,0,0,1,0,123,0,0,3,0.0,0.0,0.1,3,1,96,110,87.3,2,84,1,0,0,2024-09-21,0,1,0,0,0,0,0,0,0,0,0,0,0
Trent Alexander-Arnold,Liverpool,66,ENG,25,90.0,0,1,0,0,0,0,0,0,69,4,3,0,0.0,0.0,0.3,2,1,42,57,73.7,4,45,4,2,2,2024-09-21,0,0,0,0,0,0,0,0,0,1,0,0,0
Caoimhín Kelleher,Liverpool,62,IRL,25,90.0,0,0,0,0,0,0,0,0,50,0,0,0,0.0,0.0,0.0,1,1,40,44,90.9,0,39,0,0,0,2024-09-21,0,0,0,0,0,1,0,0,0,0,0,0,0
Evanilson,Bournemouth,9,BRA,24,75.0,0,0,0,0,2,0,0,0,16,2,0,1,0.0,0.0,0.3,3,0,8,10,80.0,1,8,1,1,0,2024-09-21,0,0,0,0,1,0,0,0,0,0,0,0,0
Enes Ünal,Bournemouth,26,TUR,27,15.0,0,0,0,0,1,0,0,0,4,0,0,0,0.0,0.0,0.0,1,0,3,3,100.0,1,2,0,0,0,2024-09-21,0,0,0,0,1,0,0,0,0,0,0,0,0
Marcus Tavernier,Bournemouth,16,ENG,25,90.0,0,0,0,0,1,0,0,0,56,1,1,1,0.0,0.0,0.1,7,0,36,45,80.0,8,26,0,3,2,2024-09-21,1,0,0,0,0,0,0,0,1,0,0,0,0
Antoine Semenyo,Bournemouth,24,GHA,24,69.0,0,0,0,0,4,2,0,0,28,1,0,2,0.4,0.4,0.0,3,0,13,20,65.0,0,16,2,4,3,2024-09-21,0,0,0,0,0,0,0,0,0,0,0,1,0
Luis Sinisterra,Bournemouth,17,COL,25,21.0,0,0,0,0,4,2,0,0,19,2,0,0,0.3,0.3,0.1,3,0,10,11,90.9,0,8,0,2,1,2024-09-21,0,0,0,0,0,0,0,0,1,0,0,0,0
Justin Kluivert,Bournemouth,19,NED,25,45.0,0,0,0,0,3,1,1,0,15,2,0,0,0.1,0.1,0.0,0,0,5,7,71.4,1,7,2,0,0,2024-09-21,1,0,0,0,0,0,0,0,0,0,0,0,0
Dango Ouattara,Bournemouth,11,BFA,22,45.0,0,0,0,0,0,0,0,0,26,1,0,1,0.0,0.0,0.0,0,0,8,18,44.4,1,17,5,7,3,2024-09-21,0,0,0,0,0,0,0,0,1,0,0,1,0
Ryan Christie,Bournemouth,10,SCO,29,69.0,0,0,0,0,0,0,1,0,38,0,0,0,0.0,0.0,0.0,1,0,31,31,100.0,3,17,0,3,1,2024-09-21,0,0,0,1,0,0,0,0,0,0,0,0,0
Alex Scott,Bournemouth,8,ENG,21,21.0,0,0,0,0,2,1,0,0,20,1,0,1,0.1,0.1,0.0,0,0,15,16,93.8,3,10,1,1,0,2024-09-21,0,0,0,1,0,0,0,0,0,0,0,0,0
Lewis Cook,Bournemouth,4,ENG,27,90.0,0,0,0,0,0,0,1,0,62,2,2,1,0.0,0.0,0.2,5,0,38,51,74.5,7,19,0,1,0,2024-09-21,0,0,0,1,0,0,0,0,0,0,0,0,0
Milos Kerkez,Bournemouth,3,HUN,20,90.0,0,0,0,0,1,0,0,0,56,3,1,1,0.0,0.0,0.1,5,0,36,47,76.6,6,23,3,1,1,2024-09-21,0,0,0,0,0,0,1,0,0,0,0,0,0
Dean Huijsen,Bournemouth,2,ESP,19,90.0,0,0,0,0,1,0,1,0,52,1,0,0,0.0,0.0,0.1,2,0,43,48,89.6,3,27,0,0,0,2024-09-21,0,1,0,0,0,0,0,0,0,0,0,0,0
Illia Zabarnyi,Bournemouth,27,UKR,22,90.0,0,0,0,0,0,0,0,0,74,3,2,3,0.0,0.0,0.0,2,0,56,60,93.3,4,30,0,0,0,2024-09-21,0,1,0,0,0,0,0,0,0,0,0,0,0
Julian Araujo,Bournemouth,22,MEX,23,69.0,0,0,0,0,0,0,0,0,45,1,1,0,0.0,0.0,0.0,1,0,28,36,77.8,4,20,1,0,0,2024-09-21,0,0,0,0,0,0,0,0,0,1,0,0,0
Adam Smith,Bournemouth,15,ENG,33,21.0,0,0,0,0,0,0,0,0,6,0,0,1,0.0,0.0,0.0,0,0,4,5,80.0,0,3,0,0,0,2024-09-21,0,0,0,0,0,0,0,0,0,1,0,0,0
Kepa Arrizabalaga,Bournemouth,13,ESP,29,90.0,0,0,0,0,0,0,0,0,39,0,0,0,0.0,0.0,0.0,0,0,26,34,76.5,0,21,0,0,0,2024-09-21,0,0,0,0,0,1,0,0,0,0,0,0,0
Jamie Vardy,Leicester City,9,ENG,37,82.0,0,0,0,0,0,0,0,0,14,0,0,0,0.0,0.0,0.0,1,0,6,9,66.7,0,9,1,0,0,2024-09-21,0,0,0,0,1,0,0,0,0,0,0,0,0
Odsonne Édouard,Leicester City,29,FRA,26,8.0,0,0,0,0,0,0,0,0,5,0,0,0,0.0,0.0,0.0,1,0,2,3,66.7,1,3,0,0,0,2024-09-21,0,0,0,0,1,0,0,0,0,0,0,0,0
Stephy Mavididi,Leicester City,10,ENG,26,89.0,1,0,0,0,3,1,0,0,67,3,0,4,0.3,0.3,0.1,3,0,37,50,74.0,4,48,4,9,5,2024-09-21,0,0,0,0,0,0,0,0,1,0,0,0,0
Abdul Fatawu Issahaku,Leicester City,7,GHA,20,1.0,0,0,0,0,0,0,0,0,2,0,0,0,0.0,0.0,0.0,0,0,1,2,50.0,0,1,0,0,0,2024-09-21,0,0,0,0,0,0,0,0,1,0,0,0,0
Jordan Ayew,Leicester City,18,GHA,33,90.0,0,0,0,0,2,0,0,0,30,1,0,1,0.1,0.1,0.0,0,0,14,22,63.6,0,23,1,0,0,2024-09-21,0,0,0,0,0,0,0,0,0,0,0,1,0
Bilal El Khannouss,Leicester City,11,MAR,20,55.0,0,0,0,0,0,0,0,0,41,1,0,0,0.0,0.0,0.1,2,0,31,37,83.8,7,29,4,0,0,2024-09-21,1,0,0,0,0,0,0,0,0,0,0,0,0
Facundo Buonanotte,Leicester City,40,ARG,19,35.0,0,0,0,0,1,0,1,0,27,1,0,0,0.0,0.0,0.0,0,0,15,19,78.9,3,21,1,3,0,2024-09-21,1,0,0,0,0,0,0,0,0,0,0,0,0
Wilfred Ndidi,Leicester City,6,NGA,27,90.0,0,0,0,0,3,1,0,0,69,6,2,1,0.1,0.1,0.0,1,0,40,54,74.1,4,45,3,3,2,2024-09-21,0,0,0,1,0,0,0,0,0,0,0,0,0
Harry Winks,Leicester City,8,ENG,28,90.0,0,0,0,0,1,0,0,0,68,2,0,0,0.0,0.0,0.1,7,0,52,61,85.2,9,52,3,1,0,2024-09-21,0,0,0,1,0,0,0,0,0,0,0,0,0
Victor Bernth Kristiansen,Leicester City,16,DEN,21,90.0,0,0,0,0,0,0,0,0,96,3,1,0,0.0,0.0,0.0,2,0,74,88,84.1,8,60,2,1,0,2024-09-21,0,0,0,0,0,0,1,0,0,0,0,0,0
Caleb Okoli,Leicester City,5,ITA,23,90.0,0,0,0,0,1,0,0,0,58,2,0,3,0.1,0.1,0.0,1,0,46,48,95.8,0,38,0,0,0,2024-09-21,0,1,0,0,0,0,0,0,0,0,0,0,0
Wout Faes,Leicester City,3,BEL,26,90.0,0,0,0,0,1,0,0,0,67,2,0,2,0.1,0.1,0.0,0,0,47,52,90.4,5,41,2,0,0,2024-09-21,0,1,0,0,0,0,0,0,0,0,0,0,0
James Justin,Leicester City,2,ENG,26,90.0,0,0,0,0,0,0,0,0,57,3,1,2,0.0,0.0,0.0,3,0,33,44,75.0,3,25,1,1,1,2024-09-21,0,0,0,0,0,0,0,0,0,1,0,0,0
Mads Hermansen,Leicester City,30,DEN,24,90.0,0,0,0,0,0,0,0,0,35,0,0,0,0.0,0.0,0.0,0,0,28,33,84.8,0,21,0,0,0,2024-09-21,0,0,0,0,0,1,0,0,0,0,0,0,0
Dominic Calvert-Lewin,Everton,9,ENG,27,90.0,0,0,0,0,5,2,0,0,29,0,0,1,0.3,0.3,0.0,3,0,8,13,61.5,1,15,1,2,1,2024-09-21,0,0,0,0,1,0,0,0,0,0,0,0,0
Iliman Ndiaye,Everton,10,SEN,24,80.0,1,0,0,0,2,1,0,0,39,0,1,0,0.2,0.2,0.4,8,1,25,28,89.3,1,27,3,6,1,2024-09-21,0,0,0,0,0,0,0,0,1,0,0,0,0
Tim Iroegbunam,Everton,42,ENG,21,10.0,0,0,0,0,0,0,0,0,10,2,0,1,0.0,0.0,0.0,1,0,2,4,50.0,0,2,0,0,0,2024-09-21,0,0,0,0,0,0,0,0,1,0,0,0,0
Jesper Lindstrøm,Everton,29,DEN,24,60.0,0,0,0,0,4,1,0,0,34,4,1,1,0.5,0.5,0.1,1,0,14,18,77.8,0,20,2,3,1,2024-09-21,0,0,0,0,0,0,0,0,0,0,0,1,0
Jack Harrison,Everton,11,ENG,27,30.0,0,0,0,0,0,0,0,0,10,2,0,0,0.0,0.0,0.0,1,0,4,5,80.0,0,4,0,0,0,2024-09-21,0,0,0,0,0,0,0,0,0,0,0,1,0
Dwight McNeil,Everton,7,ENG,24,90.0,0,0,0,0,4,1,0,0,55,1,0,1,0.1,0.1,0.1,4,0,33,44,75.0,8,32,6,6,2,2024-09-21,1,0,0,0,0,0,0,0,0,0,0,0,0
Abdoulaye Doucouré,Everton,16,MLI,31,90.0,0,0,0,0,1,0,0,0,53,3,2,3,0.0,0.0,0.0,1,0,32,37,86.5,4,28,0,0,0,2024-09-21,0,0,0,1,0,0,0,0,0,0,0,0,0
Orel Mangala,Everton,8,BEL,26,90.0,0,0,0,0,0,0,0,0,57,0,3,0,0.0,0.0,0.1,5,0,44,48,91.7,5,29,0,2,1,2024-09-21,0,0,0,1,0,0,0,0,0,0,0,0,0
Ashley Young,Everton,18,ENG,39,90.0,0,1,0,0,0,0,0,0,65,2,1,0,0.0,0.0,0.1,2,1,48,61,78.7,3,37,3,1,1,2024-09-21,0,0,0,0,0,0,1,0,0,0,0,0,0
Michael Keane,Everton,5,ENG,31,90.0,0,0,0,0,0,0,1,0,30,1,0,1,0.0,0.0,0.0,0,0,15,19,78.9,0,12,0,0,0,2024-09-21,0,1,0,0,0,0,0,0,0,0,0,0,0
James Tarkowski,Everton,6,ENG,31,90.0,0,0,0,0,0,0,0,0,40,0,0,0,0.0,0.0,0.0,1,0,20,28,71.4,0,10,0,0,0,2024-09-21,0,1,0,0,0,0,0,0,0,0,0,0,0
James Garner,Everton,37,ENG,23,90.0,0,0,0,0,1,0,1,0,55,3,1,1,0.0,0.0,0.0,3,0,27,41,65.9,2,19,0,2,0,2024-09-21,0,0,0,0,0,0,0,0,0,1,0,0,0
Jordan Pickford,Everton,1,ENG,30,90.0,0,0,0,0,0,0,0,0,34,0,0,0,0.0,0.0,0.0,0,0,23,34,67.6,0,12,0,0,0,2024-09-21,0,0,0,0,0,1,0,0,0,0,0,0,0
Cameron Archer,Southampton,19,ENG,23,58.0,0,0,0,0,3,1,0,0,20,1,0,0,1.3,1.3,0.0,2,0,10,13,76.9,0,12,1,2,2,2024-09-21,0,0,0,0,1,0,0,0,0,0,0,0,0
Ben Brereton,Southampton,17,CHI,25,32.0,0,0,0,0,2,0,0,0,16,0,0,0,0.3,0.3,0.0,2,0,11,13,84.6,0,11,0,0,0,2024-09-21,0,0,0,0,0,0,0,0,1,0,0,0,0
Ryan Fraser,Southampton,24,SCO,30,58.0,0,0,0,0,0,0,0,0,27,3,0,0,0.0,0.0,0.0,0,0,15,19,78.9,0,12,2,1,0,2024-09-21,0,0,0,0,0,0,0,0,1,0,0,0,0
Ross Stewart,Southampton,11,SCO,28,32.0,0,0,0,0,1,0,1,0,13,0,0,1,0.0,0.0,0.0,2,0,7,9,77.8,0,2,0,0,0,2024-09-21,0,0,0,0,1,0,0,0,0,0,0,0,0
Tyler Dibling,Southampton,33,ENG,18,81.0,1,0,0,0,1,1,0,0,32,1,0,0,0.7,0.7,0.5,3,1,23,28,82.1,4,25,3,5,3,2024-09-21,0,0,0,0,0,0,0,0,0,0,0,1,0
Adam Armstrong,Southampton,9,ENG,27,9.0,0,0,0,0,0,0,0,0,2,0,0,0,0.0,0.0,0.0,0,0,2,2,100.0,0,0,0,0,0,2024-09-21,0,0,0,0,0,0,0,0,0,0,0,1,0
Mateus Fernandes,Southampton,18,POR,20,89.0,0,0,0,0,1,0,0,0,42,2,0,0,0.1,0.1,0.7,5,0,28,32,87.5,3,23,4,6,3,2024-09-21,1,0,0,0,0,0,0,0,0,0,0,0,0
Joe Aribo,Southampton,7,NGA,28,1.0,0,0,0,0,0,0,0,0,2,0,0,0,0.0,0.0,0.0,0,0,1,2,50.0,0,0,0,0,0,2024-09-21,1,0,0,0,0,0,0,0,0,0,0,0,0
Adam Lallana,Southampton,10,ENG,36,58.0,0,1,0,0,1,0,1,0,44,1,2,0,0.0,0.0,0.7,1,1,35,37,94.6,3,23,0,1,1,2024-09-21,0,0,0,1,0,0,0,0,0,0,0,0,0
Lesley Ugochukwu,Southampton,26,FRA,20,32.0,0,0,0,0,0,0,0,0,11,0,1,2,0.0,0.0,0.0,0,0,8,8,100.0,0,2,0,0,0,2024-09-21,0,0,0,1,0,0,0,0,0,0,0,0,0
Flynn Downes,Southampton,4,ENG,25,90.0,0,0,0,0,1,0,1,0,61,1,2,0,0.0,0.0,0.4,1,0,50,54,92.6,3,21,1,0,0,2024-09-21,0,0,0,1,0,0,0,0,0,0,0,0,0
Charlie Taylor,Southampton,21,ENG,31,90.0,0,0,0,0,0,0,1,0,78,2,1,1,0.0,0.0,0.0,0,0,52,62,83.9,2,30,1,1,1,2024-09-21,0,0,0,0,0,0,1,0,0,0,0,0,0
Jan Bednarek,Southampton,35,POL,28,90.0,0,0,0,0,0,0,0,0,104,3,5,1,0.0,0.0,0.0,0,0,89,93,95.7,1,53,0,0,0,2024-09-21,0,1,0,0,0,0,0,0,0,0,0,0,0
Taylor Harwood-Bellis,Southampton,6,ENG,22,90.0,0,0,0,0,1,1,0,0,70,0,3,1,0.1,0.1,0.0,0,0,50,57,87.7,2,36,0,0,0,2024-09-21,0,1,0,0,0,0,0,0,0,0,0,0,0
Yukinari Sugawara,Southampton,16,JPN,24,90.0,0,0,0,0,0,0,0,0,59,2,1,2,0.0,0.0,0.1,3,0,37,51,72.5,7,31,2,0,0,2024-09-21,0,0,0,0,0,0,0,0,0,1,0,0,0
Aaron Ramsdale,Southampton,30,ENG,26,90.0,0,0,0,0,0,0,0,0,41,0,0,0,0.0,0.0,0.0,0,0,21,37,56.8,0,29,0,0,0,2024-09-21,0,0,0,0,0,1,0,0,0,0,0,0,0
Liam Delap,Ipswich Town,19,ENG,21,72.0,0,0,0,0,1,0,1,0,16,0,0,0,0.0,0.0,0.0,0,0,5,10,50.0,2,10,0,2,1,2024-09-21,0,0,0,0,1,0,0,0,0,0,0,0,0
George Hirst,Ipswich Town,27,ENG,25,18.0,0,0,0,0,2,1,0,0,6,0,0,0,0.5,0.5,0.0,1,1,3,3,100.0,1,4,0,0,0,2024-09-21,0,0,0,0,1,0,0,0,0,0,0,0,0
Sammie Szmodics,Ipswich Town,23,IRL,28,61.0,0,0,0,0,3,1,0,0,19,0,0,0,0.7,0.7,0.0,0,0,7,11,63.6,0,11,0,0,0,2024-09-21,0,0,0,0,0,0,0,0,1,0,0,0,0
Jack Clarke,Ipswich Town,47,ENG,23,29.0,0,0,0,0,0,0,0,0,10,0,0,0,0.0,0.0,0.4,1,0,8,8,100.0,0,5,1,1,0,2024-09-21,0,0,0,0,0,0,0,0,1,0,0,0,0
Wes Burns,Ipswich Town,7,WAL,29,72.0,0,0,0,0,0,0,0,0,35,2,0,0,0.0,0.0,0.6,2,0,22,28,78.6,1,24,2,2,1,2024-09-21,0,0,0,0,0,0,0,0,0,0,0,1,0
Conor Chaplin,Ipswich Town,10,ENG,27,18.0,0,0,0,0,0,0,0,0,9,0,0,0,0.0,0.0,0.0,0,0,4,6,66.7,1,5,1,0,0,2024-09-21,0,0,0,0,0,0,0,0,0,0,0,1,0
Omari Hutchinson,Ipswich Town,20,ENG,20,90.0,0,0,0,0,1,1,1,0,55,1,3,1,0.0,0.0,0.3,5,0,35,41,85.4,8,41,5,6,3,2024-09-21,1,0,0,0,0,0,0,0,0,0,0,0,0
Jens Cajuste,Ipswich Town,12,SWE,25,60.0,0,0,0,0,1,0,0,0,34,2,0,0,0.0,0.0,0.0,1,0,23,26,88.5,2,14,0,0,0,2024-09-21,0,0,0,1,0,0,0,0,0,0,0,0,0
Jack Taylor,Ipswich Town,14,IRL,26,30.0,0,0,0,0,0,0,1,0,18,1,1,0,0.0,0.0,0.0,1,0,13,15,86.7,1,7,0,0,0,2024-09-21,0,0,0,1,0,0,0,0,0,0,0,0,0
Sam Morsy,Ipswich Town,5,EGY,33,90.0,1,0,0,0,2,1,0,0,65,4,1,0,0.1,0.1,0.0,2,0,53,59,89.8,11,39,0,0,0,2024-09-21,0,0,0,1,0,0,0,0,0,0,0,0,0
Leif Davis,Ipswich Town,3,ENG,24,90.0,0,0,0,0,1,1,0,0,58,0,1,1,0.2,0.2,0.2,4,0,31,52,59.6,1,23,2,2,1,2024-09-21,0,0,0,0,0,0,1,0,0,0,0,0,0
Jacob Greaves,Ipswich Town,24,ENG,24,90.0,0,0,0,0,1,0,0,0,63,5,1,0,0.0,0.0,0.0,0,0,48,54,88.9,4,29,0,1,1,2024-09-21,0,1,0,0,0,0,0,0,0,0,0,0,0
Dara O'Shea,Ipswich Town,26,IRL,25,90.0,0,0,0,0,1,1,1,0,70,1,4,1,0.1,0.1,0.0,1,0,47,57,82.5,2,36,0,1,1,2024-09-21,0,1,0,0,0,0,0,0,0,0,0,0,0
Axel Tuanzebe,Ipswich Town,40,COD,26,81.0,0,0,0,0,0,0,0,0,57,1,2,1,0.0,0.0,0.0,3,0,44,50,88.0,6,36,1,1,0,2024-09-21,0,0,0,0,0,0,0,0,0,1,0,0,0
Ben Johnson,Ipswich Town,18,ENG,24,9.0,0,0,0,0,0,0,0,0,10,0,0,1,0.0,0.0,0.0,1,0,5,7,71.4,1,5,1,1,0,2024-09-21,0,0,0,0,0,0,0,0,0,1,0,0,0
Arijanet Muric,Ipswich Town,1,KVX,25,90.0,0,0,0,0,0,0,0,0,27,0,0,0,0.0,0.0,0.0,0,0,23,25,92.0,0,16,0,0,0,2024-09-21,0,0,0,0,0,1,0,0,0,0,0,0,0
Dominic Solanke,Tottenham Hotspur,19,ENG,27,87.0,1,0,0,0,4,2,0,0,32,0,0,0,1.6,1.6,0.0,2,0,11,20,55.0,2,20,4,1,0,2024-09-21,0,0,0,0,1,0,0,0,0,0,0,0,0
Mikey Moore,Tottenham Hotspur,47,ENG,17,3.0,0,0,0,0,0,0,0,0,2,0,0,0,0.0,0.0,0.0,0,0,1,2,50.0,0,2,1,0,0,2024-09-21,0,0,0,0,1,0,0,0,1,0,0,0,0
Son Heung-min,Tottenham Hotspur,7,KOR,32,90.0,0,2,0,0,1,1,0,0,47,0,0,1,0.1,0.1,1.1,9,2,34,42,81.0,8,29,6,2,1,2024-09-21,0,0,0,0,1,0,0,0,1,0,0,0,0
Brennan Johnson,Tottenham Hotspur,22,WAL,23,69.0,1,0,0,0,6,2,0,0,32,0,0,0,0.5,0.5,0.1,2,0,15,21,71.4,3,24,5,0,0,2024-09-21,0,0,0,0,0,0,0,0,0,0,0,1,0
Pape Matar Sarr,Tottenham Hotspur,29,SEN,22,21.0,0,0,0,0,0,0,0,0,15,0,0,0,0.0,0.0,0.0,0,0,11,15,73.3,0,10,0,0,0,2024-09-21,0,0,0,0,0,0,0,0,0,0,1,0,0
James Maddison,Tottenham Hotspur,10,ENG,27,87.0,1,0,0,0,3,2,1,0,77,3,1,0,0.9,0.9,0.4,10,2,45,57,78.9,11,51,5,11,7,2024-09-21,0,0,0,0,0,0,0,1,0,0,0,0,0
Lucas Bergvall,Tottenham Hotspur,15,SWE,18,3.0,0,0,0,0,0,0,0,0,1,0,0,0,0.0,0.0,0.0,0,0,1,1,100.0,0,1,0,0,0,2024-09-21,0,0,0,0,0,0,0,1,0,0,0,0,0
Rodrigo Bentancur,Tottenham Hotspur,30,URU,27,62.0,0,0,0,0,1,0,0,0,37,2,3,1,0.1,0.1,0.0,2,0,25,31,80.6,4,19,1,2,1,2024-09-21,0,0,1,0,0,0,0,0,0,0,0,0,0
Yves Bissouma,Tottenham Hotspur,8,MLI,28,28.0,0,0,0,0,0,0,1,0,16,1,0,0,0.0,0.0,0.0,0,0,13,13,100.0,2,8,0,0,0,2024-09-21,0,0,1,0,0,0,0,0,0,0,0,0,0
Dejan Kulusevski,Tottenham Hotspur,21,SWE,24,90.0,0,0,0,0,4,1,0,0,46,0,1,0,0.4,0.4,0.2,5,0,22,33,66.7,7,23,2,3,1,2024-09-21,0,0,0,0,0,0,0,0,0,0,1,1,0
Destiny Udogie,Tottenham Hotspur,13,ITA,21,90.0,0,0,0,0,1,0,0,0,88,6,4,2,0.0,0.0,0.1,4,0,49,63,77.8,3,43,5,1,1,2024-09-21,0,0,0,0,0,0,1,0,0,0,0,0,0
Micky van de Ven,Tottenham Hotspur,37,NED,23,90.0,0,0,0,0,0,0,1,0,53,2,1,1,0.0,0.0,0.0,0,0,38,42,90.5,0,30,1,0,0,2024-09-21,0,1,0,0,0,0,0,0,0,0,0,0,0
Cristian Romero,Tottenham Hotspur,17,ARG,26,90.0,0,0,0,0,1,1,0,0,65,0,3,0,0.1,0.1,0.0,2,1,47,55,85.5,7,37,1,0,0,2024-09-21,0,1,0,0,0,0,0,0,0,0,0,0,0
Pedro Porro,Tottenham Hotspur,23,ESP,25,87.0,0,0,0,0,2,0,0,0,64,4,4,1,0.1,0.1,0.0,2,0,36,51,70.6,9,41,3,2,0,2024-09-21,0,0,0,0,0,0,0,0,0,1,0,0,0
Archie Gray,Tottenham Hotspur,14,ENG,18,3.0,0,0,0,0,0,0,0,0,5,0,0,1,0.0,0.0,0.0,0,0,3,4,75.0,0,1,0,0,0,2024-09-21,0,0,0,0,0,0,0,0,0,1,0,0,0
Guglielmo Vicario,Tottenham Hotspur,1,ITA,27,90.0,0,0,0,0,0,0,0,0,41,0,0,0,0.0,0.0,0.0,0,0,30,35,85.7,0,28,0,0,0,2024-09-21,0,0,0,0,0,1,0,0,0,0,0,0,0
Bryan Mbeumo,Brentford,19,CMR,25,90.0,1,0,0,0,3,3,0,0,45,1,0,0,0.6,0.6,0.0,0,0,25,36,69.4,0,24,2,1,0,2024-09-21,0,0,0,0,1,0,0,0,0,0,0,0,0
Fabio Carvalho,Brentford,14,POR,22,86.0,0,0,0,0,0,0,0,0,36,2,1,1,0.0,0.0,0.4,2,0,18,27,66.7,3,20,2,2,1,2024-09-21,0,0,1,0,1,0,0,0,0,0,0,0,0
Ryan Trevitt,Brentford,28,ENG,21,4.0,0,0,0,0,0,0,0,0,7,1,0,0,0.0,0.0,0.0,0,0,4,7,57.1,0,4,0,0,0,2024-09-21,0,0,1,0,0,0,0,0,0,0,0,0,0
Mikkel Damsgaard,Brentford,24,DEN,24,78.0,0,0,0,0,1,1,0,0,53,4,4,5,0.1,0.1,0.0,1,0,23,34,67.6,2,28,3,5,3,2024-09-21,0,0,1,0,0,0,0,0,0,0,0,0,0
Yunus Emre Konak,Brentford,26,TUR,18,12.0,0,0,0,0,0,0,0,0,11,1,0,0,0.0,0.0,0.0,0,0,7,8,87.5,0,4,0,1,0,2024-09-21,0,0,1,0,0,0,0,0,0,0,0,0,0
Vitaly Janelt,Brentford,27,GER,26,90.0,0,0,0,0,0,0,0,0,58,2,2,1,0.0,0.0,0.0,0,0,44,52,84.6,4,22,0,0,0,2024-09-21,0,0,1,0,0,0,0,0,0,0,0,0,0
Yehor Yarmoliuk,Brentford,18,UKR,20,62.0,0,0,0,0,0,0,0,0,51,1,2,3,0.0,0.0,0.0,1,1,28,39,71.8,1,22,0,1,1,2024-09-21,0,0,1,0,0,0,0,0,0,0,0,0,0
Kevin Schade,Brentford,7,GER,22,28.0,0,0,0,0,1,1,0,0,10,2,0,0,0.1,0.1,0.0,0,0,3,5,60.0,0,4,0,1,0,2024-09-21,0,0,0,0,1,0,0,0,0,0,0,0,0
Keane Lewis-Potter,Brentford,23,ENG,23,90.0,0,1,0,0,1,1,0,0,44,2,1,5,0.0,0.0,0.1,3,1,26,30,86.7,5,26,0,3,1,2024-09-21,0,0,0,0,0,0,1,0,0,0,0,0,0
Nathan Collins,Brentford,22,IRL,23,90.0,0,0,0,0,0,0,0,0,61,2,0,3,0.0,0.0,0.0,0,0,40,51,78.4,1,30,1,0,0,2024-09-21,0,1,0,0,0,0,0,0,0,0,0,0,0
Ethan Pinnock,Brentford,5,JAM,31,90.0,0,0,0,0,0,0,0,0,67,4,0,4,0.0,0.0,0.0,0,0,45,52,86.5,2,22,0,0,0,2024-09-21,0,1,0,0,0,0,0,0,0,0,0,0,0
Sepp van den Berg,Brentford,4,NED,22,90.0,0,0,0,0,0,0,0,0,75,5,1,4,0.0,0.0,0.1,1,0,52,58,89.7,4,30,0,0,0,2024-09-21,0,1,0,0,0,0,0,0,0,0,0,0,0
Kristoffer Ajer,Brentford,20,NOR,26,78.0,0,0,0,0,0,0,1,0,45,0,0,1,0.0,0.0,0.2,1,0,31,37,83.8,2,25,2,3,2,2024-09-21,0,0,0,0,0,0,0,0,0,1,0,0,0
Mads Roerslev,Brentford,30,DEN,25,12.0,0,0,0,0,0,0,0,0,17,0,0,0,0.0,0.0,0.0,0,0,14,17,82.4,2,10,0,0,0,2024-09-21,0,0,0,0,0,0,0,0,0,1,0,0,0
Mark Flekken,Brentford,1,NED,31,90.0,0,0,0,0,0,0,0,0,74,0,0,0,0.0,0.0,0.0,0,0,51,70,72.9,0,51,0,0,0,2024-09-21,0,0,0,0,0,1,0,0,0,0,0,0,0
Raúl Jiménez,Fulham,7,MEX,33,73.0,1,0,0,0,4,3,0,0,24,2,0,0,0.5,0.5,0.0,3,1,10,15,66.7,2,15,0,1,0,2024-09-21,0,0,0,0,1,0,0,0,0,0,0,0,0
Rodrigo Muniz,Fulham,9,BRA,23,17.0,0,1,0,0,2,1,0,0,7,0,0,0,0.2,0.2,0.3,1,0,2,3,66.7,1,3,1,0,0,2024-09-21,0,0,0,0,1,0,0,0,0,0,0,0,0
Alex Iwobi,Fulham,17,NGA,28,90.0,0,1,0,0,3,2,0,0,46,0,1,1,0.4,0.4,0.6,6,1,26,33,78.8,5,35,4,4,1,2024-09-21,0,0,0,0,0,0,0,0,1,0,1,1,0
Adama Traoré,Fulham,11,ESP,28,73.0,0,1,0,0,1,1,1,0,34,1,0,0,0.1,0.1,0.4,7,1,27,29,93.1,5,29,7,3,1,2024-09-21,0,0,0,0,0,0,0,0,0,0,0,1,0
Reiss Nelson,Fulham,19,ENG,24,17.0,1,0,0,0,1,1,0,0,8,2,0,0,0.3,0.3,0.1,1,0,4,6,66.7,0,7,3,3,0,2024-09-21,0,0,0,0,0,0,0,1,1,0,0,0,0
Emile Smith Rowe,Fulham,32,ENG,24,83.0,1,0,0,0,3,1,0,0,37,3,0,0,0.4,0.4,0.0,3,1,25,28,89.3,7,26,5,1,0,2024-09-21,1,0,0,0,0,0,0,0,0,0,0,0,0
Issa Diop,Fulham,31,FRA,27,7.0,0,0,0,0,0,0,0,0,4,2,0,0,0.0,0.0,0.0,0,0,2,2,100.0,0,1,0,0,0,2024-09-21,0,1,0,0,0,0,0,0,0,0,0,0,0
Saša Lukić,Fulham,20,SRB,28,45.0,0,0,0,0,0,0,1,0,23,0,0,1,0.0,0.0,0.2,2,0,21,22,95.5,1,16,0,1,1,2024-09-21,0,0,0,1,0,0,0,0,0,0,0,0,0
Sander Berge,Fulham,16,NOR,26,45.0,0,0,0,0,0,0,0,0,17,1,2,0,0.0,0.0,0.0,2,0,12,12,100.0,0,9,0,1,0,2024-09-21,0,0,1,1,0,0,0,0,0,0,0,0,0
Andreas Pereira,Fulham,18,BRA,28,66.0,0,0,0,0,2,1,1,0,41,3,0,0,0.1,0.1,0.1,3,0,22,33,66.7,3,23,0,1,0,2024-09-21,0,0,0,1,0,0,0,0,0,0,0,0,0
Harrison Reed,Fulham,6,ENG,29,24.0,0,0,0,0,0,0,1,0,13,2,0,0,0.0,0.0,0.0,0,0,6,8,75.0,0,6,1,0,0,2024-09-21,0,0,1,1,0,0,0,0,0,0,0,0,0
Antonee Robinson,Fulham,33,USA,27,90.0,0,0,0,0,1,0,0,0,42,0,0,2,0.1,0.1,0.1,2,0,28,34,82.4,1,23,1,1,1,2024-09-21,0,0,0,0,0,0,1,0,0,0,0,0,0
Calvin Bassey,Fulham,3,NGA,24,90.0,0,0,0,0,0,0,0,0,41,1,0,1,0.0,0.0,0.0,2,0,30,31,96.8,1,17,0,0,0,2024-09-21,0,1,0,0,0,0,0,0,0,0,0,0,0
Joachim Andersen,Fulham,5,DEN,28,90.0,0,0,0,0,3,1,0,0,62,0,2,1,0.1,0.1,0.2,2,0,40,49,81.6,2,34,2,0,0,2024-09-21,0,1,0,0,0,0,0,0,0,0,0,0,0
Kenny Tete,Fulham,2,NED,28,90.0,0,0,0,0,2,0,1,0,52,2,1,0,0.3,0.3,0.0,2,0,34,43,79.1,2,28,3,1,0,2024-09-21,0,0,0,0,0,0,0,0,0,1,0,0,0
Bernd Leno,Fulham,1,GER,32,90.0,0,0,0,0,0,0,1,0,33,0,0,0,0.0,0.0,0.0,0,0,16,31,51.6,0,21,0,0,0,2024-09-21,0,0,0,0,0,1,0,0,0,0,0,0,0
Alexander Isak,Newcastle United,14,SWE,25,90.0,0,0,0,0,2,0,0,0,24,0,0,1,0.1,0.1,0.0,4,0,13,17,76.5,1,11,1,2,1,2024-09-21,1,0,0,0,1,0,0,0,0,0,0,0,0
Harvey Barnes,Newcastle United,11,ENG,26,90.0,1,0,0,0,4,2,0,0,48,1,0,0,0.4,0.4,0.4,4,0,37,39,94.9,7,35,4,1,0,2024-09-21,0,0,0,0,0,0,0,0,1,0,0,0,0
Anthony Gordon,Newcastle United,10,ENG,23,82.0,0,0,0,0,2,1,0,0,41,1,0,0,0.4,0.4,0.1,5,0,22,31,71.0,1,34,4,4,2,2024-09-21,1,0,0,0,0,0,0,0,0,0,0,1,0
William Osula,Newcastle United,18,DEN,21,8.0,0,0,0,0,0,0,0,0,3,0,0,0,0.0,0.0,0.0,0,0,1,2,50.0,0,3,1,1,1,2024-09-21,0,0,0,0,1,0,0,0,0,0,0,0,0
Joe Willock,Newcastle United,28,ENG,25,45.0,0,0,0,0,0,0,0,0,15,0,2,0,0.0,0.0,0.0,1,0,12,13,92.3,4,13,0,0,0,2024-09-21,0,0,0,0,0,0,0,1,0,0,0,0,0
Jacob Murphy,Newcastle United,23,ENG,29,45.0,0,1,0,0,1,0,0,0,30,0,0,1,0.0,0.0,0.1,2,2,18,23,78.3,4,19,2,2,0,2024-09-21,0,0,0,0,0,0,0,0,0,0,0,1,0
Bruno Guimarães,Newcastle United,39,BRA,26,90.0,0,0,0,0,1,0,0,0,87,2,3,0,0.0,0.0,0.0,4,0,68,77,88.3,8,70,0,3,2,2024-09-21,0,0,1,1,0,0,0,0,0,0,0,0,0
Joelinton,Newcastle United,7,BRA,28,73.0,0,0,0,0,2,0,0,0,45,2,0,1,0.1,0.1,0.1,3,0,31,35,88.6,3,28,0,1,0,2024-09-21,0,0,0,1,0,0,0,0,0,0,1,0,0
Sandro Tonali,Newcastle United,8,ITA,24,17.0,0,0,0,0,1,1,0,0,12,0,0,0,0.0,0.0,0.0,1,0,9,11,81.8,1,8,0,1,1,2024-09-21,0,0,0,1,0,0,0,0,0,0,0,0,0
Lloyd Kelly,Newcastle United,25,ENG,25,45.0,0,0,0,0,0,0,0,0,34,0,0,2,0.0,0.0,0.0,0,0,26,30,86.7,2,23,0,0,0,2024-09-21,0,0,0,0,0,0,1,0,0,0,0,0,0
Lewis Hall,Newcastle United,20,ENG,20,45.0,0,0,0,0,0,0,0,0,50,1,2,0,0.0,0.0,0.1,3,0,41,44,93.2,2,32,3,0,0,2024-09-21,0,0,0,0,0,0,1,0,0,0,0,0,0
Dan Burn,Newcastle United,33,ENG,32,90.0,0,0,0,0,1,1,0,0,109,1,0,1,0.0,0.0,0.0,1,0,90,93,96.8,4,71,0,0,0,2024-09-21,0,1,0,0,0,0,0,0,0,0,0,0,0
Fabian Schär,Newcastle United,5,SUI,32,90.0,0,0,0,0,2,0,0,0,96,0,2,0,0.4,0.4,0.0,1,0,82,90,91.1,4,68,0,0,0,2024-09-21,0,1,0,0,0,0,0,0,0,0,0,0,0
Kieran Trippier,Newcastle United,2,ENG,34,73.0,0,0,0,0,0,0,0,0,60,1,1,0,0.0,0.0,0.0,1,0,50,57,87.7,3,28,0,0,0,2024-09-21,0,0,0,0,0,0,0,0,0,1,0,0,0
Valentino Livramento,Newcastle United,21,ENG,21,17.0,0,0,0,0,0,0,0,0,15,0,0,0,0.0,0.0,0.0,0,0,13,15,86.7,2,7,0,0,0,2024-09-21,0,0,0,0,0,0,0,0,0,1,0,0,0
Nick Pope,Newcastle United,22,ENG,32,90.0,0,0,0,0,0,0,0,0,33,0,0,0,0.0,0.0,0.0,0,0,24,28,85.7,0,15,0,0,0,2024-09-21,0,0,0,0,0,1,0,0,0,0,0,0,0
Ollie Watkins,Aston Villa,11,ENG,28,89.0,1,0,0,0,3,1,0,0,21,0,1,0,0.3,0.3,0.0,0,0,8,10,80.0,0,13,4,2,0,2024-09-21,0,0,0,0,1,0,0,0,0,0,0,0,0
Emi Buendía,Aston Villa,10,ARG,27,1.0,0,0,0,0,0,0,0,0,4,0,0,0,0.0,0.0,0.0,0,0,4,4,100.0,0,5,0,0,0,2024-09-21,0,0,0,0,1,0,0,0,0,0,0,0,0
Jacob Ramsey,Aston Villa,41,ENG,23,61.0,0,0,0,0,0,0,0,0,26,1,0,0,0.0,0.0,0.0,1,0,17,22,77.3,1,23,1,1,1,2024-09-21,0,0,0,0,0,0,0,0,1,0,0,0,0
Jhon Durán,Aston Villa,9,COL,20,29.0,1,0,0,0,2,1,0,0,12,1,0,1,1.0,1.0,0.0,1,0,4,4,100.0,0,11,0,1,0,2024-09-21,0,0,0,0,0,0,0,0,1,0,0,0,0
John McGinn,Aston Villa,7,SCO,29,45.0,0,0,0,0,1,0,0,0,19,0,0,1,0.0,0.0,0.0,0,0,13,16,81.3,4,11,1,0,0,2024-09-21,0,0,0,0,0,0,0,0,0,0,0,1,0
Ian Maatsen,Aston Villa,22,NED,22,45.0,0,0,0,0,0,0,0,0,27,0,0,0,0.0,0.0,0.0,2,2,18,23,78.3,3,11,0,1,0,2024-09-21,0,0,0,0,0,0,1,0,0,0,0,0,0
Morgan Rogers,Aston Villa,27,ENG,22,90.0,0,2,0,0,0,0,1,0,47,1,1,0,0.0,0.0,1.0,5,2,28,34,82.4,5,23,2,6,2,2024-09-21,1,0,0,0,0,0,0,0,0,0,0,0,0
Youri Tielemans,Aston Villa,8,BEL,27,90.0,0,1,0,0,0,0,0,0,75,3,0,0,0.0,0.0,0.4,3,1,56,71,78.9,10,34,1,3,2,2024-09-21,0,0,0,1,0,0,0,0,0,0,0,0,0
Amadou Onana,Aston Villa,24,BEL,23,61.0,0,0,0,0,0,0,0,0,37,4,0,4,0.0,0.0,0.0,1,0,22,26,84.6,6,21,0,0,0,2024-09-21,0,0,0,1,0,0,0,0,0,0,0,0,0
Ross Barkley,Aston Villa,6,ENG,30,29.0,0,0,0,0,1,0,1,0,26,3,1,1,0.1,0.1,0.0,0,0,16,16,100.0,1,11,0,1,0,2024-09-21,0,0,0,1,0,0,0,0,0,0,0,0,0
Lucas Digne,Aston Villa,12,FRA,31,45.0,0,0,0,0,0,0,0,0,27,0,0,2,0.0,0.0,0.0,0,0,18,22,81.8,2,13,0,1,1,2024-09-21,0,0,0,0,0,0,1,0,0,0,0,0,0
Leon Bailey,Aston Villa,31,JAM,27,45.0,0,0,0,0,1,0,0,0,28,0,0,0,0.1,0.1,0.2,1,0,16,18,88.9,3,20,7,5,1,2024-09-21,0,0,0,0,0,0,0,0,0,0,0,1,0
Pau Torres,Aston Villa,14,ESP,27,90.0,0,0,0,0,0,0,1,0,61,0,0,0,0.0,0.0,0.0,0,0,50,56,89.3,5,46,4,1,1,2024-09-21,0,1,0,0,0,0,0,0,0,0,0,0,0
Diego Carlos,Aston Villa,3,BRA,31,90.0,0,0,0,0,0,0,0,0,75,0,1,2,0.0,0.0,0.0,0,0,60,69,87.0,4,59,0,0,0,2024-09-21,0,1,0,0,0,0,0,0,0,0,0,0,0
Ezri Konsa,Aston Villa,4,ENG,26,90.0,1,0,0,0,1,1,0,0,66,2,1,0,0.2,0.2,0.0,1,0,56,59,94.9,10,50,3,2,1,2024-09-21,0,0,0,0,0,0,0,0,0,1,0,0,0
Emiliano Martínez,Aston Villa,23,ARG,32,90.0,0,0,0,0,0,0,0,0,33,0,0,0,0.0,0.0,0.0,0,0,26,30,86.7,0,23,0,0,0,2024-09-21,0,0,0,0,0,1,0,0,0,0,0,0,0
Jørgen Strand Larsen,Wolverhampton Wanderers,9,NOR,24,64.0,0,0,0,0,2,1,0,0,12,0,0,0,0.0,0.0,0.0,1,0,6,8,75.0,1,4,1,0,0,2024-09-21,0,0,0,0,1,0,0,0,0,0,0,0,0
Gonçalo Guedes,Wolverhampton Wanderers,29,POR,27,26.0,0,0,0,0,0,0,0,0,8,0,0,1,0.0,0.0,0.0,0,0,3,7,42.9,0,3,0,0,0,2024-09-21,0,0,0,0,1,0,0,0,0,0,0,0,0
Matheus Cunha,Wolverhampton Wanderers,10,BRA,25,90.0,1,0,0,0,1,1,1,0,48,0,1,1,0.0,0.0,0.2,5,0,35,42,83.3,2,28,5,4,2,2024-09-21,0,0,0,0,0,0,0,1,0,0,0,0,0
Mario Lemina,Wolverhampton Wanderers,5,GAB,31,90.0,0,0,0,0,2,2,1,0,36,5,0,0,0.2,0.2,0.0,1,0,15,20,75.0,1,10,0,2,0,2024-09-21,0,0,1,0,0,0,0,0,0,0,0,0,0
João Gomes,Wolverhampton Wanderers,8,BRA,23,81.0,0,0,0,0,0,0,1,0,51,5,2,0,0.0,0.0,0.0,0,0,44,46,95.7,2,27,2,0,0,2024-09-21,0,0,1,0,0,0,0,0,0,0,0,0,0
Tommy Doyle,Wolverhampton Wanderers,20,ENG,22,9.0,0,0,0,0,0,0,0,0,11,1,0,1,0.0,0.0,0.0,0,0,3,7,42.9,2,3,0,0,0,2024-09-21,0,0,1,0,0,0,0,0,0,0,0,0,0
Jean-Ricner Bellegarde,Wolverhampton Wanderers,27,FRA,26,70.0,0,0,0,0,0,0,0,0,25,0,0,0,0.0,0.0,0.1,2,0,16,18,88.9,0,19,0,4,0,2024-09-21,0,0,0,0,0,0,0,0,0,0,1,0,0
Rodrigo Gomes,Wolverhampton Wanderers,19,POR,21,20.0,0,0,0,0,0,0,0,0,11,4,0,1,0.0,0.0,0.0,0,0,2,5,40.0,0,0,0,0,0,2024-09-21,0,0,0,0,0,0,0,0,0,0,1,0,0
André,Wolverhampton Wanderers,7,BRA,23,90.0,0,0,0,0,1,0,0,0,48,3,1,2,0.1,0.1,0.0,1,0,37,39,94.9,1,27,0,1,1,2024-09-21,0,0,0,1,0,0,0,0,0,0,0,0,0
Rayan Aït-Nouri,Wolverhampton Wanderers,3,ALG,23,90.0,0,0,0,0,3,0,1,0,56,1,0,3,0.1,0.1,0.0,4,0,36,45,80.0,1,33,5,2,2,2024-09-21,0,0,0,0,0,0,1,0,0,0,0,0,0
Craig Dawson,Wolverhampton Wanderers,15,ENG,34,90.0,0,0,0,0,1,0,0,0,65,2,2,0,0.1,0.1,0.0,0,0,50,56,89.3,3,43,1,1,1,2024-09-21,0,1,0,0,0,0,0,0,0,0,0,0,0
Yerson Mosquera,Wolverhampton Wanderers,14,COL,23,81.0,0,0,0,0,0,0,1,0,62,1,3,2,0.0,0.0,0.0,1,0,48,50,96.0,2,36,0,0,0,2024-09-21,0,1,0,0,0,0,0,0,0,0,0,0,0
Santiago Bueno,Wolverhampton Wanderers,4,URU,25,9.0,0,0,0,0,0,0,0,0,9,0,0,1,0.0,0.0,0.0,0,0,4,7,57.1,0,4,0,0,0,2024-09-21,0,1,0,0,0,0,0,0,0,0,0,0,0
Nélson Semedo,Wolverhampton Wanderers,22,POR,30,90.0,0,0,0,0,0,0,1,0,53,1,1,1,0.0,0.0,0.0,0,0,39,46,84.8,1,27,1,2,1,2024-09-21,0,0,0,0,0,0,0,0,0,1,0,0,0
Sam Johnstone,Wolverhampton Wanderers,31,ENG,31,90.0,0,0,0,0,0,0,0,0,37,0,0,0,0.0,0.0,0.0,1,0,26,36,72.2,0,24,0,0,0,2024-09-21,0,0,0,0,0,1,0,0,0,0,0,0,0
Jean-Philippe Mateta,Crystal Palace,14,FRA,27,45.0,0,0,0,0,0,0,0,0,11,0,0,0,0.0,0.0,0.0,1,0,4,8,50.0,0,2,0,0,0,2024-09-21,0,0,0,0,1,0,0,0,0,0,0,0,0
Ismaila Sarr,Crystal Palace,7,SEN,26,45.0,0,0,0,0,2,1,0,0,23,0,1,1,0.3,0.3,0.3,4,0,10,14,71.4,1,12,0,3,1,2024-09-21,0,0,0,0,1,0,0,0,0,0,0,0,0
Eberechi Eze,Crystal Palace,10,ENG,26,89.0,0,0,0,0,2,1,0,0,45,2,2,0,0.5,0.5,0.0,2,0,22,31,71.0,1,23,0,9,2,2024-09-21,1,0,0,0,0,0,0,0,0,0,0,0,0
Jeffrey Schlupp,Crystal Palace,15,GHA,31,1.0,0,0,0,0,0,0,0,0,3,0,0,0,0.0,0.0,0.1,2,0,2,2,100.0,0,3,2,1,1,2024-09-21,1,0,0,0,0,0,0,0,0,0,0,0,0
Eddie Nketiah,Crystal Palace,9,ENG,25,65.0,0,0,0,0,2,1,0,0,18,2,0,0,0.1,0.1,0.0,2,0,8,10,80.0,1,11,4,0,0,2024-09-21,1,0,0,0,0,0,0,0,0,0,0,0,0
Will Hughes,Crystal Palace,19,ENG,29,25.0,0,0,0,0,1,1,1,0,13,1,0,0,0.0,0.0,0.0,0,0,6,8,75.0,1,5,0,0,0,2024-09-21,1,0,0,0,0,0,0,0,0,0,0,0,0
Daichi Kamada,Crystal Palace,18,JPN,28,90.0,0,0,0,0,0,0,0,0,50,3,1,4,0.0,0.0,0.0,1,0,23,35,65.7,2,16,1,0,0,2024-09-21,0,0,1,0,0,0,0,0,0,0,0,0,0
Adam Wharton,Crystal Palace,20,ENG,20,45.0,0,0,0,0,0,0,0,0,18,0,1,0,0.0,0.0,0.0,0,0,12,16,75.0,0,9,0,0,0,2024-09-21,0,0,1,0,0,0,0,0,0,0,0,0,0
Jefferson Lerma,Crystal Palace,8,COL,29,45.0,0,0,0,0,1,0,0,0,17,0,0,0,0.0,0.0,0.1,1,0,9,14,64.3,2,9,1,0,0,2024-09-21,0,0,1,0,0,0,0,0,0,0,0,0,0
Tyrick Mitchell,Crystal Palace,3,ENG,25,90.0,0,0,0,0,0,0,0,0,45,4,1,3,0.0,0.0,0.2,1,0,20,31,64.5,2,14,1,0,0,2024-09-21,0,0,0,0,0,0,0,0,0,0,0,0,1
Daniel Muñoz,Crystal Palace,12,COL,28,90.0,0,0,0,0,0,0,0,0,43,3,1,0,0.0,0.0,0.0,2,0,24,32,75.0,1,15,1,0,0,2024-09-21,0,0,0,0,0,0,0,0,0,0,0,0,1
Chris Richards,Crystal Palace,26,USA,24,90.0,0,0,0,0,0,0,0,0,51,5,2,3,0.0,0.0,0.0,0,0,24,31,77.4,3,17,0,0,0,2024-09-21,0,1,0,0,0,0,0,0,0,0,0,0,0
Marc Guéhi,Crystal Palace,6,ENG,24,90.0,0,0,0,0,0,0,0,0,52,1,2,2,0.0,0.0,0.0,1,0,30,39,76.9,2,24,0,0,0,2024-09-21,0,1,0,0,0,0,0,0,0,0,0,0,0
Maxence Lacroix,Crystal Palace,5,FRA,24,90.0,0,0,0,0,1,0,1,0,41,1,2,0,0.0,0.0,0.0,0,0,22,29,75.9,1,11,0,0,0,2024-09-21,0,1,0,0,0,0,0,0,0,0,0,0,0
Dean Henderson,Crystal Palace,1,ENG,27,90.0,0,0,0,0,0,0,1,0,49,0,0,0,0.0,0.0,0.0,0,0,23,42,54.8,0,25,0,0,0,2024-09-21,0,0,0,0,0,1,0,0,0,0,0,0,0
Joshua Zirkzee,Manchester United,11,NED,23,60.0,0,0,0,0,1,0,0,0,23,0,1,0,0.1,0.1,0.2,3,0,15,17,88.2,2,6,1,0,0,2024-09-21,0,0,0,0,1,0,0,0,0,0,0,0,0
Marcus Rashford,Manchester United,10,ENG,26,30.0,0,0,0,0,0,0,0,0,13,0,0,1,0.0,0.0,0.0,0,0,6,10,60.0,1,7,0,0,0,2024-09-21,0,0,0,0,1,0,0,0,1,0,0,0,0
Alejandro Garnacho,Manchester United,17,ARG,20,90.0,0,0,0,0,3,2,1,0,37,1,0,0,0.5,0.5,0.0,2,0,20,23,87.0,0,27,4,2,0,2024-09-21,0,0,0,0,0,0,0,0,1,0,0,1,0
Amad Diallo,Manchester United,16,CIV,22,75.0,0,0,0,0,2,0,0,0,52,1,0,1,0.0,0.0,0.1,4,0,30,37,81.1,3,30,3,4,0,2024-09-21,0,0,0,0,0,0,0,0,0,0,0,1,0
Rasmus Højlund,Manchester United,9,DEN,21,15.0,0,0,0,0,0,0,0,0,5,0,0,0,0.0,0.0,0.0,0,0,2,4,50.0,0,5,1,0,0,2024-09-21,0,0,0,0,1,0,0,0,0,0,0,0,0
Bruno Fernandes,Manchester United,8,POR,30,90.0,0,0,0,0,4,0,0,0,108,4,1,0,0.4,0.4,0.1,7,0,62,91,68.1,14,61,2,2,2,2024-09-21,1,0,0,0,0,0,0,0,0,0,0,0,0
Christian Eriksen,Manchester United,14,DEN,32,75.0,0,0,0,0,0,0,0,0,75,1,1,0,0.0,0.0,0.5,5,0,55,69,79.7,7,41,0,0,0,2024-09-21,0,0,0,1,0,0,0,0,0,0,0,0,0
Manuel Ugarte Ribeiro,Manchester United,25,URU,23,15.0,0,0,0,0,0,0,0,0,19,2,0,0,0.0,0.0,0.0,0,0,13,14,92.9,0,12,0,1,0,2024-09-21,0,0,0,1,0,0,0,0,0,0,0,0,0
Kobbie Mainoo,Manchester United,37,ENG,19,90.0,0,0,0,0,1,0,0,0,55,0,1,0,0.0,0.0,0.0,1,0,42,46,91.3,7,39,2,0,0,2024-09-21,0,0,0,1,0,0,0,0,0,0,0,0,0
Diogo Dalot,Manchester United,20,POR,25,90.0,0,0,0,0,0,0,0,0,73,2,1,1,0.0,0.0,0.4,4,0,62,67,92.5,9,44,3,2,2,2024-09-21,0,0,0,0,0,0,1,0,0,0,0,0,0
Lisandro Martínez,Manchester United,6,ARG,26,90.0,0,0,0,0,1,1,1,0,119,0,1,2,0.2,0.2,0.0,1,0,97,113,85.8,8,86,0,0,0,2024-09-21,0,1,0,0,0,0,0,0,0,0,0,0,0
Matthijs de Ligt,Manchester United,4,NED,25,90.0,0,0,0,0,3,3,0,0,92,0,2,1,0.5,0.5,0.0,0,0,78,83,94.0,0,75,0,0,0,2024-09-21,0,1,0,0,0,0,0,0,0,0,0,0,0
Noussair Mazraoui,Manchester United,3,MAR,26,90.0,0,0,0,0,0,0,0,0,94,3,1,2,0.0,0.0,0.0,0,0,65,78,83.3,6,55,2,5,3,2024-09-21,0,0,0,0,0,0,0,0,0,1,0,0,0
André Onana,Manchester United,24,CMR,28,90.0,0,0,0,0,0,0,0,0,49,0,0,0,0.0,0.0,0.0,0,0,39,46,84.8,0,36,0,0,0,2024-09-21,0,0,0,0,0,1,0,0,0,0,0,0,0
Danny Welbeck,Brighton & Hove Albion,18,ENG,33,90.0,1,0,0,0,3,2,1,0,32,1,0,0,0.4,0.4,0.0,2,0,23,25,92.0,3,22,1,3,2,2024-09-22,0,0,0,0,1,0,0,0,0,0,0,0,0
Kaoru Mitoma,Brighton & Hove Albion,22,JPN,27,90.0,0,0,0,0,0,0,0,0,57,2,1,3,0.0,0.0,0.2,5,2,33,48,68.8,6,42,9,4,2,2024-09-22,0,0,0,0,0,0,0,1,1,0,0,0,0
Simon Adingra,Brighton & Hove Albion,11,CIV,22,61.0,0,0,0,0,1,0,0,0,39,2,0,3,0.0,0.0,0.0,2,1,15,24,62.5,2,28,2,1,0,2024-09-22,0,0,0,0,0,0,0,0,0,0,0,1,0
Yankuba Minteh,Brighton & Hove Albion,17,GAM,20,29.0,0,0,0,0,0,0,0,0,22,0,0,0,0.0,0.0,0.0,1,0,9,18,50.0,1,12,3,4,2,2024-09-22,0,0,0,0,0,0,0,0,0,0,1,1,0
Georginio Rutter,Brighton & Hove Albion,14,FRA,22,70.0,0,0,0,0,5,0,0,0,39,0,0,3,0.4,0.4,0.0,3,0,22,27,81.5,9,24,4,4,2,2024-09-22,1,0,0,0,0,0,0,0,0,0,0,0,0
João Pedro,Brighton & Hove Albion,9,BRA,22,20.0,0,0,0,0,1,0,0,0,17,0,0,0,0.0,0.0,0.0,0,0,10,13,76.9,1,10,1,1,1,2024-09-22,1,0,0,0,0,0,0,0,0,0,0,1,0
Carlos Baleba,Brighton & Hove Albion,20,CMR,20,61.0,0,0,0,0,1,0,1,0,35,3,2,2,0.0,0.0,0.0,2,0,20,24,83.3,3,15,1,1,1,2024-09-22,0,0,0,1,0,0,0,0,0,0,0,0,0
Mats Wieffer,Brighton & Hove Albion,27,NED,24,29.0,0,0,0,0,0,0,0,0,30,0,0,1,0.0,0.0,0.0,1,0,25,28,89.3,6,18,2,0,0,2024-09-22,0,0,1,1,0,0,0,0,0,0,0,0,0
Jack Hinshelwood,Brighton & Hove Albion,41,ENG,19,90.0,1,0,0,0,1,1,0,0,53,1,0,0,0.1,0.1,0.0,3,1,44,49,89.8,4,34,3,1,0,2024-09-22,0,0,1,1,0,0,0,0,0,0,0,0,0
Pervis Estupiñán,Brighton & Hove Albion,30,ECU,26,81.0,0,0,0,0,1,0,0,0,72,0,1,0,0.0,0.0,0.2,2,0,49,64,76.6,2,39,2,1,0,2024-09-22,0,0,0,0,0,0,1,0,0,0,0,0,0
Evan Ferguson,Brighton & Hove Albion,28,IRL,19,9.0,0,0,0,0,1,0,0,0,1,0,0,0,0.0,0.0,0.0,0,0,0,0,80.8,0,0,0,0,0,2024-09-22,0,0,0,0,0,0,0,0,1,0,0,0,0
Lewis Dunk,Brighton & Hove Albion,5,ENG,32,90.0,0,0,0,0,0,0,1,0,109,0,1,0,0.0,0.0,0.0,2,0,99,108,91.7,19,73,2,0,0,2024-09-22,0,1,0,0,0,0,0,0,0,0,0,0,0
Jan Paul van Hecke,Brighton & Hove Albion,29,NED,24,90.0,0,1,0,0,0,0,0,0,99,0,1,0,0.0,0.0,0.1,1,0,88,99,88.9,16,69,5,0,0,2024-09-22,0,1,0,0,0,0,0,0,0,0,0,0,0
Joël Veltman,Brighton & Hove Albion,34,NED,32,90.0,0,0,0,0,0,0,0,0,65,3,1,2,0.0,0.0,0.0,1,0,39,56,69.6,3,26,0,0,0,2024-09-22,0,1,0,0,0,0,0,0,0,1,0,0,0
Bart Verbruggen,Brighton & Hove Albion,1,NED,22,90.0,0,0,0,0,0,0,0,0,39,0,0,0,0.0,0.0,0.0,0,0,34,36,94.4,0,29,0,0,0,2024-09-22,0,0,0,0,0,1,0,0,0,0,0,0,0
Chris Wood,Nottingham Forest,11,NZL,32,71.0,1,0,1,1,0,0,0,0,17,0,0,0,0.8,0.0,0.0,0,0,6,11,54.5,0,3,0,0,0,2024-09-22,0,0,0,0,1,0,0,0,0,0,0,0,0
Morato,Nottingham Forest,4,BRA,23,19.0,0,0,0,0,0,0,0,0,9,1,0,1,0.0,0.0,0.0,0,0,2,4,50.0,0,2,0,0,0,2024-09-22,0,1,0,0,1,0,0,0,0,0,0,0,0
Anthony Elanga,Nottingham Forest,21,SWE,22,45.0,0,0,0,0,0,0,0,0,12,0,0,1,0.0,0.0,0.0,0,0,5,5,100.0,1,2,0,1,0,2024-09-22,0,0,0,0,0,0,0,0,1,0,0,0,0
Jota Silva,Nottingham Forest,20,POR,25,45.0,0,1,0,0,0,0,1,0,13,1,3,0,0.0,0.0,0.5,1,1,4,7,57.1,2,5,3,0,0,2024-09-22,1,0,1,0,1,0,0,0,0,0,0,1,0
Callum Hudson-Odoi,Nottingham Forest,14,ENG,23,90.0,0,0,0,0,1,0,1,0,28,1,0,0,0.1,0.1,0.1,3,1,14,21,66.7,3,16,4,3,3,2024-09-22,0,0,0,0,0,0,0,1,1,0,0,1,0
Morgan Gibbs-White,Nottingham Forest,10,ENG,24,82.0,0,0,0,0,1,1,2,1,36,2,1,0,0.1,0.1,0.0,1,1,14,23,60.9,1,6,0,3,1,2024-09-22,1,0,1,1,0,0,0,0,0,0,0,0,0
Elliot Anderson,Nottingham Forest,8,ENG,21,58.0,0,0,0,0,0,0,0,0,26,3,1,2,0.0,0.0,0.0,0,0,9,14,64.3,3,7,1,1,1,2024-09-22,0,0,0,1,0,0,0,0,0,0,0,0,0
Ramón Sosa,Nottingham Forest,24,PAR,25,32.0,1,0,0,0,1,1,0,0,10,1,0,1,0.5,0.5,0.0,0,0,3,5,60.0,0,2,0,0,0,2024-09-22,0,0,0,1,0,0,0,0,0,0,1,1,0
James Ward-Prowse,Nottingham Forest,18,ENG,29,45.0,0,0,0,0,0,0,0,0,19,1,0,0,0.0,0.0,0.0,0,0,13,17,76.5,0,7,0,0,0,2024-09-22,0,0,0,1,0,0,0,0,0,0,0,0,0
Ryan Yates,Nottingham Forest,22,ENG,26,45.0,0,0,0,0,0,0,0,0,20,2,0,0,0.0,0.0,0.0,0,0,15,17,88.2,0,11,0,1,1,2024-09-22,0,0,1,1,0,0,0,0,0,0,0,0,0
Álex Moreno,Nottingham Forest,19,ESP,31,45.0,0,0,0,0,0,0,0,0,29,0,1,0,0.0,0.0,0.0,0,0,15,20,75.0,1,8,0,3,0,2024-09-22,0,0,0,0,0,0,1,0,0,0,0,0,0
Neco Williams,Nottingham Forest,7,WAL,23,45.0,0,0,0,0,0,0,1,0,19,1,0,2,0.0,0.0,0.0,0,0,6,12,50.0,0,2,0,0,0,2024-09-22,0,0,0,0,0,0,0,0,0,1,0,0,0
Murillo,Nottingham Forest,5,BRA,22,90.0,0,0,0,0,0,0,0,0,55,0,0,2,0.0,0.0,0.1,2,0,26,36,72.2,1,14,0,2,2,2024-09-22,0,1,0,0,0,0,0,0,0,0,0,0,0
Nikola Milenković,Nottingham Forest,31,SRB,26,90.0,0,0,0,0,0,0,0,0,36,1,1,3,0.0,0.0,0.0,0,0,23,23,100.0,1,12,0,0,0,2024-09-22,0,1,0,0,0,0,0,0,0,0,0,0,0
Ola Aina,Nottingham Forest,34,NGA,27,90.0,0,0,0,0,0,0,1,0,41,4,1,0,0.0,0.0,0.0,0,0,18,28,64.3,0,12,0,0,0,2024-09-22,0,0,0,0,0,0,1,0,0,1,0,0,0
Matz Sels,Nottingham Forest,26,BEL,32,90.0,0,0,0,0,0,0,0,0,29,0,0,0,0.0,0.0,0.0,0,0,9,27,33.3,0,12,0,0,0,2024-09-22,0,0,0,0,0,1,0,0,0,0,0,0,0
Erling Haaland,Manchester City,9,NOR,24,90.0,1,0,0,0,6,5,0,0,18,0,0,1,0.9,0.9,0.0,1,0,4,7,57.1,0,7,0,1,0,2024-09-22,0,0,0,0,1,0,0,0,0,0,0,0,0
Jeremy Doku,Manchester City,11,BEL,22,69.0,0,0,0,0,2,0,0,0,42,1,0,0,0.0,0.0,0.0,7,0,26,30,86.7,1,27,4,3,2,2024-09-22,0,0,0,0,0,0,0,0,1,0,0,0,0
Phil Foden,Manchester City,47,ENG,24,21.0,0,0,0,0,2,0,0,0,28,0,0,0,0.1,0.1,0.0,2,0,21,24,87.5,0,17,1,0,0,2024-09-22,0,0,1,0,0,0,0,1,0,0,0,0,0
Sávio,Manchester City,26,BRA,20,77.0,0,1,0,0,2,0,0,0,59,0,0,0,0.0,0.0,0.5,7,2,39,46,84.8,3,47,7,8,3,2024-09-22,0,0,0,0,0,0,0,0,1,0,0,1,0
Jack Grealish,Manchester City,10,ENG,29,13.0,0,0,0,0,0,0,0,0,15,0,0,0,0.0,0.0,0.1,3,0,13,14,92.9,0,11,6,1,1,2024-09-22,0,0,0,0,0,0,0,0,1,0,0,0,0
İlkay Gündoğan,Manchester City,19,GER,33,90.0,0,0,0,0,2,0,0,0,59,0,0,0,0.2,0.2,0.1,4,0,50,54,92.6,8,35,5,3,2,2024-09-22,0,0,1,0,0,0,0,1,0,0,1,0,0
Rodri,Manchester City,16,ESP,28,20.0,0,0,0,0,0,0,0,0,14,1,1,0,0.0,0.0,0.0,1,0,12,13,92.3,0,10,0,0,0,2024-09-22,0,0,1,0,0,0,0,0,0,0,0,0,0
Mateo Kovačić,Manchester City,8,CRO,30,70.0,0,0,0,0,4,0,0,0,91,1,0,0,0.2,0.2,0.2,7,1,82,86,95.3,3,70,9,0,0,2024-09-22,0,0,1,1,0,0,0,0,0,0,0,0,0
Bernardo Silva,Manchester City,20,POR,30,90.0,0,0,0,0,1,0,1,0,64,0,0,0,0.1,0.1,0.3,8,0,45,56,80.4,2,44,7,5,2,2024-09-22,0,0,0,0,0,0,0,0,0,0,1,1,0
Joško Gvardiol,Manchester City,24,CRO,22,90.0,0,0,0,0,2,2,0,0,51,3,0,1,0.1,0.1,0.0,2,0,40,41,97.6,4,23,2,0,0,2024-09-22,0,0,0,0,0,0,1,0,0,0,0,0,0
Manuel Akanji,Manchester City,25,SUI,29,90.0,0,0,0,0,2,0,0,0,116,1,1,0,0.0,0.0,0.1,8,0,96,107,89.7,9,86,7,0,0,2024-09-22,0,1,0,0,0,0,0,0,0,1,0,0,0
Rúben Dias,Manchester City,3,POR,27,90.0,0,0,0,0,5,1,1,0,135,2,1,0,0.2,0.2,0.1,7,0,110,126,87.3,9,106,6,0,0,2024-09-22,0,1,0,0,0,0,0,0,0,0,0,0,0
Kyle Walker,Manchester City,2,ENG,34,77.0,0,0,0,0,4,2,0,0,125,1,0,0,0.1,0.1,0.2,5,0,107,117,91.5,14,95,4,0,0,2024-09-22,0,0,0,0,0,0,0,0,0,1,0,0,0
John Stones,Manchester City,5,ENG,30,13.0,1,0,0,0,1,1,0,0,2,0,0,0,0.2,0.2,0.0,0,0,1,1,100.0,0,1,1,0,0,2024-09-22,0,0,0,1,0,0,0,0,0,0,0,0,0
Ederson,Manchester City,31,BRA,31,90.0,0,0,0,0,0,0,1,0,28,0,0,0,0.0,0.0,0.0,2,0,23,27,85.2,1,22,0,0,0,2024-09-22,0,0,0,0,0,1,0,0,0,0,0,0,0
Leandro Trossard,Arsenal,19,BEL,29,44.0,0,0,0,0,1,0,2,1,11,0,0,1,0.1,0.1,0.0,0,0,4,7,57.1,0,9,0,0,0,2024-09-22,0,0,0,0,1,0,0,0,0,0,0,0,0
Kai Havertz,Arsenal,29,GER,25,90.0,0,0,0,0,1,1,0,0,21,0,0,2,0.1,0.1,0.0,0,0,0,6,0.0,0,8,1,3,1,2024-09-22,0,0,0,0,1,0,0,0,0,0,1,0,0
Gabriel Martinelli,Arsenal,11,BRA,23,86.0,0,1,0,0,0,0,0,0,29,0,0,0,0.0,0.0,0.1,2,1,13,17,76.5,0,16,3,1,0,2024-09-22,0,0,0,0,0,0,0,1,0,0,0,0,0
Gabriel Jesus,Arsenal,9,BRA,27,4.0,0,0,0,0,0,0,1,0,6,2,1,2,0.0,0.0,0.0,0,0,2,2,100.0,0,2,0,1,0,2024-09-22,0,0,0,0,0,0,0,1,0,0,0,0,0
Declan Rice,Arsenal,41,ENG,25,90.0,0,0,0,0,0,0,1,0,34,0,0,4,0.0,0.0,0.0,0,0,17,25,68.0,2,14,2,1,0,2024-09-22,0,0,1,0,0,0,0,0,0,0,0,0,0
Thomas Partey,Arsenal,5,GHA,31,90.0,0,0,0,0,0,0,1,0,40,3,1,1,0.0,0.0,0.0,1,1,25,31,80.6,1,11,0,0,0,2024-09-22,0,0,1,0,0,0,0,0,0,0,0,0,0
Bukayo Saka,Arsenal,7,ENG,23,45.0,0,1,0,0,0,0,0,0,16,0,0,0,0.0,0.0,0.5,3,2,11,13,84.6,2,8,3,2,0,2024-09-22,0,0,0,0,0,0,0,0,0,0,1,0,0
Ben White,Arsenal,4,ENG,26,45.0,0,0,0,0,0,0,0,0,8,1,1,2,0.0,0.0,0.0,0,0,3,3,100.0,1,2,0,0,0,2024-09-22,0,1,0,0,0,0,0,0,0,0,0,0,0
Riccardo Calafiori,Arsenal,33,ITA,22,73.0,1,0,0,0,1,1,0,0,28,3,0,3,0.0,0.0,0.0,0,0,17,18,94.4,1,13,0,1,1,2024-09-22,0,0,0,0,0,0,1,0,0,0,0,0,0
Jakub Kiwior,Arsenal,15,POL,24,17.0,0,0,0,0,0,0,0,0,3,0,0,1,0.0,0.0,0.0,0,0,2,2,100.0,0,1,0,0,0,2024-09-22,0,0,0,0,0,0,1,0,0,1,0,0,0
Gabriel Magalhães,Arsenal,6,BRA,26,90.0,1,0,0,0,2,1,0,0,34,2,0,4,0.5,0.5,0.0,1,0,17,21,81.0,1,15,0,0,0,2024-09-22,0,1,0,0,0,0,0,0,0,0,0,0,0
William Saliba,Arsenal,2,FRA,23,90.0,0,0,0,0,0,0,0,0,37,2,0,1,0.0,0.0,0.0,0,0,22,25,88.0,2,16,2,1,1,2024-09-22,0,1,0,0,0,0,0,0,0,0,0,0,0
Jurriën Timber,Arsenal,12,NED,23,89.0,0,0,0,0,0,0,0,0,20,3,1,0,0.0,0.0,0.0,0,0,2,10,20.0,1,4,0,1,1,2024-09-22,0,0,0,0,0,0,0,0,0,1,0,0,0
Myles Lewis-Skelly,Arsenal,49,ENG,17,1.0,0,0,0,0,0,0,1,0,2,0,0,0,0.0,0.0,0.0,0,0,1,1,100.0,0,1,0,0,0,2024-09-22,0,0,0,0,0,0,1,0,0,0,0,0,0
David Raya,Arsenal,22,ESP,29,90.0,0,0,0,0,0,0,0,0,43,0,0,0,0.0,0.0,0.0,0,0,18,40,45.0,0,26,0,0,0,2024-09-22,0,0,0,0,0,1,0,0,0,0,0,0,0
Anthony Gordon,Newcastle United,10,ENG,23,90.0,1,0,1,1,0,0,0,0,29,1,0,2,0.8,0.0,0.1,3,1,17,21,81.0,0,20,2,3,1,2024-09-28,0,0,0,0,1,0,0,0,0,0,0,0,0
Harvey Barnes,Newcastle United,11,ENG,26,75.0,0,0,0,0,4,1,0,0,21,0,1,0,0.3,0.3,0.0,0,0,13,16,81.3,3,18,1,0,0,2024-09-28,0,0,0,0,0,0,0,0,1,0,0,0,0
Joe Willock,Newcastle United,28,ENG,25,15.0,0,0,0,0,0,0,0,0,4,0,0,0,0.0,0.0,0.0,0,0,1,1,100.0,0,3,0,0,0,2024-09-28,0,0,0,0,0,0,0,0,1,0,0,0,0
Jacob Murphy,Newcastle United,23,ENG,29,90.0,0,0,0,0,0,0,0,0,28,1,0,0,0.0,0.0,0.2,4,0,21,27,77.8,3,21,4,2,2,2024-09-28,0,0,0,0,0,0,0,0,0,0,0,1,0
Joelinton,Newcastle United,7,BRA,28,90.0,0,0,0,0,2,2,1,0,46,4,0,2,0.2,0.2,0.0,2,0,27,31,87.1,1,23,0,0,0,2024-09-28,0,0,0,0,0,0,0,1,0,0,0,0,0
Bruno Guimarães,Newcastle United,39,BRA,26,90.0,0,0,0,0,0,0,1,0,57,3,2,2,0.0,0.0,0.1,3,1,37,45,82.2,6,42,1,4,4,2024-09-28,0,0,1,0,0,0,0,0,0,0,0,0,0
Sandro Tonali,Newcastle United,8,ITA,24,76.0,0,0,0,0,0,0,1,0,28,0,2,1,0.0,0.0,0.1,1,0,13,19,68.4,4,19,0,2,0,2024-09-28,0,0,0,0,0,0,0,0,0,0,1,0,0
Sean Longstaff,Newcastle United,36,ENG,26,14.0,0,0,0,0,1,0,0,0,7,1,0,1,0.2,0.2,0.0,0,0,2,3,66.7,0,2,0,0,0,2024-09-28,0,0,0,0,0,0,0,0,0,0,1,0,0
Lewis Hall,Newcastle United,20,ENG,20,90.0,0,0,0,0,0,0,0,0,53,0,1,2,0.0,0.0,0.1,3,0,31,47,66.0,3,27,2,1,1,2024-09-28,0,0,0,0,0,0,1,0,0,0,0,0,0
Dan Burn,Newcastle United,33,ENG,32,90.0,0,0,0,0,1,0,0,0,32,0,1,0,0.0,0.0,0.1,1,0,19,22,86.4,2,13,0,0,0,2024-09-28,0,1,0,0,0,0,0,0,0,0,0,0,0
Fabian Schär,Newcastle United,5,SUI,32,90.0,0,0,0,0,1,0,1,0,58,1,1,1,0.1,0.1,0.0,0,0,35,51,68.6,2,33,0,0,0,2024-09-28,0,1,0,0,0,0,0,0,0,0,0,0,0
Kieran Trippier,Newcastle United,2,ENG,34,77.0,0,0,0,0,1,0,0,0,61,3,1,1,0.0,0.0,0.0,4,0,46,54,85.2,6,33,4,0,0,2024-09-28,0,0,0,0,0,0,0,0,0,1,0,0,0
Valentino Livramento,Newcastle United,21,ENG,21,13.0,0,0,0,0,0,0,0,0,10,1,1,0,0.0,0.0,0.0,0,0,5,5,100.0,0,3,0,0,0,2024-09-28,0,0,0,0,0,0,0,0,0,1,0,0,0
Nick Pope,Newcastle United,22,ENG,32,90.0,0,0,0,0,0,0,0,0,29,0,0,0,0.0,0.0,0.0,0,0,18,26,69.2,0,14,0,0,0,2024-09-28,0,0,0,0,0,1,0,0,0,0,0,0,0
Erling Haaland,Manchester City,9,NOR,24,90.0,0,0,0,0,5,2,0,0,31,0,0,0,0.4,0.4,0.1,4,0,10,15,66.7,0,16,0,2,1,2024-09-28,0,0,0,0,1,0,0,0,0,0,0,0,0
Jack Grealish,Manchester City,10,ENG,29,80.0,0,1,0,0,1,0,1,0,45,0,0,1,0.0,0.0,0.3,6,1,32,35,91.4,4,37,7,6,3,2024-09-28,0,0,0,0,0,0,0,0,1,0,0,0,0
Jeremy Doku,Manchester City,11,BEL,22,10.0,0,0,0,0,0,0,0,0,10,0,0,0,0.0,0.0,0.0,0,0,6,8,75.0,1,8,2,1,1,2024-09-28,0,0,0,0,0,0,0,0,1,0,0,0,0
Bernardo Silva,Manchester City,20,POR,30,90.0,0,0,0,0,2,1,0,0,57,3,1,0,0.1,0.1,0.1,2,0,38,44,86.4,4,44,7,3,0,2024-09-28,0,0,0,1,0,0,0,0,0,0,0,1,0
İlkay Gündoğan,Manchester City,19,GER,33,65.0,0,0,0,0,2,1,0,0,38,1,1,0,0.1,0.1,0.1,4,0,21,29,72.4,4,24,2,3,2,2024-09-28,1,0,0,0,0,0,0,0,0,0,0,0,0
Phil Foden,Manchester City,47,ENG,24,25.0,0,0,0,0,1,1,0,0,24,0,0,1,0.1,0.1,0.1,4,0,17,22,77.3,3,18,0,2,2,2024-09-28,1,0,0,0,0,0,0,0,0,0,0,0,0
Mateo Kovačić,Manchester City,8,CRO,30,90.0,0,0,0,0,2,0,1,0,94,4,0,2,0.1,0.1,0.1,2,0,76,82,92.7,5,61,4,2,1,2024-09-28,0,0,0,1,0,0,0,0,0,0,0,0,0
Rico Lewis,Manchester City,82,ENG,19,80.0,0,0,0,0,0,0,0,0,31,1,0,1,0.0,0.0,0.0,0,0,21,23,91.3,1,18,0,0,0,2024-09-28,0,0,0,1,0,0,0,0,0,0,0,0,0
Sávio,Manchester City,26,BRA,20,10.0,0,0,0,0,0,0,0,0,11,1,0,0,0.0,0.0,0.1,2,0,7,10,70.0,1,8,4,1,1,2024-09-28,0,0,0,0,0,0,0,0,0,0,0,1,0
Joško Gvardiol,Manchester City,24,CRO,22,90.0,1,0,0,0,1,1,0,0,68,2,2,0,0.1,0.1,0.0,2,1,49,57,86.0,2,49,2,3,1,2024-09-28,0,0,0,0,0,0,1,0,0,0,0,0,0
Manuel Akanji,Manchester City,25,SUI,29,90.0,0,0,0,0,2,0,0,0,78,1,1,0,0.1,0.1,0.0,4,0,63,71,88.7,8,58,1,0,0,2024-09-28,0,1,0,0,0,0,0,0,0,0,0,0,0
Rúben Dias,Manchester City,3,POR,27,90.0,0,0,0,0,0,0,1,0,93,1,1,1,0.0,0.0,0.0,1,0,77,86,89.5,6,68,1,0,0,2024-09-28,0,1,0,0,0,0,0,0,0,0,0,0,0
Kyle Walker,Manchester City,2,ENG,34,90.0,0,0,0,0,0,0,0,0,73,1,1,2,0.0,0.0,0.0,0,0,56,67,83.6,1,44,1,1,1,2024-09-28,0,0,0,0,0,0,0,0,0,1,0,0,0
Ederson,Manchester City,31,BRA,31,90.0,0,0,0,0,0,0,1,0,52,0,0,0,0.0,0.0,0.0,0,0,38,49,77.6,0,40,0,0,0,2024-09-28,0,0,0,0,0,1,0,0,0,0,0,0,0
Nicolas Jackson,Chelsea,15,SEN,23,78.0,0,1,0,0,5,1,0,0,25,0,0,3,1.4,1.4,0.2,2,1,7,14,50.0,0,10,3,2,1,2024-09-28,0,0,0,0,1,0,0,0,0,0,0,0,0
Christopher Nkunku,Chelsea,18,FRA,26,12.0,0,0,0,0,0,0,0,0,2,0,0,0,0.0,0.0,0.1,1,0,2,2,100.0,1,1,0,0,0,2024-09-28,0,0,0,0,1,0,0,0,0,0,0,0,0
Jadon Sancho,Chelsea,19,ENG,24,70.0,0,1,0,0,1,0,0,0,30,0,0,0,0.1,0.1,0.2,4,3,14,20,70.0,2,23,3,9,7,2024-09-28,0,0,0,0,0,0,0,0,1,0,0,0,0
Mykhailo Mudryk,Chelsea,10,UKR,23,20.0,0,0,0,0,0,0,0,0,1,0,0,0,0.0,0.0,0.0,1,0,1,1,100.0,1,1,0,0,0,2024-09-28,0,0,0,0,0,0,0,0,1,0,0,0,0
Noni Madueke,Chelsea,11,ENG,22,62.0,0,0,0,0,1,0,0,0,23,2,0,0,0.2,0.2,0.0,2,1,5,11,45.5,1,11,2,4,1,2024-09-28,0,0,0,0,0,0,0,0,0,0,0,1,0
Pedro Neto,Chelsea,7,POR,24,28.0,0,0,0,0,1,0,0,0,13,1,0,1,0.1,0.1,0.1,1,0,5,7,71.4,0,6,2,1,0,2024-09-28,0,0,0,0,0,0,0,0,0,0,0,1,0
Cole Palmer,Chelsea,20,ENG,22,90.0,4,0,1,1,6,4,0,0,42,1,0,1,2.4,1.6,1.4,5,0,19,30,63.3,6,19,2,2,1,2024-09-28,1,0,0,0,0,0,0,0,0,0,0,0,0
Enzo Fernández,Chelsea,8,ARG,23,78.0,0,0,0,0,0,0,1,0,43,3,0,0,0.0,0.0,0.6,2,1,25,33,75.8,3,15,1,3,1,2024-09-28,0,0,0,1,0,0,0,0,0,0,0,0,0
Roméo Lavia,Chelsea,45,BEL,20,12.0,0,0,0,0,0,0,0,0,11,0,0,0,0.0,0.0,0.0,0,0,9,10,90.0,0,9,0,1,0,2024-09-28,0,0,0,1,0,0,0,0,0,0,0,0,0
Moisés Caicedo,Chelsea,25,ECU,22,90.0,0,0,0,0,0,0,0,0,41,3,1,2,0.0,0.0,0.6,2,0,24,32,75.0,2,14,0,2,2,2024-09-28,0,0,0,1,0,0,0,0,0,0,0,0,0
Marc Cucurella,Chelsea,3,ESP,26,69.0,0,0,0,0,0,0,1,0,33,0,0,3,0.0,0.0,0.2,1,0,19,24,79.2,1,13,0,0,0,2024-09-28,0,0,0,0,0,0,1,0,0,0,0,0,0
Renato Veiga,Chelsea,40,POR,21,21.0,0,0,0,0,0,0,0,0,23,5,0,0,0.0,0.0,0.0,0,0,13,17,76.5,0,7,0,0,0,2024-09-28,0,0,0,0,0,0,1,0,0,0,0,0,0
Levi Colwill,Chelsea,6,ENG,21,90.0,0,0,0,0,0,0,0,0,59,1,2,2,0.0,0.0,0.0,1,0,39,50,78.0,0,27,0,1,1,2024-09-28,0,1,0,0,0,0,0,0,0,0,0,0,0
Wesley Fofana,Chelsea,29,FRA,23,90.0,0,0,0,0,0,0,1,0,66,2,3,0,0.0,0.0,0.0,1,0,47,56,83.9,0,45,0,2,1,2024-09-28,0,1,0,0,0,0,0,0,0,0,0,0,0
Malo Gusto,Chelsea,27,FRA,21,90.0,0,0,0,0,0,0,0,0,59,4,1,3,0.0,0.0,0.0,1,0,37,45,82.2,3,17,1,0,0,2024-09-28,0,0,0,0,0,0,0,0,0,1,0,0,0
Robert Sánchez,Chelsea,1,ESP,26,90.0,0,0,0,0,0,0,0,0,65,0,0,0,0.0,0.0,0.0,0,0,46,62,74.2,0,42,0,0,0,2024-09-28,0,0,0,0,0,1,0,0,0,0,0,0,0
Danny Welbeck,Brighton & Hove Albion,18,ENG,33,80.0,0,0,0,0,3,1,0,0,30,0,0,1,0.4,0.4,0.0,2,0,15,19,78.9,2,16,0,1,0,2024-09-28,0,0,0,0,1,0,0,0,0,0,0,0,0
Evan Ferguson,Brighton & Hove Albion,28,IRL,19,10.0,0,0,0,0,0,0,0,0,4,0,0,0,0.0,0.0,0.0,0,0,3,4,75.0,1,2,0,0,0,2024-09-28,0,0,0,0,1,0,0,0,0,0,0,0,0
Kaoru Mitoma,Brighton & Hove Albion,22,JPN,27,90.0,0,0,0,0,2,0,0,0,50,2,0,2,0.0,0.0,0.1,4,0,27,36,75.0,3,36,9,6,3,2024-09-28,0,0,0,0,0,0,0,0,1,0,0,0,0
Georginio Rutter,Brighton & Hove Albion,14,FRA,22,70.0,1,0,0,0,3,1,0,0,33,1,2,0,0.1,0.1,0.2,3,0,14,20,70.0,2,20,2,1,0,2024-09-28,0,0,0,0,0,0,0,0,0,0,0,1,0
Yankuba Minteh,Brighton & Hove Albion,17,GAM,20,20.0,0,0,0,0,1,0,0,0,12,0,0,0,0.1,0.1,0.0,0,0,5,7,71.4,2,10,0,3,1,2024-09-28,0,0,0,0,0,0,0,0,0,0,0,1,0
Jack Hinshelwood,Brighton & Hove Albion,41,ENG,19,90.0,0,0,0,0,0,0,0,0,49,0,0,1,0.0,0.0,0.0,3,0,30,39,76.9,1,23,0,1,0,2024-09-28,0,0,0,0,0,0,0,1,0,1,0,0,0
Mats Wieffer,Brighton & Hove Albion,27,NED,24,56.0,0,0,0,0,0,0,0,0,61,2,1,2,0.0,0.0,0.0,1,0,39,48,81.3,5,38,1,2,1,2024-09-28,0,0,1,0,0,0,0,0,0,0,0,0,0
Yasin Ayari,Brighton & Hove Albion,26,SWE,20,34.0,0,0,0,0,1,0,0,0,21,2,1,0,0.0,0.0,0.0,2,0,8,11,72.7,1,11,0,2,0,2024-09-28,0,0,0,0,0,0,0,0,0,0,1,0,0
Carlos Baleba,Brighton & Hove Albion,20,CMR,20,90.0,1,1,0,0,3,2,0,0,74,3,1,4,0.3,0.3,0.1,2,1,51,57,89.5,9,41,0,4,2,2024-09-28,0,0,1,0,0,0,0,0,0,0,1,0,0
Pervis Estupiñán,Brighton & Hove Albion,30,ECU,26,90.0,0,0,0,0,0,0,1,0,77,2,2,0,0.0,0.0,0.0,0,0,57,68,83.8,5,45,3,2,1,2024-09-28,0,0,0,0,0,0,1,0,0,0,0,0,0
Lewis Dunk,Brighton & Hove Albion,5,ENG,32,90.0,0,0,0,0,0,0,1,0,119,0,2,2,0.0,0.0,0.0,1,0,98,111,88.3,5,83,0,0,0,2024-09-28,0,1,0,0,0,0,0,0,0,0,0,0,0
Adam Webster,Brighton & Hove Albion,4,ENG,29,56.0,0,0,0,0,0,0,0,0,46,0,1,2,0.0,0.0,0.0,1,0,38,42,90.5,5,34,0,0,0,2024-09-28,0,1,0,0,0,0,0,0,0,0,0,0,0
Igor,Brighton & Hove Albion,3,BRA,26,34.0,0,0,0,0,0,0,0,0,38,1,0,0,0.0,0.0,0.0,0,0,36,37,97.3,5,31,1,0,0,2024-09-28,0,1,0,0,0,0,0,0,0,0,0,0,0
Ferdi Kadioglu,Brighton & Hove Albion,24,TUR,24,70.0,0,0,0,0,0,0,0,0,45,3,2,0,0.0,0.0,0.0,2,0,30,36,83.3,6,18,0,2,2,2024-09-28,0,0,0,0,0,0,0,0,0,1,0,0,0
Julio Enciso,Brighton & Hove Albion,10,PAR,20,20.0,0,0,0,0,2,1,0,0,14,0,0,0,0.1,0.1,0.0,3,0,9,10,90.0,2,10,0,4,1,2024-09-28,0,0,0,0,0,0,0,1,0,0,0,0,0
Bart Verbruggen,Brighton & Hove Albion,1,NED,22,90.0,0,0,0,0,0,0,0,0,51,0,0,0,0.0,0.0,0.0,0,0,41,48,85.4,0,37,0,0,0,2024-09-28,0,0,0,0,0,1,0,0,0,0,0,0,0
Leandro Trossard,Arsenal,19,BEL,29,89.0,1,0,0,0,4,2,0,0,54,1,1,1,1.1,1.1,0.1,6,0,34,43,79.1,7,27,2,5,2,2024-09-28,0,0,0,0,1,0,0,0,0,0,0,0,0
Gabriel Jesus,Arsenal,9,BRA,27,1.0,0,0,0,0,1,1,0,0,1,0,0,0,0.1,0.1,0.0,1,1,0,0,80.8,0,1,1,0,0,2024-09-28,0,0,0,0,1,0,0,0,0,0,0,0,0
Kai Havertz,Arsenal,29,GER,25,90.0,1,0,0,0,7,2,0,0,57,2,0,0,1.8,1.8,0.0,7,0,33,40,82.5,5,30,0,3,1,2024-09-28,0,0,0,0,1,0,0,0,0,0,0,0,0
Gabriel Martinelli,Arsenal,11,BRA,23,73.0,1,1,0,0,4,2,0,0,37,0,0,0,0.4,0.4,0.7,2,1,20,27,74.1,2,27,9,3,1,2024-09-28,0,0,0,0,0,0,0,1,0,0,0,0,0
Raheem Sterling,Arsenal,30,ENG,29,17.0,0,0,0,0,0,0,0,0,11,0,0,0,0.0,0.0,0.0,1,0,9,11,81.8,1,9,3,2,1,2024-09-28,0,0,0,0,0,0,0,1,0,0,0,0,0
Declan Rice,Arsenal,41,ENG,25,90.0,0,0,0,0,3,1,0,0,106,1,1,0,0.1,0.1,0.2,5,1,75,98,76.5,16,67,7,0,0,2024-09-28,0,0,1,0,0,0,0,0,0,0,0,0,0
Thomas Partey,Arsenal,5,GHA,31,84.0,0,0,0,0,0,0,0,0,104,4,0,1,0.0,0.0,0.0,3,0,87,96,90.6,9,61,1,0,0,2024-09-28,0,0,1,0,0,0,0,0,0,0,0,0,0
Ethan Nwaneri,Arsenal,53,ENG,17,6.0,0,0,0,0,1,1,0,0,8,0,0,0,0.0,0.0,0.1,1,0,6,6,100.0,1,6,2,2,1,2024-09-28,0,0,1,0,0,0,0,0,0,0,0,0,0
Bukayo Saka,Arsenal,7,ENG,23,90.0,0,0,0,0,7,2,0,0,88,2,1,1,0.3,0.3,0.6,16,1,57,66,86.4,14,51,9,13,8,2024-09-28,0,0,0,0,0,0,0,0,0,0,1,0,0
Riccardo Calafiori,Arsenal,33,ITA,22,90.0,0,0,0,0,3,3,1,0,90,3,0,1,0.5,0.5,0.1,3,0,69,80,86.3,11,42,2,2,2,2024-09-28,0,0,0,0,0,0,1,0,0,0,0,0,0
Gabriel Magalhães,Arsenal,6,BRA,26,90.0,0,0,0,0,3,2,0,0,94,0,0,0,0.3,0.3,0.0,2,0,81,88,92.0,8,53,1,1,1,2024-09-28,0,1,0,0,0,0,0,0,0,0,0,0,0
William Saliba,Arsenal,2,FRA,23,90.0,0,0,0,0,0,0,1,0,66,2,1,0,0.0,0.0,0.0,2,0,59,61,96.7,7,41,0,0,0,2024-09-28,0,1,0,0,0,0,0,0,0,0,0,0,0
Jurriën Timber,Arsenal,12,NED,23,90.0,0,1,0,0,2,0,0,0,96,4,0,2,0.2,0.2,0.4,9,1,71,82,86.6,10,53,2,2,1,2024-09-28,0,0,0,0,0,0,0,0,0,1,0,0,0
David Raya,Arsenal,22,ESP,29,90.0,0,0,0,0,0,0,0,0,25,0,0,0,0.0,0.0,0.0,0,0,19,25,76.0,0,17,0,0,0,2024-09-28,0,0,0,0,0,1,0,0,0,0,0,0,0
Jamie Vardy,Leicester City,9,ENG,37,90.0,0,0,0,0,0,0,1,0,18,1,0,0,0.0,0.0,0.1,2,1,10,12,83.3,1,7,1,0,0,2024-09-28,0,0,0,0,1,0,0,0,0,0,0,0,0
Stephy Mavididi,Leicester City,10,ENG,26,89.0,0,0,0,0,0,0,0,0,31,3,0,0,0.0,0.0,0.1,3,1,11,15,73.3,4,24,0,4,1,2024-09-28,0,0,0,0,0,0,0,0,1,0,0,0,0
Bobby Reid,Leicester City,14,JAM,31,1.0,0,0,0,0,0,0,0,0,2,0,0,0,0.0,0.0,0.0,0,0,2,2,100.0,0,0,0,0,0,2024-09-28,0,0,0,0,0,0,0,0,1,0,0,0,0
Facundo Buonanotte,Leicester City,40,ARG,19,84.0,0,1,0,0,2,1,1,0,33,2,1,2,0.2,0.2,0.0,2,1,8,16,50.0,1,14,2,3,0,2024-09-28,0,0,0,0,0,0,0,0,0,0,0,1,0
Jordan Ayew,Leicester City,18,GHA,33,6.0,0,0,0,0,0,0,0,0,3,0,0,0,0.0,0.0,0.0,0,0,0,1,0.0,0,2,0,0,0,2024-09-28,1,0,0,0,0,0,0,0,0,0,0,1,0
Wilfred Ndidi,Leicester City,6,NGA,27,89.0,0,1,0,0,0,0,1,0,53,8,0,4,0.0,0.0,0.1,1,1,24,28,85.7,2,19,0,2,0,2024-09-28,1,0,0,1,0,0,0,0,0,0,0,0,0
Odsonne Édouard,Leicester City,29,FRA,26,1.0,0,0,0,0,0,0,0,0,0,0,0,0,0.0,0.0,0.0,0,0,0,0,80.8,0,0,0,0,0,2024-09-28,0,0,0,1,0,0,0,0,0,0,0,0,0
Harry Winks,Leicester City,8,ENG,28,90.0,0,0,0,0,0,0,0,0,37,0,0,2,0.0,0.0,0.0,1,0,23,29,79.3,3,17,1,2,0,2024-09-28,0,1,0,1,0,0,0,0,0,0,0,0,0
Oliver Skipp,Leicester City,22,ENG,24,89.0,0,0,0,0,0,0,1,0,23,0,0,3,0.0,0.0,0.0,0,0,16,16,100.0,0,13,0,1,0,2024-09-28,0,0,0,1,0,0,0,0,0,0,0,0,0
Bilal El Khannouss,Leicester City,11,MAR,20,1.0,0,0,0,0,0,0,0,0,4,0,0,0,0.0,0.0,0.0,0,0,2,3,66.7,0,1,0,0,0,2024-09-28,1,0,0,1,0,0,0,0,0,0,0,0,0
Victor Bernth Kristiansen,Leicester City,16,DEN,21,90.0,0,0,0,0,0,0,0,0,52,7,2,3,0.0,0.0,0.0,0,0,27,32,84.4,1,13,0,2,1,2024-09-28,0,0,0,0,0,0,1,0,0,0,0,0,0
Caleb Okoli,Leicester City,5,ITA,23,89.0,0,0,0,0,0,0,0,0,43,1,1,2,0.0,0.0,0.0,0,0,17,26,65.4,0,17,0,0,0,2024-09-28,0,1,0,0,0,0,0,0,0,0,0,0,0
Abdul Fatawu Issahaku,Leicester City,7,GHA,20,1.0,0,0,0,0,0,0,0,0,0,0,0,0,0.0,0.0,0.0,0,0,0,0,80.8,0,0,0,0,0,2024-09-28,0,1,0,0,0,0,0,0,0,0,0,1,0
Wout Faes,Leicester City,3,BEL,26,90.0,0,0,0,0,0,0,0,0,36,1,0,1,0.0,0.0,0.0,0,0,17,22,77.3,1,14,0,2,2,2024-09-28,0,1,0,0,0,0,0,0,0,0,0,0,0
James Justin,Leicester City,2,ENG,26,90.0,2,0,0,0,3,2,0,0,34,1,2,1,0.1,0.1,0.0,0,0,12,16,75.0,0,10,0,1,0,2024-09-28,0,0,0,0,0,0,0,0,0,1,0,0,0
Mads Hermansen,Leicester City,30,DEN,24,90.0,0,0,0,0,0,0,0,0,50,0,0,0,0.0,0.0,0.0,0,0,23,39,59.0,0,21,0,0,0,2024-09-28,0,0,0,0,0,1,0,0,0,0,0,0,0
Bryan Mbeumo,Brentford,19,CMR,25,90.0,1,0,0,0,4,1,0,0,59,3,1,0,0.3,0.3,0.0,2,0,31,47,66.0,5,39,6,3,1,2024-09-28,0,0,0,0,1,0,0,0,0,0,0,0,0
Fabio Carvalho,Brentford,14,POR,22,84.0,0,1,0,0,1,0,0,0,48,4,1,2,0.0,0.0,0.1,2,1,22,32,68.8,3,20,0,3,0,2024-09-28,0,0,0,0,1,0,0,0,0,0,0,0,0
Yunus Emre Konak,Brentford,26,TUR,18,6.0,0,0,0,0,0,0,0,0,5,0,0,0,0.0,0.0,0.0,0,0,3,5,60.0,0,3,0,0,0,2024-09-28,0,0,0,0,1,0,0,0,0,0,0,0,0
Keane Lewis-Potter,Brentford,23,ENG,23,90.0,0,0,0,0,1,1,1,0,45,2,1,0,0.0,0.0,0.0,0,0,25,33,75.8,3,20,1,3,2,2024-09-28,0,0,0,0,0,0,0,1,0,0,0,0,0
Vitaly Janelt,Brentford,27,GER,26,90.0,0,0,0,0,0,0,0,0,56,1,1,2,0.0,0.0,0.0,1,0,35,39,89.7,0,27,1,0,0,2024-09-28,0,0,1,0,0,0,0,0,0,0,0,0,0
Mikkel Damsgaard,Brentford,24,DEN,24,90.0,0,0,0,0,0,0,0,0,77,8,1,0,0.0,0.0,0.0,2,0,42,59,71.2,8,48,1,1,0,2024-09-28,0,0,1,0,0,0,0,0,0,0,1,0,0
Kevin Schade,Brentford,7,GER,22,59.0,0,0,0,0,0,0,0,0,24,1,0,1,0.0,0.0,0.0,1,0,6,17,35.3,1,19,4,3,0,2024-09-28,0,0,0,0,0,0,0,0,0,0,1,0,0
Yehor Yarmoliuk,Brentford,18,UKR,20,31.0,0,0,0,0,1,1,1,0,35,0,1,0,0.0,0.0,0.0,1,0,27,30,90.0,1,21,1,1,0,2024-09-28,0,0,1,0,0,0,0,0,0,0,0,0,0
Kristoffer Ajer,Brentford,20,NOR,26,90.0,0,0,0,0,0,0,0,0,65,1,2,4,0.0,0.0,0.0,1,1,38,53,71.7,3,36,4,2,1,2024-09-28,0,0,0,0,0,0,1,0,0,0,0,0,0
Ethan Pinnock,Brentford,5,JAM,31,90.0,0,0,0,0,0,0,0,0,87,2,1,0,0.0,0.0,0.0,3,0,70,79,88.6,5,47,0,0,0,2024-09-28,0,1,0,0,0,0,0,0,0,0,0,0,0
Nathan Collins,Brentford,22,IRL,23,90.0,0,0,0,0,0,0,0,0,80,1,1,1,0.0,0.0,0.0,1,0,67,76,88.2,5,52,0,0,0,2024-09-28,0,1,0,0,0,0,0,0,0,0,0,0,0
Sepp van den Berg,Brentford,4,NED,22,90.0,0,0,0,0,1,0,0,0,66,2,0,2,0.0,0.0,0.0,1,0,44,57,77.2,3,30,0,0,0,2024-09-28,0,0,0,0,0,0,0,0,0,1,0,0,0
Mark Flekken,Brentford,1,NED,31,90.0,0,0,0,0,0,0,0,0,53,0,0,0,0.0,0.0,0.0,0,0,38,51,74.5,0,40,0,0,0,2024-09-28,0,0,0,0,0,1,0,0,0,0,0,0,0
Michail Antonio,West Ham United,9,JAM,34,74.0,0,1,0,0,3,0,0,0,28,0,0,0,0.3,0.3,0.2,3,1,15,20,75.0,5,21,1,1,0,2024-09-28,0,0,0,0,1,0,0,0,0,0,0,0,0
Danny Ings,West Ham United,18,ENG,32,16.0,0,0,0,0,0,0,0,0,7,0,0,0,0.0,0.0,0.0,0,0,2,7,28.6,0,3,0,0,0,2024-09-28,0,0,0,0,1,0,0,0,0,0,0,0,0
Mohammed Kudus,West Ham United,14,GHA,24,45.0,0,0,0,0,3,1,0,0,27,0,0,1,0.1,0.1,0.0,1,0,15,19,78.9,3,21,3,2,1,2024-09-28,0,0,0,0,0,0,0,1,0,0,0,0,0
Carlos Soler,West Ham United,4,ESP,27,45.0,0,0,0,0,1,1,0,0,21,1,0,1,0.1,0.1,0.0,4,0,14,15,93.3,4,13,0,2,1,2024-09-28,0,0,1,0,0,0,0,1,0,0,0,0,0
Lucas Paquetá,West Ham United,10,BRA,27,75.0,0,0,0,0,1,0,0,0,55,1,1,1,0.0,0.0,0.0,3,0,34,44,77.3,7,27,2,1,1,2024-09-28,0,0,1,0,0,0,0,0,0,0,0,0,0
Crysencio Summerville,West Ham United,7,NED,22,15.0,0,0,0,0,1,0,0,0,14,1,0,1,0.0,0.0,0.0,0,0,2,6,33.3,0,5,0,0,0,2024-09-28,0,0,0,0,0,0,0,1,0,0,0,0,0
Tomáš Souček,West Ham United,28,CZE,29,90.0,1,0,0,0,1,1,0,0,44,3,2,2,0.2,0.2,0.2,4,0,22,30,73.3,3,12,1,0,0,2024-09-28,0,0,1,0,0,0,0,0,0,0,0,0,0
Jarrod Bowen,West Ham United,20,ENG,27,89.0,0,0,0,0,3,0,0,0,47,1,0,1,0.1,0.1,0.2,6,0,18,30,60.0,5,23,5,6,4,2024-09-28,0,0,0,0,0,0,0,0,0,0,1,0,0
Andy Irving,West Ham United,39,SCO,24,1.0,0,0,0,0,0,0,1,0,1,0,0,0,0.0,0.0,0.0,0,0,1,1,100.0,0,1,0,0,0,2024-09-28,0,0,0,0,0,0,0,0,0,0,1,0,0
Guido Rodríguez,West Ham United,24,ARG,30,90.0,0,0,0,0,1,0,0,0,57,4,0,0,0.0,0.0,0.0,1,0,38,43,88.4,2,21,0,0,0,2024-09-28,0,0,0,1,0,0,0,0,0,0,0,0,0
Emerson Palmieri,West Ham United,33,ITA,30,45.0,0,0,0,0,1,0,1,0,35,0,1,2,0.0,0.0,0.0,3,0,25,31,80.6,0,14,0,0,0,2024-09-28,0,0,0,0,0,0,1,0,0,0,0,0,0
Konstantinos Mavropanos,West Ham United,15,GRE,26,45.0,0,0,0,0,1,0,0,0,38,0,4,0,0.0,0.0,0.0,1,0,15,26,57.7,1,12,2,3,2,2024-09-28,0,0,0,0,0,0,0,0,0,1,0,0,0
Max Kilman,West Ham United,26,ENG,27,90.0,0,0,0,0,0,0,1,0,47,1,2,1,0.0,0.0,0.0,1,0,34,39,87.2,6,21,0,0,0,2024-09-28,0,1,0,0,0,0,0,0,0,0,0,0,0
Jean-Clair Todibo,West Ham United,25,FRA,24,90.0,0,0,0,0,2,0,0,0,63,3,0,3,0.1,0.1,0.0,0,0,41,49,83.7,1,34,0,0,0,2024-09-28,0,1,0,0,0,0,0,0,0,0,0,0,0
Aaron Wan-Bissaka,West Ham United,29,ENG,26,90.0,0,0,0,0,1,0,0,0,55,2,0,0,0.0,0.0,0.1,5,0,36,42,85.7,2,25,4,3,1,2024-09-28,0,0,0,0,0,0,1,0,0,1,0,0,0
Alphonse Areola,West Ham United,23,FRA,31,90.0,0,0,0,0,0,0,0,0,39,0,0,0,0.0,0.0,0.0,0,0,26,37,70.3,0,28,0,0,0,2024-09-28,0,0,0,0,0,1,0,0,0,0,0,0,0
Dominic Calvert-Lewin,Everton,9,ENG,27,90.0,0,0,0,0,2,0,1,0,29,0,1,1,0.3,0.3,0.0,0,0,5,14,35.7,2,16,0,2,0,2024-09-28,0,0,0,0,1,0,0,0,0,0,0,0,0
Iliman Ndiaye,Everton,10,SEN,24,90.0,0,0,0,0,0,0,0,0,46,0,3,1,0.0,0.0,0.0,4,0,31,35,88.6,3,27,4,4,3,2024-09-28,0,0,0,0,0,0,0,0,1,0,0,0,0
Jesper Lindstrøm,Everton,29,DEN,24,45.0,0,0,0,0,0,0,0,0,22,2,0,3,0.0,0.0,0.5,2,0,9,15,60.0,1,7,0,2,0,2024-09-28,0,0,0,0,0,0,0,0,0,0,0,1,0
Jack Harrison,Everton,11,ENG,27,45.0,0,0,0,0,0,0,0,0,18,0,0,0,0.0,0.0,0.0,0,0,7,12,58.3,0,14,0,1,0,2024-09-28,0,0,0,0,0,0,0,0,0,0,0,1,0
Dwight McNeil,Everton,7,ENG,24,82.0,2,0,0,0,3,2,0,0,45,1,0,0,0.3,0.3,0.1,1,0,22,32,68.8,4,25,1,3,1,2024-09-28,1,0,0,0,0,0,0,0,0,0,0,0,0
Idrissa Gana Gueye,Everton,27,SEN,35,8.0,0,0,0,0,1,0,0,0,5,0,0,0,0.0,0.0,0.0,0,0,3,3,100.0,2,2,0,0,0,2024-09-28,1,0,0,1,0,0,0,0,0,0,0,0,0
Orel Mangala,Everton,8,BEL,26,82.0,0,0,0,0,0,0,0,0,44,4,5,0,0.0,0.0,0.0,1,1,29,34,85.3,5,23,0,2,2,2024-09-28,0,0,0,1,0,0,0,0,0,0,0,0,0
James Garner,Everton,37,ENG,23,8.0,0,0,0,0,0,0,0,0,2,0,0,0,0.0,0.0,0.0,0,0,0,2,0.0,0,0,0,0,0,2024-09-28,1,0,0,0,0,0,0,0,0,0,0,0,0
Abdoulaye Doucouré,Everton,16,MLI,31,90.0,0,0,0,0,0,0,0,0,43,2,0,1,0.0,0.0,0.0,2,1,28,38,73.7,4,19,1,0,0,2024-09-28,0,0,0,1,0,0,0,0,0,0,0,0,0
Vitaliy Mykolenko,Everton,19,UKR,25,90.0,0,0,0,0,1,0,0,0,40,1,0,0,0.0,0.0,0.1,1,0,25,34,73.5,5,16,1,0,0,2024-09-28,0,0,0,0,0,0,1,0,0,0,0,0,0
Jarrad Branthwaite,Everton,32,ENG,22,90.0,0,0,0,0,0,0,0,0,43,2,3,1,0.0,0.0,0.0,0,0,27,32,84.4,1,24,0,1,1,2024-09-28,0,1,0,0,0,0,0,0,0,0,0,0,0
James Tarkowski,Everton,6,ENG,31,90.0,0,0,0,0,1,0,0,0,54,2,2,3,0.3,0.3,0.0,0,0,28,36,77.8,2,17,0,0,0,2024-09-28,0,1,0,0,0,0,0,0,0,0,0,0,0
Ashley Young,Everton,18,ENG,39,90.0,0,1,0,0,0,0,0,0,74,0,2,1,0.0,0.0,0.0,4,2,44,69,63.8,8,30,0,2,1,2024-09-28,0,0,0,0,0,0,0,0,0,1,0,0,0
Jordan Pickford,Everton,1,ENG,30,90.0,0,0,0,0,0,0,1,0,44,0,0,0,0.0,0.0,0.0,0,0,29,43,67.4,0,28,0,0,0,2024-09-28,0,0,0,0,0,1,0,0,0,0,0,0,0
Jean-Philippe Mateta,Crystal Palace,14,FRA,27,90.0,0,0,0,0,1,0,0,0,23,0,0,1,0.0,0.0,0.0,1,0,9,18,50.0,1,11,1,0,0,2024-09-28,0,0,0,0,1,0,0,0,0,0,0,0,0
Eberechi Eze,Crystal Palace,10,ENG,26,90.0,0,0,0,0,5,1,0,0,57,2,1,0,0.2,0.2,0.1,7,0,31,40,77.5,4,33,2,2,0,2024-09-28,0,0,0,0,0,0,0,0,1,0,0,0,0
Eddie Nketiah,Crystal Palace,9,ENG,25,72.0,0,0,0,0,2,0,0,0,27,0,0,0,0.1,0.1,0.0,0,0,15,22,68.2,1,22,1,1,1,2024-09-28,1,0,0,0,0,0,0,0,0,0,0,1,0
Jeffrey Schlupp,Crystal Palace,15,GHA,31,18.0,0,0,0,0,1,0,0,0,8,0,0,0,0.0,0.0,0.0,0,0,5,6,83.3,0,5,0,0,0,2024-09-28,1,0,0,0,0,0,0,0,0,0,0,0,0
Tyrick Mitchell,Crystal Palace,3,ENG,25,90.0,0,0,0,0,0,0,0,0,66,9,0,2,0.0,0.0,0.0,1,0,35,53,66.0,1,30,4,0,0,2024-09-28,0,0,0,0,0,0,1,1,0,0,0,0,0
Daichi Kamada,Crystal Palace,18,JPN,28,61.0,0,0,0,0,0,0,0,0,47,4,1,1,0.0,0.0,0.0,2,0,36,41,87.8,6,25,1,0,0,2024-09-28,0,0,1,0,0,0,0,0,0,0,0,0,0
Ismaila Sarr,Crystal Palace,7,SEN,26,29.0,0,0,0,0,0,0,0,0,9,0,0,0,0.0,0.0,0.0,0,0,5,8,62.5,0,9,0,0,0,2024-09-28,0,0,0,0,0,0,0,0,0,0,0,1,0
Adam Wharton,Crystal Palace,20,ENG,20,88.0,0,0,0,0,2,1,0,0,82,2,1,1,0.0,0.0,0.2,8,1,63,74,85.1,14,44,2,1,1,2024-09-28,0,0,1,1,0,0,0,0,0,0,0,0,0
Will Hughes,Crystal Palace,19,ENG,29,2.0,0,0,0,0,0,0,0,0,6,0,0,0,0.0,0.0,0.0,0,0,1,5,20.0,0,2,1,0,0,2024-09-28,0,0,0,1,0,0,0,0,0,0,0,0,0
Daniel Muñoz,Crystal Palace,12,COL,28,90.0,0,0,0,0,2,1,0,0,70,1,0,0,0.2,0.2,0.0,2,0,49,61,80.3,5,33,3,1,1,2024-09-28,0,0,0,0,0,0,0,0,0,1,1,0,0
Jefferson Lerma,Crystal Palace,8,COL,29,90.0,0,0,0,0,1,0,0,0,85,2,1,0,0.0,0.0,0.2,2,0,61,77,79.2,8,52,0,0,0,2024-09-28,0,1,0,1,0,0,0,0,0,0,0,0,0
Marc Guéhi,Crystal Palace,6,ENG,24,90.0,1,0,0,0,1,1,0,0,99,2,1,3,0.2,0.2,0.0,4,0,78,85,91.8,9,53,1,1,1,2024-09-28,0,1,0,0,0,0,0,0,0,0,0,0,0
Maxence Lacroix,Crystal Palace,5,FRA,24,90.0,0,1,0,0,1,0,0,0,84,3,3,1,0.2,0.2,0.2,2,1,53,71,74.6,2,50,1,1,1,2024-09-28,0,1,0,0,0,0,0,0,0,0,0,0,0
Dean Henderson,Crystal Palace,1,ENG,27,90.0,0,0,0,0,1,0,0,0,21,0,0,0,0.0,0.0,0.0,0,0,17,20,85.0,0,14,0,0,0,2024-09-28,0,0,0,0,0,1,0,0,0,0,0,0,0
Chris Wood,Nottingham Forest,11,NZL,32,90.0,0,0,0,0,0,0,0,0,14,0,0,0,0.0,0.0,0.0,1,0,8,9,88.9,1,8,0,0,0,2024-09-28,0,0,0,0,1,0,0,0,0,0,0,0,0
Taiwo Awoniyi,Nottingham Forest,9,NGA,27,45.0,0,0,0,0,1,0,0,0,17,0,0,0,0.2,0.2,0.0,2,0,6,11,54.5,0,7,1,0,0,2024-09-28,0,0,0,0,1,0,0,0,0,0,0,0,0
Anthony Elanga,Nottingham Forest,21,SWE,22,45.0,0,0,0,0,1,0,0,0,13,0,0,0,0.1,0.1,0.0,0,0,8,11,72.7,0,13,2,0,0,2024-09-28,0,0,0,0,1,0,0,0,0,0,0,1,0
Nicolás Domínguez,Nottingham Forest,16,ARG,26,56.0,0,0,0,0,1,0,0,0,30,1,1,1,0.0,0.0,0.0,0,0,18,26,69.2,2,12,0,0,0,2024-09-28,0,0,0,0,0,0,0,1,0,0,0,0,0
Callum Hudson-Odoi,Nottingham Forest,14,ENG,23,34.0,0,0,0,0,1,0,0,0,19,0,1,0,0.1,0.1,0.1,3,0,8,15,53.3,2,10,5,1,1,2024-09-28,0,0,0,0,0,0,0,0,1,0,0,0,0
Ryan Yates,Nottingham Forest,22,ENG,26,90.0,0,0,0,0,1,0,1,0,68,3,2,0,0.0,0.0,0.2,1,0,47,56,83.9,0,35,3,0,0,2024-09-28,0,0,1,1,0,0,0,0,0,0,0,0,0
James Ward-Prowse,Nottingham Forest,18,ENG,29,74.0,0,0,0,0,1,0,0,0,40,0,1,3,0.0,0.0,0.0,1,0,29,35,82.9,4,25,0,0,0,2024-09-28,0,0,1,1,0,0,0,0,0,0,0,0,0
Ramón Sosa,Nottingham Forest,24,PAR,25,16.0,0,0,0,0,0,0,0,0,12,1,0,0,0.0,0.0,0.0,1,0,7,11,63.6,0,7,1,0,0,2024-09-28,0,0,0,1,0,0,0,0,0,0,0,0,0
Elliot Anderson,Nottingham Forest,8,ENG,21,56.0,0,0,0,0,1,0,0,0,24,1,0,3,0.0,0.0,0.0,3,0,13,18,72.2,2,16,3,0,0,2024-09-28,0,0,0,0,0,0,0,0,0,0,1,0,0
Jota Silva,Nottingham Forest,20,POR,25,34.0,0,0,0,0,2,1,0,0,15,0,1,0,0.1,0.1,0.0,0,0,5,8,62.5,0,9,0,0,0,2024-09-28,1,0,0,0,0,0,0,0,0,0,0,0,0
Álex Moreno,Nottingham Forest,19,ESP,31,83.0,0,0,0,0,1,0,0,0,39,0,1,2,0.0,0.0,0.0,1,0,16,29,55.2,2,14,2,1,0,2024-09-28,0,0,0,0,0,0,1,0,0,0,0,0,0
Neco Williams,Nottingham Forest,7,WAL,23,7.0,0,0,0,0,0,0,0,0,10,0,0,0,0.0,0.0,0.0,1,0,7,9,77.8,0,7,2,0,0,2024-09-28,0,0,0,0,0,0,1,0,0,0,0,0,0
Murillo,Nottingham Forest,5,BRA,22,90.0,0,0,0,0,0,0,1,0,56,0,1,1,0.0,0.0,0.1,2,0,35,45,77.8,6,35,4,2,2,2024-09-28,0,1,0,0,0,0,0,0,0,0,0,0,0
Nikola Milenković,Nottingham Forest,31,SRB,26,90.0,0,0,0,0,1,0,0,0,48,0,1,1,0.1,0.1,0.0,0,0,36,40,90.0,2,32,0,0,0,2024-09-28,0,1,0,0,0,0,0,0,0,0,0,0,0
Ola Aina,Nottingham Forest,34,NGA,27,90.0,0,0,0,0,0,0,0,0,66,2,0,2,0.0,0.0,0.1,2,0,38,54,70.4,4,35,3,2,1,2024-09-28,0,0,0,0,0,0,0,0,0,1,0,0,0
Matz Sels,Nottingham Forest,26,BEL,32,90.0,0,0,0,0,0,0,0,0,23,0,0,0,0.0,0.0,0.0,0,0,10,21,47.6,1,10,0,0,0,2024-09-28,0,0,0,0,0,1,0,0,0,0,0,0,0
Raúl Jiménez,Fulham,7,MEX,33,82.0,1,0,1,1,2,1,0,0,23,0,0,0,0.9,0.1,0.0,1,0,16,17,94.1,0,14,0,0,0,2024-09-28,0,0,0,0,1,0,0,0,0,0,0,0,0
Rodrigo Muniz,Fulham,9,BRA,23,8.0,0,0,0,0,0,0,0,0,6,0,0,0,0.0,0.0,0.0,0,0,3,4,75.0,0,3,1,1,0,2024-09-28,0,0,0,0,1,0,0,0,0,0,0,0,0
Alex Iwobi,Fulham,17,NGA,28,90.0,0,0,0,0,1,0,0,0,68,0,0,1,0.0,0.0,0.1,7,1,46,60,76.7,9,47,2,1,1,2024-09-28,0,0,0,0,0,0,0,0,1,0,1,1,0
Adama Traoré,Fulham,11,ESP,28,68.0,0,0,0,0,1,0,0,0,40,0,0,0,0.0,0.0,0.0,1,0,23,31,74.2,3,31,6,8,4,2024-09-28,0,0,0,0,0,0,0,0,0,0,0,1,0
Reiss Nelson,Fulham,19,ENG,24,22.0,0,0,0,0,1,0,0,0,15,0,0,1,0.0,0.0,0.0,0,0,8,11,72.7,1,12,4,0,0,2024-09-28,0,0,0,0,0,0,0,1,1,0,0,0,0
Emile Smith Rowe,Fulham,32,ENG,24,87.0,0,0,0,0,2,0,0,0,59,1,0,0,0.2,0.2,0.1,4,0,47,51,92.2,9,46,4,1,0,2024-09-28,1,0,0,0,0,0,0,0,0,0,0,0,0
Issa Diop,Fulham,31,FRA,27,3.0,0,0,0,0,0,0,0,0,4,0,0,0,0.0,0.0,0.0,0,0,0,0,80.8,0,0,0,0,0,2024-09-28,0,1,0,0,0,0,0,0,0,0,0,0,0
Saša Lukić,Fulham,20,SRB,28,82.0,0,0,0,0,0,0,1,0,51,0,2,0,0.0,0.0,0.0,2,0,40,46,87.0,6,34,1,0,0,2024-09-28,0,0,0,1,0,0,0,0,0,0,0,0,0
Harrison Reed,Fulham,6,ENG,29,8.0,0,0,0,0,0,0,1,0,9,1,1,1,0.0,0.0,0.0,0,0,1,4,25.0,0,3,0,0,0,2024-09-28,0,0,1,1,0,0,0,0,0,0,0,0,0
Andreas Pereira,Fulham,18,BRA,28,68.0,0,0,0,0,1,0,0,0,33,0,1,0,0.0,0.0,0.0,4,1,24,31,77.4,2,22,1,1,1,2024-09-28,0,0,0,1,0,0,0,0,0,0,0,0,0
Sander Berge,Fulham,16,NOR,26,22.0,0,0,0,0,0,0,0,0,18,1,0,1,0.0,0.0,0.0,0,0,11,15,73.3,1,10,0,0,0,2024-09-28,0,0,1,1,0,0,0,0,0,0,0,0,0
Antonee Robinson,Fulham,33,USA,27,90.0,0,0,0,0,2,0,0,0,64,2,2,0,0.0,0.0,0.0,0,0,45,54,83.3,6,37,3,1,1,2024-09-28,0,0,0,0,0,0,1,0,0,0,0,0,0
Calvin Bassey,Fulham,3,NGA,24,90.0,0,0,0,0,1,0,0,0,74,1,0,1,0.0,0.0,0.0,0,0,58,62,93.5,3,50,0,0,0,2024-09-28,0,1,0,0,0,0,0,0,0,0,0,0,0
Joachim Andersen,Fulham,5,DEN,28,90.0,0,0,0,0,1,0,0,0,103,1,1,2,0.1,0.1,0.0,1,0,76,86,88.4,6,67,1,0,0,2024-09-28,0,1,0,0,0,0,0,0,0,0,0,0,0
Kenny Tete,Fulham,2,NED,28,90.0,0,0,0,0,1,0,1,0,74,0,2,1,0.0,0.0,0.0,4,0,43,55,78.2,1,44,6,3,2,2024-09-28,0,0,0,0,0,0,0,0,0,1,0,0,0
Bernd Leno,Fulham,1,GER,32,90.0,0,0,0,0,0,0,1,0,36,0,0,0,0.0,0.0,0.0,0,0,32,36,88.9,0,19,0,0,0,2024-09-28,0,0,0,0,0,1,0,0,0,0,0,0,0
Jørgen Strand Larsen,Wolverhampton Wanderers,9,NOR,24,67.0,0,0,0,0,1,0,0,0,19,0,0,0,0.0,0.0,0.0,2,1,12,17,70.6,2,8,0,0,0,2024-09-28,0,0,0,0,1,0,0,0,0,0,0,0,0
Hwang Hee-chan,Wolverhampton Wanderers,11,KOR,28,23.0,0,0,0,0,0,0,0,0,4,0,0,0,0.0,0.0,0.0,0,0,4,4,100.0,0,2,1,0,0,2024-09-28,0,0,0,0,1,0,0,0,0,0,0,0,0
Jean-Ricner Bellegarde,Wolverhampton Wanderers,27,FRA,26,51.0,0,0,0,0,1,1,0,0,29,1,0,1,0.0,0.0,0.0,1,0,18,24,75.0,1,19,5,1,0,2024-09-28,0,0,0,0,0,0,0,1,0,0,0,0,0
Carlos Forbs,Wolverhampton Wanderers,26,POR,20,39.0,0,0,0,0,1,0,1,0,14,0,0,0,0.1,0.1,0.0,0,0,5,10,50.0,1,9,2,2,1,2024-09-28,0,0,0,0,0,0,0,0,0,0,1,0,0
João Gomes,Wolverhampton Wanderers,8,BRA,23,90.0,0,0,0,0,0,0,0,0,44,1,2,1,0.0,0.0,0.0,2,0,31,41,75.6,5,20,4,0,0,2024-09-28,0,0,1,0,0,0,0,0,0,0,0,0,0
Mario Lemina,Wolverhampton Wanderers,5,GAB,31,90.0,0,0,0,0,1,0,0,0,69,2,3,1,0.0,0.0,0.0,0,0,44,57,77.2,2,35,1,2,2,2024-09-28,0,1,1,0,0,0,0,0,0,0,0,0,0
Matheus Cunha,Wolverhampton Wanderers,10,BRA,25,90.0,0,0,0,0,2,1,0,0,43,2,0,1,0.0,0.0,0.1,2,0,17,28,60.7,4,28,2,2,1,2024-09-28,0,0,0,0,0,0,0,1,0,0,1,0,0
André,Wolverhampton Wanderers,7,BRA,23,90.0,0,0,0,0,0,0,1,0,44,1,1,1,0.0,0.0,0.0,2,0,32,34,94.1,4,20,0,1,1,2024-09-28,0,0,0,1,0,0,0,0,0,0,0,0,0
Rayan Aït-Nouri,Wolverhampton Wanderers,3,ALG,23,90.0,1,0,0,0,1,1,0,0,61,1,2,0,0.4,0.4,0.1,2,0,44,51,86.3,7,27,4,1,0,2024-09-28,0,0,0,0,0,0,1,0,0,0,0,0,0
Toti Gomes,Wolverhampton Wanderers,24,POR,25,90.0,0,0,0,0,0,0,0,0,60,1,0,1,0.0,0.0,0.0,0,0,51,54,94.4,3,37,1,0,0,2024-09-28,0,1,0,0,0,0,0,0,0,0,0,0,0
Santiago Bueno,Wolverhampton Wanderers,4,URU,25,76.0,0,0,0,0,0,0,0,0,60,3,1,1,0.0,0.0,0.0,1,0,46,48,95.8,2,28,0,1,0,2024-09-28,0,1,0,0,0,0,0,0,0,0,0,0,0
Tommy Doyle,Wolverhampton Wanderers,20,ENG,22,14.0,0,0,0,0,0,0,0,0,12,0,0,0,0.0,0.0,0.0,0,0,8,11,72.7,2,5,0,0,0,2024-09-28,0,0,1,0,0,0,0,0,0,0,0,0,0
Nélson Semedo,Wolverhampton Wanderers,22,POR,30,90.0,0,0,0,0,1,0,0,0,54,2,0,0,0.0,0.0,0.0,1,0,36,44,81.8,2,23,1,2,2,2024-09-28,0,0,0,0,0,0,0,0,0,1,0,0,0
Sam Johnstone,Wolverhampton Wanderers,31,ENG,31,90.0,0,0,0,0,0,0,0,0,48,0,0,0,0.0,0.0,0.0,0,0,34,42,81.0,0,33,0,0,0,2024-09-28,0,0,0,0,0,1,0,0,0,0,0,0,0
Diogo Jota,Liverpool,20,POR,27,90.0,0,1,0,0,0,0,1,0,30,0,0,0,0.0,0.0,0.1,2,2,18,26,69.2,0,11,1,2,1,2024-09-28,0,0,0,0,1,0,0,0,0,0,0,0,0
Luis Díaz,Liverpool,7,COL,27,72.0,0,0,0,0,1,0,0,0,37,0,1,0,0.1,0.1,0.0,2,1,24,28,85.7,5,22,4,1,0,2024-09-28,0,0,0,0,0,0,0,0,1,0,0,0,0
Cody Gakpo,Liverpool,18,NED,25,18.0,0,0,0,0,0,0,0,0,10,0,0,0,0.0,0.0,0.0,0,0,7,9,77.8,0,8,0,1,1,2024-09-28,0,0,0,0,0,0,0,0,1,0,0,0,0
Mohamed Salah,Liverpool,11,EGY,32,90.0,1,0,1,1,2,1,0,0,38,2,0,1,1.3,0.5,0.2,2,0,19,29,65.5,2,16,2,3,2,2024-09-28,0,0,0,0,0,0,0,0,0,0,0,1,0
Dominik Szoboszlai,Liverpool,8,HUN,23,72.0,0,0,0,0,1,1,0,0,35,0,0,0,0.8,0.8,0.0,1,0,26,31,83.9,2,14,1,1,0,2024-09-28,1,0,0,0,0,0,0,0,0,0,0,0,0
Curtis Jones,Liverpool,17,ENG,23,18.0,0,0,0,0,1,1,0,0,14,0,0,2,0.1,0.1,0.0,1,0,4,7,57.1,1,7,0,0,0,2024-09-28,1,0,0,0,0,0,0,0,0,0,0,0,0
Alexis Mac Allister,Liverpool,10,ARG,25,90.0,0,0,0,0,0,0,0,0,57,2,1,5,0.0,0.0,0.1,3,0,41,48,85.4,4,23,3,1,0,2024-09-28,0,0,0,1,0,0,0,0,0,0,0,0,0
Ryan Gravenberch,Liverpool,38,NED,22,90.0,0,0,0,0,0,0,0,0,70,3,0,0,0.0,0.0,0.0,2,1,57,62,91.9,6,36,3,1,0,2024-09-28,0,0,0,1,0,0,0,0,0,0,0,0,0
Andrew Robertson,Liverpool,26,SCO,30,88.0,0,0,0,0,0,0,0,0,85,0,1,0,0.0,0.0,0.8,1,0,66,80,82.5,8,40,2,0,0,2024-09-28,0,0,0,0,0,0,1,0,0,0,0,0,0
Joe Gomez,Liverpool,2,ENG,27,2.0,0,0,0,0,0,0,0,0,6,1,0,1,0.0,0.0,0.0,0,0,3,3,100.0,0,2,0,0,0,2024-09-28,0,0,0,0,0,0,1,0,0,0,0,0,0
Virgil van Dijk,Liverpool,4,NED,33,90.0,0,0,0,0,0,0,0,0,93,0,1,1,0.0,0.0,0.0,1,0,79,86,91.9,6,48,0,0,0,2024-09-28,0,1,0,0,0,0,0,0,0,0,0,0,0
Ibrahima Konaté,Liverpool,5,FRA,25,90.0,1,0,0,0,2,1,1,0,74,0,2,1,0.2,0.2,0.0,0,0,59,67,88.1,2,39,0,0,0,2024-09-28,0,1,0,0,0,0,0,0,0,0,0,0,0
Trent Alexander-Arnold,Liverpool,66,ENG,25,90.0,0,0,0,0,2,1,1,0,73,2,1,0,0.1,0.1,0.0,1,0,46,66,69.7,6,28,4,2,0,2024-09-28,0,0,0,0,0,0,0,0,0,1,0,0,0
Alisson,Liverpool,1,BRA,31,90.0,0,0,0,0,0,0,0,0,33,0,0,0,0.0,0.0,0.0,0,0,27,32,84.4,0,23,0,0,0,2024-09-28,0,0,0,0,0,1,0,0,0,0,0,0,0
Liam Delap,Ipswich Town,19,ENG,21,89.0,2,0,0,0,3,3,1,0,18,0,0,1,0.6,0.6,0.0,3,1,4,8,50.0,0,18,4,1,1,2024-09-29,0,0,0,0,1,0,0,0,0,0,0,0,0
George Hirst,Ipswich Town,27,ENG,25,1.0,0,0,0,0,0,0,0,0,2,1,0,0,0.0,0.0,0.0,0,0,0,0,80.8,0,1,0,0,0,2024-09-29,0,0,0,0,1,0,0,0,0,0,0,0,0
Jack Clarke,Ipswich Town,47,ENG,23,89.0,0,1,0,0,2,0,0,0,39,3,0,0,0.1,0.1,0.3,6,1,20,29,69.0,3,23,1,4,3,2024-09-29,0,0,0,0,0,0,0,0,1,0,0,0,0
Sammie Szmodics,Ipswich Town,23,IRL,29,1.0,0,0,0,0,0,0,0,0,3,0,0,0,0.0,0.0,0.0,0,0,3,3,100.0,0,3,1,0,0,2024-09-29,0,0,0,0,0,0,0,0,1,0,0,0,0
Chiedozie Ogbene,Ipswich Town,21,IRL,27,68.0,0,0,0,0,0,0,0,0,17,1,0,0,0.0,0.0,0.0,1,0,7,11,63.6,0,11,1,3,1,2024-09-29,0,0,0,0,0,0,0,0,0,0,0,1,0
Wes Burns,Ipswich Town,7,WAL,29,22.0,0,0,0,0,1,0,0,0,6,0,0,1,0.2,0.2,0.0,0,0,2,3,66.7,0,3,1,0,0,2024-09-29,0,0,0,0,0,0,0,0,0,0,0,1,0
Omari Hutchinson,Ipswich Town,20,ENG,20,90.0,0,1,0,0,1,0,0,0,42,0,0,1,0.0,0.0,0.3,5,1,26,32,81.3,4,26,3,6,4,2024-09-29,1,0,0,0,0,0,0,0,0,0,0,0,0
Kalvin Phillips,Ipswich Town,8,ENG,28,68.0,0,0,0,0,1,1,0,0,51,3,1,1,0.0,0.0,0.0,2,1,36,45,80.0,7,30,0,0,0,2024-09-29,0,0,0,1,0,0,0,0,0,0,0,0,0
Jack Taylor,Ipswich Town,14,IRL,26,22.0,0,0,0,0,1,1,0,0,18,0,0,0,0.0,0.0,0.0,1,0,15,17,88.2,3,14,1,0,0,2024-09-29,0,0,0,1,0,0,0,0,0,0,0,0,0
Sam Morsy,Ipswich Town,5,EGY,33,89.0,0,0,0,0,2,0,1,0,56,3,1,0,0.1,0.1,0.0,3,0,50,52,96.2,3,35,0,1,1,2024-09-29,0,0,0,1,0,0,0,0,0,0,0,0,0
Massimo Luongo,Ipswich Town,25,AUS,32,1.0,0,0,0,0,0,0,0,0,4,0,1,0,0.0,0.0,0.0,0,0,2,3,66.7,0,2,0,0,0,2024-09-29,0,0,0,1,0,0,0,0,0,0,0,0,0
Leif Davis,Ipswich Town,3,ENG,24,90.0,0,0,0,0,1,0,0,0,56,1,1,1,0.0,0.0,0.5,7,0,33,48,68.8,4,29,2,1,0,2024-09-29,0,0,0,0,0,0,1,0,0,0,0,0,0
Jacob Greaves,Ipswich Town,24,ENG,24,90.0,0,0,0,0,0,0,1,0,73,1,2,0,0.0,0.0,0.0,0,0,59,63,93.7,4,43,1,0,0,2024-09-29,0,1,0,0,0,0,0,0,0,0,0,0,0
Dara O'Shea,Ipswich Town,26,IRL,25,90.0,0,0,0,0,1,0,0,0,67,3,0,0,0.0,0.0,0.0,1,0,48,58,82.8,0,39,1,0,0,2024-09-29,0,1,0,0,0,0,0,0,0,0,0,0,0
Axel Tuanzebe,Ipswich Town,40,COD,26,90.0,0,0,0,0,2,0,1,0,47,2,1,0,0.1,0.1,0.0,1,0,35,42,83.3,4,20,0,0,0,2024-09-29,0,0,0,0,0,0,0,0,0,1,0,0,0
Arijanet Muric,Ipswich Town,1,KVX,25,90.0,0,0,0,0,0,0,0,0,28,0,0,0,0.0,0.0,0.0,0,0,21,27,77.8,0,15,0,0,0,2024-09-29,0,0,0,0,0,1,0,0,0,0,0,0,0
Ollie Watkins,Aston Villa,11,ENG,28,83.0,1,1,0,0,1,1,0,0,30,0,0,0,0.4,0.4,0.1,1,1,19,22,86.4,2,26,0,2,0,2024-09-29,0,0,0,0,1,0,0,0,0,0,0,0,0
Emi Buendía,Aston Villa,10,ARG,27,7.0,0,0,0,0,1,0,0,0,8,1,0,1,0.1,0.1,0.0,0,0,4,5,80.0,1,5,2,0,0,2024-09-29,1,0,0,0,0,0,0,0,0,0,0,0,0
Jacob Ramsey,Aston Villa,41,ENG,23,90.0,0,0,0,0,1,0,0,0,48,1,0,1,0.0,0.0,0.0,2,0,39,43,90.7,3,36,3,2,2,2024-09-29,0,0,0,0,0,0,0,1,1,0,0,0,0
Leon Bailey,Aston Villa,31,JAM,27,63.0,0,1,0,0,0,0,0,0,37,0,0,0,0.0,0.0,0.4,1,1,26,32,81.3,3,27,2,1,0,2024-09-29,0,0,0,0,0,0,0,0,0,0,0,1,0
Jaden Philogene Bidace,Aston Villa,19,ENG,22,27.0,0,0,0,0,0,0,0,0,10,1,0,0,0.0,0.0,0.0,0,0,6,6,100.0,0,7,0,1,0,2024-09-29,0,0,0,0,0,0,0,0,0,0,1,1,0
Morgan Rogers,Aston Villa,27,ENG,22,63.0,1,0,0,0,2,1,0,0,28,0,0,0,0.2,0.2,0.0,1,1,16,19,84.2,1,22,1,4,1,2024-09-29,1,0,0,0,0,0,0,0,0,0,0,0,0
Jhon Durán,Aston Villa,9,COL,20,27.0,0,0,0,0,0,0,0,0,9,1,0,0,0.0,0.0,0.0,2,0,4,4,100.0,2,4,0,0,0,2024-09-29,0,0,0,0,1,0,0,0,0,0,0,0,0
Youri Tielemans,Aston Villa,8,BEL,27,83.0,0,0,0,0,1,0,0,0,58,0,1,0,0.0,0.0,0.1,3,0,45,51,88.2,7,49,1,1,1,2024-09-29,0,0,1,1,0,0,0,0,0,0,0,0,0
Ross Barkley,Aston Villa,6,ENG,30,7.0,0,0,0,0,1,1,0,0,7,0,0,0,0.0,0.0,0.0,0,0,3,6,50.0,0,8,1,0,0,2024-09-29,0,0,0,1,0,0,0,0,0,0,0,0,0
Amadou Onana,Aston Villa,24,BEL,23,90.0,0,0,0,0,0,0,0,0,71,6,2,1,0.0,0.0,0.0,1,0,50,55,90.9,2,43,0,1,0,2024-09-29,0,0,1,1,0,0,0,0,0,0,0,0,0
Lucas Digne,Aston Villa,12,FRA,31,83.0,0,0,0,0,0,0,1,0,61,3,2,4,0.0,0.0,0.0,0,0,43,50,86.0,2,39,0,0,0,2024-09-29,0,0,0,0,0,0,1,0,0,0,0,0,0
Ian Maatsen,Aston Villa,22,NED,22,7.0,0,0,0,0,0,0,0,0,10,0,0,0,0.0,0.0,0.0,1,0,7,9,77.8,1,7,0,0,0,2024-09-29,0,0,0,0,0,0,1,0,0,0,0,0,0
Pau Torres,Aston Villa,14,ESP,27,90.0,0,0,0,0,0,0,0,0,79,1,0,1,0.0,0.0,0.0,1,0,68,77,88.3,0,66,3,1,1,2024-09-29,0,1,0,0,0,0,0,0,0,0,0,0,0
Diego Carlos,Aston Villa,3,BRA,31,90.0,0,0,0,0,0,0,0,0,71,1,0,1,0.0,0.0,0.0,0,0,60,67,89.6,3,59,1,0,0,2024-09-29,0,1,0,0,0,0,0,0,0,0,0,0,0
Ezri Konsa,Aston Villa,4,ENG,26,90.0,0,0,0,0,0,0,0,0,84,0,0,1,0.0,0.0,0.0,1,1,72,77,93.5,6,59,4,0,0,2024-09-29,0,0,0,0,0,0,0,0,0,1,0,0,0
Emiliano Martínez,Aston Villa,23,ARG,32,90.0,0,0,0,0,0,0,0,0,41,0,0,0,0.0,0.0,0.0,0,0,31,38,81.6,0,21,0,0,0,2024-09-29,0,0,0,0,0,1,0,0,0,0,0,0,0
Joshua Zirkzee,Manchester United,11,NED,23,45.0,0,0,0,0,1,1,0,0,18,1,0,1,0.2,0.2,0.0,0,0,8,11,72.7,1,10,0,0,0,2024-09-29,0,0,0,0,1,0,0,0,0,0,0,0,0
Casemiro,Manchester United,18,BRA,32,45.0,0,0,0,0,2,0,0,0,41,3,0,1,0.2,0.2,0.2,6,0,25,33,75.8,1,23,0,1,0,2024-09-29,0,0,0,1,0,0,0,0,0,0,0,0,0
Marcus Rashford,Manchester United,10,ENG,26,72.0,0,0,0,0,0,0,0,0,28,2,1,0,0.0,0.0,0.1,2,0,16,23,69.6,1,18,1,1,1,2024-09-29,0,0,0,0,1,0,0,0,1,0,0,0,0
Rasmus Højlund,Manchester United,9,DEN,21,18.0,0,0,0,0,0,0,0,0,1,0,0,0,0.0,0.0,0.0,0,0,1,1,100.0,0,1,0,0,0,2024-09-29,0,0,0,0,1,0,0,0,0,0,0,0,0
Alejandro Garnacho,Manchester United,17,ARG,20,90.0,0,0,0,0,3,0,0,0,46,1,1,0,0.1,0.1,0.1,3,0,23,33,69.7,4,36,3,6,1,2024-09-29,0,0,0,0,0,0,0,0,1,0,0,1,0
Bruno Fernandes,Manchester United,8,POR,30,41.0,0,0,0,0,0,0,0,1,28,0,2,2,0.0,0.0,0.0,0,0,18,24,75.0,6,18,0,0,0,2024-09-29,1,0,0,0,0,0,0,0,0,0,0,0,0
Manuel Ugarte Ribeiro,Manchester United,25,URU,23,72.0,0,0,0,0,0,0,1,0,34,4,0,0,0.0,0.0,0.0,0,0,23,25,92.0,3,15,0,0,0,2024-09-29,0,0,0,1,0,0,0,0,0,0,0,0,0
Christian Eriksen,Manchester United,14,DEN,32,18.0,0,0,0,0,0,0,0,0,27,1,0,0,0.0,0.0,0.0,1,0,17,22,77.3,1,11,0,0,0,2024-09-29,0,0,0,1,0,0,0,0,0,0,0,0,0
Kobbie Mainoo,Manchester United,37,ENG,19,44.0,0,0,0,0,0,0,0,0,25,2,0,3,0.0,0.0,0.2,1,0,13,17,76.5,0,11,1,0,0,2024-09-29,0,0,0,1,0,0,0,0,0,0,0,0,0
Mason Mount,Manchester United,7,ENG,25,40.0,0,0,0,0,0,0,1,0,16,2,0,2,0.0,0.0,0.0,2,0,6,11,54.5,1,5,1,0,0,2024-09-29,0,0,0,0,0,0,0,0,0,0,0,1,0
Amad Diallo,Manchester United,16,CIV,22,6.0,0,0,0,0,0,0,0,0,15,2,0,0,0.0,0.0,0.0,0,0,10,12,83.3,1,9,0,0,0,2024-09-29,0,0,0,0,0,0,0,0,0,0,0,1,0
Diogo Dalot,Manchester United,20,POR,25,90.0,0,0,0,0,0,0,1,0,59,3,4,0,0.0,0.0,0.0,2,0,37,50,74.0,3,31,0,0,0,2024-09-29,0,0,0,0,0,0,1,0,0,0,0,0,0
Lisandro Martínez,Manchester United,6,ARG,26,90.0,0,0,0,0,4,1,1,0,64,0,7,1,0.2,0.2,0.1,2,0,41,47,87.2,2,35,1,1,0,2024-09-29,0,1,0,0,0,0,0,0,0,0,0,0,0
Matthijs de Ligt,Manchester United,4,NED,25,90.0,0,0,0,0,1,0,0,0,48,1,1,4,0.2,0.2,0.0,0,0,29,37,78.4,1,25,0,0,0,2024-09-29,0,1,0,0,0,0,0,0,0,0,0,0,0
Noussair Mazraoui,Manchester United,3,MAR,26,90.0,0,0,0,0,0,0,1,0,63,5,1,0,0.0,0.0,0.0,1,0,44,54,81.5,7,30,0,0,0,2024-09-29,0,0,0,0,0,0,0,0,0,1,0,0,0
André Onana,Manchester United,24,CMR,28,90.0,0,0,0,0,0,0,0,0,41,0,0,0,0.0,0.0,0.0,0,0,25,36,69.4,0,30,0,0,0,2024-09-29,0,0,0,0,0,1,0,0,0,0,0,0,0
Dominic Solanke,Tottenham Hotspur,19,ENG,27,90.0,1,0,0,0,4,3,0,0,31,0,0,1,1.3,1.3,0.2,5,1,15,18,83.3,3,13,1,2,2,2024-09-29,0,0,0,0,1,0,0,0,0,0,0,0,0
Timo Werner,Tottenham Hotspur,16,GER,28,76.0,0,0,0,0,2,2,0,0,46,0,0,4,0.6,0.6,0.1,2,0,24,35,68.6,3,35,8,5,2,2024-09-29,0,0,0,0,0,0,0,0,1,0,0,0,0
Lucas Bergvall,Tottenham Hotspur,15,SWE,18,14.0,0,0,0,0,1,0,0,0,17,1,0,0,0.0,0.0,0.0,1,0,10,13,76.9,1,10,1,2,1,2024-09-29,0,0,0,0,0,0,0,0,1,0,0,0,0
Brennan Johnson,Tottenham Hotspur,22,WAL,23,75.0,1,0,0,0,3,1,1,0,40,1,1,3,1.0,1.0,0.1,4,0,23,29,79.3,7,19,3,0,0,2024-09-29,0,0,0,0,0,0,0,0,0,0,0,1,0
Mikey Moore,Tottenham Hotspur,47,ENG,17,15.0,0,0,0,0,1,0,0,0,4,0,0,0,0.0,0.0,0.0,0,0,1,1,100.0,0,3,0,1,0,2024-09-29,0,0,0,0,0,0,0,0,0,0,0,1,0
James Maddison,Tottenham Hotspur,10,ENG,27,76.0,0,0,0,0,3,2,0,0,60,0,1,0,0.5,0.5,0.0,3,0,48,56,85.7,5,54,3,0,0,2024-09-29,0,0,0,0,0,0,0,1,0,0,0,0,0
Pape Matar Sarr,Tottenham Hotspur,29,SEN,22,14.0,0,1,0,0,2,0,0,0,15,0,0,0,0.5,0.5,0.9,1,1,7,13,53.8,0,10,0,0,0,2024-09-29,0,0,0,0,0,0,0,1,0,0,0,0,0
Rodrigo Bentancur,Tottenham Hotspur,30,URU,27,90.0,0,0,0,0,0,0,0,0,87,1,2,1,0.0,0.0,0.1,3,0,79,82,96.3,7,60,0,0,0,2024-09-29,0,0,1,0,0,0,0,0,0,0,0,0,0
Dejan Kulusevski,Tottenham Hotspur,21,SWE,24,90.0,1,0,0,0,2,1,0,0,58,0,1,3,0.4,0.4,1.3,11,0,35,40,87.5,11,31,4,3,0,2024-09-29,0,0,0,0,0,0,0,0,0,0,1,0,0
Destiny Udogie,Tottenham Hotspur,13,ITA,21,45.0,0,0,0,0,2,0,0,0,28,1,2,0,0.1,0.1,0.0,3,1,21,24,87.5,3,21,3,0,0,2024-09-29,0,0,0,0,0,0,1,0,0,0,0,0,0
Djed Spence,Tottenham Hotspur,24,ENG,24,45.0,0,0,0,0,0,0,1,0,25,1,2,0,0.0,0.0,0.0,0,0,17,20,85.0,2,17,3,3,0,2024-09-29,0,0,0,0,0,0,1,0,0,0,0,0,0
Micky van de Ven,Tottenham Hotspur,37,NED,23,80.0,0,1,0,0,2,0,0,0,96,0,0,1,0.1,0.1,0.9,3,1,88,91,96.7,9,82,1,1,0,2024-09-29,0,1,0,0,0,0,0,0,0,0,0,0,0
Radu Drăgușin,Tottenham Hotspur,6,ROU,22,10.0,0,0,0,0,0,0,0,0,10,0,0,0,0.0,0.0,0.0,0,0,7,9,77.8,0,5,0,0,0,2024-09-29,0,1,0,0,0,0,0,0,0,0,0,0,0
Cristian Romero,Tottenham Hotspur,17,ARG,26,90.0,0,0,0,0,1,0,0,0,130,1,2,4,0.1,0.1,0.0,1,1,107,120,89.2,1,98,0,1,0,2024-09-29,0,1,0,0,0,0,0,0,0,0,0,0,0
Pedro Porro,Tottenham Hotspur,23,ESP,25,90.0,0,0,0,0,1,1,1,0,83,1,0,2,0.1,0.1,0.4,2,0,60,73,82.2,2,46,4,1,1,2024-09-29,0,0,0,0,0,0,0,0,0,1,0,0,0
Guglielmo Vicario,Tottenham Hotspur,1,ITA,27,90.0,0,0,0,0,0,0,0,0,51,0,0,0,0.0,0.0,0.0,2,0,49,51,96.1,0,42,0,0,0,2024-09-29,0,0,0,0,0,1,0,0,0,0,0,0,0
Evanilson,Bournemouth,9,BRA,24,75.0,1,0,0,0,2,2,0,0,20,0,0,1,0.4,0.4,0.0,2,0,11,14,78.6,1,12,0,0,0,2024-09-30,0,0,0,0,1,0,0,0,0,0,0,0,0
Enes Ünal,Bournemouth,26,TUR,27,15.0,0,0,0,0,0,0,0,0,5,0,0,0,0.0,0.0,0.1,1,0,3,4,75.0,1,4,1,0,0,2024-09-30,0,0,0,0,1,0,0,0,0,0,0,0,0
Dango Ouattara,Bournemouth,11,BFA,22,60.0,1,0,0,0,1,1,0,0,23,2,0,0,0.4,0.4,0.0,1,0,8,17,47.1,2,14,3,2,1,2024-09-30,0,0,0,0,0,0,0,0,1,0,0,0,0
Justin Kluivert,Bournemouth,19,NED,25,30.0,0,0,0,0,1,0,0,0,13,0,0,0,0.1,0.1,0.0,3,0,5,9,55.6,1,6,1,1,0,2024-09-30,0,0,0,0,1,0,0,0,0,0,0,0,0
Antoine Semenyo,Bournemouth,24,GHA,24,88.0,1,0,0,0,4,1,0,0,40,2,1,2,0.2,0.2,0.2,4,2,18,21,85.7,3,27,3,3,1,2024-09-30,0,0,0,0,0,0,0,0,0,0,1,1,0
Luis Sinisterra,Bournemouth,17,COL,25,2.0,0,0,0,0,1,1,0,0,3,1,0,0,0.1,0.1,0.0,0,0,0,0,80.8,0,2,0,0,0,2024-09-30,0,0,0,0,0,0,0,0,0,0,1,0,0
Marcus Tavernier,Bournemouth,16,ENG,25,75.0,0,1,0,0,1,1,1,0,32,0,0,0,0.0,0.0,0.4,3,1,18,27,66.7,4,17,2,1,0,2024-09-30,1,0,0,0,0,0,0,1,0,0,0,0,0
Alex Scott,Bournemouth,8,ENG,21,15.0,0,0,0,0,0,0,0,0,9,0,1,0,0.0,0.0,0.0,1,0,7,9,77.8,1,5,2,0,0,2024-09-30,0,0,0,0,0,0,0,1,0,0,0,0,0
Ryan Christie,Bournemouth,10,SCO,29,90.0,0,0,0,0,2,0,0,0,55,3,2,5,0.0,0.0,0.0,2,0,31,37,83.8,3,17,0,3,2,2024-09-30,0,0,1,1,0,0,0,0,0,0,0,0,0
Lewis Cook,Bournemouth,4,ENG,27,90.0,0,2,0,0,1,0,0,0,57,4,2,4,0.1,0.1,0.6,5,2,31,43,72.1,4,30,1,0,0,2024-09-30,0,0,1,1,0,0,0,0,0,0,0,0,0
Milos Kerkez,Bournemouth,3,HUN,20,90.0,0,0,0,0,1,0,1,0,52,0,1,1,0.0,0.0,0.0,0,0,30,44,68.2,4,35,2,2,1,2024-09-30,0,0,0,0,0,0,1,0,0,0,0,0,0
Marcos Senesi,Bournemouth,5,ARG,27,90.0,0,0,0,0,0,0,0,0,78,5,3,2,0.0,0.0,0.0,0,0,47,61,77.0,6,51,1,3,2,2024-09-30,0,1,0,0,0,0,0,0,0,0,0,0,0
Illia Zabarnyi,Bournemouth,27,UKR,22,90.0,0,0,0,0,0,0,0,0,67,3,0,0,0.0,0.0,0.0,1,0,53,61,86.9,4,45,0,0,0,2024-09-30,0,1,0,0,0,0,0,0,0,0,0,0,0
Adam Smith,Bournemouth,15,ENG,33,90.0,0,0,0,0,0,0,0,0,54,0,1,0,0.0,0.0,0.0,1,0,39,49,79.6,2,29,0,2,1,2024-09-30,0,0,0,0,0,0,0,0,0,1,0,0,0
Kepa Arrizabalaga,Bournemouth,13,ESP,29,90.0,0,0,0,0,0,0,0,0,26,0,0,0,0.0,0.0,0.0,1,0,20,24,83.3,0,12,0,0,0,2024-09-30,0,0,0,0,0,1,0,0,0,0,0,0,0
Tyler Dibling,Southampton,33,ENG,18,75.0,0,0,0,0,1,0,1,0,36,2,0,0,0.0,0.0,0.1,3,0,14,21,66.7,3,22,1,3,1,2024-09-30,0,0,0,0,1,0,0,0,0,0,0,1,0
Cameron Archer,Southampton,19,ENG,23,15.0,0,0,0,0,0,0,0,0,8,0,0,0,0.0,0.0,0.0,0,0,6,6,100.0,0,5,0,1,1,2024-09-30,0,0,0,0,0,0,0,0,0,0,0,1,0
Ryan Fraser,Southampton,24,SCO,30,45.0,0,0,0,0,1,1,0,0,9,1,0,0,0.0,0.0,0.0,1,0,6,7,85.7,1,6,0,0,0,2024-09-30,0,0,0,0,0,0,0,0,1,0,0,0,0
Joe Aribo,Southampton,7,NGA,28,45.0,0,0,0,0,1,0,0,0,44,1,0,0,0.0,0.0,0.0,0,0,31,33,93.9,6,25,1,5,1,2024-09-30,0,0,0,0,0,0,0,1,1,0,0,0,0
Maxwel Cornet,Southampton,22,CIV,28,45.0,0,0,0,0,1,0,0,0,20,3,0,0,0.2,0.2,0.0,0,0,9,12,75.0,0,8,0,0,0,2024-09-30,0,0,0,0,0,0,0,0,0,0,0,1,0
Ben Brereton,Southampton,17,CHI,25,45.0,0,0,0,0,1,0,0,0,24,0,0,0,0.0,0.0,0.0,1,0,13,20,65.0,2,18,2,0,0,2024-09-30,0,0,0,0,0,0,0,0,1,0,0,1,0
Mateus Fernandes,Southampton,18,POR,20,69.0,0,0,0,0,0,0,1,0,43,4,0,0,0.0,0.0,0.0,1,0,25,31,80.6,2,23,2,2,1,2024-09-30,1,0,0,0,0,0,0,0,0,0,0,0,0
Adam Lallana,Southampton,10,ENG,36,21.0,0,0,0,0,1,0,1,0,29,0,1,0,0.1,0.1,0.0,1,0,21,23,91.3,3,19,0,1,1,2024-09-30,0,0,0,0,0,0,0,0,0,0,1,0,0
Lesley Ugochukwu,Southampton,26,FRA,20,45.0,0,0,0,0,0,0,0,0,18,1,0,0,0.0,0.0,0.2,1,0,11,16,68.8,0,10,2,0,0,2024-09-30,0,0,0,1,0,0,0,0,0,0,0,0,0
Ross Stewart,Southampton,11,SCO,28,45.0,0,0,0,0,1,0,0,0,35,0,0,1,0.1,0.1,0.0,0,0,23,26,88.5,1,23,1,2,1,2024-09-30,0,0,0,1,1,0,0,0,0,0,0,0,0
Flynn Downes,Southampton,4,ENG,25,90.0,0,0,0,0,0,0,1,0,80,1,2,2,0.0,0.0,0.0,2,0,69,73,94.5,4,44,2,0,0,2024-09-30,0,0,1,1,0,0,0,0,0,0,0,0,0
Charlie Taylor,Southampton,21,ENG,31,90.0,0,0,0,0,0,0,0,0,78,2,2,3,0.0,0.0,0.1,2,1,58,62,93.5,2,31,0,1,1,2024-09-30,0,0,0,0,0,0,1,0,0,0,0,0,0
Jan Bednarek,Southampton,35,POL,28,90.0,0,0,0,0,0,0,0,0,102,3,1,2,0.0,0.0,0.0,0,0,83,91,91.2,5,58,0,0,0,2024-09-30,0,1,0,0,0,0,0,0,0,0,0,0,0
Taylor Harwood-Bellis,Southampton,6,ENG,22,90.0,1,0,0,0,2,2,0,0,89,0,2,4,0.2,0.2,0.0,2,1,65,79,82.3,2,45,0,0,0,2024-09-30,0,1,0,0,0,0,0,0,0,0,0,0,0
Yukinari Sugawara,Southampton,16,JPN,24,90.0,0,0,0,0,0,0,1,0,71,2,0,0,0.0,0.0,0.1,2,0,55,65,84.6,3,37,1,1,0,2024-09-30,0,0,0,0,0,0,0,0,0,1,0,0,0
Aaron Ramsdale,Southampton,30,ENG,26,90.0,0,0,0,0,0,0,0,0,57,0,0,0,0.0,0.0,0.0,0,0,41,55,74.5,0,44,0,0,0,2024-09-30,0,0,0,0,0,1,0,0,0,0,0,0,0
Eddie Nketiah,Crystal Palace,9,ENG,25,90.0,0,0,0,0,1,1,1,0,21,0,0,2,0.1,0.1,0.0,1,0,10,14,71.4,2,15,0,0,0,2024-10-05,0,0,0,0,1,0,0,0,0,0,1,1,0
Eberechi Eze,Crystal Palace,10,ENG,26,90.0,0,0,0,0,2,2,0,0,38,0,0,0,0.2,0.2,0.2,2,0,21,29,72.4,3,21,1,5,1,2024-10-05,0,0,0,0,0,0,0,1,1,0,0,0,0
Ismaila Sarr,Crystal Palace,7,SEN,26,90.0,0,0,0,0,1,1,1,0,29,0,1,1,0.1,0.1,0.0,0,0,9,19,47.4,1,14,1,0,0,2024-10-05,0,0,0,0,0,0,0,0,0,1,1,1,0
Tyrick Mitchell,Crystal Palace,3,ENG,25,59.0,0,0,0,0,0,0,0,0,27,2,0,2,0.0,0.0,0.0,0,0,13,20,65.0,0,10,2,0,0,2024-10-05,0,0,0,0,0,0,0,1,0,0,0,0,0
Jean-Philippe Mateta,Crystal Palace,14,FRA,27,31.0,0,0,0,0,0,0,0,0,8,0,0,0,0.0,0.0,0.3,3,0,5,6,83.3,1,6,1,0,0,2024-10-05,0,0,0,0,1,0,0,0,0,0,0,0,0
Jefferson Lerma,Crystal Palace,8,COL,29,90.0,0,0,0,0,1,0,1,0,40,0,1,2,0.0,0.0,0.0,1,0,24,30,80.0,3,16,0,1,0,2024-10-05,0,0,1,1,0,0,0,0,0,0,0,0,0
Adam Wharton,Crystal Palace,20,ENG,20,59.0,0,0,0,0,0,0,0,0,24,1,0,0,0.0,0.0,0.0,1,0,17,22,77.3,2,12,0,0,0,2024-10-05,0,0,1,0,0,0,0,0,0,0,0,0,0
Will Hughes,Crystal Palace,19,ENG,29,31.0,0,0,0,0,1,0,1,0,20,1,0,0,0.0,0.0,0.0,3,0,10,16,62.5,0,9,1,2,0,2024-10-05,0,0,1,0,0,0,0,0,0,0,0,0,0
Daniel Muñoz,Crystal Palace,12,COL,28,16.0,0,0,0,0,0,0,0,0,5,1,0,1,0.0,0.0,0.0,0,0,0,2,0.0,0,2,0,1,1,2024-10-05,0,0,0,0,0,0,0,0,0,0,1,0,0
Nathaniel Clyne,Crystal Palace,17,ENG,33,74.0,0,0,0,0,1,0,0,0,29,2,0,0,0.0,0.0,0.0,0,0,10,21,47.6,1,9,0,0,0,2024-10-05,0,0,0,0,0,0,1,1,0,0,1,0,0
Trevoh Chalobah,Crystal Palace,27,ENG,25,87.0,0,0,0,0,2,1,0,0,35,1,2,0,0.2,0.2,0.0,0,0,23,25,92.0,4,16,1,0,0,2024-10-05,0,1,0,0,0,0,0,0,0,0,0,0,0
Daichi Kamada,Crystal Palace,18,JPN,28,3.0,0,0,0,0,0,0,0,0,5,0,0,0,0.0,0.0,0.0,0,0,1,4,25.0,0,2,0,0,0,2024-10-05,0,0,1,0,0,0,0,0,0,0,0,0,0
Marc Guéhi,Crystal Palace,6,ENG,24,90.0,0,0,0,0,0,0,0,0,59,0,0,3,0.0,0.0,0.0,0,0,38,49,77.6,5,23,0,0,0,2024-10-05,0,1,0,0,0,0,0,0,0,0,0,0,0
Maxence Lacroix,Crystal Palace,5,FRA,24,90.0,0,0,0,0,0,0,0,0,46,0,1,4,0.0,0.0,0.1,3,0,25,35,71.4,2,23,0,2,2,2024-10-05,0,1,0,0,0,0,0,0,0,0,0,0,0
Dean Henderson,Crystal Palace,1,ENG,27,90.0,0,0,0,0,0,0,0,0,37,0,0,0,0.0,0.0,0.0,0,0,15,33,45.5,0,17,0,0,0,2024-10-05,0,0,0,0,0,1,0,0,0,0,0,0,0
Diogo Jota,Liverpool,20,POR,27,90.0,1,0,0,0,3,1,0,0,38,1,1,0,0.8,0.8,0.0,0,0,16,26,61.5,0,16,2,0,0,2024-10-05,0,0,0,0,1,0,0,0,0,0,0,0,0
Cody Gakpo,Liverpool,18,NED,25,90.0,0,1,0,0,2,0,1,0,60,3,3,1,0.1,0.1,0.4,7,1,38,48,79.2,6,40,3,3,2,2024-10-05,0,0,0,0,0,0,0,0,1,0,0,0,0
Mohamed Salah,Liverpool,11,EGY,32,72.0,0,0,0,0,2,1,0,0,31,0,0,0,0.2,0.2,0.0,2,0,19,23,82.6,3,20,1,0,0,2024-10-05,0,0,0,0,0,0,0,0,0,0,0,1,0
Luis Díaz,Liverpool,7,COL,27,18.0,0,0,0,0,1,0,0,0,12,0,0,0,0.1,0.1,0.0,2,0,7,10,70.0,1,11,3,0,0,2024-10-05,0,0,0,0,0,0,0,0,0,0,0,1,0
Curtis Jones,Liverpool,17,ENG,23,88.0,0,0,0,0,1,0,0,0,55,1,0,0,0.0,0.0,0.0,2,0,47,48,97.9,4,34,0,1,1,2024-10-05,1,0,0,1,0,0,0,0,0,0,0,0,0
Wataru Endo,Liverpool,3,JPN,31,2.0,0,0,0,0,0,0,0,0,8,0,0,1,0.0,0.0,0.0,1,0,5,6,83.3,1,4,0,0,0,2024-10-05,0,0,0,1,0,0,0,0,0,0,0,0,0
Alexis Mac Allister,Liverpool,10,ARG,25,45.0,0,0,0,0,0,0,1,0,26,1,0,2,0.0,0.0,0.0,3,0,19,23,82.6,3,12,1,0,0,2024-10-05,0,0,0,1,0,0,0,0,0,0,0,0,0
Dominik Szoboszlai,Liverpool,8,HUN,23,45.0,0,0,0,0,2,1,0,0,33,0,1,0,0.0,0.0,0.0,1,0,25,32,78.1,3,19,2,2,2,2024-10-05,1,0,0,0,0,0,0,0,0,0,0,0,0
Ryan Gravenberch,Liverpool,38,NED,22,90.0,0,0,0,0,1,0,0,0,88,0,2,0,0.1,0.1,0.2,2,0,73,79,92.4,7,53,1,1,1,2024-10-05,0,0,0,1,0,0,0,0,0,0,0,0,0
Kostas Tsimikas,Liverpool,21,GRE,28,78.0,0,0,0,0,1,0,0,0,94,1,1,0,0.0,0.0,0.0,4,1,77,88,87.5,12,48,4,1,1,2024-10-05,0,0,0,0,0,0,1,0,0,0,0,0,0
Andrew Robertson,Liverpool,26,SCO,30,12.0,0,0,0,0,0,0,0,0,13,0,1,0,0.0,0.0,0.0,0,0,8,13,61.5,1,6,2,0,0,2024-10-05,0,0,0,0,0,0,1,0,0,0,0,0,0
Virgil van Dijk,Liverpool,4,NED,33,90.0,0,0,0,0,1,0,0,0,117,0,3,0,0.0,0.0,0.2,2,0,101,112,90.2,6,67,0,1,1,2024-10-05,0,1,0,0,0,0,0,0,0,0,0,0,0
Ibrahima Konaté,Liverpool,5,FRA,25,90.0,0,0,0,0,0,0,0,0,68,4,0,0,0.0,0.0,0.0,0,0,58,60,96.7,1,40,0,0,0,2024-10-05,0,1,0,0,0,0,0,0,0,0,0,0,0
Trent Alexander-Arnold,Liverpool,66,ENG,25,90.0,0,0,0,0,2,1,0,0,84,2,1,0,0.1,0.1,0.4,5,0,53,75,70.7,6,41,1,0,0,2024-10-05,0,0,0,0,0,0,0,0,0,1,0,0,0
Alisson,Liverpool,1,BRA,32,78.0,0,0,0,0,0,0,0,0,43,0,0,0,0.0,0.0,0.0,0,0,32,40,80.0,0,30,0,0,0,2024-10-05,0,0,0,0,0,1,0,0,0,0,0,0,0
Vitezslav Jaros,Liverpool,56,CZE,23,12.0,0,0,0,0,0,0,0,0,8,0,0,0,0.0,0.0,0.0,0,0,6,8,75.0,0,7,0,0,0,2024-10-05,0,0,0,0,0,1,0,0,0,0,0,0,0
Erling Haaland,Manchester City,9,NOR,24,90.0,0,0,0,0,4,2,0,0,24,0,1,1,0.2,0.2,0.3,4,1,8,14,57.1,0,12,1,2,1,2024-10-05,0,0,0,0,1,0,0,0,0,0,0,0,0
Jack Grealish,Manchester City,10,ENG,29,61.0,0,0,0,0,0,0,0,0,32,1,0,0,0.0,0.0,0.0,3,1,24,30,80.0,2,28,6,4,2,2024-10-05,0,0,0,0,0,0,0,1,0,0,0,0,0
Jeremy Doku,Manchester City,11,BEL,22,29.0,1,0,0,0,1,1,0,0,17,0,0,1,0.1,0.1,0.0,1,0,6,10,60.0,0,11,3,4,1,2024-10-05,0,0,0,0,0,0,0,0,1,0,0,0,0
İlkay Gündoğan,Manchester City,19,GER,33,88.0,0,0,0,0,2,0,0,0,78,0,1,0,0.5,0.5,0.0,2,0,57,69,82.6,5,38,1,0,0,2024-10-05,0,0,1,0,0,0,0,1,0,0,0,0,0
Matheus Nunes,Manchester City,27,POR,26,2.0,0,0,0,0,0,0,0,0,1,0,0,0,0.0,0.0,0.0,0,0,0,0,80.8,0,0,0,0,0,2024-10-05,0,0,0,0,0,0,0,1,0,0,0,0,0
Phil Foden,Manchester City,47,ENG,24,77.0,0,0,0,0,2,0,0,0,56,0,0,0,0.1,0.1,0.2,7,1,41,45,91.1,2,33,1,3,0,2024-10-05,0,0,1,0,0,0,0,0,0,0,0,0,0
John Stones,Manchester City,5,ENG,30,13.0,0,0,0,0,0,0,0,0,7,1,0,0,0.0,0.0,0.0,0,0,3,4,75.0,0,2,0,0,0,2024-10-05,0,1,0,0,0,0,0,0,0,0,0,0,0
Bernardo Silva,Manchester City,20,POR,30,90.0,0,1,0,0,2,1,1,0,67,2,0,1,0.2,0.2,0.6,9,1,45,56,80.4,5,39,7,9,4,2024-10-05,0,0,0,0,0,0,0,0,0,0,1,1,0
Mateo Kovačić,Manchester City,8,CRO,30,90.0,2,0,0,0,4,2,0,0,96,1,0,1,0.3,0.3,0.0,2,0,78,87,89.7,4,67,2,2,1,2024-10-05,0,0,1,1,0,0,0,0,0,0,0,0,0
Joško Gvardiol,Manchester City,24,CRO,22,90.0,0,0,0,0,2,1,0,0,118,1,0,3,0.1,0.1,0.0,1,0,98,104,94.2,19,86,4,2,1,2024-10-05,0,0,0,0,0,0,1,0,0,0,0,0,0
Rúben Dias,Manchester City,3,POR,27,90.0,0,0,0,0,1,0,0,0,99,0,1,2,0.0,0.0,0.0,0,0,88,89,98.9,6,74,0,1,0,2024-10-05,0,1,0,0,0,0,0,0,0,0,0,0,0
Manuel Akanji,Manchester City,25,SUI,29,61.0,0,0,0,0,0,0,0,0,65,1,0,0,0.0,0.0,0.0,1,0,59,61,96.7,9,50,2,1,1,2024-10-05,0,1,0,0,0,0,0,0,0,0,0,0,0
Kyle Walker,Manchester City,2,ENG,34,29.0,0,0,0,0,0,0,0,0,11,0,0,0,0.0,0.0,0.0,0,0,10,10,100.0,1,8,0,0,0,2024-10-05,0,0,0,0,0,0,0,0,0,1,0,0,0
Rico Lewis,Manchester City,82,ENG,19,90.0,0,1,0,0,2,0,0,0,68,3,1,2,0.1,0.1,0.1,2,1,49,55,89.1,5,38,4,0,0,2024-10-05,0,0,0,1,0,0,0,0,0,1,1,0,0
Ederson,Manchester City,31,BRA,31,90.0,0,0,0,0,0,0,1,0,31,0,0,0,0.0,0.0,0.0,0,0,26,29,89.7,0,20,0,0,0,2024-10-05,0,0,0,0,0,1,0,0,0,0,0,0,0
Raúl Jiménez,Fulham,7,MEX,33,76.0,0,1,0,0,5,0,0,0,27,1,0,1,0.4,0.4,1.4,4,1,12,16,75.0,3,20,1,0,0,2024-10-05,0,0,0,0,1,0,0,0,0,0,0,0,0
Rodrigo Muniz,Fulham,9,BRA,23,14.0,1,0,0,0,1,1,0,0,4,0,0,0,0.2,0.2,0.0,0,0,1,1,100.0,0,2,0,1,0,2024-10-05,0,0,0,0,1,0,0,0,0,0,0,0,0
Adama Traoré,Fulham,11,ESP,28,90.0,0,0,0,0,3,2,0,0,38,2,0,0,1.3,1.3,0.1,3,0,20,27,74.1,5,27,5,1,0,2024-10-05,0,0,0,0,0,0,0,1,1,0,0,0,0
Saša Lukić,Fulham,20,SRB,28,90.0,0,0,0,0,0,0,0,0,76,3,1,2,0.0,0.0,0.0,0,0,57,64,89.1,8,51,0,0,0,2024-10-05,0,0,1,0,0,0,0,0,0,0,0,0,0
Sander Berge,Fulham,16,NOR,26,64.0,0,0,0,0,0,0,0,0,37,1,0,1,0.0,0.0,0.0,0,0,25,29,86.2,1,19,0,0,0,2024-10-05,0,0,1,0,0,0,0,0,0,0,0,0,0
Tom Cairney,Fulham,10,SCO,33,26.0,0,0,0,0,0,0,0,0,40,1,2,1,0.0,0.0,0.0,1,0,34,36,94.4,4,30,0,0,0,2024-10-05,0,0,1,0,0,0,0,1,0,0,0,0,0
Andreas Pereira,Fulham,18,BRA,28,64.0,1,0,0,0,1,1,0,0,20,0,0,2,0.6,0.6,0.2,4,0,13,16,81.3,3,10,1,0,0,2024-10-05,0,0,0,0,0,0,0,0,0,0,1,0,0
Emile Smith Rowe,Fulham,32,ENG,24,26.0,0,0,0,0,0,0,0,0,23,1,0,0,0.0,0.0,0.0,1,1,20,22,90.9,1,18,0,1,1,2024-10-05,0,0,0,0,0,0,0,0,0,0,1,0,0
Antonee Robinson,Fulham,33,USA,27,90.0,0,0,0,0,0,0,0,0,57,3,1,1,0.0,0.0,0.1,2,0,31,46,67.4,1,34,6,3,0,2024-10-05,0,0,0,0,0,0,1,0,0,0,0,0,0
Calvin Bassey,Fulham,3,NGA,24,90.0,0,0,0,0,0,0,1,0,70,2,0,5,0.0,0.0,0.0,0,0,56,58,96.6,0,48,2,2,1,2024-10-05,0,1,0,0,0,0,0,0,0,0,0,0,0
Joachim Andersen,Fulham,5,DEN,28,90.0,0,0,0,0,0,0,0,0,67,0,2,2,0.0,0.0,0.0,0,0,43,56,76.8,1,43,0,0,0,2024-10-05,0,1,0,0,0,0,0,0,0,0,0,0,0
Kenny Tete,Fulham,2,NED,28,76.0,0,0,0,0,0,0,0,0,41,2,0,2,0.0,0.0,0.0,0,0,29,33,87.9,2,26,1,1,1,2024-10-05,0,1,0,0,0,0,0,0,0,0,0,0,0
Timothy Castagne,Fulham,21,BEL,28,14.0,0,0,0,0,0,0,0,0,15,4,0,0,0.0,0.0,0.0,0,0,10,12,83.3,1,7,0,0,0,2024-10-05,0,0,0,0,0,0,0,0,0,1,0,0,0
Alex Iwobi,Fulham,17,NGA,28,76.0,0,0,0,0,1,0,0,0,46,3,1,1,0.0,0.0,0.5,4,1,30,37,81.1,3,35,2,3,2,2024-10-05,0,0,0,0,0,0,0,0,0,1,0,0,0
Reiss Nelson,Fulham,19,ENG,24,14.0,0,1,0,0,0,0,0,0,10,0,0,1,0.0,0.0,0.2,1,1,8,8,100.0,1,9,1,0,0,2024-10-05,0,0,0,0,0,0,0,0,0,0,0,1,0
Bernd Leno,Fulham,1,GER,32,90.0,0,0,0,0,0,0,0,0,27,0,0,0,0.0,0.0,0.0,1,0,21,25,84.0,0,22,0,0,0,2024-10-05,0,0,0,0,0,1,0,0,0,0,0,0,0
Kevin Schade,Brentford,7,GER,22,76.0,0,0,0,0,2,2,0,0,21,2,0,0,0.5,0.5,0.0,1,0,5,9,55.6,1,8,1,2,0,2024-10-05,0,0,0,0,1,0,0,0,0,0,0,0,0
Fabio Carvalho,Brentford,14,POR,22,14.0,1,0,0,0,1,1,0,0,10,0,0,0,0.9,0.9,0.0,1,0,5,8,62.5,0,6,0,0,0,2024-10-05,0,0,0,0,0,0,0,0,1,0,0,0,0
Keane Lewis-Potter,Brentford,23,ENG,23,90.0,0,0,0,0,1,1,0,0,43,5,0,0,0.2,0.2,0.4,3,0,22,31,71.0,3,26,7,4,1,2024-10-05,0,0,0,0,0,0,0,0,1,0,0,1,0
Bryan Mbeumo,Brentford,19,CMR,25,90.0,1,0,1,1,1,0,0,0,48,2,0,1,0.8,0.1,0.4,8,2,28,35,80.0,6,32,3,4,1,2024-10-05,0,0,0,0,1,0,0,0,0,0,0,1,0
Mikkel Damsgaard,Brentford,24,DEN,24,89.0,0,2,0,0,0,0,0,0,50,3,0,2,0.0,0.0,1.2,9,4,28,39,71.8,6,19,0,1,0,2024-10-05,1,0,0,0,0,0,0,0,0,0,1,0,0
Yunus Emre Konak,Brentford,26,TUR,18,1.0,0,0,0,0,1,0,0,0,3,0,0,0,0.2,0.2,0.0,0,0,1,1,100.0,1,1,0,0,0,2024-10-05,0,0,0,0,0,0,0,0,0,0,1,0,0
Christian Nørgaard,Brentford,6,DEN,30,76.0,1,0,0,0,3,2,0,0,45,0,1,1,0.4,0.4,0.0,1,0,25,33,75.8,1,25,1,0,0,2024-10-05,0,0,0,1,0,0,0,0,0,0,0,0,0
Yehor Yarmoliuk,Brentford,18,UKR,20,14.0,0,0,0,0,0,0,0,0,11,0,0,0,0.0,0.0,0.0,1,1,8,10,80.0,2,5,0,1,1,2024-10-05,0,0,0,0,0,0,0,1,0,0,0,0,0
Vitaly Janelt,Brentford,27,GER,26,90.0,0,1,0,0,2,1,1,0,49,1,0,2,0.1,0.1,0.5,2,1,28,34,82.4,5,19,1,1,1,2024-10-05,0,0,1,1,0,0,0,0,0,0,0,0,0
Kristoffer Ajer,Brentford,20,NOR,26,89.0,0,0,0,0,0,0,1,0,38,1,2,2,0.0,0.0,0.0,1,0,21,29,72.4,2,12,2,1,0,2024-10-05,0,0,0,0,0,0,1,0,0,0,0,0,0
Mads Roerslev,Brentford,30,DEN,25,1.0,0,0,0,0,0,0,0,0,0,0,0,0,0.0,0.0,0.0,0,0,0,0,80.8,0,0,0,0,0,2024-10-05,0,0,0,0,0,0,1,0,0,0,0,0,0
Ethan Pinnock,Brentford,5,JAM,31,90.0,1,0,0,0,3,2,0,0,48,2,2,1,0.2,0.2,0.0,2,0,25,35,71.4,0,16,0,2,1,2024-10-05,0,1,0,0,0,0,0,0,0,0,0,0,0
Nathan Collins,Brentford,22,IRL,23,90.0,1,0,0,0,2,1,0,0,75,0,1,2,0.7,0.7,0.0,2,1,46,60,76.7,2,30,0,0,0,2024-10-05,0,1,0,0,0,0,0,0,0,0,0,0,0
Sepp van den Berg,Brentford,4,NED,22,90.0,0,0,0,0,2,1,0,0,49,0,0,2,0.2,0.2,0.0,2,0,32,40,80.0,6,17,2,0,0,2024-10-05,0,0,0,0,0,0,0,0,0,1,0,0,0
Mark Flekken,Brentford,1,NED,31,90.0,0,0,0,0,0,0,0,0,48,0,0,0,0.0,0.0,0.0,0,0,34,46,73.9,0,31,0,0,0,2024-10-05,0,0,0,0,0,1,0,0,0,0,0,0,0
Jørgen Strand Larsen,Wolverhampton Wanderers,9,NOR,24,90.0,1,0,0,0,1,1,0,0,25,1,0,0,0.2,0.2,0.0,4,0,7,13,53.8,0,10,0,0,0,2024-10-05,0,0,0,0,1,0,0,0,0,0,0,0,0
Matheus Cunha,Wolverhampton Wanderers,10,BRA,25,90.0,1,0,0,0,5,1,0,0,61,2,1,2,0.4,0.4,0.2,3,0,28,44,63.6,8,24,2,1,0,2024-10-05,0,0,0,0,0,0,0,1,0,0,0,0,0
João Gomes,Wolverhampton Wanderers,8,BRA,23,76.0,0,0,0,0,1,0,0,0,50,2,0,0,0.0,0.0,0.0,1,0,34,44,77.3,4,32,1,2,0,2024-10-05,0,0,1,0,0,0,0,0,0,0,0,0,0
Jean-Ricner Bellegarde,Wolverhampton Wanderers,27,FRA,26,14.0,0,1,0,0,0,0,0,0,6,0,0,0,0.0,0.0,0.1,1,1,3,6,50.0,0,5,2,1,0,2024-10-05,0,0,1,0,0,0,0,0,0,0,0,0,0
Mario Lemina,Wolverhampton Wanderers,5,GAB,31,90.0,0,0,0,0,4,1,0,0,53,2,2,1,0.2,0.2,0.0,2,0,28,36,77.8,4,13,0,0,0,2024-10-05,0,0,1,0,0,0,0,0,0,0,0,0,0
Carlos Forbs,Wolverhampton Wanderers,26,POR,20,67.0,0,0,0,0,0,0,1,0,27,4,0,1,0.0,0.0,0.0,3,1,16,20,80.0,4,17,2,1,1,2024-10-05,0,0,0,0,0,0,0,0,0,0,1,0,0
Gonçalo Guedes,Wolverhampton Wanderers,29,POR,27,23.0,0,0,0,0,1,0,0,0,12,1,0,0,0.0,0.0,0.1,2,0,8,10,80.0,1,7,1,1,0,2024-10-05,0,0,0,0,0,0,0,0,0,0,1,0,0
André,Wolverhampton Wanderers,7,BRA,23,56.0,0,0,0,0,1,1,0,0,46,1,0,0,0.0,0.0,0.0,2,0,35,38,92.1,2,29,0,0,0,2024-10-05,0,0,0,1,0,0,0,0,0,0,0,0,0
Hwang Hee-chan,Wolverhampton Wanderers,11,KOR,28,34.0,0,0,0,0,0,0,0,0,10,0,0,0,0.0,0.0,0.0,1,1,7,9,77.8,0,2,0,1,0,2024-10-05,0,0,0,1,0,0,0,0,0,0,0,0,0
Rayan Aït-Nouri,Wolverhampton Wanderers,3,ALG,23,90.0,1,1,0,0,1,1,0,0,68,1,2,0,0.1,0.1,0.3,9,2,48,61,78.7,4,37,1,4,1,2024-10-05,0,0,0,0,0,0,1,0,0,0,0,0,0
Toti Gomes,Wolverhampton Wanderers,24,POR,25,90.0,0,0,0,0,1,0,0,0,72,2,0,2,0.0,0.0,0.0,0,0,49,63,77.8,1,41,0,0,0,2024-10-05,0,1,0,0,0,0,0,0,0,0,0,0,0
Craig Dawson,Wolverhampton Wanderers,15,ENG,34,90.0,0,0,0,0,1,1,1,0,64,1,0,0,0.0,0.0,0.0,2,0,48,57,84.2,5,36,2,1,0,2024-10-05,0,1,0,0,0,0,0,0,0,0,0,0,0
Nélson Semedo,Wolverhampton Wanderers,22,POR,30,90.0,0,1,0,0,1,0,1,0,75,0,0,0,0.0,0.0,0.3,1,1,56,64,87.5,7,42,2,2,0,2024-10-05,0,0,0,0,0,0,0,0,0,1,0,0,0
Sam Johnstone,Wolverhampton Wanderers,31,ENG,31,90.0,0,0,0,0,0,0,0,0,57,0,0,0,0.0,0.0,0.0,0,0,27,49,55.1,0,36,0,0,0,2024-10-05,0,0,0,0,0,1,0,0,0,0,0,0,0
Michail Antonio,West Ham United,9,JAM,34,69.0,1,0,0,0,4,2,0,0,23,0,0,1,0.6,0.6,0.5,5,3,8,13,61.5,2,13,2,1,0,2024-10-05,0,0,0,0,1,0,0,0,0,0,0,0,0
Carlos Soler,West Ham United,4,ESP,27,21.0,0,0,0,0,1,0,0,0,14,0,0,1,0.0,0.0,0.0,0,0,12,12,100.0,1,3,0,0,0,2024-10-05,0,0,1,0,0,0,0,1,0,0,0,0,0
Mohammed Kudus,West Ham United,14,GHA,24,85.0,1,0,0,0,5,4,0,0,50,1,0,3,1.5,1.5,0.0,3,0,28,30,93.3,2,34,4,4,1,2024-10-05,0,0,0,0,0,0,0,1,0,0,1,0,0
Luis Guilherme,West Ham United,17,BRA,18,5.0,0,0,0,0,0,0,0,0,2,0,0,0,0.0,0.0,0.0,1,0,1,1,100.0,0,2,0,1,0,2024-10-05,0,0,0,0,0,0,0,0,0,0,1,0,0
Lucas Paquetá,West Ham United,10,BRA,27,82.0,1,0,0,0,3,2,0,0,54,2,1,1,1.0,1.0,0.4,5,0,33,43,76.7,5,26,0,0,0,2024-10-05,0,0,1,0,0,0,0,0,0,0,0,0,0
Crysencio Summerville,West Ham United,7,NED,22,8.0,0,0,0,0,0,0,0,0,4,0,0,0,0.0,0.0,0.0,0,0,2,3,66.7,0,3,2,0,0,2024-10-05,0,0,0,0,0,0,0,1,0,0,0,0,0
Tomáš Souček,West Ham United,28,CZE,29,90.0,0,0,0,0,3,0,0,0,56,1,0,2,0.4,0.4,0.0,4,1,36,45,80.0,5,27,0,0,0,2024-10-05,0,0,1,0,0,0,0,0,0,0,0,0,0
Jarrod Bowen,West Ham United,20,ENG,27,90.0,1,1,0,0,5,3,0,0,37,0,0,0,0.3,0.3,1.0,9,1,24,28,85.7,6,27,6,1,0,2024-10-05,0,0,0,0,1,0,0,0,0,0,1,0,0
Guido Rodríguez,West Ham United,24,ARG,30,69.0,0,0,0,0,0,0,0,0,44,2,0,2,0.0,0.0,0.0,1,0,35,38,92.1,3,25,0,0,0,2024-10-05,0,0,0,1,0,0,0,0,0,0,0,0,0
Edson Álvarez,West Ham United,19,MEX,26,21.0,0,0,0,0,0,0,0,0,17,2,1,0,0.0,0.0,0.0,3,0,13,14,92.9,1,10,0,1,1,2024-10-05,0,0,0,1,0,0,0,0,0,0,0,0,0
Emerson Palmieri,West Ham United,33,ITA,30,82.0,0,0,0,0,0,0,0,0,68,7,2,1,0.0,0.0,0.1,1,0,44,54,81.5,5,36,1,2,0,2024-10-05,0,0,0,0,0,0,1,0,0,0,0,0,0
Aaron Cresswell,West Ham United,3,ENG,34,8.0,0,0,0,0,1,0,0,0,11,1,0,0,0.0,0.0,0.0,0,0,7,9,77.8,0,1,0,0,0,2024-10-05,0,0,0,0,0,0,1,0,0,0,0,0,0
Max Kilman,West Ham United,26,ENG,27,90.0,0,0,0,0,0,0,0,0,81,0,1,2,0.0,0.0,0.0,0,0,67,74,90.5,2,54,1,1,1,2024-10-05,0,1,0,0,0,0,0,0,0,0,0,0,0
Jean-Clair Todibo,West Ham United,25,FRA,24,90.0,0,0,0,0,0,0,0,0,67,2,2,1,0.0,0.0,0.0,1,0,54,58,93.1,0,36,0,2,2,2024-10-05,0,1,0,0,0,0,0,0,0,0,0,0,0
Aaron Wan-Bissaka,West Ham United,29,ENG,26,90.0,0,0,0,0,1,1,0,0,67,1,1,0,0.0,0.0,0.1,3,0,53,59,89.8,4,38,3,4,3,2024-10-05,0,0,0,0,0,0,0,0,0,1,0,0,0
Alphonse Areola,West Ham United,23,FRA,31,90.0,0,0,0,0,0,0,0,0,48,0,0,0,0.0,0.0,0.0,0,0,35,47,74.5,0,29,0,0,0,2024-10-05,0,0,0,0,0,1,0,0,0,0,0,0,0
Liam Delap,Ipswich Town,19,ENG,21,82.0,1,0,0,0,2,2,0,0,18,1,0,0,0.1,0.1,0.1,2,0,4,8,50.0,0,13,2,2,1,2024-10-05,0,0,0,0,1,0,0,0,0,0,0,0,0
George Hirst,Ipswich Town,27,ENG,25,8.0,0,0,0,0,0,0,0,0,3,0,0,0,0.0,0.0,0.0,0,0,0,2,0.0,0,3,0,0,0,2024-10-05,0,0,0,0,1,0,0,0,0,0,0,0,0
Jack Clarke,Ipswich Town,47,ENG,23,73.0,0,0,0,0,0,0,1,0,27,1,0,0,0.0,0.0,0.0,2,0,15,20,75.0,3,21,2,3,2,2024-10-05,0,0,0,0,0,0,0,0,1,0,0,0,0
Sammie Szmodics,Ipswich Town,23,IRL,29,17.0,0,0,0,0,1,0,0,0,7,0,0,0,0.1,0.1,0.0,0,0,4,4,100.0,0,6,0,3,1,2024-10-05,0,0,0,0,0,0,0,0,1,0,0,0,0
Wes Burns,Ipswich Town,7,WAL,29,73.0,0,0,0,0,1,0,0,0,27,0,0,0,0.0,0.0,0.1,2,0,16,24,66.7,1,24,5,1,1,2024-10-05,0,0,0,0,0,0,0,0,0,0,0,1,0
Chiedozie Ogbene,Ipswich Town,21,IRL,27,17.0,0,0,0,0,0,0,0,0,8,1,0,0,0.0,0.0,0.0,0,0,5,5,100.0,0,6,1,1,0,2024-10-05,0,0,0,0,0,0,0,0,0,0,0,1,0
Omari Hutchinson,Ipswich Town,20,ENG,20,82.0,0,0,0,0,0,0,0,0,35,1,0,0,0.0,0.0,0.0,1,0,21,28,75.0,3,24,1,4,3,2024-10-05,1,0,0,0,0,0,0,0,0,0,0,0,0
Conor Chaplin,Ipswich Town,10,ENG,27,8.0,0,0,0,0,0,0,0,0,6,0,0,0,0.0,0.0,0.1,1,0,4,6,66.7,1,5,0,0,0,2024-10-05,1,0,0,0,0,0,0,0,0,0,0,0,0
Kalvin Phillips,Ipswich Town,8,ENG,28,73.0,0,0,0,0,1,0,0,0,48,3,2,1,0.0,0.0,0.0,1,0,30,39,76.9,3,32,2,1,0,2024-10-05,0,0,0,1,0,0,0,0,0,0,0,0,0
Jack Taylor,Ipswich Town,14,IRL,26,17.0,0,0,0,0,1,0,0,0,20,0,0,1,0.0,0.0,0.0,0,0,14,18,77.8,0,17,1,0,0,2024-10-05,0,0,0,1,0,0,0,0,0,0,0,0,0
Sam Morsy,Ipswich Town,5,EGY,33,90.0,0,0,0,0,1,0,0,0,67,1,1,0,0.0,0.0,0.0,1,0,56,64,87.5,5,49,2,1,1,2024-10-05,0,0,0,1,0,0,0,0,0,0,0,0,0
Leif Davis,Ipswich Town,3,ENG,24,90.0,0,0,0,0,0,0,0,0,55,1,2,0,0.0,0.0,0.4,6,0,47,50,94.0,5,37,3,0,0,2024-10-05,0,0,0,0,0,0,1,0,0,0,0,0,0
Jacob Greaves,Ipswich Town,24,ENG,24,90.0,0,0,0,0,1,0,0,0,66,2,0,3,0.3,0.3,0.0,0,0,51,54,94.4,3,43,0,0,0,2024-10-05,0,1,0,0,0,0,0,0,0,0,0,0,0
Dara O'Shea,Ipswich Town,26,IRL,25,90.0,0,0,0,0,1,0,0,0,76,0,1,2,0.0,0.0,0.0,0,0,52,68,76.5,5,56,0,0,0,2024-10-05,0,1,0,0,0,0,0,0,0,0,0,0,0
Ben Johnson,Ipswich Town,18,ENG,24,90.0,0,0,0,0,0,0,0,0,68,4,0,1,0.0,0.0,0.0,0,0,46,58,79.3,6,34,2,2,2,2024-10-05,0,0,0,0,0,0,0,0,0,1,0,0,0
Arijanet Muric,Ipswich Town,1,KVX,25,90.0,0,0,0,0,0,0,0,0,37,0,0,0,0.0,0.0,0.0,0,0,28,31,90.3,0,30,0,0,0,2024-10-05,0,0,0,0,0,1,0,0,0,0,0,0,0
Gabriel Jesus,Arsenal,9,BRA,27,59.0,0,0,0,0,3,0,0,0,17,0,0,1,0.4,0.4,0.4,2,0,9,13,69.2,2,13,3,1,1,2024-10-05,0,0,0,0,1,0,0,0,0,0,0,0,0
Leandro Trossard,Arsenal,19,BEL,29,31.0,0,0,0,0,0,0,0,0,17,0,0,0,0.0,0.0,0.2,5,0,13,17,76.5,2,12,2,1,1,2024-10-05,0,0,0,0,1,0,0,0,0,0,0,0,0
Kai Havertz,Arsenal,29,GER,25,90.0,1,0,0,0,7,2,0,0,50,1,1,0,0.8,0.8,0.2,6,0,27,34,79.4,7,30,7,4,2,2024-10-05,0,0,0,0,1,0,0,0,0,0,0,0,0
Raheem Sterling,Arsenal,30,ENG,29,59.0,0,0,0,0,2,0,0,0,29,0,0,1,0.3,0.3,0.0,4,0,14,20,70.0,1,23,2,5,4,2024-10-05,0,0,0,0,0,0,0,1,0,0,0,0,0
Gabriel Martinelli,Arsenal,11,BRA,23,31.0,1,0,0,0,1,1,0,0,24,1,0,0,0.4,0.4,0.0,2,0,17,22,77.3,3,16,1,0,0,2024-10-05,0,0,0,0,0,0,0,1,0,0,0,0,0
Declan Rice,Arsenal,41,ENG,25,90.0,0,0,0,0,2,0,0,0,59,2,1,0,0.1,0.1,0.3,6,0,44,52,84.6,2,24,3,0,0,2024-10-05,0,0,1,0,0,0,0,0,0,0,0,0,0
Jorginho,Arsenal,20,ITA,32,60.0,0,0,0,0,1,0,0,0,45,1,0,0,0.0,0.0,0.0,3,0,38,42,90.5,7,20,2,0,0,2024-10-05,0,0,1,0,0,0,0,0,0,0,0,0,0
Mikel Merino,Arsenal,23,ESP,28,30.0,0,0,0,0,0,0,0,0,19,3,2,2,0.0,0.0,0.1,4,0,10,14,71.4,1,8,0,0,0,2024-10-05,0,0,1,0,0,0,0,0,0,0,0,0,0
Bukayo Saka,Arsenal,7,ENG,23,90.0,1,2,0,0,7,2,0,0,66,1,0,2,0.3,0.3,1.1,13,2,40,51,78.4,4,37,8,2,0,2024-10-05,0,0,0,0,0,0,0,0,0,0,1,0,0
Riccardo Calafiori,Arsenal,33,ITA,22,89.0,0,0,0,0,0,0,0,0,60,3,3,1,0.0,0.0,0.0,2,0,42,53,79.2,5,29,0,4,3,2024-10-05,0,0,0,0,0,0,1,0,0,0,0,0,0
Jakub Kiwior,Arsenal,15,POL,24,1.0,0,0,0,0,0,0,0,0,6,0,0,0,0.0,0.0,0.0,0,0,2,5,40.0,0,2,0,0,0,2024-10-05,0,0,0,0,0,0,1,0,0,0,0,0,0
Gabriel Magalhães,Arsenal,6,BRA,26,90.0,0,0,0,0,3,0,0,0,66,0,0,1,0.2,0.2,0.0,2,0,58,62,93.5,2,45,1,0,0,2024-10-05,0,1,0,0,0,0,0,0,0,0,0,0,0
William Saliba,Arsenal,2,FRA,23,90.0,0,0,0,0,0,0,0,0,93,0,0,0,0.0,0.0,0.0,0,0,89,92,96.7,2,64,0,2,2,2024-10-05,0,1,0,0,0,0,0,0,0,0,0,0,0
Thomas Partey,Arsenal,5,GHA,31,83.0,0,0,0,0,2,1,0,0,93,4,2,0,0.1,0.1,0.0,2,1,75,83,90.4,13,45,0,1,1,2024-10-05,0,0,0,0,0,0,0,0,0,1,0,0,0
Takehiro Tomiyasu,Arsenal,18,JPN,25,7.0,0,0,0,0,1,0,0,0,7,0,0,0,0.2,0.2,0.0,1,0,3,4,75.0,1,1,0,0,0,2024-10-05,0,0,0,0,0,0,0,0,0,1,0,0,0
David Raya,Arsenal,22,ESP,29,90.0,0,0,0,0,0,0,0,0,26,0,0,0,0.0,0.0,0.0,0,0,24,26,92.3,2,20,0,0,0,2024-10-05,0,0,0,0,0,1,0,0,0,0,0,0,0
Ross Stewart,Southampton,11,SCO,28,26.0,0,0,0,0,0,0,0,0,6,0,0,0,0.0,0.0,0.0,0,0,1,4,25.0,0,4,0,0,0,2024-10-05,0,0,0,0,1,0,0,0,0,0,0,0,0
Cameron Archer,Southampton,19,ENG,23,64.0,1,0,0,0,1,1,0,0,17,1,1,0,0.1,0.1,0.0,0,0,9,12,75.0,0,8,2,0,0,2024-10-05,0,0,0,0,1,0,0,0,1,0,0,0,0
Mateus Fernandes,Southampton,18,POR,20,73.0,0,1,0,0,1,0,0,0,31,2,0,1,0.2,0.2,0.1,2,2,14,18,77.8,2,16,0,3,3,2024-10-05,0,0,0,0,0,0,0,1,0,0,0,0,0
Adam Armstrong,Southampton,9,ENG,27,17.0,0,0,0,0,0,0,0,0,10,0,2,1,0.0,0.0,0.0,1,0,5,6,83.3,0,5,1,0,0,2024-10-05,0,0,0,0,0,0,0,0,0,0,0,1,0
Flynn Downes,Southampton,4,ENG,25,90.0,0,0,0,0,1,0,0,0,48,1,0,5,0.0,0.0,0.0,1,0,26,35,74.3,2,17,0,1,0,2024-10-05,0,0,1,0,0,0,0,0,0,0,0,0,0
Joe Aribo,Southampton,7,NGA,28,90.0,0,0,0,0,1,0,0,0,42,3,2,1,0.0,0.0,0.0,2,0,29,33,87.9,1,16,2,2,0,2024-10-05,0,0,1,0,0,0,0,1,0,0,0,0,0
Tyler Dibling,Southampton,33,ENG,18,90.0,0,0,0,0,2,0,1,0,26,1,0,1,0.1,0.1,0.0,4,0,14,17,82.4,4,18,7,3,1,2024-10-05,0,0,0,0,0,0,0,0,0,0,1,0,0
Ryan Manning,Southampton,3,IRL,28,73.0,0,0,0,0,0,0,0,0,23,3,0,2,0.0,0.0,0.0,0,0,12,13,92.3,0,10,0,2,1,2024-10-05,0,0,0,0,0,0,1,0,0,0,0,0,0
Paul Onuachu,Southampton,32,NGA,30,17.0,0,0,0,0,0,0,0,0,8,0,1,0,0.0,0.0,0.0,0,0,5,5,100.0,0,7,0,1,1,2024-10-05,0,0,0,0,1,0,0,0,0,0,0,0,0
Kyle Walker-Peters,Southampton,2,ENG,27,90.0,0,0,0,0,1,1,1,0,67,1,0,3,0.0,0.0,0.0,0,0,55,59,93.2,3,41,2,2,0,2024-10-05,0,1,0,0,0,0,1,0,0,1,0,0,0
Jan Bednarek,Southampton,35,POL,28,90.0,0,0,0,0,0,0,1,0,97,0,1,2,0.0,0.0,0.0,2,0,72,78,92.3,2,41,1,0,0,2024-10-05,0,1,0,0,0,0,0,0,0,0,0,0,0
Taylor Harwood-Bellis,Southampton,6,ENG,22,90.0,0,0,0,0,1,0,0,0,59,0,1,2,0.3,0.3,0.0,1,0,41,51,80.4,0,35,0,0,0,2024-10-05,0,1,0,0,0,0,0,0,0,0,0,0,0
Yukinari Sugawara,Southampton,16,JPN,24,89.0,0,0,0,0,0,0,0,0,37,3,0,1,0.0,0.0,0.3,2,0,22,26,84.6,0,20,0,0,0,2024-10-05,0,0,0,0,0,0,0,0,0,1,0,0,0
Charlie Taylor,Southampton,21,ENG,31,1.0,0,0,0,0,0,0,0,0,8,0,0,1,0.0,0.0,0.0,0,0,4,7,57.1,0,5,0,0,0,2024-10-05,0,0,0,0,0,0,1,0,0,0,0,0,0
Aaron Ramsdale,Southampton,30,ENG,26,90.0,0,0,0,0,0,0,0,0,51,0,1,0,0.0,0.0,0.0,0,0,36,47,76.6,0,38,0,0,0,2024-10-05,0,0,0,0,0,1,0,0,0,0,0,0,0
Jamie Vardy,Leicester City,9,ENG,37,73.0,0,0,0,0,2,0,0,0,17,1,0,0,0.5,0.5,0.0,0,0,3,6,50.0,0,10,2,0,0,2024-10-05,0,0,0,0,1,0,0,0,0,0,0,0,0
Odsonne Édouard,Leicester City,29,FRA,26,17.0,0,0,0,0,0,0,0,0,13,0,0,0,0.0,0.0,0.0,1,0,4,5,80.0,0,6,0,2,1,2024-10-05,0,0,0,0,1,0,0,0,0,0,0,0,0
Stephy Mavididi,Leicester City,10,ENG,26,81.0,0,0,0,0,0,0,0,0,32,0,1,0,0.0,0.0,0.0,1,0,13,21,61.9,2,23,6,3,0,2024-10-05,0,0,0,0,0,0,0,0,1,0,0,0,0
Abdul Fatawu Issahaku,Leicester City,7,GHA,20,9.0,0,0,0,0,1,0,0,0,7,0,0,0,0.0,0.0,0.0,0,0,0,3,0.0,0,5,3,4,1,2024-10-05,0,0,0,0,0,0,0,0,1,0,0,0,0
Facundo Buonanotte,Leicester City,40,ARG,19,81.0,1,0,0,0,3,2,0,0,36,2,0,3,0.3,0.3,0.4,3,1,19,25,76.0,2,26,3,2,2,2024-10-05,0,0,0,0,0,0,0,0,0,0,0,1,0
Bobby Reid,Leicester City,14,JAM,31,9.0,0,0,0,0,0,0,0,0,7,0,0,0,0.0,0.0,0.0,0,0,2,4,50.0,0,3,0,1,0,2024-10-05,0,0,0,0,0,0,0,0,0,0,0,1,0
Jordan Ayew,Leicester City,18,GHA,33,87.0,0,0,0,0,0,0,1,0,36,2,2,0,0.0,0.0,0.0,0,0,18,24,75.0,4,23,2,3,0,2024-10-05,1,0,0,0,0,0,0,0,0,0,0,0,0
Boubakary Soumaré,Leicester City,24,FRA,25,3.0,0,0,0,0,0,0,1,0,1,0,0,0,0.0,0.0,0.0,0,0,1,1,100.0,0,0,0,0,0,2024-10-05,1,0,0,0,0,0,0,0,0,0,0,0,0
Oliver Skipp,Leicester City,22,ENG,24,90.0,0,0,0,0,0,0,0,0,44,1,1,3,0.0,0.0,0.0,1,0,30,34,88.2,2,27,2,1,0,2024-10-05,0,0,0,1,0,0,0,0,0,0,0,0,0
Wilfred Ndidi,Leicester City,6,NGA,27,90.0,0,0,0,0,0,0,1,0,61,4,0,2,0.0,0.0,0.0,1,0,34,45,75.6,2,29,0,0,0,2024-10-05,0,0,0,1,0,0,0,0,0,0,0,0,0
Victor Bernth Kristiansen,Leicester City,16,DEN,21,90.0,0,0,0,0,0,0,0,0,59,0,1,3,0.0,0.0,0.0,1,0,38,53,71.7,1,26,1,2,1,2024-10-05,0,0,0,0,0,0,1,0,0,0,0,0,0
Caleb Okoli,Leicester City,5,ITA,23,90.0,0,0,0,0,0,0,0,0,72,2,1,1,0.0,0.0,0.0,0,0,49,56,87.5,2,35,0,0,0,2024-10-05,0,1,0,0,0,0,0,0,0,0,0,0,0
Wout Faes,Leicester City,3,BEL,26,90.0,0,0,0,0,0,0,0,0,43,2,0,3,0.0,0.0,0.0,1,0,23,29,79.3,0,17,0,0,0,2024-10-05,0,1,0,0,0,0,0,0,0,0,0,0,0
James Justin,Leicester City,2,ENG,26,90.0,0,1,0,0,0,0,1,0,61,0,1,2,0.0,0.0,0.2,3,1,41,52,78.8,5,22,0,2,1,2024-10-05,0,0,0,0,0,0,0,0,0,1,0,0,0
Mads Hermansen,Leicester City,30,DEN,24,90.0,0,0,0,0,0,0,0,0,48,0,0,0,0.0,0.0,0.0,0,0,31,46,67.4,0,27,0,0,0,2024-10-05,0,0,0,0,0,1,0,0,0,0,0,0,0
Evanilson,Bournemouth,9,BRA,24,80.0,0,0,0,0,3,0,0,0,15,1,0,0,0.1,0.1,0.1,3,0,4,9,44.4,1,12,1,1,0,2024-10-05,0,0,0,0,1,0,0,0,0,0,0,0,0
David Brooks,Bournemouth,7,WAL,27,10.0,0,0,0,0,0,0,0,0,8,0,0,0,0.0,0.0,0.3,2,0,7,7,100.0,3,7,0,0,0,2024-10-05,0,0,0,0,0,0,0,0,0,0,1,0,0
Marcus Tavernier,Bournemouth,16,ENG,25,90.0,0,0,0,0,2,0,0,0,54,3,0,0,0.1,0.1,0.1,4,0,25,46,54.3,6,34,3,2,1,2024-10-05,1,0,1,0,0,0,0,0,1,0,0,0,0
Antoine Semenyo,Bournemouth,24,GHA,24,90.0,0,0,0,0,3,0,0,0,50,4,0,2,0.3,0.3,0.0,4,0,21,33,63.6,4,23,3,6,4,2024-10-05,0,0,0,0,1,0,0,0,0,0,1,1,0
Justin Kluivert,Bournemouth,19,NED,25,45.0,0,0,0,0,2,1,0,0,20,0,0,2,0.1,0.1,0.0,0,0,8,11,72.7,1,10,0,1,0,2024-10-05,1,0,0,0,0,0,0,0,0,0,0,0,0
Dango Ouattara,Bournemouth,11,BFA,22,45.0,0,0,0,0,2,0,0,0,28,2,1,0,0.7,0.7,0.0,1,0,16,22,72.7,3,15,1,0,0,2024-10-05,0,0,0,0,0,0,1,0,1,0,0,0,0
Ryan Christie,Bournemouth,10,SCO,29,73.0,0,0,0,0,2,1,0,0,51,1,0,2,0.1,0.1,0.0,5,0,33,39,84.6,4,33,1,1,1,2024-10-05,0,0,0,1,0,0,0,0,0,0,0,0,0
Enes Ünal,Bournemouth,26,TUR,27,17.0,0,0,0,0,2,0,0,0,9,0,0,0,0.4,0.4,0.0,0,0,2,5,40.0,1,7,0,0,0,2024-10-05,0,0,0,0,1,0,0,0,0,0,0,0,0
Lewis Cook,Bournemouth,4,ENG,27,90.0,0,0,0,0,0,0,0,0,76,4,2,0,0.0,0.0,0.5,6,0,48,67,71.6,8,37,0,0,0,2024-10-05,0,0,0,1,0,0,0,0,0,1,0,0,0
Milos Kerkez,Bournemouth,3,HUN,20,62.0,0,0,0,0,0,0,0,0,36,0,1,0,0.0,0.0,0.0,2,0,25,32,78.1,5,20,4,1,0,2024-10-05,0,0,0,0,0,0,1,0,0,0,0,0,0
Luis Sinisterra,Bournemouth,17,COL,25,28.0,0,0,0,0,1,0,0,0,17,0,0,0,0.0,0.0,0.6,5,0,11,14,78.6,0,16,4,4,3,2024-10-05,0,0,0,0,0,0,0,1,1,0,0,0,0
Marcos Senesi,Bournemouth,5,ARG,27,90.0,0,0,0,0,1,0,1,0,75,3,1,2,0.1,0.1,0.1,1,0,53,60,88.3,8,44,2,0,0,2024-10-05,0,1,0,0,0,0,0,0,0,0,0,0,0
Illia Zabarnyi,Bournemouth,27,UKR,22,90.0,0,0,0,0,1,0,0,0,71,1,1,1,0.1,0.1,0.0,0,0,58,63,92.1,5,49,1,0,0,2024-10-05,0,1,0,0,0,0,0,0,0,0,0,0,0
Adam Smith,Bournemouth,15,ENG,33,62.0,0,0,0,0,0,0,0,0,37,1,0,0,0.0,0.0,0.0,0,0,26,32,81.3,2,17,0,0,0,2024-10-05,0,0,0,0,0,0,0,0,0,1,0,0,0
Alex Scott,Bournemouth,8,ENG,21,28.0,0,0,0,0,0,0,0,0,25,2,0,0,0.0,0.0,0.1,2,0,19,20,95.0,10,17,0,1,0,2024-10-05,0,0,0,1,0,0,0,0,0,0,0,0,0
Kepa Arrizabalaga,Bournemouth,13,ESP,30,90.0,0,0,0,0,0,0,0,0,35,0,0,0,0.0,0.0,0.0,0,0,29,34,85.3,0,24,0,0,0,2024-10-05,0,0,0,0,0,1,0,0,0,0,0,0,0
Dominic Calvert-Lewin,Everton,9,ENG,27,90.0,0,0,0,0,2,2,0,0,30,0,0,0,0.2,0.2,0.0,2,0,8,17,47.1,1,15,1,1,0,2024-10-05,0,0,0,0,1,0,0,0,0,0,0,0,0
Iliman Ndiaye,Everton,10,SEN,24,90.0,0,0,0,0,0,0,0,0,37,1,0,2,0.0,0.0,0.0,3,0,20,24,83.3,2,19,5,11,5,2024-10-05,0,0,0,0,0,0,0,0,1,0,0,0,0
Jack Harrison,Everton,11,ENG,27,67.0,0,0,0,0,0,0,0,0,34,1,1,1,0.0,0.0,0.0,1,0,16,22,72.7,2,20,1,3,1,2024-10-05,0,0,0,0,0,0,0,0,0,0,0,1,0
Tim Iroegbunam,Everton,42,ENG,21,23.0,0,0,0,0,0,0,0,0,10,1,0,1,0.0,0.0,0.0,0,0,3,5,60.0,0,0,0,0,0,2024-10-05,0,0,0,1,0,0,0,0,0,0,0,0,0
Dwight McNeil,Everton,7,ENG,24,90.0,0,0,0,0,2,0,1,0,34,0,1,1,0.0,0.0,0.1,3,0,17,21,81.0,5,25,2,3,2,2024-10-05,1,0,0,0,0,0,0,0,0,0,0,1,0
Orel Mangala,Everton,8,BEL,26,56.0,0,0,0,0,1,0,0,0,24,1,1,0,0.0,0.0,0.0,0,0,17,18,94.4,0,17,0,0,0,2024-10-05,0,0,0,1,0,0,0,0,0,0,0,0,0
Idrissa Gana Gueye,Everton,27,SEN,35,34.0,0,0,0,0,2,0,0,0,27,1,1,1,0.4,0.4,0.0,1,0,13,20,65.0,3,10,0,1,1,2024-10-05,0,0,0,1,0,0,0,0,0,0,0,0,0
Abdoulaye Doucouré,Everton,16,MLI,31,90.0,0,0,0,0,0,0,0,0,40,3,0,2,0.0,0.0,0.1,3,0,23,31,74.2,5,20,1,2,1,2024-10-05,1,0,0,1,0,0,0,0,0,0,0,0,0
Ashley Young,Everton,18,ENG,39,90.0,0,0,0,0,0,0,0,0,45,2,1,0,0.0,0.0,0.1,1,0,26,36,72.2,3,16,0,0,0,2024-10-05,0,0,0,0,0,0,1,0,0,0,0,0,0
Michael Keane,Everton,5,ENG,31,90.0,0,0,0,0,0,0,0,0,44,0,3,0,0.0,0.0,0.0,0,0,29,32,90.6,1,25,0,0,0,2024-10-05,0,1,0,0,0,0,0,0,0,0,0,0,0
James Tarkowski,Everton,6,ENG,31,90.0,0,0,0,0,0,0,0,0,57,4,0,2,0.0,0.0,0.0,0,0,31,40,77.5,3,27,0,1,1,2024-10-05,0,1,0,0,0,0,0,0,0,0,0,0,0
James Garner,Everton,37,ENG,23,90.0,0,0,0,0,1,0,0,0,45,5,2,0,0.0,0.0,0.0,1,0,22,34,64.7,0,21,0,2,2,2024-10-05,0,0,0,0,0,0,0,0,0,1,0,0,0
Jordan Pickford,Everton,1,ENG,30,90.0,0,0,0,0,0,0,0,0,42,0,0,0,0.0,0.0,0.0,0,0,21,40,52.5,0,17,0,0,0,2024-10-05,0,0,0,0,0,1,0,0,0,0,0,0,0
Anthony Gordon,Newcastle United,10,ENG,23,90.0,0,0,0,1,1,0,0,0,43,1,0,3,1.0,0.2,0.2,3,0,24,30,80.0,2,27,6,5,1,2024-10-05,0,0,0,0,1,0,0,0,0,0,0,0,0
Harvey Barnes,Newcastle United,11,ENG,26,61.0,0,0,0,0,0,0,0,0,36,3,1,1,0.0,0.0,0.0,0,0,18,23,78.3,4,24,5,2,0,2024-10-05,0,0,0,0,0,0,0,0,1,0,0,0,0
Miguel Almirón,Newcastle United,24,PAR,30,29.0,0,0,0,0,2,0,0,0,17,1,0,0,0.2,0.2,0.2,2,0,12,14,85.7,2,14,1,1,0,2024-10-05,0,0,0,0,0,0,0,0,0,0,0,1,0
Jacob Murphy,Newcastle United,23,ENG,29,68.0,0,0,0,0,1,1,0,0,40,4,1,1,0.1,0.1,0.0,2,0,24,30,80.0,3,21,1,2,1,2024-10-05,0,0,0,0,0,0,0,0,1,0,0,1,0
Joe Willock,Newcastle United,28,ENG,25,22.0,0,0,0,0,0,0,0,0,17,0,0,2,0.0,0.0,0.0,0,0,11,13,84.6,1,9,2,3,1,2024-10-05,0,0,0,0,0,0,0,0,1,0,0,0,0
Joelinton,Newcastle United,7,BRA,28,90.0,0,0,0,0,4,0,0,0,66,3,0,1,0.3,0.3,0.5,3,0,48,53,90.6,8,42,6,2,1,2024-10-05,0,0,0,0,0,0,0,1,0,0,0,0,0
Bruno Guimarães,Newcastle United,39,BRA,26,90.0,0,0,0,0,2,0,0,0,89,3,2,0,0.3,0.3,0.0,2,0,71,80,88.8,6,67,3,2,0,2024-10-05,0,0,1,0,0,0,0,0,0,0,0,0,0
Sandro Tonali,Newcastle United,8,ITA,24,70.0,0,0,0,0,2,0,0,0,58,1,1,2,0.2,0.2,0.0,1,0,33,47,70.2,1,40,1,2,1,2024-10-05,0,0,0,0,0,0,0,0,0,0,1,0,0
Sean Longstaff,Newcastle United,36,ENG,26,20.0,0,0,0,0,0,0,0,0,24,0,1,0,0.0,0.0,0.0,3,0,19,20,95.0,4,16,0,0,0,2024-10-05,0,0,0,0,0,0,0,0,0,0,1,0,0
Lewis Hall,Newcastle United,20,ENG,20,90.0,0,0,0,0,0,0,1,0,108,2,1,3,0.0,0.0,0.1,3,0,76,96,79.2,5,59,0,0,0,2024-10-05,0,0,0,0,0,0,1,0,0,0,0,0,0
Dan Burn,Newcastle United,33,ENG,32,90.0,0,0,0,0,1,0,0,0,92,2,0,0,0.0,0.0,0.0,0,0,76,83,91.6,2,64,0,0,0,2024-10-05,0,1,0,0,0,0,0,0,0,0,0,0,0
Fabian Schär,Newcastle United,5,SUI,32,90.0,0,0,0,0,0,0,1,0,79,2,1,0,0.0,0.0,0.0,0,0,66,74,89.2,8,57,0,0,0,2024-10-05,0,1,0,0,0,0,0,0,0,0,0,0,0
Kieran Trippier,Newcastle United,2,ENG,34,70.0,0,0,0,0,0,0,0,0,91,3,0,1,0.0,0.0,0.2,6,0,71,86,82.6,6,51,0,0,0,2024-10-05,0,0,0,0,0,0,0,0,0,1,0,0,0
Valentino Livramento,Newcastle United,21,ENG,21,20.0,0,0,0,0,0,0,0,0,23,0,0,0,0.0,0.0,0.0,1,0,17,22,77.3,2,14,3,1,1,2024-10-05,0,0,0,0,0,0,0,0,0,1,0,0,0
Nick Pope,Newcastle United,22,ENG,32,90.0,0,0,0,0,0,0,0,0,33,0,0,0,0.0,0.0,0.0,0,0,28,32,87.5,0,20,0,0,0,2024-10-05,0,0,0,0,0,1,0,0,0,0,0,0,0
Ollie Watkins,Aston Villa,11,ENG,28,90.0,0,0,0,0,2,0,0,0,21,1,1,0,0.1,0.1,0.1,4,0,11,14,78.6,0,14,2,1,0,2024-10-06,0,0,0,0,1,0,0,0,0,0,0,0,0
Jaden Philogene Bidace,Aston Villa,19,ENG,22,90.0,0,0,0,0,2,0,0,0,26,2,0,0,0.1,0.1,0.0,0,0,12,17,70.6,2,14,0,2,1,2024-10-06,0,0,0,0,0,0,0,0,1,0,1,0,0
Leon Bailey,Aston Villa,31,JAM,27,62.0,0,0,0,0,1,0,0,0,27,0,0,0,0.0,0.0,0.0,2,0,17,21,81.0,2,24,2,4,1,2024-10-06,0,0,0,0,0,0,0,0,0,0,0,1,0
Jhon Durán,Aston Villa,9,COL,20,28.0,0,0,0,0,0,0,0,0,15,0,0,0,0.0,0.0,0.0,0,0,7,11,63.6,2,9,2,3,1,2024-10-06,0,0,0,0,1,0,0,0,0,0,0,0,0
Morgan Rogers,Aston Villa,27,ENG,22,90.0,0,0,0,0,2,0,0,0,35,0,0,1,0.1,0.1,0.0,3,0,19,23,82.6,3,29,2,4,2,2024-10-06,1,0,0,0,0,0,0,1,0,0,0,0,0
Youri Tielemans,Aston Villa,8,BEL,27,90.0,0,0,0,0,2,1,0,0,67,3,1,2,0.1,0.1,0.0,4,0,38,58,65.5,5,40,0,1,0,2024-10-06,0,0,1,1,0,0,0,0,0,0,0,0,0
Ross Barkley,Aston Villa,6,ENG,30,90.0,0,0,0,0,0,0,1,0,51,2,0,0,0.0,0.0,0.1,2,0,35,44,79.5,9,34,3,1,1,2024-10-06,0,0,1,1,0,0,0,0,0,0,0,0,0
Lucas Digne,Aston Villa,12,FRA,31,84.0,0,0,0,0,1,0,0,0,60,4,2,0,0.0,0.0,0.0,2,0,34,50,68.0,0,32,2,0,0,2024-10-06,0,0,0,0,0,0,1,0,0,0,0,0,0
Ian Maatsen,Aston Villa,22,NED,22,6.0,0,0,0,0,0,0,0,0,8,0,0,0,0.0,0.0,0.1,1,0,7,7,100.0,0,2,1,0,0,2024-10-06,0,0,0,0,0,0,1,0,0,0,0,0,0
Pau Torres,Aston Villa,14,ESP,27,90.0,0,0,0,0,0,0,0,0,65,0,0,0,0.0,0.0,0.0,3,0,53,62,85.5,6,51,3,0,0,2024-10-06,0,1,0,0,0,0,0,0,0,0,0,0,0
Ezri Konsa,Aston Villa,4,ENG,26,11.0,0,0,0,0,0,0,0,0,10,0,0,0,0.0,0.0,0.0,0,0,10,10,100.0,2,10,0,0,0,2024-10-06,0,1,0,0,0,0,0,0,0,0,0,0,0
Diego Carlos,Aston Villa,3,BRA,31,79.0,0,0,0,0,0,0,0,0,59,0,1,0,0.0,0.0,0.0,0,0,45,49,91.8,4,43,0,0,0,2024-10-06,0,1,0,0,0,0,0,0,0,0,0,0,0
Matty Cash,Aston Villa,2,POL,27,90.0,0,0,0,0,1,0,0,0,60,0,1,1,0.0,0.0,0.0,1,0,44,53,83.0,3,38,4,2,1,2024-10-06,0,0,0,0,0,0,0,0,0,1,0,0,0
Emiliano Martínez,Aston Villa,23,ARG,32,90.0,0,0,0,0,0,0,0,0,37,0,0,0,0.0,0.0,0.0,0,0,27,35,77.1,0,23,0,0,0,2024-10-06,0,0,0,0,0,1,0,0,0,0,0,0,0
Rasmus Højlund,Manchester United,9,DEN,21,63.0,0,0,0,0,0,0,0,0,14,0,0,2,0.0,0.0,0.0,0,0,5,6,83.3,0,7,1,2,0,2024-10-06,0,0,0,0,1,0,0,0,0,0,0,0,0
Joshua Zirkzee,Manchester United,11,NED,23,27.0,0,0,0,0,0,0,0,0,7,0,0,0,0.0,0.0,0.0,0,0,4,7,57.1,0,3,0,0,0,2024-10-06,0,0,0,0,1,0,0,0,0,0,0,0,0
Marcus Rashford,Manchester United,10,ENG,26,63.0,0,0,0,0,2,2,1,0,24,0,1,1,0.2,0.2,0.0,4,0,13,20,65.0,1,13,1,1,1,2024-10-06,0,0,0,0,0,0,0,0,1,0,0,0,0
Antony,Manchester United,21,BRA,24,27.0,0,0,0,0,2,1,0,0,14,1,1,1,0.1,0.1,0.0,1,0,4,7,57.1,0,7,1,1,0,2024-10-06,0,0,0,0,0,0,0,0,0,0,0,1,0
Alejandro Garnacho,Manchester United,17,ARG,20,90.0,0,0,0,0,3,1,0,0,38,3,1,1,0.1,0.1,0.0,2,0,18,21,85.7,0,25,5,3,1,2024-10-06,0,0,0,0,0,0,0,0,1,0,0,1,0
Bruno Fernandes,Manchester United,8,POR,30,90.0,0,0,0,0,1,0,0,0,60,0,3,3,0.0,0.0,0.0,1,0,38,44,86.4,7,29,1,2,0,2024-10-06,1,0,0,0,0,0,0,0,0,0,0,0,0
Christian Eriksen,Manchester United,14,DEN,32,90.0,0,0,0,0,0,0,1,0,53,1,0,0,0.0,0.0,0.1,2,0,44,51,86.3,3,28,0,0,0,2024-10-06,0,0,0,1,0,0,0,0,0,0,0,0,0
Kobbie Mainoo,Manchester United,37,ENG,19,84.0,0,0,0,0,1,0,1,0,53,2,0,1,0.0,0.0,0.0,1,0,36,41,87.8,4,31,0,3,2,2024-10-06,0,0,0,1,0,0,0,0,0,0,0,0,0
Casemiro,Manchester United,18,BRA,32,6.0,0,0,0,0,0,0,0,0,7,0,0,0,0.0,0.0,0.0,1,0,4,6,66.7,2,2,0,0,0,2024-10-06,0,0,0,1,0,0,0,0,0,0,0,0,0
Diogo Dalot,Manchester United,20,POR,25,90.0,0,0,0,0,0,0,0,0,38,2,1,1,0.0,0.0,0.0,2,0,22,29,75.9,1,16,1,0,0,2024-10-06,0,0,0,0,0,0,1,0,0,0,0,0,0
Jonny Evans,Manchester United,35,NIR,36,90.0,0,0,0,0,1,0,0,0,50,4,0,1,0.1,0.1,0.0,0,0,36,42,85.7,3,24,1,0,0,2024-10-06,0,1,0,0,0,0,0,0,0,0,0,0,0
Harry Maguire,Manchester United,5,ENG,31,45.0,0,0,0,0,0,0,1,0,28,0,1,0,0.0,0.0,0.0,0,0,19,25,76.0,1,15,0,0,0,2024-10-06,0,1,0,0,0,0,0,0,0,0,0,0,0
Matthijs de Ligt,Manchester United,4,NED,25,45.0,0,0,0,0,0,0,0,0,26,4,1,0,0.0,0.0,0.0,1,0,13,17,76.5,1,6,0,0,0,2024-10-06,0,1,0,0,0,0,0,0,0,0,0,0,0
Noussair Mazraoui,Manchester United,3,MAR,26,45.0,0,0,0,0,0,0,0,0,36,1,2,0,0.0,0.0,0.0,0,0,25,30,83.3,1,18,0,0,0,2024-10-06,0,0,0,0,0,0,0,0,0,1,0,0,0
Victor Lindelöf,Manchester United,2,SWE,30,45.0,0,0,0,0,0,0,1,0,23,3,1,1,0.0,0.0,0.0,0,0,14,14,100.0,0,6,0,0,0,2024-10-06,0,0,0,0,0,0,0,0,0,1,0,0,0
André Onana,Manchester United,24,CMR,28,90.0,0,0,0,0,0,0,0,0,37,0,0,0,0.0,0.0,0.0,0,0,25,36,69.4,0,25,0,0,0,2024-10-06,0,0,0,0,0,1,0,0,0,0,0,0,0
Nicolas Jackson,Chelsea,15,SEN,23,80.0,0,0,0,0,1,1,0,0,26,1,0,1,0.5,0.5,0.0,3,0,14,16,87.5,1,13,3,2,2,2024-10-06,0,0,0,0,1,0,0,0,0,0,0,0,0
Christopher Nkunku,Chelsea,18,FRA,26,10.0,0,0,0,0,1,1,0,0,9,0,0,1,0.5,0.5,0.0,0,0,3,5,60.0,0,3,0,0,0,2024-10-06,0,0,0,0,1,0,0,0,0,0,0,0,0
Jadon Sancho,Chelsea,19,ENG,24,89.0,0,0,0,0,0,0,0,0,43,1,0,0,0.0,0.0,0.3,5,1,31,40,77.5,5,27,8,3,3,2024-10-06,0,0,0,0,0,0,0,0,1,0,0,0,0
Mykhailo Mudryk,Chelsea,10,UKR,23,1.0,0,0,0,0,0,0,0,0,6,0,0,0,0.0,0.0,0.5,1,0,3,5,60.0,0,4,2,0,0,2024-10-06,0,0,0,0,0,0,0,0,1,0,0,0,0
Noni Madueke,Chelsea,11,ENG,22,89.0,1,0,0,0,7,2,0,0,49,3,1,1,0.3,0.3,0.6,6,0,28,36,77.8,6,31,9,5,3,2024-10-06,0,0,0,0,0,0,0,0,0,0,0,1,0
Pedro Neto,Chelsea,7,POR,24,1.0,0,0,0,0,0,0,1,0,11,0,0,0,0.0,0.0,0.2,2,0,8,10,80.0,0,8,1,1,0,2024-10-06,0,0,0,0,0,0,0,0,0,0,0,1,0
Cole Palmer,Chelsea,20,ENG,22,90.0,0,1,0,0,6,2,1,0,76,1,0,0,0.7,0.7,0.6,11,1,50,66,75.8,16,44,7,1,1,2024-10-06,1,0,0,0,0,0,0,0,0,0,1,0,0
Enzo Fernández,Chelsea,8,ARG,23,80.0,0,0,0,0,1,1,0,0,57,1,1,3,0.1,0.1,0.1,3,0,37,47,78.7,11,22,0,1,1,2024-10-06,0,0,0,1,0,0,0,0,0,0,0,0,0
João Félix,Chelsea,14,POR,24,10.0,0,0,0,0,2,0,0,0,14,1,1,0,0.2,0.2,0.0,1,0,9,10,90.0,0,8,0,0,0,2024-10-06,0,0,0,0,0,0,0,1,0,0,0,0,0
Moisés Caicedo,Chelsea,25,ECU,22,90.0,0,0,0,0,1,0,1,0,75,3,0,1,0.0,0.0,0.0,4,0,59,67,88.1,8,32,2,0,0,2024-10-06,0,0,1,1,0,0,0,0,0,0,0,0,0
Marc Cucurella,Chelsea,3,ESP,26,90.0,0,0,0,0,0,0,1,0,65,2,1,1,0.0,0.0,0.0,1,0,56,59,94.9,3,16,2,0,0,2024-10-06,0,0,0,0,0,0,1,0,0,0,0,0,0
Levi Colwill,Chelsea,6,ENG,21,89.0,0,0,0,0,0,0,1,0,85,0,3,2,0.0,0.0,0.0,1,0,73,78,93.6,6,39,0,2,1,2024-10-06,0,1,0,0,0,0,0,0,0,0,0,0,0
Tosin Adarabioyo,Chelsea,4,ENG,27,1.0,0,0,0,0,0,0,0,0,8,0,0,0,0.0,0.0,0.0,0,0,8,8,100.0,0,2,0,0,0,2024-10-06,0,1,0,0,0,0,0,0,0,0,0,0,0
Wesley Fofana,Chelsea,29,FRA,23,90.0,0,0,0,0,0,0,1,0,86,1,1,1,0.0,0.0,0.0,0,0,66,76,86.8,2,45,3,0,0,2024-10-06,0,1,0,0,0,0,0,0,0,0,0,0,0
Malo Gusto,Chelsea,27,FRA,21,90.0,0,0,0,0,3,1,0,0,98,0,0,3,0.1,0.1,0.0,2,0,75,89,84.3,11,38,2,1,0,2024-10-06,0,0,0,0,0,0,0,0,0,1,0,0,0
Robert Sánchez,Chelsea,1,ESP,26,90.0,0,0,0,0,0,0,0,0,33,0,0,0,0.0,0.0,0.0,1,0,23,29,79.3,0,19,0,0,0,2024-10-06,0,0,0,0,0,1,0,0,0,0,0,0,0
Chris Wood,Nottingham Forest,11,NZL,32,81.0,1,0,0,0,1,1,0,0,17,1,0,0,0.2,0.2,0.0,0,0,4,7,57.1,0,9,0,0,0,2024-10-06,0,0,0,0,1,0,0,0,0,0,0,0,0
Anthony Elanga,Nottingham Forest,21,SWE,22,9.0,0,0,0,0,0,0,0,0,10,0,1,1,0.0,0.0,0.0,1,0,2,6,33.3,0,1,0,0,0,2024-10-06,0,0,0,0,0,0,0,1,0,0,0,0,0
Elliot Anderson,Nottingham Forest,8,ENG,21,65.0,0,0,0,0,2,1,0,0,43,1,0,3,0.1,0.1,0.0,0,0,28,33,84.8,3,27,0,3,1,2024-10-06,0,0,0,0,0,0,0,0,1,0,0,0,0
Jota Silva,Nottingham Forest,20,POR,25,25.0,0,0,0,0,1,1,0,0,12,2,0,1,0.1,0.1,0.0,2,0,3,5,60.0,1,6,2,4,1,2024-10-06,0,0,0,0,0,0,0,0,0,0,1,1,0
Callum Hudson-Odoi,Nottingham Forest,14,ENG,23,81.0,0,0,0,0,0,0,0,0,32,1,1,0,0.0,0.0,0.2,4,0,26,27,96.3,0,20,4,2,1,2024-10-06,0,0,0,0,0,0,0,0,1,0,0,1,0
Morato,Nottingham Forest,4,BRA,23,9.0,0,0,0,0,0,0,0,0,6,0,0,0,0.0,0.0,0.0,0,0,1,2,50.0,0,0,0,0,0,2024-10-06,0,1,0,0,0,0,0,0,0,0,0,0,0
Morgan Gibbs-White,Nottingham Forest,10,ENG,24,75.0,0,0,0,0,2,1,0,0,40,0,0,1,0.1,0.1,0.0,4,0,22,30,73.3,3,18,2,3,1,2024-10-06,1,0,0,0,0,0,0,0,0,0,0,0,0
Nicolás Domínguez,Nottingham Forest,16,ARG,26,15.0,0,0,0,0,0,0,0,0,7,0,0,1,0.0,0.0,0.0,0,0,4,5,80.0,0,2,0,0,0,2024-10-06,1,0,1,1,0,0,0,0,0,0,0,0,0
James Ward-Prowse,Nottingham Forest,18,ENG,29,77.0,0,0,0,0,1,1,2,1,45,1,0,0,0.0,0.0,0.0,3,1,35,42,83.3,4,22,1,0,0,2024-10-06,0,0,0,1,0,0,0,0,0,0,0,0,0
Ryan Yates,Nottingham Forest,22,ENG,26,90.0,0,0,0,0,3,1,0,0,43,1,1,5,0.2,0.2,0.0,2,0,21,25,84.0,3,17,1,3,2,2024-10-06,0,0,1,1,0,0,0,0,0,0,0,0,0
Álex Moreno,Nottingham Forest,19,ESP,31,81.0,0,0,0,0,1,0,0,0,37,3,1,1,0.0,0.0,0.0,1,0,17,25,68.0,3,15,0,1,1,2024-10-06,0,0,0,0,0,0,1,0,0,0,0,0,0
Neco Williams,Nottingham Forest,7,WAL,23,9.0,0,0,0,0,2,2,1,0,7,0,0,1,0.2,0.2,0.0,1,0,1,3,33.3,1,2,0,0,0,2024-10-06,0,0,0,0,0,0,1,0,0,0,0,0,0
Murillo,Nottingham Forest,5,BRA,22,90.0,0,0,0,0,2,1,0,0,43,1,1,2,0.1,0.1,0.0,1,0,21,30,70.0,1,18,2,2,1,2024-10-06,0,1,0,0,0,0,0,0,0,0,0,0,0
Nikola Milenković,Nottingham Forest,31,SRB,26,90.0,0,1,0,0,0,0,0,0,22,1,1,0,0.0,0.0,0.2,2,1,11,19,57.9,0,4,0,0,0,2024-10-06,0,1,0,0,0,0,0,0,0,0,0,0,0
Ola Aina,Nottingham Forest,34,NGA,27,90.0,0,0,0,0,1,0,0,0,54,0,0,2,0.0,0.0,0.1,4,0,37,44,84.1,1,19,2,1,1,2024-10-06,0,0,0,0,0,0,0,0,0,1,0,0,0
Matz Sels,Nottingham Forest,26,BEL,32,90.0,0,0,0,0,0,0,1,0,41,0,0,0,0.0,0.0,0.0,1,0,16,36,44.4,0,16,0,0,0,2024-10-06,0,0,0,0,0,1,0,0,0,0,0,0,0
Danny Welbeck,Brighton & Hove Albion,18,ENG,33,90.0,1,0,0,0,3,1,0,0,34,0,0,1,1.1,1.1,0.1,4,0,17,20,85.0,3,19,2,4,1,2024-10-06,0,0,0,0,1,0,0,0,0,0,0,0,0
Kaoru Mitoma,Brighton & Hove Albion,22,JPN,27,90.0,0,1,0,0,3,1,0,0,50,3,2,0,0.1,0.1,0.7,3,1,22,33,66.7,4,25,5,5,0,2024-10-06,0,0,0,0,0,0,0,0,1,0,0,0,0
Yankuba Minteh,Brighton & Hove Albion,17,GAM,20,86.0,1,0,0,0,2,1,0,0,34,1,1,0,0.3,0.3,0.0,1,0,14,20,70.0,1,22,2,6,2,2024-10-06,0,0,0,0,0,0,0,0,0,0,0,1,0
Brajan Gruda,Brighton & Hove Albion,8,GER,20,4.0,0,0,0,0,0,0,0,0,5,0,0,0,0.0,0.0,0.0,0,0,2,3,66.7,0,3,0,0,0,2024-10-06,0,0,0,0,0,0,0,0,0,0,0,1,0
Georginio Rutter,Brighton & Hove Albion,14,FRA,22,72.0,1,0,0,0,2,1,0,0,25,0,0,3,0.2,0.2,0.0,2,1,9,13,69.2,3,17,2,5,2,2024-10-06,1,0,0,0,0,0,0,0,0,0,0,0,0
Julio Enciso,Brighton & Hove Albion,10,PAR,20,18.0,0,0,0,0,0,0,0,0,6,0,0,0,0.0,0.0,0.0,0,0,2,3,66.7,0,3,1,1,1,2024-10-06,1,0,0,0,0,0,0,0,0,0,0,0,0
Jack Hinshelwood,Brighton & Hove Albion,41,ENG,19,90.0,0,0,0,0,1,0,0,0,38,0,1,0,0.1,0.1,0.0,1,0,25,31,80.6,1,19,0,0,0,2024-10-06,0,0,0,1,0,0,0,0,0,0,0,0,0
Carlos Baleba,Brighton & Hove Albion,20,CMR,20,73.0,0,0,0,0,0,0,0,0,34,2,3,0,0.0,0.0,0.0,2,0,23,26,88.5,4,18,0,0,0,2024-10-06,0,0,0,1,0,0,0,0,0,0,0,0,0
Mats Wieffer,Brighton & Hove Albion,27,NED,24,17.0,0,0,0,0,0,0,0,0,11,0,1,1,0.0,0.0,0.0,0,0,6,7,85.7,1,5,0,1,1,2024-10-06,0,0,0,1,0,0,0,0,0,0,0,0,0
Ferdi Kadioglu,Brighton & Hove Albion,24,TUR,24,45.0,0,0,0,0,0,0,0,0,35,0,1,0,0.0,0.0,0.0,2,0,26,31,83.9,4,17,0,0,0,2024-10-06,0,0,0,0,0,0,1,0,0,0,0,0,0
Pervis Estupiñán,Brighton & Hove Albion,30,ECU,26,45.0,0,0,0,0,0,0,0,0,32,4,0,0,0.0,0.0,0.0,3,2,20,26,76.9,1,14,0,0,0,2024-10-06,0,0,0,0,0,0,1,0,0,0,0,0,0
Lewis Dunk,Brighton & Hove Albion,5,ENG,32,90.0,0,0,0,0,0,0,0,0,56,0,1,2,0.0,0.0,0.0,1,1,44,50,88.0,7,34,2,0,0,2024-10-06,0,1,0,0,0,0,0,0,0,0,0,0,0
Adam Webster,Brighton & Hove Albion,4,ENG,29,8.0,0,0,0,0,0,0,0,0,6,0,0,2,0.0,0.0,0.0,0,0,1,3,33.3,0,3,0,0,0,2024-10-06,0,1,0,0,0,0,0,0,0,0,0,0,0
Igor,Brighton & Hove Albion,3,BRA,26,82.0,0,0,0,0,0,0,1,0,63,0,0,4,0.0,0.0,0.0,1,0,55,58,94.8,5,35,1,0,0,2024-10-06,0,1,0,0,0,0,0,0,0,0,0,0,0
Joël Veltman,Brighton & Hove Albion,34,NED,32,90.0,0,0,0,0,0,0,0,0,52,2,1,2,0.0,0.0,0.0,1,1,29,38,76.3,4,27,3,2,0,2024-10-06,0,0,0,0,0,0,0,0,0,1,0,0,0
Bart Verbruggen,Brighton & Hove Albion,1,NED,22,90.0,0,0,0,0,0,0,1,0,36,0,0,0,0.0,0.0,0.0,0,0,24,35,68.6,0,26,0,0,0,2024-10-06,0,0,0,0,0,1,0,0,0,0,0,0,0
Dominic Solanke,Tottenham Hotspur,19,ENG,27,90.0,0,1,0,0,0,0,0,0,18,0,0,0,0.0,0.0,0.5,3,2,14,17,82.4,4,12,2,1,1,2024-10-06,0,0,0,0,1,0,0,0,0,0,0,0,0
Timo Werner,Tottenham Hotspur,16,GER,28,78.0,0,1,0,0,2,0,0,0,37,0,1,2,0.1,0.1,0.1,1,1,18,28,64.3,6,28,8,4,3,2024-10-06,0,0,0,0,0,0,0,0,1,0,0,0,0
Pape Matar Sarr,Tottenham Hotspur,29,SEN,22,12.0,0,0,0,0,0,0,0,0,8,0,0,0,0.0,0.0,0.0,0,0,4,8,50.0,1,4,1,0,0,2024-10-06,0,0,0,0,0,0,0,0,0,0,1,0,0
Brennan Johnson,Tottenham Hotspur,22,WAL,23,90.0,1,0,0,0,3,1,0,0,33,3,0,0,0.6,0.6,0.1,2,0,17,22,77.3,5,21,1,1,1,2024-10-06,0,0,0,0,0,0,0,0,0,0,0,1,0
James Maddison,Tottenham Hotspur,10,ENG,27,84.0,1,0,0,0,3,1,0,0,46,1,0,1,0.3,0.3,0.0,4,1,29,37,78.4,5,29,1,2,1,2024-10-06,0,0,0,0,0,0,0,1,0,0,0,0,0
Mikey Moore,Tottenham Hotspur,47,ENG,17,6.0,0,0,0,0,0,0,0,0,6,0,0,0,0.0,0.0,0.0,0,0,2,4,50.0,0,4,2,1,1,2024-10-06,0,0,0,0,0,0,0,0,1,0,0,0,0
Rodrigo Bentancur,Tottenham Hotspur,30,URU,27,78.0,0,0,0,0,0,0,0,0,55,2,2,1,0.0,0.0,0.0,1,0,39,46,84.8,3,38,0,1,0,2024-10-06,0,0,1,0,0,0,0,0,0,0,0,0,0
Yves Bissouma,Tottenham Hotspur,8,MLI,28,12.0,0,0,0,0,0,0,0,0,11,1,0,0,0.0,0.0,0.0,1,0,8,10,80.0,0,8,0,0,0,2024-10-06,0,0,1,0,0,0,0,0,0,0,0,0,0
Dejan Kulusevski,Tottenham Hotspur,21,SWE,24,90.0,0,0,0,0,1,0,1,0,51,1,0,2,0.0,0.0,0.1,2,0,20,32,62.5,7,36,7,7,2,2024-10-06,0,0,0,0,0,0,0,1,1,0,1,0,0
Destiny Udogie,Tottenham Hotspur,13,ITA,21,90.0,0,0,0,0,1,1,1,0,67,5,1,2,0.1,0.1,0.0,1,0,48,54,88.9,6,36,2,3,2,2024-10-06,0,0,0,0,0,0,1,0,0,0,0,0,0
Micky van de Ven,Tottenham Hotspur,37,NED,23,90.0,0,0,0,0,0,0,0,0,102,1,1,0,0.0,0.0,0.0,1,0,93,97,95.9,6,72,0,3,3,2024-10-06,0,1,0,0,0,0,0,0,0,0,0,0,0
Cristian Romero,Tottenham Hotspur,17,ARG,26,90.0,0,0,0,0,2,0,0,0,108,2,1,1,0.2,0.2,0.1,3,0,94,98,95.9,2,78,1,0,0,2024-10-06,0,1,0,0,0,0,0,0,0,0,0,0,0
Pedro Porro,Tottenham Hotspur,23,ESP,25,90.0,0,0,0,0,1,0,0,0,72,4,1,1,0.0,0.0,0.1,1,0,41,58,70.7,6,39,0,1,0,2024-10-06,0,0,0,0,0,0,0,0,0,1,0,0,0
Guglielmo Vicario,Tottenham Hotspur,1,ITA,27,90.0,0,0,0,0,0,0,0,0,62,0,0,0,0.0,0.0,0.0,0,0,58,60,96.7,0,47,0,0,0,2024-10-06,0,0,0,0,0,1,0,0,0,0,0,0,0
Dominic Solanke,Tottenham Hotspur,19,ENG,27,80.0,0,0,0,0,1,0,0,0,23,2,0,0,0.1,0.1,0.1,2,1,9,12,75.0,2,12,1,5,2,2024-10-19,0,0,0,0,1,0,0,0,0,0,0,0,0
Richarlison,Tottenham Hotspur,9,BRA,27,10.0,0,0,0,0,0,0,0,0,4,0,0,0,0.0,0.0,0.0,1,0,2,4,50.0,2,5,0,0,0,2024-10-19,0,0,0,0,1,0,0,0,0,0,0,0,0
Son Heung-min,Tottenham Hotspur,7,KOR,32,69.0,1,0,0,0,5,2,0,0,42,0,0,0,0.3,0.3,0.1,5,1,26,34,76.5,8,28,5,2,1,2024-10-19,0,0,0,0,0,0,0,0,1,0,0,0,0
Timo Werner,Tottenham Hotspur,16,GER,28,21.0,0,0,0,0,1,1,0,0,9,0,0,1,0.0,0.0,0.0,0,0,2,5,40.0,0,5,0,0,0,2024-10-19,0,0,0,0,0,0,0,0,1,0,0,0,0
Brennan Johnson,Tottenham Hotspur,22,WAL,23,90.0,0,0,0,0,5,1,0,0,29,1,0,0,0.5,0.5,0.0,3,0,14,17,82.4,2,21,1,4,0,2024-10-19,0,0,0,0,0,0,0,0,0,0,0,1,0
James Maddison,Tottenham Hotspur,10,ENG,27,45.0,0,1,0,0,0,0,0,0,48,0,1,0,0.0,0.0,0.4,6,1,34,42,81.0,5,33,1,3,1,2024-10-19,0,0,0,0,0,0,0,1,0,0,0,0,0
Pape Matar Sarr,Tottenham Hotspur,29,SEN,22,45.0,0,1,0,0,0,0,0,0,26,2,0,1,0.0,0.0,0.1,1,1,19,20,95.0,4,19,0,0,0,2024-10-19,0,0,0,0,0,0,0,1,0,0,0,0,0
Yves Bissouma,Tottenham Hotspur,8,MLI,28,80.0,1,0,0,0,1,1,0,0,52,5,0,0,0.1,0.1,0.0,1,0,36,39,92.3,6,27,0,0,0,2024-10-19,0,0,1,0,0,0,0,0,0,0,0,0,0
Rodrigo Bentancur,Tottenham Hotspur,30,URU,27,10.0,0,0,0,0,0,0,0,0,13,1,0,0,0.0,0.0,0.0,0,0,12,12,100.0,2,10,0,0,0,2024-10-19,0,0,1,0,0,0,0,0,0,0,0,0,0
Dejan Kulusevski,Tottenham Hotspur,21,SWE,24,90.0,1,0,0,0,4,1,0,0,52,3,0,0,0.2,0.2,0.1,9,0,29,37,78.4,6,37,4,5,2,2024-10-19,0,0,0,0,0,0,0,0,0,0,1,0,0
Destiny Udogie,Tottenham Hotspur,13,ITA,21,87.0,0,1,0,0,1,0,0,0,50,3,1,2,0.1,0.1,0.4,3,1,35,40,87.5,5,30,0,2,0,2024-10-19,0,0,0,0,0,0,1,0,0,0,0,0,0
Archie Gray,Tottenham Hotspur,14,ENG,18,3.0,0,0,0,0,0,0,0,0,12,0,0,1,0.0,0.0,0.0,0,0,10,11,90.9,1,9,0,1,1,2024-10-19,0,0,0,0,0,0,1,0,0,0,0,0,0
Micky van de Ven,Tottenham Hotspur,37,NED,23,90.0,0,0,0,0,0,0,1,0,75,3,1,2,0.0,0.0,0.0,1,0,61,66,92.4,8,53,4,0,0,2024-10-19,0,1,0,0,0,0,0,0,0,0,0,0,0
Cristian Romero,Tottenham Hotspur,17,ARG,26,90.0,0,0,0,0,0,0,0,0,85,4,0,0,0.0,0.0,0.0,0,0,67,80,83.8,4,58,3,0,0,2024-10-19,0,1,0,0,0,0,0,0,0,0,0,0,0
Pedro Porro,Tottenham Hotspur,23,ESP,25,90.0,0,0,0,0,4,1,0,0,76,2,2,1,0.1,0.1,0.1,5,0,50,68,73.5,6,49,4,0,0,2024-10-19,0,0,0,0,0,0,0,0,0,1,0,0,0
Guglielmo Vicario,Tottenham Hotspur,1,ITA,28,90.0,0,0,0,0,0,0,0,0,38,0,0,0,0.0,0.0,0.0,0,0,32,35,91.4,0,25,0,0,0,2024-10-19,0,0,0,0,0,1,0,0,0,0,0,0,0
Michail Antonio,West Ham United,9,JAM,34,60.0,0,0,0,0,0,0,0,0,14,0,0,0,0.0,0.0,0.0,0,0,6,7,85.7,0,7,1,3,1,2024-10-19,0,0,0,0,1,0,0,0,0,0,0,0,0
Crysencio Summerville,West Ham United,7,NED,22,30.0,0,0,0,0,0,0,0,0,10,1,0,0,0.0,0.0,0.0,1,0,5,6,83.3,1,4,0,1,0,2024-10-19,1,0,0,0,0,0,0,1,0,0,0,0,0
Mohammed Kudus,West Ham United,14,GHA,24,85.0,1,0,0,0,7,3,0,1,44,2,0,0,0.8,0.8,0.0,6,0,26,28,92.9,5,31,2,11,5,2024-10-19,1,0,0,0,0,0,0,1,0,0,1,0,0
Lucas Paquetá,West Ham United,10,BRA,27,60.0,0,0,0,0,0,0,1,0,27,1,0,2,0.0,0.0,0.0,1,0,15,20,75.0,1,12,0,0,0,2024-10-19,0,0,1,0,0,0,0,0,0,0,0,0,0
Edson Álvarez,West Ham United,19,MEX,26,30.0,0,0,0,0,1,0,0,0,19,0,1,0,0.0,0.0,0.0,0,0,12,15,80.0,1,10,0,3,1,2024-10-19,0,0,1,0,0,0,0,0,0,0,0,0,0
Tomáš Souček,West Ham United,28,CZE,29,60.0,0,0,0,0,0,0,1,0,28,1,1,1,0.0,0.0,0.0,1,0,18,22,81.8,3,14,1,0,0,2024-10-19,0,0,1,0,0,0,0,0,0,0,0,0,0
Carlos Soler,West Ham United,4,ESP,27,30.0,0,0,0,0,0,0,1,0,12,0,0,0,0.0,0.0,0.0,1,0,9,11,81.8,1,6,1,0,0,2024-10-19,0,0,1,0,0,0,0,0,0,0,0,0,0
Jarrod Bowen,West Ham United,20,ENG,27,90.0,0,0,0,0,1,0,0,0,47,3,0,0,0.0,0.0,0.1,1,0,22,33,66.7,3,26,4,6,1,2024-10-19,0,0,0,0,1,0,0,0,0,0,1,0,0
Guido Rodríguez,West Ham United,24,ARG,30,70.0,0,0,0,0,0,0,0,0,42,5,1,1,0.0,0.0,0.0,0,0,22,29,75.9,5,15,0,0,0,2024-10-19,0,0,0,1,0,0,0,0,0,0,0,0,0
Konstantinos Mavropanos,West Ham United,15,GRE,26,20.0,0,0,0,0,0,0,0,0,14,0,0,0,0.0,0.0,0.0,0,0,12,14,85.7,0,4,0,0,0,2024-10-19,0,1,0,0,0,0,0,0,0,0,0,0,0
Emerson Palmieri,West Ham United,33,ITA,30,90.0,0,0,0,0,1,0,0,0,58,5,0,5,0.0,0.0,0.4,3,0,38,47,80.9,3,15,1,0,0,2024-10-19,0,0,0,0,0,0,1,0,0,0,0,0,1
Max Kilman,West Ham United,26,ENG,27,90.0,0,0,0,0,0,0,0,0,43,3,1,1,0.0,0.0,0.0,1,0,28,29,96.6,2,18,0,1,1,2024-10-19,0,1,0,0,0,0,0,0,0,0,0,0,0
Jean-Clair Todibo,West Ham United,25,FRA,24,90.0,0,0,0,0,0,0,0,0,48,2,1,2,0.0,0.0,0.0,1,0,33,36,91.7,0,27,1,0,0,2024-10-19,0,1,0,0,0,0,0,0,0,0,0,0,0
Aaron Wan-Bissaka,West Ham United,29,ENG,26,90.0,0,0,0,0,1,0,0,0,65,5,4,0,0.0,0.0,0.0,4,2,42,52,80.8,5,28,4,4,4,2024-10-19,0,0,0,0,0,0,0,0,0,1,0,0,1
Alphonse Areola,West Ham United,23,FRA,31,90.0,0,0,0,0,0,0,0,0,47,0,0,0,0.0,0.0,0.0,0,0,23,41,56.1,0,22,0,0,0,2024-10-19,0,0,0,0,0,1,0,0,0,0,0,0,0
Cameron Archer,Southampton,19,ENG,23,67.0,1,0,0,0,4,2,0,0,17,0,0,1,1.0,1.0,0.0,1,0,7,9,77.8,0,5,0,1,0,2024-10-19,0,0,0,0,1,0,0,0,0,0,0,0,0
Paul Onuachu,Southampton,32,NGA,30,23.0,0,0,0,0,1,0,0,0,13,0,0,0,0.0,0.0,0.0,1,0,5,11,45.5,1,7,0,1,0,2024-10-19,0,0,0,0,1,0,0,0,0,0,0,0,0
Ryan Manning,Southampton,3,IRL,28,77.0,0,0,0,0,1,0,1,0,42,0,2,0,0.1,0.1,0.2,4,0,25,33,75.8,0,17,0,2,1,2024-10-19,0,0,0,0,0,0,1,0,1,0,0,0,0
Charlie Taylor,Southampton,21,ENG,31,13.0,0,0,0,0,0,0,0,0,12,3,0,0,0.0,0.0,0.0,0,0,2,6,33.3,0,1,0,0,0,2024-10-19,0,0,0,0,0,0,1,0,0,0,0,0,0
Tyler Dibling,Southampton,33,ENG,18,77.0,0,0,0,0,1,1,1,0,25,3,1,0,0.0,0.0,0.0,0,0,12,14,85.7,2,19,2,2,0,2024-10-19,0,0,0,0,0,0,0,0,0,0,0,1,0
Kamaldeen Sulemana,Southampton,20,GHA,22,13.0,0,0,0,0,1,0,0,0,9,3,0,0,0.0,0.0,0.0,0,0,1,1,100.0,0,3,1,1,0,2024-10-19,0,0,0,0,0,0,0,0,0,0,0,1,0
Mateus Fernandes,Southampton,18,POR,20,67.0,0,0,0,0,0,0,1,0,53,3,0,3,0.0,0.0,0.0,3,1,32,38,84.2,6,25,2,1,0,2024-10-19,0,0,1,0,0,0,0,0,0,0,0,0,0
William Smallbone,Southampton,8,IRL,24,23.0,0,0,0,0,0,0,0,0,3,0,0,0,0.0,0.0,0.0,0,0,1,1,100.0,0,0,0,0,0,2024-10-19,0,0,1,0,0,0,0,0,0,0,0,0,0
Flynn Downes,Southampton,4,ENG,25,90.0,0,0,0,0,1,1,0,0,61,3,1,2,0.1,0.1,0.0,2,1,44,46,95.7,2,22,0,0,0,2024-10-19,0,0,1,0,0,0,0,0,0,0,0,0,0
Joe Aribo,Southampton,7,NGA,28,90.0,1,0,0,0,3,3,0,0,46,0,2,1,0.6,0.6,0.0,2,0,21,26,80.8,4,24,1,5,1,2024-10-19,0,0,1,0,0,0,0,0,1,0,0,0,0
Kyle Walker-Peters,Southampton,2,ENG,27,90.0,0,1,0,0,0,0,0,0,49,1,2,0,0.0,0.0,0.6,4,2,35,42,83.3,4,27,5,3,3,2024-10-19,0,0,0,0,0,0,1,0,0,1,0,0,0
Jan Bednarek,Southampton,35,POL,28,90.0,0,0,0,0,0,0,0,0,41,1,1,1,0.0,0.0,0.4,2,0,25,32,78.1,2,7,0,0,0,2024-10-19,0,1,0,0,0,0,0,0,0,0,0,0,0
Taylor Harwood-Bellis,Southampton,6,ENG,22,90.0,0,0,0,0,2,0,1,0,51,1,0,3,0.2,0.2,0.2,2,0,35,39,89.7,3,16,0,0,0,2024-10-19,0,1,0,0,0,0,0,0,0,0,0,0,0
Yukinari Sugawara,Southampton,16,JPN,24,61.0,0,0,0,0,0,0,1,0,54,3,0,0,0.0,0.0,0.0,3,0,41,46,89.1,6,21,0,0,0,2024-10-19,0,0,0,0,0,0,0,0,0,1,0,0,0
Ryan Fraser,Southampton,24,SCO,30,11.0,0,0,0,0,0,0,0,1,6,0,0,0,0.0,0.0,0.1,1,0,1,5,20.0,0,3,1,0,0,2024-10-19,0,0,0,0,0,0,0,0,1,0,0,0,0
Aaron Ramsdale,Southampton,30,ENG,26,90.0,0,0,0,0,0,0,0,0,42,0,0,0,0.0,0.0,0.0,1,0,25,41,61.0,0,26,0,0,0,2024-10-19,0,0,0,0,0,1,0,0,0,0,0,0,0
Jamie Vardy,Leicester City,9,ENG,37,90.0,1,0,1,1,3,0,1,0,10,0,0,0,1.0,0.2,0.0,2,1,1,5,20.0,0,2,1,0,0,2024-10-19,0,0,0,0,1,0,0,0,0,0,0,0,0
Stephy Mavididi,Leicester City,10,ENG,26,87.0,0,0,0,0,1,0,0,0,54,1,0,2,0.0,0.0,0.4,5,0,31,42,73.8,8,32,3,5,0,2024-10-19,0,0,0,0,0,0,0,0,1,0,0,0,0
Bobby Reid,Leicester City,14,JAM,31,3.0,0,0,0,0,1,0,0,0,8,0,0,0,0.0,0.0,0.1,1,0,5,6,83.3,1,8,3,0,0,2024-10-19,0,0,0,0,0,0,0,0,1,0,0,0,0
Facundo Buonanotte,Leicester City,40,ARG,19,90.0,1,0,0,0,5,1,1,0,63,7,0,1,1.3,1.3,0.2,6,0,35,44,79.5,4,33,0,6,4,2024-10-19,0,0,0,0,0,0,0,0,0,0,0,1,0
Bilal El Khannouss,Leicester City,11,MAR,20,68.0,0,0,0,0,1,0,0,0,36,2,0,0,0.0,0.0,0.5,2,0,24,29,82.8,3,13,0,1,0,2024-10-19,1,0,0,0,0,0,0,0,0,0,0,0,0
Jordan Ayew,Leicester City,18,GHA,33,22.0,1,0,0,0,1,1,0,0,10,1,0,0,0.1,0.1,0.0,1,0,6,6,100.0,0,6,1,1,0,2024-10-19,1,0,0,0,0,0,0,0,0,0,0,0,0
Oliver Skipp,Leicester City,22,ENG,24,45.0,0,0,0,0,0,0,0,0,21,0,2,0,0.0,0.0,0.0,0,0,16,17,94.1,2,9,0,1,1,2024-10-19,0,0,0,1,0,0,0,0,0,0,0,0,0
Harry Winks,Leicester City,8,ENG,28,45.0,0,1,0,0,0,0,1,0,37,0,0,0,0.0,0.0,0.2,6,2,33,36,91.7,6,20,0,0,0,2024-10-19,0,0,0,1,0,0,0,0,0,0,0,0,0
Wilfred Ndidi,Leicester City,6,NGA,27,90.0,0,0,0,0,0,0,0,0,71,4,0,1,0.0,0.0,0.0,3,0,44,59,74.6,3,24,0,1,0,2024-10-19,0,0,0,1,0,0,0,0,0,0,0,0,0
Victor Bernth Kristiansen,Leicester City,16,DEN,21,58.0,0,0,0,0,0,0,0,0,47,4,1,1,0.0,0.0,0.1,3,0,35,40,87.5,4,22,1,0,0,2024-10-19,0,0,0,0,0,0,1,0,0,0,0,0,0
Abdul Fatawu Issahaku,Leicester City,7,GHA,20,32.0,0,1,0,0,2,1,0,0,27,1,0,0,0.2,0.2,0.9,2,2,12,18,66.7,2,18,5,5,2,2024-10-19,0,0,0,0,0,0,0,0,0,1,0,0,0
Caleb Okoli,Leicester City,5,ITA,23,90.0,0,0,0,0,0,0,0,0,78,3,1,0,0.0,0.0,0.0,1,0,60,67,89.6,7,42,1,0,0,2024-10-19,0,1,0,0,0,0,0,0,0,0,0,0,0
Wout Faes,Leicester City,3,BEL,26,90.0,0,0,0,0,1,0,0,0,77,4,0,1,0.4,0.4,0.0,0,0,56,68,82.4,10,38,1,0,0,2024-10-19,0,1,0,0,0,0,0,0,0,0,0,0,0
James Justin,Leicester City,2,ENG,26,90.0,0,0,0,0,2,0,0,0,83,3,1,0,0.0,0.0,0.0,3,0,62,71,87.3,3,32,3,0,0,2024-10-19,0,0,0,0,0,0,1,0,0,1,0,0,0
Mads Hermansen,Leicester City,30,DEN,24,90.0,0,0,0,0,0,0,0,0,37,0,0,0,0.0,0.0,0.0,0,0,28,35,80.0,0,23,0,0,0,2024-10-19,0,0,0,0,0,1,0,0,0,0,0,0,0
Liam Delap,Ipswich Town,19,ENG,21,78.0,0,0,0,0,3,0,0,0,24,0,0,2,0.2,0.2,0.0,2,0,9,12,75.0,1,12,1,4,1,2024-10-19,0,0,0,0,1,0,0,0,0,0,0,0,0
George Hirst,Ipswich Town,27,ENG,25,12.0,0,0,0,0,0,0,0,0,3,0,0,0,0.0,0.0,0.0,1,0,2,3,66.7,1,0,0,0,0,2024-10-19,0,0,0,0,1,0,0,0,0,0,0,0,0
Jack Clarke,Ipswich Town,47,ENG,23,70.0,0,0,0,0,1,0,0,0,31,3,2,2,0.3,0.3,0.0,1,0,15,21,71.4,1,14,0,2,2,2024-10-19,0,0,0,0,0,0,0,0,1,0,0,0,0
Sammie Szmodics,Ipswich Town,23,IRL,29,20.0,0,0,0,0,0,0,0,0,13,2,0,0,0.0,0.0,0.1,2,0,9,9,100.0,0,6,1,1,0,2024-10-19,0,0,0,0,0,0,0,0,1,0,0,0,0
Wes Burns,Ipswich Town,7,WAL,29,62.0,0,0,0,0,0,0,0,0,20,0,0,0,0.0,0.0,0.3,1,0,12,17,70.6,0,17,1,0,0,2024-10-19,0,0,0,0,0,0,0,0,0,0,0,1,0
Conor Chaplin,Ipswich Town,10,ENG,27,28.0,0,0,0,0,1,1,0,0,14,0,0,0,0.1,0.1,0.0,0,0,8,11,72.7,2,9,0,1,0,2024-10-19,1,0,0,0,0,0,0,0,0,0,0,1,0
Omari Hutchinson,Ipswich Town,20,ENG,20,90.0,0,0,0,0,2,0,0,0,55,0,0,1,0.1,0.1,0.3,4,0,29,40,72.5,3,42,4,5,0,2024-10-19,1,0,0,0,0,0,0,0,0,0,0,1,0
Kalvin Phillips,Ipswich Town,8,ENG,28,70.0,0,0,0,0,1,0,0,0,51,2,0,3,0.1,0.1,0.1,1,0,35,40,87.5,5,22,0,1,1,2024-10-19,0,0,0,1,0,0,0,0,0,0,0,0,0
Jack Taylor,Ipswich Town,14,IRL,26,20.0,0,0,0,0,2,1,1,0,18,0,0,0,0.2,0.2,0.0,3,0,13,15,86.7,5,13,0,1,1,2024-10-19,0,0,0,1,0,0,0,0,0,0,0,0,0
Sam Morsy,Ipswich Town,5,EGY,33,90.0,0,0,0,0,0,0,0,0,77,3,0,0,0.0,0.0,0.0,4,0,69,72,95.8,11,40,0,1,1,2024-10-19,0,0,0,1,0,0,0,0,0,0,0,0,0
Leif Davis,Ipswich Town,3,ENG,24,90.0,0,0,0,0,0,0,0,0,63,1,2,1,0.0,0.0,0.4,3,0,41,55,74.5,3,23,0,2,0,2024-10-19,0,0,0,0,0,0,1,0,0,0,0,0,0
Cameron Burgess,Ipswich Town,15,AUS,28,90.0,0,0,0,0,2,0,0,0,97,0,1,0,0.1,0.1,0.0,0,0,67,83,80.7,6,51,1,0,0,2024-10-19,0,1,0,0,0,0,0,0,0,0,0,0,0
Luke Woolfenden,Ipswich Town,6,ENG,25,90.0,0,0,0,0,0,0,0,0,72,1,2,0,0.0,0.0,0.0,0,0,62,67,92.5,3,50,1,0,0,2024-10-19,0,1,0,0,0,0,0,0,0,0,0,0,0
Dara O'Shea,Ipswich Town,26,IRL,25,62.0,0,0,0,0,1,0,0,0,51,0,2,0,0.2,0.2,0.0,3,0,36,42,85.7,5,23,0,0,0,2024-10-19,0,0,0,0,0,0,0,0,0,1,0,0,0
Harry Clarke,Ipswich Town,2,ENG,23,28.0,0,0,0,0,0,0,0,0,27,0,0,0,0.0,0.0,0.0,0,0,23,26,88.5,2,15,2,0,0,2024-10-19,0,0,0,0,0,0,0,0,0,1,0,0,0
Arijanet Muric,Ipswich Town,1,KVX,25,90.0,0,0,0,0,0,0,0,0,26,0,0,0,0.0,0.0,0.0,0,0,18,22,81.8,0,12,0,0,0,2024-10-19,0,0,0,0,0,1,0,0,0,0,0,0,0
Dominic Calvert-Lewin,Everton,9,ENG,27,90.0,0,0,0,0,5,3,0,0,24,0,0,0,1.3,1.3,0.0,1,0,7,11,63.6,0,18,2,6,3,2024-10-19,0,0,0,0,1,0,0,0,0,0,0,0,0
Iliman Ndiaye,Everton,10,SEN,24,81.0,1,0,0,0,2,2,0,0,28,2,1,1,0.3,0.3,0.0,0,0,13,18,72.2,2,20,4,1,1,2024-10-19,0,0,0,0,0,0,0,0,1,0,0,0,0
Orel Mangala,Everton,8,BEL,26,9.0,0,0,0,0,0,0,0,0,8,1,1,0,0.0,0.0,0.0,2,0,4,5,80.0,0,3,0,0,0,2024-10-19,0,0,0,1,0,0,0,0,0,0,0,0,0
Jack Harrison,Everton,11,ENG,27,90.0,0,0,0,0,0,0,0,0,50,2,0,0,0.0,0.0,0.5,2,0,17,33,51.5,2,28,6,5,2,2024-10-19,0,0,0,0,0,0,0,0,0,0,0,1,0
Dwight McNeil,Everton,7,ENG,24,90.0,0,1,0,0,2,1,0,0,57,1,0,0,0.1,0.1,0.1,6,3,40,50,80.0,6,32,4,1,1,2024-10-19,1,0,0,0,0,0,0,0,1,0,0,0,0
Idrissa Gana Gueye,Everton,27,SEN,35,90.0,0,0,0,0,0,0,0,0,43,2,0,1,0.0,0.0,0.0,0,0,36,40,90.0,2,25,3,1,1,2024-10-19,0,0,0,1,0,0,0,0,0,0,0,0,0
Abdoulaye Doucouré,Everton,16,MLI,31,90.0,0,0,0,0,0,0,0,0,59,0,1,2,0.0,0.0,0.2,3,0,45,51,88.2,5,33,1,0,0,2024-10-19,1,0,0,1,0,0,0,0,0,0,0,0,0
Vitaliy Mykolenko,Everton,19,UKR,25,90.0,0,0,0,0,0,0,0,0,54,3,1,1,0.0,0.0,0.0,1,0,42,47,89.4,4,34,0,0,0,2024-10-19,0,0,0,0,0,0,1,0,0,0,0,0,0
Michael Keane,Everton,5,ENG,31,90.0,1,0,0,0,1,1,1,0,55,1,0,1,0.0,0.0,0.0,0,0,38,42,90.5,0,26,0,0,0,2024-10-19,0,1,0,0,0,0,0,0,0,0,0,0,0
James Tarkowski,Everton,6,ENG,31,90.0,0,0,0,0,0,0,0,0,44,1,1,0,0.0,0.0,0.0,2,1,27,33,81.8,0,19,0,1,1,2024-10-19,0,1,0,0,0,0,0,0,0,0,0,0,0
Ashley Young,Everton,18,ENG,39,90.0,0,0,0,0,1,1,0,0,67,5,1,0,0.0,0.0,0.1,3,0,45,59,76.3,11,28,1,2,1,2024-10-19,0,0,0,0,0,0,0,0,0,1,0,0,0
Jordan Pickford,Everton,1,ENG,30,90.0,0,0,0,0,0,0,0,0,45,0,0,0,0.0,0.0,0.0,1,0,20,45,44.4,0,30,0,0,0,2024-10-19,0,0,0,0,0,1,0,0,0,0,0,0,0
Alexander Isak,Newcastle United,14,SWE,25,90.0,0,0,0,0,7,4,0,0,33,1,0,1,0.7,0.7,0.3,4,0,9,16,56.3,3,19,4,2,0,2024-10-19,0,0,0,0,1,0,0,0,0,0,0,0,0
Anthony Gordon,Newcastle United,10,ENG,23,84.0,0,0,0,0,4,2,0,0,49,1,0,1,0.5,0.5,0.3,8,0,25,35,71.4,4,34,5,6,2,2024-10-19,0,0,0,0,0,0,0,0,1,0,0,1,0
Sean Longstaff,Newcastle United,36,ENG,26,6.0,0,0,0,0,0,0,0,0,10,0,0,0,0.0,0.0,0.0,0,0,7,9,77.8,1,6,0,0,0,2024-10-19,0,0,1,0,0,0,0,0,0,0,0,0,0
Jacob Murphy,Newcastle United,23,ENG,29,64.0,0,0,0,0,2,0,0,0,43,0,1,1,0.0,0.0,0.0,1,0,26,35,74.3,2,27,1,2,1,2024-10-19,0,0,0,0,0,0,0,0,0,0,0,1,0
Harvey Barnes,Newcastle United,11,ENG,26,26.0,0,0,0,0,1,0,0,0,21,0,1,0,0.0,0.0,0.3,3,0,14,19,73.7,2,15,3,1,1,2024-10-19,0,0,0,0,0,0,0,0,1,0,0,0,0
Joelinton,Newcastle United,7,BRA,28,90.0,0,0,0,0,4,0,0,0,58,3,3,1,0.6,0.6,0.1,5,0,42,47,89.4,6,33,3,2,2,2024-10-19,0,0,0,0,0,0,0,1,0,0,1,0,0
Bruno Guimarães,Newcastle United,39,BRA,26,84.0,0,0,0,0,2,0,0,0,51,4,0,0,0.1,0.1,0.3,4,0,29,43,67.4,10,32,2,2,2,2024-10-19,0,0,1,0,0,0,0,0,0,0,0,0,0
Miguel Almirón,Newcastle United,24,PAR,30,6.0,0,0,0,0,0,0,0,0,7,0,0,0,0.0,0.0,0.0,0,0,5,6,83.3,0,5,0,0,0,2024-10-19,0,0,0,0,0,0,0,0,0,0,0,1,0
Sandro Tonali,Newcastle United,8,ITA,24,64.0,0,0,0,0,0,0,0,0,38,4,2,1,0.0,0.0,0.1,3,0,21,26,80.8,2,15,0,1,0,2024-10-19,0,0,0,0,0,0,0,0,0,0,1,0,0
Joe Willock,Newcastle United,28,ENG,25,26.0,0,0,0,0,0,0,0,0,21,1,0,3,0.0,0.0,0.0,1,0,12,16,75.0,2,8,0,0,0,2024-10-19,0,0,0,0,0,0,0,1,0,0,0,0,0
Lewis Hall,Newcastle United,20,ENG,20,89.0,0,0,0,0,0,0,1,0,93,5,0,0,0.0,0.0,0.1,3,0,71,84,84.5,10,67,1,0,0,2024-10-19,0,0,0,0,0,0,1,0,0,0,0,0,0
William Osula,Newcastle United,18,DEN,21,1.0,0,0,0,0,0,0,0,0,0,0,0,0,0.0,0.0,0.0,0,0,0,0,80.8,0,0,0,0,0,2024-10-19,0,0,0,0,0,0,1,0,0,0,0,0,0
Dan Burn,Newcastle United,33,ENG,32,90.0,0,0,0,0,0,0,1,0,73,1,3,1,0.0,0.0,0.0,0,0,60,67,89.6,1,48,0,0,0,2024-10-19,0,1,0,0,0,0,0,0,0,0,0,0,0
Fabian Schär,Newcastle United,5,SUI,32,90.0,0,0,0,0,1,0,0,0,91,5,0,2,0.1,0.1,0.2,4,0,64,79,81.0,8,62,3,0,0,2024-10-19,0,1,0,0,0,0,0,0,0,0,0,0,0
Valentino Livramento,Newcastle United,21,ENG,21,90.0,0,0,0,0,0,0,0,0,71,0,1,0,0.0,0.0,0.0,1,0,52,65,80.0,9,40,5,1,1,2024-10-19,0,0,0,0,0,0,0,0,0,1,0,0,0
Nick Pope,Newcastle United,22,ENG,32,90.0,0,0,0,0,0,0,0,0,31,0,0,0,0.0,0.0,0.0,1,0,24,28,85.7,0,17,0,0,0,2024-10-19,0,0,0,0,0,1,0,0,0,0,0,0,0
Danny Welbeck,Brighton & Hove Albion,18,ENG,33,80.0,1,0,0,0,2,2,0,0,32,1,1,1,0.4,0.4,0.0,1,1,19,24,79.2,2,17,0,0,0,2024-10-19,0,0,0,0,1,0,0,0,0,0,0,0,0
Jan Paul van Hecke,Brighton & Hove Albion,29,NED,24,10.0,0,0,0,0,0,0,0,0,6,0,0,1,0.0,0.0,0.0,1,0,4,5,80.0,0,3,0,0,0,2024-10-19,0,1,0,0,0,0,0,0,0,0,0,0,0
Evan Ferguson,Brighton & Hove Albion,28,IRL,20,59.0,0,0,0,0,0,0,0,0,20,1,0,1,0.0,0.0,0.0,0,0,7,13,53.8,0,9,0,0,0,2024-10-19,0,0,0,0,1,0,0,0,0,0,0,0,0
Kaoru Mitoma,Brighton & Hove Albion,22,JPN,27,31.0,0,0,0,0,2,1,0,0,23,2,0,0,0.2,0.2,0.0,3,0,12,17,70.6,2,9,1,1,0,2024-10-19,0,0,0,0,0,0,0,1,0,0,0,0,0
Yasin Ayari,Brighton & Hove Albion,26,SWE,21,81.0,0,0,0,0,0,0,1,0,46,3,2,2,0.0,0.0,0.1,2,0,22,30,73.3,3,24,0,4,2,2024-10-19,0,0,0,0,1,0,0,1,0,0,0,0,0
Julio Enciso,Brighton & Hove Albion,10,PAR,20,9.0,0,0,0,0,1,1,0,0,11,0,0,1,0.0,0.0,0.1,1,0,4,7,57.1,1,4,1,2,1,2024-10-19,0,0,0,0,1,0,0,0,0,0,0,0,0
Jack Hinshelwood,Brighton & Hove Albion,41,ENG,19,90.0,0,0,0,0,1,0,1,0,60,2,1,1,0.0,0.0,0.0,4,0,39,45,86.7,2,23,0,3,0,2024-10-19,0,0,1,0,0,0,0,0,0,0,0,0,0
Carlos Baleba,Brighton & Hove Albion,20,CMR,20,70.0,0,0,0,0,0,0,0,0,46,2,1,3,0.0,0.0,0.0,1,0,32,36,88.9,3,25,2,0,0,2024-10-19,0,0,1,0,0,0,0,0,0,0,0,0,0
Mats Wieffer,Brighton & Hove Albion,27,NED,24,20.0,0,0,0,0,1,1,0,0,8,2,0,1,0.2,0.2,0.0,0,0,2,3,66.7,1,2,0,0,0,2024-10-19,0,0,1,0,0,0,0,0,0,0,0,0,0
Georginio Rutter,Brighton & Hove Albion,14,FRA,22,71.0,0,1,0,0,0,0,0,0,28,6,1,0,0.0,0.0,0.4,3,1,10,11,90.9,3,13,1,2,0,2024-10-19,0,0,0,0,0,0,0,0,0,0,1,0,0
Pervis Estupiñán,Brighton & Hove Albion,30,ECU,26,19.0,0,0,0,0,0,0,0,0,11,1,1,0,0.0,0.0,0.0,1,0,7,8,87.5,0,4,0,0,0,2024-10-19,0,0,0,0,0,0,1,0,0,0,0,0,0
Ferdi Kadioglu,Brighton & Hove Albion,24,TUR,25,90.0,0,0,0,0,1,0,0,0,53,1,3,0,0.2,0.2,0.0,1,0,31,36,86.1,1,25,0,1,0,2024-10-19,0,0,0,0,0,0,1,0,0,0,1,0,0
Igor,Brighton & Hove Albion,3,BRA,26,90.0,0,0,0,0,1,0,0,0,46,0,0,2,0.1,0.1,0.0,0,0,27,33,81.8,0,22,1,1,0,2024-10-19,0,1,0,0,0,0,0,0,0,0,0,0,0
Lewis Dunk,Brighton & Hove Albion,5,ENG,32,90.0,0,0,0,0,1,0,0,0,42,2,0,2,0.1,0.1,0.0,0,0,27,30,90.0,1,16,1,0,0,2024-10-19,0,1,0,0,0,0,0,0,0,0,0,0,0
Joël Veltman,Brighton & Hove Albion,34,NED,32,90.0,0,0,0,0,0,0,0,0,43,2,0,1,0.0,0.0,0.2,1,0,21,32,65.6,1,17,1,2,0,2024-10-19,0,0,0,0,0,0,0,0,0,1,0,0,0
Bart Verbruggen,Brighton & Hove Albion,1,NED,22,90.0,0,0,0,0,0,0,0,0,62,0,0,0,0.0,0.0,0.0,0,0,37,53,69.8,0,33,0,0,0,2024-10-19,0,0,0,0,0,1,0,0,0,0,0,0,0
Raúl Jiménez,Fulham,7,MEX,33,90.0,1,0,0,0,4,2,0,0,31,2,1,1,0.7,0.7,0.0,0,0,10,18,55.6,0,18,0,1,0,2024-10-19,0,0,0,0,1,0,0,0,0,0,0,0,0
Alex Iwobi,Fulham,17,NGA,28,90.0,0,0,0,0,0,0,0,0,63,3,0,1,0.0,0.0,0.1,2,0,45,56,80.4,9,50,4,2,2,2024-10-19,1,0,0,1,0,0,0,0,1,0,0,0,0
Adama Traoré,Fulham,11,ESP,28,67.0,0,0,0,0,0,0,0,0,18,0,0,0,0.0,0.0,0.3,2,0,8,12,66.7,0,8,3,1,0,2024-10-19,0,0,0,0,0,0,0,0,0,0,0,1,0
Reiss Nelson,Fulham,19,ENG,24,23.0,0,0,0,0,0,0,0,0,25,0,0,1,0.0,0.0,0.1,3,0,17,21,81.0,2,19,2,3,0,2024-10-19,0,0,0,0,0,0,0,0,1,0,0,0,0
Emile Smith Rowe,Fulham,32,ENG,24,79.0,0,0,0,0,0,0,1,0,44,1,1,0,0.0,0.0,0.0,1,0,28,35,80.0,3,30,1,0,0,2024-10-19,1,0,0,0,0,0,0,0,0,0,0,1,0
Tom Cairney,Fulham,10,SCO,33,11.0,0,0,0,0,0,0,0,0,21,0,0,0,0.0,0.0,0.2,1,0,20,21,95.2,3,17,1,1,1,2024-10-19,0,0,0,1,0,0,0,0,0,0,0,0,0
Sander Berge,Fulham,16,NOR,26,79.0,0,0,0,0,0,0,0,0,43,2,4,2,0.0,0.0,0.0,0,0,33,36,91.7,4,22,1,0,0,2024-10-19,0,0,0,1,0,0,0,0,0,0,0,0,0
Harry Wilson,Fulham,8,WAL,27,11.0,0,0,0,0,0,0,0,0,12,0,0,0,0.0,0.0,0.0,1,0,8,11,72.7,1,6,0,1,0,2024-10-19,0,0,0,0,0,0,0,0,0,0,0,1,0
Andreas Pereira,Fulham,18,BRA,28,67.0,0,0,0,1,1,0,0,0,31,2,0,0,0.9,0.1,0.3,2,0,16,25,64.0,3,15,0,1,0,2024-10-19,0,0,0,1,0,0,0,0,0,0,0,0,0
Issa Diop,Fulham,31,FRA,27,23.0,0,0,0,0,1,1,1,0,22,0,0,0,0.0,0.0,0.0,1,0,17,18,94.4,3,11,0,0,0,2024-10-19,0,1,0,0,0,0,0,0,0,0,0,0,0
Antonee Robinson,Fulham,33,USA,27,90.0,0,0,0,0,1,0,0,0,65,5,2,0,0.0,0.0,0.0,2,0,37,50,74.0,2,32,4,1,0,2024-10-19,0,0,0,0,0,0,1,0,0,0,0,0,0
Calvin Bassey,Fulham,3,NGA,24,90.0,0,0,0,0,0,0,1,0,77,1,1,2,0.0,0.0,0.0,1,1,62,69,89.9,3,57,0,0,0,2024-10-19,0,1,0,0,0,0,0,0,0,0,0,0,0
Joachim Andersen,Fulham,5,DEN,28,63.0,0,0,0,0,0,0,0,1,53,1,3,0,0.0,0.0,0.0,1,0,36,42,85.7,3,31,0,0,0,2024-10-19,0,1,0,0,0,0,0,0,0,0,0,0,0
Kenny Tete,Fulham,2,NED,29,90.0,0,0,0,0,2,0,0,0,52,1,2,1,0.1,0.1,0.0,1,0,34,39,87.2,1,28,4,1,0,2024-10-19,0,0,0,0,0,0,0,0,0,1,0,0,0
Bernd Leno,Fulham,1,GER,32,90.0,0,1,0,0,0,0,0,0,33,0,0,0,0.0,0.0,0.1,1,1,27,30,90.0,0,21,0,0,0,2024-10-19,0,0,0,0,0,1,0,0,0,0,0,0,0
Ollie Watkins,Aston Villa,11,ENG,28,74.0,1,0,0,0,2,2,0,0,15,0,0,0,0.4,0.4,0.0,1,0,5,9,55.6,0,11,0,2,0,2024-10-19,0,0,0,0,1,0,0,0,0,0,0,0,0
Jhon Durán,Aston Villa,9,COL,20,16.0,0,0,0,0,1,0,0,0,7,0,0,0,0.0,0.0,0.0,1,0,3,4,75.0,0,3,1,0,0,2024-10-19,0,0,0,0,1,0,0,0,0,0,0,0,0
Jacob Ramsey,Aston Villa,41,ENG,23,82.0,0,1,0,0,1,1,0,0,32,0,0,2,0.1,0.1,0.6,5,1,21,27,77.8,5,21,3,2,1,2024-10-19,0,0,0,0,0,0,0,0,1,0,0,0,0
Emi Buendía,Aston Villa,10,ARG,27,8.0,0,0,0,0,0,0,0,0,9,1,0,0,0.0,0.0,0.0,1,0,7,8,87.5,1,8,0,0,0,2024-10-19,1,0,0,0,0,0,0,0,0,0,0,1,0
Leon Bailey,Aston Villa,31,JAM,27,60.0,0,0,0,0,1,0,1,0,33,0,1,1,0.0,0.0,0.1,2,0,13,17,76.5,3,17,2,3,1,2024-10-19,0,0,0,0,0,0,0,0,0,0,0,1,0
Jaden Philogene Bidace,Aston Villa,19,ENG,22,29.0,0,0,0,0,1,0,2,1,7,1,0,0,0.0,0.0,0.0,0,0,2,3,66.7,0,5,0,1,0,2024-10-19,0,0,0,0,0,0,0,0,0,0,0,1,0
Morgan Rogers,Aston Villa,27,ENG,22,82.0,1,0,0,0,3,1,1,0,34,0,2,1,0.7,0.7,0.0,5,0,19,24,79.2,6,17,5,2,1,2024-10-19,1,0,0,0,0,0,0,0,0,0,0,0,0
John McGinn,Aston Villa,7,SCO,30,8.0,0,0,0,0,0,0,0,0,5,1,0,0,0.0,0.0,0.0,1,0,4,4,100.0,1,1,0,0,0,2024-10-19,0,0,0,0,0,0,0,0,1,0,0,0,0
Youri Tielemans,Aston Villa,8,BEL,27,90.0,0,1,0,0,0,0,0,0,90,2,1,1,0.0,0.0,0.6,6,2,65,80,81.3,9,43,1,3,1,2024-10-19,0,0,0,1,0,0,0,0,0,0,0,0,0
Amadou Onana,Aston Villa,24,BEL,23,74.0,0,0,0,0,0,0,0,0,38,2,3,1,0.0,0.0,0.0,2,0,31,33,93.9,3,18,1,1,1,2024-10-19,0,0,0,1,0,0,0,0,0,0,0,0,0
Ross Barkley,Aston Villa,6,ENG,30,16.0,0,0,0,0,1,0,0,0,18,1,2,0,0.1,0.1,0.0,1,0,14,15,93.3,1,11,1,0,0,2024-10-19,0,0,0,1,0,0,0,0,0,0,0,0,0
Lucas Digne,Aston Villa,12,FRA,31,90.0,0,0,0,0,3,1,1,0,48,0,1,2,0.2,0.2,0.0,1,0,29,37,78.4,2,20,2,0,0,2024-10-19,0,0,0,0,0,0,1,0,0,0,0,0,0
Pau Torres,Aston Villa,14,ESP,27,90.0,0,0,0,0,1,0,0,0,55,1,1,0,0.1,0.1,0.0,1,1,43,49,87.8,5,29,2,1,1,2024-10-19,0,1,0,0,0,0,0,0,0,0,0,0,0
Diego Carlos,Aston Villa,3,BRA,31,90.0,0,0,0,0,0,0,0,0,60,1,2,0,0.0,0.0,0.0,0,0,48,51,94.1,1,30,0,0,0,2024-10-19,0,1,0,0,0,0,0,0,0,0,0,0,0
Matty Cash,Aston Villa,2,POL,27,90.0,0,0,0,0,0,0,0,0,61,1,1,1,0.0,0.0,0.0,0,0,41,50,82.0,4,28,2,2,2,2024-10-19,0,0,0,0,0,0,0,0,0,1,0,0,0
Emiliano Martínez,Aston Villa,23,ARG,32,90.0,0,0,0,0,0,0,0,0,35,0,0,0,0.0,0.0,0.0,0,0,29,33,87.9,0,20,0,0,0,2024-10-19,0,0,0,0,0,1,0,0,0,0,0,0,0
Rasmus Højlund,Manchester United,9,DEN,21,73.0,1,0,0,0,2,1,0,0,30,0,0,0,0.3,0.3,0.0,4,0,14,20,70.0,3,17,0,3,2,2024-10-19,0,0,0,0,1,0,0,0,0,0,0,0,0
Joshua Zirkzee,Manchester United,11,NED,23,17.0,0,0,0,0,0,0,0,0,12,0,0,0,0.0,0.0,0.0,1,0,5,9,55.6,1,9,0,1,0,2024-10-19,0,0,0,0,1,0,0,0,0,0,0,0,0
Alejandro Garnacho,Manchester United,17,ARG,20,89.0,1,0,0,0,8,5,0,0,45,2,2,0,0.4,0.4,0.0,3,0,22,29,75.9,3,34,11,4,2,2024-10-19,0,0,0,0,0,0,0,0,1,0,0,0,0
Noussair Mazraoui,Manchester United,3,MAR,26,1.0,0,0,0,0,0,0,0,0,6,2,0,0,0.0,0.0,0.0,0,0,2,4,50.0,0,0,0,0,0,2024-10-19,0,0,0,0,0,0,0,0,1,0,0,0,0
Marcus Rashford,Manchester United,10,ENG,26,90.0,0,1,0,0,2,0,0,0,60,1,0,1,0.1,0.1,0.2,8,1,42,49,85.7,8,38,4,3,0,2024-10-19,0,0,0,0,0,0,0,0,0,0,0,1,0
Bruno Fernandes,Manchester United,8,POR,30,90.0,0,1,0,0,5,2,0,0,70,4,0,0,0.1,0.1,0.3,3,1,49,59,83.1,5,34,2,0,0,2024-10-19,1,0,0,0,0,0,0,0,0,0,0,0,0
Casemiro,Manchester United,18,BRA,32,87.0,0,0,0,0,3,1,0,0,71,5,1,1,0.1,0.1,0.2,7,0,48,57,84.2,4,37,0,1,1,2024-10-19,0,0,0,1,0,0,0,0,0,0,0,0,0
Manuel Ugarte Ribeiro,Manchester United,25,URU,23,3.0,0,0,0,0,0,0,0,0,4,0,0,0,0.0,0.0,0.0,1,0,2,2,100.0,0,2,1,0,0,2024-10-19,0,0,0,1,0,0,0,0,0,0,0,0,0
Christian Eriksen,Manchester United,14,DEN,32,90.0,0,0,0,0,1,0,0,0,60,2,0,0,0.1,0.1,0.1,7,2,45,54,83.3,6,26,1,0,0,2024-10-19,0,0,0,1,0,0,0,0,0,0,0,0,0
Lisandro Martínez,Manchester United,6,ARG,26,90.0,0,0,0,0,1,1,0,0,62,3,2,2,0.0,0.0,0.0,3,0,39,50,78.0,8,21,2,0,0,2024-10-19,0,0,0,0,0,0,1,0,0,0,0,0,0
Jonny Evans,Manchester United,35,NIR,36,88.0,0,0,0,0,0,0,1,0,66,2,0,0,0.0,0.0,0.0,1,0,55,60,91.7,3,40,0,0,0,2024-10-19,0,1,0,0,0,0,0,0,0,0,0,0,0
Victor Lindelöf,Manchester United,2,SWE,30,2.0,0,0,0,0,0,0,0,0,2,0,0,0,0.0,0.0,0.0,0,0,1,1,100.0,0,0,0,0,0,2024-10-19,0,1,0,0,0,0,0,0,0,0,0,0,0
Matthijs de Ligt,Manchester United,4,NED,25,90.0,0,0,0,0,0,0,0,0,54,3,3,0,0.0,0.0,0.1,1,0,43,45,95.6,1,30,3,0,0,2024-10-19,0,1,0,0,0,0,0,0,0,0,0,0,0
Diogo Dalot,Manchester United,20,POR,25,90.0,0,0,0,0,1,1,1,0,50,0,0,1,0.4,0.4,0.0,1,0,39,44,88.6,4,28,2,0,0,2024-10-19,0,0,0,0,0,0,0,0,0,1,0,0,0
André Onana,Manchester United,24,CMR,28,90.0,0,0,0,0,0,0,0,0,49,0,0,0,0.0,0.0,0.4,2,0,30,48,62.5,0,36,0,0,0,2024-10-19,0,0,0,0,0,1,0,0,0,0,0,0,0
Kevin Schade,Brentford,7,GER,22,73.0,0,0,0,0,1,0,0,0,24,1,0,0,0.1,0.1,0.0,2,0,13,17,76.5,0,17,2,2,0,2024-10-19,0,0,0,0,1,0,0,0,0,0,0,0,0
Fabio Carvalho,Brentford,14,POR,22,17.0,0,0,0,0,2,0,0,0,6,0,0,0,0.2,0.2,0.0,0,0,1,3,33.3,0,6,0,0,0,2024-10-19,1,0,0,0,1,0,0,0,0,0,0,0,0
Keane Lewis-Potter,Brentford,23,ENG,23,65.0,0,0,0,0,1,0,0,0,16,1,0,0,0.1,0.1,0.0,0,0,9,11,81.8,0,12,1,2,1,2024-10-19,0,0,0,0,0,0,0,0,1,0,0,0,0
Yoane Wissa,Brentford,11,COD,28,25.0,0,0,0,0,0,0,0,0,9,0,0,0,0.0,0.0,0.0,0,0,5,6,83.3,0,8,0,1,0,2024-10-19,1,0,0,0,0,0,0,0,1,0,0,0,0
Mikkel Damsgaard,Brentford,24,DEN,24,90.0,0,1,0,0,1,0,0,0,67,1,1,0,0.1,0.1,0.5,3,1,37,55,67.3,7,49,3,5,3,2024-10-19,0,0,0,0,0,0,0,1,0,0,0,1,0
Bryan Mbeumo,Brentford,19,CMR,25,90.0,0,0,0,0,1,0,0,0,50,2,0,2,0.0,0.0,0.0,4,0,25,35,71.4,2,39,3,5,4,2024-10-19,1,0,0,0,1,0,0,0,0,0,0,1,0
Vitaly Janelt,Brentford,27,GER,26,74.0,0,0,0,0,0,0,0,0,40,0,0,0,0.0,0.0,0.0,0,0,35,38,92.1,1,32,2,0,0,2024-10-19,0,0,0,1,0,0,0,0,0,0,0,0,0
Yehor Yarmoliuk,Brentford,18,UKR,20,16.0,0,0,0,0,0,0,0,0,19,1,1,1,0.0,0.0,0.0,0,0,12,15,80.0,1,12,0,1,0,2024-10-19,0,0,0,0,0,0,0,0,0,0,1,0,0
Christian Nørgaard,Brentford,6,DEN,30,90.0,0,0,0,0,1,1,1,0,69,3,2,3,0.0,0.0,0.0,1,1,47,55,85.5,4,44,0,2,1,2024-10-19,0,0,1,1,0,0,0,0,0,0,0,0,0
Kristoffer Ajer,Brentford,20,NOR,26,90.0,0,0,0,0,0,0,1,0,57,1,0,0,0.0,0.0,0.0,1,0,45,52,86.5,6,43,3,0,0,2024-10-19,0,0,0,0,0,0,1,0,0,1,0,0,0
Ethan Pinnock,Brentford,5,JAM,31,90.0,1,0,0,0,1,1,0,0,85,4,2,1,0.5,0.5,0.1,2,0,63,68,92.6,3,53,0,0,0,2024-10-19,0,1,0,0,0,0,0,0,0,0,0,0,0
Nathan Collins,Brentford,22,IRL,23,90.0,0,0,0,0,0,0,0,0,92,0,2,3,0.0,0.0,0.2,2,0,70,78,89.7,7,62,2,1,1,2024-10-19,0,1,0,0,0,0,0,0,0,0,0,0,0
Sepp van den Berg,Brentford,4,NED,22,86.0,0,0,0,0,0,0,0,0,53,1,4,3,0.0,0.0,0.0,0,0,30,37,81.1,0,31,1,3,2,2024-10-19,0,0,0,0,0,0,0,0,0,1,0,0,0
Mads Roerslev,Brentford,30,DEN,25,4.0,0,0,0,0,0,0,0,0,4,0,0,1,0.0,0.0,0.0,0,0,2,3,66.7,1,2,0,0,0,2024-10-19,0,0,0,0,0,0,1,0,0,0,0,0,0
Mark Flekken,Brentford,1,NED,31,90.0,0,0,0,0,0,0,0,0,56,0,0,0,0.0,0.0,0.0,0,0,36,45,80.0,0,36,0,0,0,2024-10-19,0,0,0,0,0,1,0,0,0,0,0,0,0
Evanilson,Bournemouth,9,BRA,25,81.0,0,0,0,0,1,0,0,0,19,0,0,0,0.0,0.0,0.0,3,1,7,11,63.6,0,12,0,3,2,2024-10-19,0,0,0,0,1,0,0,0,0,0,0,0,0
Enes Ünal,Bournemouth,26,TUR,27,9.0,0,0,0,0,0,0,0,0,8,0,0,0,0.0,0.0,0.0,0,0,2,6,33.3,1,4,2,1,1,2024-10-19,0,0,0,0,1,0,0,0,0,0,0,0,0
Antoine Semenyo,Bournemouth,24,GHA,24,90.0,0,0,0,0,6,1,1,0,38,0,0,1,0.5,0.5,0.0,4,0,22,25,88.0,2,30,2,3,2,2024-10-19,0,0,0,0,0,0,0,0,1,0,0,1,0
Dango Ouattara,Bournemouth,11,BFA,22,62.0,0,0,0,0,0,0,0,0,34,2,0,2,0.0,0.0,0.2,1,0,12,25,48.0,0,14,6,4,2,2024-10-19,0,0,0,0,0,0,0,0,0,0,0,1,0
Luis Sinisterra,Bournemouth,17,COL,25,28.0,0,0,0,0,0,0,0,0,11,1,0,0,0.0,0.0,0.0,0,0,2,5,40.0,0,6,3,3,1,2024-10-19,0,0,0,0,0,0,0,0,1,0,0,0,0
Marcus Tavernier,Bournemouth,16,ENG,25,62.0,0,0,0,0,3,1,0,0,33,2,0,0,0.1,0.1,0.0,2,0,20,25,80.0,4,17,1,3,2,2024-10-19,1,0,0,0,0,0,0,0,0,0,0,0,0
Ryan Christie,Bournemouth,10,SCO,29,28.0,1,0,0,0,1,1,0,0,15,0,0,0,0.1,0.1,0.0,1,0,7,10,70.0,0,7,0,0,0,2024-10-19,0,0,0,1,0,0,0,0,0,0,0,0,0
Lewis Cook,Bournemouth,4,ENG,27,90.0,0,0,0,0,0,0,0,0,57,3,0,1,0.0,0.0,0.1,3,1,36,48,75.0,2,30,2,3,2,2024-10-19,0,0,0,1,0,0,0,0,0,0,0,0,0
Alex Scott,Bournemouth,8,ENG,21,62.0,0,0,0,0,0,0,0,0,42,0,1,3,0.0,0.0,0.1,4,0,30,34,88.2,6,29,2,4,2,2024-10-19,0,0,0,1,0,0,0,0,0,0,0,0,0
Justin Kluivert,Bournemouth,19,NED,25,28.0,1,1,1,1,0,0,0,0,5,0,0,0,0.8,0.0,0.1,1,1,3,3,100.0,0,2,0,0,0,2024-10-19,1,0,0,0,0,0,0,0,0,0,0,0,0
Milos Kerkez,Bournemouth,3,HUN,20,90.0,0,0,0,0,1,0,0,0,67,2,0,1,0.1,0.1,0.0,3,0,50,57,87.7,11,36,7,2,2,2024-10-19,0,0,0,0,0,0,1,0,0,0,0,0,0
Marcos Senesi,Bournemouth,5,ARG,27,90.0,0,0,0,0,0,0,0,0,74,4,1,1,0.0,0.0,0.0,2,0,47,62,75.8,4,40,2,0,0,2024-10-19,0,1,0,0,0,0,0,0,0,0,0,0,0
Illia Zabarnyi,Bournemouth,27,UKR,22,90.0,0,0,0,0,0,0,0,0,60,0,1,1,0.0,0.0,0.0,0,0,44,56,78.6,5,41,0,0,0,2024-10-19,0,1,0,0,0,0,0,0,0,0,0,0,0
Julian Araujo,Bournemouth,22,MEX,23,45.0,0,0,0,0,0,0,0,0,33,1,0,1,0.0,0.0,0.0,0,0,21,27,77.8,2,16,0,0,0,2024-10-19,0,0,0,0,0,0,0,0,0,1,0,0,0
Adam Smith,Bournemouth,15,ENG,33,45.0,0,0,0,0,0,0,0,0,17,1,0,1,0.0,0.0,0.0,1,0,10,14,71.4,0,6,0,0,0,2024-10-19,0,0,0,0,0,0,0,0,0,1,0,0,0
Kepa Arrizabalaga,Bournemouth,13,ESP,30,90.0,0,0,0,0,0,0,0,0,39,0,0,0,0.0,0.0,0.0,0,0,25,38,65.8,0,26,0,0,0,2024-10-19,0,0,0,0,0,1,0,0,0,0,0,0,0
Kai Havertz,Arsenal,29,GER,25,90.0,0,0,0,0,1,0,0,0,52,0,0,1,0.0,0.0,0.0,1,0,25,36,69.4,4,31,1,1,0,2024-10-19,0,0,0,0,1,0,0,0,0,0,0,0,0
Leandro Trossard,Arsenal,19,BEL,29,63.0,0,0,0,0,0,0,0,0,26,2,2,1,0.0,0.0,0.0,1,0,13,21,61.9,0,20,1,0,0,2024-10-19,0,0,0,0,0,0,0,0,1,0,0,0,0
Gabriel Martinelli,Arsenal,11,BRA,23,27.0,0,0,0,0,2,1,0,0,18,0,0,0,0.3,0.3,0.0,1,0,11,13,84.6,2,10,2,2,0,2024-10-19,0,0,0,0,0,0,0,0,1,0,0,0,0
Raheem Sterling,Arsenal,30,ENG,29,36.0,0,0,0,0,0,0,0,0,12,0,0,0,0.0,0.0,0.0,0,0,6,10,60.0,1,8,4,1,1,2024-10-19,0,0,0,0,0,0,0,0,0,0,0,1,0
Jakub Kiwior,Arsenal,15,POL,24,44.0,0,0,0,0,0,0,0,0,22,0,0,1,0.0,0.0,0.0,0,0,13,17,76.5,0,9,0,2,1,2024-10-19,0,1,0,0,0,0,0,0,0,0,0,0,0
Gabriel Jesus,Arsenal,9,BRA,27,10.0,0,0,0,0,0,0,0,0,10,0,0,0,0.0,0.0,0.0,0,0,3,6,50.0,0,10,1,1,1,2024-10-19,0,0,0,0,0,0,0,0,0,0,0,1,0
Mikel Merino,Arsenal,23,ESP,28,80.0,0,0,0,0,1,0,0,0,49,4,2,2,0.2,0.2,0.2,1,0,23,34,67.6,2,28,1,0,0,2024-10-19,1,0,0,0,0,0,0,0,0,0,0,1,0
Ethan Nwaneri,Arsenal,53,ENG,17,10.0,0,0,0,0,0,0,0,0,12,0,0,1,0.0,0.0,0.0,0,0,8,10,80.0,0,5,0,0,0,2024-10-19,1,0,0,0,0,0,0,0,0,0,0,0,0
Declan Rice,Arsenal,41,ENG,25,90.0,0,0,0,0,0,0,0,0,61,2,0,1,0.0,0.0,0.1,3,0,42,49,85.7,6,27,2,3,3,2024-10-19,0,0,0,1,0,0,0,0,0,0,0,0,0
Thomas Partey,Arsenal,5,GHA,31,90.0,0,0,0,0,1,0,0,0,69,2,0,1,0.1,0.1,0.0,2,0,55,63,87.3,6,37,1,2,1,2024-10-19,0,1,0,1,0,0,0,0,0,0,0,0,0
Riccardo Calafiori,Arsenal,33,ITA,22,90.0,0,0,0,0,0,0,0,0,62,3,0,2,0.0,0.0,0.0,0,0,38,48,79.2,1,23,0,1,0,2024-10-19,0,0,0,0,0,0,1,0,0,0,0,0,0
Gabriel Magalhães,Arsenal,6,BRA,26,90.0,0,0,0,0,1,0,0,0,60,0,0,2,0.0,0.0,0.0,0,0,42,51,82.4,2,35,0,0,0,2024-10-19,0,1,0,0,0,0,0,0,0,0,0,0,0
William Saliba,Arsenal,2,FRA,23,29.0,0,0,0,0,0,0,0,1,21,1,1,1,0.0,0.0,0.0,0,0,17,18,94.4,1,13,0,0,0,2024-10-19,0,1,0,0,0,0,0,0,0,0,0,0,0
Ben White,Arsenal,4,ENG,27,90.0,0,0,0,0,0,0,1,0,46,2,1,0,0.0,0.0,0.0,0,0,31,38,81.6,0,21,1,0,0,2024-10-19,0,0,0,0,0,0,0,0,0,1,0,0,0
David Raya,Arsenal,22,ESP,29,90.0,0,0,0,0,0,0,0,0,63,0,0,0,0.0,0.0,0.0,0,0,35,55,63.6,0,32,0,0,0,2024-10-19,0,0,0,0,0,1,0,0,0,0,0,0,0
Matheus Cunha,Wolverhampton Wanderers,10,BRA,25,66.0,0,0,0,0,1,0,0,0,22,2,0,2,0.0,0.0,0.2,2,0,11,13,84.6,2,16,0,3,2,2024-10-20,0,0,0,0,1,0,0,0,0,0,0,0,0
Carlos Forbs,Wolverhampton Wanderers,26,POR,20,24.0,0,0,0,0,0,0,0,0,9,1,0,1,0.0,0.0,0.0,0,0,4,6,66.7,0,4,1,0,0,2024-10-20,0,0,0,0,1,0,0,0,0,0,0,0,0
Jørgen Strand Larsen,Wolverhampton Wanderers,9,NOR,24,79.0,1,0,0,0,1,1,0,0,19,0,0,1,0.5,0.5,0.0,1,0,4,8,50.0,0,7,0,0,0,2024-10-20,0,0,0,0,1,0,0,0,0,0,0,0,0
Gonçalo Guedes,Wolverhampton Wanderers,29,POR,27,11.0,0,0,0,0,0,0,0,0,5,0,0,0,0.0,0.0,0.0,0,0,4,5,80.0,1,3,1,0,0,2024-10-20,0,0,0,0,1,0,0,0,0,0,0,0,0
Mario Lemina,Wolverhampton Wanderers,5,GAB,31,90.0,0,0,0,0,0,0,0,0,33,2,2,2,0.0,0.0,0.0,0,0,16,19,84.2,2,14,0,1,0,2024-10-20,0,0,1,0,0,0,0,0,0,0,0,0,0
André,Wolverhampton Wanderers,7,BRA,23,45.0,0,0,0,0,0,0,0,0,21,2,0,6,0.0,0.0,0.0,0,0,6,7,85.7,0,3,0,0,0,2024-10-20,0,0,1,0,0,0,0,0,0,0,0,0,0
Tommy Doyle,Wolverhampton Wanderers,20,ENG,23,45.0,0,0,0,0,0,0,0,0,16,1,1,1,0.0,0.0,0.0,0,0,8,9,88.9,1,6,0,0,0,2024-10-20,0,0,1,0,0,0,0,0,0,0,0,0,0
João Gomes,Wolverhampton Wanderers,8,BRA,23,89.0,0,0,0,0,0,0,1,0,33,6,1,3,0.0,0.0,0.0,0,0,10,17,58.8,1,11,1,1,1,2024-10-20,0,0,1,0,0,0,0,0,0,0,0,0,0
Jean-Ricner Bellegarde,Wolverhampton Wanderers,27,FRA,26,1.0,0,0,0,0,0,0,0,0,2,0,0,1,0.0,0.0,0.0,0,0,0,0,80.8,0,0,0,0,0,2024-10-20,0,0,1,0,0,0,0,0,0,0,0,0,0
Rayan Aït-Nouri,Wolverhampton Wanderers,3,ALG,23,90.0,0,0,0,0,0,0,0,0,37,5,0,2,0.0,0.0,0.0,1,0,16,25,64.0,0,18,2,3,1,2024-10-20,0,0,0,0,0,0,0,0,0,0,0,0,1
Nélson Semedo,Wolverhampton Wanderers,22,POR,30,90.0,0,1,0,0,1,1,1,0,37,2,0,1,0.2,0.2,0.5,1,1,16,22,72.7,1,18,2,1,0,2024-10-20,0,0,0,0,0,0,0,0,0,0,0,0,1
Toti Gomes,Wolverhampton Wanderers,24,POR,25,90.0,0,0,0,0,0,0,1,0,35,3,0,1,0.0,0.0,0.0,0,0,18,26,69.2,0,14,0,0,0,2024-10-20,0,1,0,0,0,0,0,0,0,0,0,0,0
Craig Dawson,Wolverhampton Wanderers,15,ENG,34,90.0,0,0,0,0,0,0,0,0,33,1,2,1,0.0,0.0,0.0,0,0,19,20,95.0,0,12,0,0,0,2024-10-20,0,1,0,0,0,0,0,0,0,0,0,0,0
Santiago Bueno,Wolverhampton Wanderers,4,URU,25,90.0,0,0,0,0,0,0,0,0,28,1,0,2,0.0,0.0,0.0,1,1,14,20,70.0,0,12,0,0,0,2024-10-20,0,1,0,0,0,0,0,0,0,0,0,0,0
José Sá,Wolverhampton Wanderers,1,POR,31,90.0,0,0,0,0,0,0,0,0,44,0,0,0,0.0,0.0,0.0,0,0,12,40,30.0,0,23,0,0,0,2024-10-20,0,0,0,0,0,1,0,0,0,0,0,0,0
Erling Haaland,Manchester City,9,NOR,24,90.0,0,0,0,0,0,0,0,0,13,0,0,0,0.0,0.0,0.0,1,0,6,8,75.0,1,8,0,1,0,2024-10-20,0,0,0,0,1,0,0,0,0,0,0,0,0
Jeremy Doku,Manchester City,11,BEL,22,65.0,0,1,0,0,3,0,0,0,68,3,0,1,0.1,0.1,0.1,5,1,39,54,72.2,8,49,18,9,6,2024-10-20,0,0,0,0,0,0,0,1,0,0,1,0,0
Phil Foden,Manchester City,47,ENG,24,25.0,0,1,0,0,1,0,0,0,17,0,0,0,0.0,0.0,0.3,5,2,13,16,81.3,2,11,0,0,0,2024-10-20,0,0,1,0,0,0,0,0,0,0,1,0,0
Bernardo Silva,Manchester City,20,POR,30,90.0,0,0,0,0,4,1,0,0,55,2,0,0,0.4,0.4,0.1,3,0,42,46,91.3,1,34,3,3,1,2024-10-20,0,0,1,0,0,0,0,0,0,0,1,0,0
İlkay Gündoğan,Manchester City,19,GER,33,90.0,0,0,0,0,3,1,0,0,91,0,0,1,0.4,0.4,0.2,5,0,65,83,78.3,6,47,3,0,0,2024-10-20,0,0,1,1,0,0,0,0,0,0,0,0,0
Sávio,Manchester City,26,BRA,20,72.0,0,0,0,0,4,1,1,0,87,3,0,1,0.3,0.3,0.3,7,0,52,68,76.5,5,55,10,11,2,2024-10-20,0,0,0,0,0,0,0,1,0,0,1,0,0
Jack Grealish,Manchester City,10,ENG,29,18.0,0,0,0,0,1,1,0,0,26,0,0,0,0.0,0.0,0.2,3,0,19,25,76.0,3,21,9,0,0,2024-10-20,0,0,0,0,0,0,0,1,0,0,0,0,0
Mateo Kovačić,Manchester City,8,CRO,30,85.0,0,0,0,0,1,0,0,0,81,1,0,1,0.0,0.0,0.0,4,0,64,71,90.1,9,63,4,5,1,2024-10-20,0,0,0,1,0,0,0,0,0,0,0,0,0
Matheus Nunes,Manchester City,27,POR,26,5.0,0,0,0,0,1,0,0,0,6,1,0,0,0.0,0.0,0.0,1,0,2,2,100.0,0,4,0,0,0,2024-10-20,0,0,1,0,0,0,0,0,0,0,0,0,0
Joško Gvardiol,Manchester City,24,CRO,22,90.0,1,0,0,0,1,1,0,0,133,1,0,0,0.0,0.0,0.1,4,1,117,128,91.4,30,105,5,0,0,2024-10-20,0,0,0,0,0,0,1,0,0,0,0,0,0
Rúben Dias,Manchester City,3,POR,27,90.0,0,0,0,0,2,1,0,0,129,0,1,0,0.1,0.1,0.0,2,0,113,123,91.9,18,98,2,0,0,2024-10-20,0,1,0,0,0,0,0,0,0,0,0,0,0
John Stones,Manchester City,5,ENG,30,90.0,1,0,0,0,1,1,0,0,97,1,0,1,0.3,0.3,0.0,1,0,79,92,85.9,8,64,6,0,0,2024-10-20,0,1,0,0,0,0,0,0,0,0,0,0,0
Rico Lewis,Manchester City,82,ENG,19,90.0,0,0,0,0,0,0,0,0,70,2,2,1,0.0,0.0,0.1,1,0,60,64,93.8,9,33,5,1,0,2024-10-20,0,0,0,0,0,0,0,0,0,1,0,0,0
Ederson,Manchester City,31,BRA,31,90.0,0,0,0,0,0,0,0,0,17,0,0,0,0.0,0.0,0.0,0,0,15,15,100.0,0,9,0,0,0,2024-10-20,0,0,0,0,0,1,0,0,0,0,0,0,0
Diogo Jota,Liverpool,20,POR,27,29.0,0,0,0,0,0,0,0,0,4,0,0,0,0.0,0.0,0.0,0,0,2,2,100.0,1,3,2,0,0,2024-10-20,0,0,0,0,1,0,0,0,0,0,0,0,0
Darwin Núñez,Liverpool,9,URU,25,61.0,0,0,0,0,0,0,1,0,14,3,0,0,0.0,0.0,0.0,2,0,6,8,75.0,1,9,0,0,0,2024-10-20,0,0,0,0,1,0,0,0,0,0,0,0,0
Cody Gakpo,Liverpool,18,NED,25,65.0,0,0,0,0,1,0,0,0,23,2,0,3,0.0,0.0,0.2,2,0,10,14,71.4,2,13,1,1,0,2024-10-20,0,0,0,0,0,0,0,0,1,0,0,0,0
Luis Díaz,Liverpool,7,COL,27,25.0,0,0,0,0,2,1,0,0,15,1,0,0,0.1,0.1,0.0,1,0,9,11,81.8,1,9,1,2,1,2024-10-20,0,0,0,0,0,0,0,0,1,0,0,0,0
Mohamed Salah,Liverpool,11,EGY,32,90.0,1,1,1,1,1,0,0,0,38,1,1,0,0.8,0.0,0.7,4,2,17,31,54.8,3,31,1,4,3,2024-10-20,0,0,0,0,0,0,0,0,0,0,0,1,0
Dominik Szoboszlai,Liverpool,8,HUN,23,90.0,0,0,0,0,1,1,1,0,47,0,1,3,0.2,0.2,0.0,1,1,31,38,81.6,5,20,3,0,0,2024-10-20,1,0,0,0,0,0,0,0,0,0,0,0,0
Curtis Jones,Liverpool,17,ENG,23,80.0,1,0,0,0,2,2,0,0,51,3,1,1,0.8,0.8,0.0,3,1,37,42,88.1,3,33,1,2,1,2024-10-20,0,0,0,1,0,0,0,0,0,0,0,0,0
Alexis Mac Allister,Liverpool,10,ARG,25,10.0,0,0,0,0,0,0,1,0,11,2,0,0,0.0,0.0,0.0,1,0,8,10,80.0,1,6,0,0,0,2024-10-20,0,0,0,1,0,0,0,0,0,0,0,0,0
Ryan Gravenberch,Liverpool,38,NED,22,90.0,0,0,0,0,0,0,0,0,46,1,0,0,0.0,0.0,0.0,2,0,34,39,87.2,2,25,1,0,0,2024-10-20,0,0,0,1,0,0,0,0,0,0,0,0,0
Andrew Robertson,Liverpool,26,SCO,30,90.0,0,0,0,0,0,0,0,0,62,3,0,1,0.0,0.0,0.0,1,0,47,55,85.5,4,27,0,0,0,2024-10-20,0,0,0,0,0,0,1,0,0,0,0,0,0
Virgil van Dijk,Liverpool,4,NED,33,90.0,0,0,0,0,1,0,0,0,70,1,1,0,0.0,0.0,0.0,0,0,54,63,85.7,4,36,0,0,0,2024-10-20,0,1,0,0,0,0,0,0,0,0,0,0,0
Ibrahima Konaté,Liverpool,5,FRA,25,90.0,0,0,0,0,0,0,1,0,46,1,0,1,0.0,0.0,0.0,0,0,36,40,90.0,2,23,0,0,0,2024-10-20,0,1,0,0,0,0,0,0,0,0,0,0,0
Trent Alexander-Arnold,Liverpool,66,ENG,26,80.0,0,0,0,0,0,0,0,0,44,4,1,2,0.0,0.0,0.0,0,0,24,35,68.6,0,13,0,1,0,2024-10-20,0,0,0,0,0,0,0,0,0,1,0,0,0
Joe Gomez,Liverpool,2,ENG,27,10.0,0,0,0,0,0,0,0,0,10,3,1,0,0.0,0.0,0.0,0,0,2,7,28.6,0,3,0,0,0,2024-10-20,0,0,0,0,0,0,0,0,0,1,0,0,0
Caoimhín Kelleher,Liverpool,62,IRL,25,90.0,0,0,0,0,0,0,0,0,44,0,0,0,0.0,0.0,0.0,0,0,28,44,63.6,0,33,0,0,0,2024-10-20,0,0,0,0,0,1,0,0,0,0,0,0,0
Nicolas Jackson,Chelsea,15,SEN,23,90.0,1,0,0,0,2,1,1,0,18,0,0,1,0.3,0.3,0.0,0,0,7,11,63.6,2,7,1,2,1,2024-10-20,0,0,0,0,1,0,0,0,0,0,0,0,0
Jadon Sancho,Chelsea,19,ENG,24,45.0,0,0,0,0,0,0,0,0,26,0,0,0,0.0,0.0,0.0,0,0,19,22,86.4,3,17,3,3,0,2024-10-20,0,0,0,0,0,0,0,0,1,0,0,0,0
Pedro Neto,Chelsea,7,POR,24,45.0,0,0,0,0,1,0,0,0,29,0,0,0,0.0,0.0,0.2,5,0,20,25,80.0,1,21,2,2,0,2024-10-20,0,0,0,0,0,0,0,0,1,0,0,1,0
Noni Madueke,Chelsea,11,ENG,22,75.0,0,0,0,0,1,1,0,0,33,1,0,0,0.0,0.0,0.1,1,0,23,25,92.0,0,28,8,5,2,2024-10-20,0,0,0,0,0,0,0,0,0,0,0,1,0
Christopher Nkunku,Chelsea,18,FRA,26,15.0,0,0,0,0,1,0,0,0,11,0,0,0,0.0,0.0,0.0,1,0,7,7,100.0,1,9,0,2,0,2024-10-20,0,0,0,0,0,0,0,0,1,0,0,0,0
Cole Palmer,Chelsea,20,ENG,22,90.0,0,0,0,0,4,0,0,0,42,0,0,1,0.4,0.4,0.1,4,0,25,30,83.3,3,26,2,5,1,2024-10-20,1,0,0,0,0,0,0,0,0,0,0,0,0
Roméo Lavia,Chelsea,45,BEL,20,52.0,0,0,0,0,0,0,0,0,30,2,2,2,0.0,0.0,0.0,0,0,21,22,95.5,0,18,1,3,3,2024-10-20,0,0,0,1,0,0,0,0,0,0,0,0,0
Enzo Fernández,Chelsea,8,ARG,23,38.0,0,0,0,0,0,0,0,0,25,1,0,1,0.0,0.0,0.0,1,0,18,22,81.8,3,13,1,0,0,2024-10-20,0,0,0,1,0,0,0,0,0,0,0,0,0
Moisés Caicedo,Chelsea,25,ECU,22,90.0,0,1,0,0,0,0,0,0,57,1,0,0,0.0,0.0,0.3,3,1,43,53,81.1,10,38,2,1,1,2024-10-20,0,0,0,1,0,0,0,0,0,0,0,0,0
Malo Gusto,Chelsea,27,FRA,21,90.0,0,0,0,0,2,0,0,0,78,3,4,2,0.1,0.1,0.0,1,1,58,65,89.2,8,44,3,3,1,2024-10-20,0,0,0,0,0,0,1,0,0,1,0,0,0
Levi Colwill,Chelsea,6,ENG,21,90.0,0,0,0,0,0,0,0,0,89,2,0,0,0.0,0.0,0.0,1,0,71,81,87.7,5,51,0,1,1,2024-10-20,0,1,0,0,0,0,0,0,0,0,0,0,0
Tosin Adarabioyo,Chelsea,4,ENG,27,52.0,0,0,0,0,0,0,1,0,48,0,0,0,0.0,0.0,0.0,0,0,43,46,93.5,0,30,0,0,0,2024-10-20,0,1,0,0,0,0,0,0,0,0,0,0,0
Benoît Badiashile,Chelsea,5,FRA,23,38.0,0,0,0,0,0,0,0,0,47,1,1,0,0.0,0.0,0.0,0,0,42,43,97.7,3,26,1,0,0,2024-10-20,0,1,0,0,0,0,0,0,0,0,0,0,0
Reece James,Chelsea,24,ENG,24,52.0,0,0,0,0,0,0,0,0,60,1,1,0,0.0,0.0,0.0,2,0,45,55,81.8,2,32,0,0,0,2024-10-20,0,0,0,0,0,0,0,0,0,1,0,0,0
Renato Veiga,Chelsea,40,POR,21,38.0,0,0,0,0,1,0,1,0,36,0,0,0,0.1,0.1,0.0,0,0,22,30,73.3,2,17,0,2,0,2024-10-20,0,0,0,0,0,0,1,0,0,0,0,0,0
Robert Sánchez,Chelsea,1,ESP,26,90.0,0,0,0,0,0,0,0,0,44,0,0,0,0.0,0.0,0.0,0,0,35,42,83.3,0,25,0,0,0,2024-10-20,0,0,0,0,0,1,0,0,0,0,0,0,0
Chris Wood,Nottingham Forest,11,NZL,32,83.0,1,0,0,0,4,2,0,0,22,0,0,0,0.9,0.9,0.1,1,0,8,14,57.1,0,8,0,0,0,2024-10-21,0,0,0,0,1,0,0,0,0,0,0,0,0
Taiwo Awoniyi,Nottingham Forest,9,NGA,27,7.0,0,0,0,0,0,0,0,0,6,0,0,0,0.0,0.0,0.0,0,0,3,4,75.0,0,3,1,1,0,2024-10-21,0,0,0,0,1,0,0,0,0,0,0,0,0
Callum Hudson-Odoi,Nottingham Forest,14,ENG,23,83.0,0,0,0,0,2,0,0,0,38,0,0,0,0.1,0.1,0.1,5,0,29,33,87.9,1,17,4,3,2,2024-10-21,0,0,0,0,0,0,0,0,1,0,0,0,0
Ramón Sosa,Nottingham Forest,24,PAR,25,7.0,0,0,0,0,1,0,0,0,9,0,1,0,0.0,0.0,0.0,0,0,4,5,80.0,0,4,0,1,1,2024-10-21,0,0,0,0,0,0,0,0,1,0,0,0,0
Anthony Elanga,Nottingham Forest,21,SWE,22,62.0,0,0,0,0,0,0,0,0,35,0,0,0,0.0,0.0,0.1,4,0,19,29,65.5,1,17,1,2,0,2024-10-21,0,0,0,0,0,0,0,0,0,0,0,1,0
Jota Silva,Nottingham Forest,20,POR,25,28.0,0,0,0,0,0,0,0,0,14,1,0,1,0.0,0.0,0.0,0,0,1,5,20.0,0,7,1,3,1,2024-10-21,0,0,0,0,0,0,0,0,0,0,0,1,0
Elliot Anderson,Nottingham Forest,8,ENG,21,77.0,0,0,0,0,4,2,1,0,59,1,0,2,0.3,0.3,0.9,11,0,39,43,90.7,4,26,4,6,6,2024-10-21,1,0,0,0,0,0,0,0,0,0,0,0,0
Neco Williams,Nottingham Forest,7,WAL,23,13.0,0,0,0,0,0,0,0,0,16,0,0,0,0.0,0.0,0.0,1,0,10,13,76.9,1,9,1,1,1,2024-10-21,0,0,0,0,0,0,0,1,0,0,0,0,0
Nicolás Domínguez,Nottingham Forest,16,ARG,26,90.0,0,0,0,0,2,1,1,0,75,2,2,5,0.1,0.1,0.0,1,0,56,62,90.3,7,30,4,0,0,2024-10-21,0,0,1,1,0,0,0,0,0,0,0,0,0
Ryan Yates,Nottingham Forest,22,ENG,26,90.0,0,0,0,0,4,0,0,0,55,1,5,0,0.3,0.3,0.2,6,0,26,34,76.5,2,26,0,0,0,2024-10-21,0,0,1,1,0,0,0,0,0,0,0,0,0
Álex Moreno,Nottingham Forest,19,ESP,31,77.0,0,0,0,0,2,0,0,0,62,2,0,4,0.0,0.0,0.1,3,1,38,51,74.5,8,32,4,2,1,2024-10-21,0,0,0,0,0,0,1,0,0,0,0,0,0
Morato,Nottingham Forest,4,BRA,23,13.0,0,0,0,0,0,0,0,0,8,0,0,0,0.0,0.0,0.0,1,0,5,8,62.5,0,4,0,0,0,2024-10-21,0,1,0,0,0,0,0,0,0,0,0,0,0
Murillo,Nottingham Forest,5,BRA,22,90.0,0,0,0,0,1,1,0,0,77,0,2,0,0.0,0.0,0.0,1,1,56,66,84.8,4,37,0,4,4,2024-10-21,0,1,0,0,0,0,0,0,0,0,0,0,0
Nikola Milenković,Nottingham Forest,31,SRB,27,90.0,0,0,0,0,0,0,0,0,52,0,2,2,0.0,0.0,0.0,0,0,35,44,79.5,2,18,0,0,0,2024-10-21,0,1,0,0,0,0,0,0,0,0,0,0,0
Ola Aina,Nottingham Forest,34,NGA,28,90.0,0,0,0,0,0,0,0,0,63,2,2,2,0.0,0.0,0.0,2,0,38,51,74.5,8,30,5,4,0,2024-10-21,0,0,0,0,0,0,0,0,0,1,1,0,0
Matz Sels,Nottingham Forest,26,BEL,32,90.0,0,0,0,0,0,0,0,0,34,0,0,0,0.0,0.0,0.0,0,0,24,31,77.4,0,22,0,0,0,2024-10-21,0,0,0,0,0,1,0,0,0,0,0,0,0
Eddie Nketiah,Crystal Palace,9,ENG,25,65.0,0,0,0,0,4,2,0,0,26,1,0,0,0.2,0.2,0.3,7,0,8,16,50.0,1,10,5,2,2,2024-10-21,0,0,0,0,1,0,0,0,0,0,0,0,0
Jean-Philippe Mateta,Crystal Palace,14,FRA,27,25.0,0,0,0,0,2,1,0,0,6,0,0,1,0.1,0.1,0.0,0,0,1,2,50.0,0,1,0,0,0,2024-10-21,0,0,0,0,1,0,0,0,0,0,0,0,0
Eberechi Eze,Crystal Palace,10,ENG,26,90.0,0,0,0,0,6,2,0,0,60,2,0,0,0.3,0.3,0.1,4,0,32,48,66.7,2,29,4,5,4,2024-10-21,1,0,0,0,1,0,0,0,0,0,0,0,0
Tyrick Mitchell,Crystal Palace,3,ENG,25,73.0,0,0,0,0,0,0,0,0,42,3,0,4,0.0,0.0,0.0,0,0,22,33,66.7,1,13,1,0,0,2024-10-21,0,0,0,0,0,0,0,0,1,0,0,0,0
Jeffrey Schlupp,Crystal Palace,15,GHA,31,17.0,0,0,0,0,1,1,0,0,19,2,0,1,0.0,0.0,0.0,2,0,9,11,81.8,2,8,0,0,0,2024-10-21,0,0,0,0,0,0,0,0,0,0,0,0,1
Daniel Muñoz,Crystal Palace,12,COL,28,90.0,0,0,0,0,0,0,1,0,66,4,1,1,0.0,0.0,0.2,4,0,35,49,71.4,2,30,2,0,0,2024-10-21,0,0,0,0,0,0,0,0,0,0,0,1,1
Daichi Kamada,Crystal Palace,18,JPN,28,87.0,0,0,0,0,2,1,1,0,42,3,0,1,0.2,0.2,0.1,2,0,29,34,85.3,6,20,1,0,0,2024-10-21,0,0,1,0,0,0,0,0,0,0,0,0,0
Asher Agbinone,Crystal Palace,64,ENG,19,3.0,0,0,0,0,1,0,0,0,4,0,0,0,0.0,0.0,0.0,1,0,1,2,50.0,0,2,2,1,0,2024-10-21,0,0,1,0,0,0,0,0,0,0,0,0,0
Will Hughes,Crystal Palace,19,ENG,29,73.0,0,0,0,0,1,0,0,0,39,3,1,4,0.1,0.1,0.1,5,0,22,30,73.3,5,15,0,0,0,2024-10-21,0,0,1,0,0,0,0,0,0,0,0,0,0
Ismaila Sarr,Crystal Palace,7,SEN,26,17.0,0,0,0,0,0,0,0,0,6,0,0,0,0.0,0.0,0.0,1,0,4,6,66.7,1,2,1,0,0,2024-10-21,1,0,0,0,0,0,0,0,0,0,0,0,0
Jefferson Lerma,Crystal Palace,8,COL,29,90.0,0,0,0,0,1,0,1,0,67,0,1,4,0.0,0.0,0.1,0,0,45,58,77.6,6,25,0,0,0,2024-10-21,0,0,1,1,0,0,0,0,0,0,0,0,0
Marc Guéhi,Crystal Palace,6,ENG,24,90.0,0,0,0,0,0,0,0,0,83,3,1,0,0.0,0.0,0.0,1,0,60,72,83.3,10,47,2,0,0,2024-10-21,0,1,0,0,0,0,0,0,0,0,0,0,0
Maxence Lacroix,Crystal Palace,5,FRA,24,90.0,0,0,0,0,0,0,0,0,64,0,1,2,0.0,0.0,0.0,1,0,47,53,88.7,2,39,0,0,0,2024-10-21,0,1,0,0,0,0,0,0,0,0,0,0,0
Trevoh Chalobah,Crystal Palace,27,ENG,25,90.0,0,0,0,0,2,0,0,0,60,2,0,4,0.1,0.1,0.0,2,0,40,46,87.0,4,26,0,1,0,2024-10-21,0,1,0,0,0,0,0,0,0,0,0,0,0
Dean Henderson,Crystal Palace,1,ENG,27,90.0,0,0,0,0,0,0,0,0,25,0,0,0,0.0,0.0,0.0,0,0,20,22,90.9,0,12,0,0,0,2024-10-21,0,0,0,0,0,1,0,0,0,0,0,0,0
Jamie Vardy,Leicester City,9,ENG,37,90.0,1,0,0,0,2,1,0,0,25,0,0,0,0.5,0.5,0.1,3,0,12,19,63.2,0,15,0,0,0,2024-10-25,0,0,0,0,1,0,0,0,0,0,0,0,0
Stephy Mavididi,Leicester City,10,ENG,26,67.0,0,0,0,0,2,0,1,0,40,0,0,0,0.0,0.0,0.0,3,1,21,31,67.7,2,32,6,2,0,2024-10-25,0,0,0,0,0,0,0,0,1,0,0,0,0
Jordan Ayew,Leicester City,18,GHA,33,23.0,0,0,0,0,0,0,1,0,14,0,0,0,0.0,0.0,0.0,1,0,10,12,83.3,0,12,0,0,0,2024-10-25,0,0,0,0,0,0,0,0,1,0,0,0,0
Abdul Fatawu Issahaku,Leicester City,7,GHA,20,90.0,0,0,0,0,1,0,0,0,66,1,0,1,0.0,0.0,0.0,2,0,29,45,64.4,4,45,12,10,3,2024-10-25,0,0,0,0,0,0,0,0,0,0,1,1,0
Facundo Buonanotte,Leicester City,40,ARG,19,90.0,0,0,0,0,4,0,0,0,79,2,2,4,0.1,0.1,0.0,3,0,45,51,88.2,5,44,7,5,2,2024-10-25,1,0,1,0,0,0,0,0,0,0,0,0,0
Harry Winks,Leicester City,8,ENG,28,90.0,0,1,0,0,1,0,1,0,87,0,0,2,0.0,0.0,0.5,3,1,69,81,85.2,8,70,2,0,0,2024-10-25,0,0,0,1,0,0,0,1,0,0,0,0,0
Wilfred Ndidi,Leicester City,6,NGA,27,73.0,0,0,0,0,1,0,0,0,45,1,0,2,0.0,0.0,0.0,0,0,29,35,82.9,3,27,2,0,0,2024-10-25,0,0,1,1,0,0,0,0,0,0,0,0,0
Boubakary Soumaré,Leicester City,24,FRA,25,17.0,0,0,0,0,0,0,1,0,13,1,0,0,0.0,0.0,0.0,0,0,9,11,81.8,1,8,1,1,1,2024-10-25,0,0,1,0,0,0,0,0,0,0,0,0,0
James Justin,Leicester City,2,ENG,26,90.0,0,0,0,0,0,0,0,0,95,3,1,0,0.0,0.0,0.0,3,0,71,84,84.5,10,61,2,1,0,2024-10-25,0,1,0,0,0,0,1,0,0,0,0,0,0
Caleb Okoli,Leicester City,5,ITA,23,90.0,0,0,0,0,0,0,0,0,86,3,2,2,0.0,0.0,0.0,0,0,70,74,94.6,7,60,1,0,0,2024-10-25,0,1,0,0,0,0,0,0,0,0,0,0,0
Wout Faes,Leicester City,3,BEL,26,90.0,0,0,0,0,0,0,0,0,81,1,0,2,0.0,0.0,0.0,0,0,68,75,90.7,8,64,0,0,0,2024-10-25,0,1,0,0,0,0,0,0,0,0,0,0,0
Ricardo Pereira,Leicester City,21,POR,31,67.0,0,0,0,0,0,0,1,0,54,2,1,1,0.0,0.0,0.0,0,0,43,48,89.6,3,33,0,0,0,2024-10-25,0,0,0,0,0,0,0,0,0,1,0,0,0
Bilal El Khannouss,Leicester City,11,MAR,20,23.0,0,0,0,0,0,0,0,0,14,0,0,0,0.0,0.0,0.0,0,0,11,13,84.6,4,15,2,1,0,2024-10-25,0,0,0,0,0,0,0,0,0,0,0,1,0
Mads Hermansen,Leicester City,30,DEN,24,90.0,0,0,0,0,0,0,0,0,41,0,0,1,0.0,0.0,0.0,0,0,31,36,86.1,0,25,0,0,0,2024-10-25,0,0,0,0,0,1,0,0,0,0,0,0,0
Chris Wood,Nottingham Forest,11,NZL,32,80.0,2,0,0,0,3,2,0,0,22,0,0,0,0.3,0.3,0.1,1,0,10,14,71.4,1,13,1,0,0,2024-10-25,0,0,0,0,1,0,0,0,0,0,0,0,0
Taiwo Awoniyi,Nottingham Forest,9,NGA,27,10.0,0,0,0,0,1,0,0,0,6,0,0,0,0.1,0.1,0.0,0,0,3,4,75.0,0,4,0,0,0,2024-10-25,0,0,0,0,1,0,0,0,0,0,0,0,0
Callum Hudson-Odoi,Nottingham Forest,14,ENG,23,75.0,0,0,0,0,2,1,0,0,38,3,1,0,0.1,0.1,0.0,6,1,23,28,82.1,2,27,5,8,6,2024-10-25,0,0,0,0,0,0,0,1,1,0,0,0,0
Ramón Sosa,Nottingham Forest,24,PAR,25,15.0,0,0,0,0,1,0,0,0,13,0,0,0,0.0,0.0,0.1,2,0,5,10,50.0,2,7,2,2,1,2024-10-25,0,0,0,0,0,0,0,1,0,0,0,0,0
Anthony Elanga,Nottingham Forest,21,SWE,22,75.0,0,0,0,0,1,0,0,0,30,0,0,1,0.0,0.0,0.0,3,0,8,24,33.3,2,14,4,2,0,2024-10-25,0,0,0,0,0,0,0,0,0,0,1,1,0
Jota Silva,Nottingham Forest,20,POR,25,15.0,0,0,0,0,1,0,0,0,7,1,1,0,0.0,0.0,0.0,1,0,1,3,33.3,0,5,2,1,0,2024-10-25,0,0,0,0,0,0,0,0,0,0,1,0,0
Elliot Anderson,Nottingham Forest,8,ENG,21,71.0,0,1,0,0,5,0,0,0,45,1,0,2,0.2,0.2,0.1,4,2,26,34,76.5,5,23,3,3,3,2024-10-25,1,0,0,0,0,0,0,0,0,0,0,0,0
Neco Williams,Nottingham Forest,7,WAL,23,19.0,0,0,0,0,0,0,0,0,11,2,0,1,0.0,0.0,0.0,0,0,4,6,66.7,0,3,0,0,0,2024-10-25,0,0,0,0,0,0,1,0,0,0,0,0,0
Nicolás Domínguez,Nottingham Forest,16,ARG,26,90.0,0,0,0,0,1,1,1,0,52,2,3,2,0.3,0.3,0.0,2,0,38,41,92.7,4,18,0,0,0,2024-10-25,0,0,1,1,0,0,0,0,0,0,0,0,0
Ryan Yates,Nottingham Forest,22,ENG,26,90.0,1,0,0,0,2,1,0,0,48,2,1,1,0.4,0.4,0.0,1,0,27,33,81.8,1,17,0,0,0,2024-10-25,0,0,1,1,0,0,0,0,0,0,0,0,0
Álex Moreno,Nottingham Forest,19,ESP,31,71.0,0,0,0,0,0,0,1,0,35,1,0,0,0.0,0.0,0.1,1,0,21,26,80.8,6,11,1,1,0,2024-10-25,0,0,0,0,0,0,1,0,0,0,0,0,0
Morato,Nottingham Forest,4,BRA,23,19.0,0,0,0,0,0,0,0,0,11,0,2,0,0.0,0.0,0.0,1,0,2,4,50.0,1,2,0,1,1,2024-10-25,0,1,0,0,0,0,0,0,0,0,0,0,0
Murillo,Nottingham Forest,5,BRA,22,90.0,0,0,0,0,2,0,0,0,42,2,0,3,0.2,0.2,0.4,4,0,25,30,83.3,3,12,0,1,0,2024-10-25,0,1,0,0,0,0,0,0,0,0,0,0,0
Nikola Milenković,Nottingham Forest,31,SRB,27,90.0,0,0,0,0,1,0,1,0,26,2,2,0,0.1,0.1,0.0,2,1,12,17,70.6,1,7,0,1,1,2024-10-25,0,1,0,0,0,0,0,0,0,0,0,0,0
Ola Aina,Nottingham Forest,34,NGA,28,90.0,0,0,0,0,0,0,0,0,52,3,0,0,0.0,0.0,0.0,1,0,21,38,55.3,3,25,1,4,3,2024-10-25,0,0,0,0,0,0,0,0,0,1,0,0,0
Matz Sels,Nottingham Forest,26,BEL,32,90.0,0,0,0,0,0,0,0,0,26,0,0,0,0.0,0.0,0.0,0,0,14,26,53.8,0,12,0,0,0,2024-10-25,0,0,0,0,0,1,0,0,0,0,0,0,0
Yoane Wissa,Brentford,11,COD,28,90.0,1,0,0,0,4,3,0,0,27,1,1,0,1.4,1.4,0.0,1,0,13,15,86.7,2,13,2,0,0,2024-10-26,0,0,0,0,1,0,0,0,0,0,0,0,0
Keane Lewis-Potter,Brentford,23,ENG,23,80.0,0,0,0,0,2,0,0,0,28,2,0,0,0.3,0.3,0.2,5,2,17,19,89.5,3,23,5,7,3,2024-10-26,0,0,0,0,0,0,0,0,1,0,0,0,0
Fabio Carvalho,Brentford,14,POR,22,10.0,0,0,0,0,0,0,0,0,5,0,0,0,0.0,0.0,0.0,0,0,2,4,50.0,0,2,0,1,0,2024-10-26,0,0,0,0,0,0,0,0,1,0,0,0,0
Bryan Mbeumo,Brentford,19,CMR,25,90.0,2,0,1,1,3,2,0,0,55,0,0,0,0.9,0.1,0.3,4,0,31,47,66.0,10,40,1,2,1,2024-10-26,0,0,0,0,0,0,0,0,0,0,0,1,0
Mikkel Damsgaard,Brentford,24,DEN,24,76.0,0,0,0,0,2,1,0,0,43,0,0,1,0.3,0.3,0.7,6,0,27,35,77.1,8,28,2,0,0,2024-10-26,1,0,0,0,0,0,0,0,0,0,0,0,0
Kevin Schade,Brentford,7,GER,22,14.0,0,0,0,0,1,0,0,0,6,0,0,0,0.1,0.1,0.0,0,0,0,3,0.0,0,3,0,1,1,2024-10-26,1,0,0,0,0,0,0,0,0,0,0,0,0
Vitaly Janelt,Brentford,27,GER,26,90.0,0,1,0,0,0,0,0,0,61,2,1,3,0.0,0.0,0.5,4,1,37,48,77.1,3,34,1,2,0,2024-10-26,0,0,0,1,0,0,0,0,0,0,0,0,0
Christian Nørgaard,Brentford,6,DEN,30,77.0,0,0,0,0,3,0,0,0,50,1,1,0,0.3,0.3,0.0,1,0,28,35,80.0,2,25,0,1,0,2024-10-26,0,0,0,1,0,0,0,0,0,0,0,0,0
Mathias Jensen,Brentford,8,DEN,28,13.0,0,0,0,0,0,0,0,0,30,0,0,1,0.0,0.0,0.0,3,0,25,28,89.3,9,23,3,1,0,2024-10-26,0,0,0,1,0,0,0,0,0,0,0,0,0
Sepp van den Berg,Brentford,4,NED,22,90.0,0,0,0,0,2,2,0,0,65,0,1,0,0.2,0.2,0.0,2,0,41,55,74.5,2,29,0,0,0,2024-10-26,0,0,0,0,0,0,1,0,0,0,0,0,0
Ethan Pinnock,Brentford,5,JAM,31,90.0,0,0,0,0,0,0,0,0,112,0,0,0,0.0,0.0,0.4,3,0,88,103,85.4,3,63,0,0,0,2024-10-26,0,1,0,0,0,0,0,0,0,0,0,0,0
Nathan Collins,Brentford,22,IRL,23,90.0,0,0,0,0,2,0,0,0,103,1,0,2,0.5,0.5,0.0,3,2,83,92,90.2,13,61,2,1,0,2024-10-26,0,1,0,0,0,0,0,0,0,0,0,0,0
Mads Roerslev,Brentford,30,DEN,25,90.0,0,1,0,0,0,0,0,0,79,1,0,0,0.0,0.0,1.1,6,1,63,75,84.0,9,48,3,0,0,2024-10-26,0,0,0,0,0,0,0,0,0,1,0,0,0
Mark Flekken,Brentford,1,NED,31,90.0,0,0,0,0,0,0,0,0,54,0,0,0,0.0,0.0,0.0,0,0,44,53,83.0,0,36,0,0,0,2024-10-26,0,0,0,0,0,1,0,0,0,0,0,0,0
George Hirst,Ipswich Town,27,ENG,25,72.0,1,1,0,0,1,1,0,0,24,0,0,0,0.3,0.3,0.2,3,1,9,15,60.0,4,15,2,1,0,2024-10-26,0,0,0,0,1,0,0,0,0,0,0,0,0
Liam Delap,Ipswich Town,19,ENG,21,18.0,1,0,0,0,2,1,0,0,6,0,0,0,0.2,0.2,0.0,0,0,0,1,0.0,0,4,1,0,0,2024-10-26,0,0,0,0,1,0,0,0,0,0,0,0,0
Sammie Szmodics,Ipswich Town,23,IRL,29,72.0,1,0,0,0,3,2,0,0,24,1,0,2,0.6,0.6,0.0,1,0,11,14,78.6,2,13,1,0,0,2024-10-26,0,0,0,0,0,0,0,0,1,0,0,0,0
Jack Clarke,Ipswich Town,47,ENG,23,18.0,0,0,0,0,0,0,0,0,9,0,0,0,0.0,0.0,0.0,0,0,4,6,66.7,0,5,0,1,1,2024-10-26,0,0,1,0,0,0,0,1,0,0,0,0,0
Chiedozie Ogbene,Ipswich Town,21,IRL,27,34.0,0,0,0,0,0,0,0,0,9,0,0,0,0.0,0.0,0.0,0,0,4,5,80.0,0,5,1,1,0,2024-10-26,0,0,0,0,0,0,0,0,0,0,0,1,0
Wes Burns,Ipswich Town,7,WAL,29,56.0,0,0,0,0,1,0,0,0,23,3,2,0,0.1,0.1,0.0,0,0,8,13,61.5,0,14,4,1,0,2024-10-26,0,0,0,0,0,0,0,0,0,1,1,1,0
Conor Chaplin,Ipswich Town,10,ENG,27,72.0,0,1,0,0,0,0,0,0,30,1,2,1,0.0,0.0,0.3,2,1,17,25,68.0,2,11,1,0,0,2024-10-26,1,0,0,0,0,0,0,0,0,0,0,0,0
Luke Woolfenden,Ipswich Town,6,ENG,26,18.0,0,0,0,0,0,0,0,0,5,0,0,0,0.0,0.0,0.0,0,0,1,3,33.3,0,1,0,0,0,2024-10-26,0,1,0,0,0,0,0,0,0,1,0,0,0
Jens Cajuste,Ipswich Town,12,SWE,25,89.0,0,0,0,0,0,0,0,0,44,1,2,4,0.0,0.0,0.0,1,0,23,35,65.7,1,20,1,0,0,2024-10-26,0,0,1,1,0,0,0,0,0,0,0,0,0
Conor Townsend,Ipswich Town,22,ENG,31,1.0,0,0,0,0,0,0,0,0,2,1,0,0,0.0,0.0,0.0,0,0,0,0,80.8,0,0,0,0,0,2024-10-26,0,0,1,0,0,0,0,0,0,0,0,0,0
Kalvin Phillips,Ipswich Town,8,ENG,28,90.0,0,0,0,0,0,0,0,0,53,2,1,2,0.0,0.0,0.0,2,1,30,43,69.8,4,19,1,2,2,2024-10-26,0,0,1,1,0,0,0,0,0,0,0,0,0
Leif Davis,Ipswich Town,3,ENG,24,90.0,0,1,0,0,3,0,1,0,53,1,2,2,0.2,0.2,0.2,5,1,28,40,70.0,1,21,0,0,0,2024-10-26,0,0,0,0,0,0,1,0,0,0,0,0,0
Cameron Burgess,Ipswich Town,15,AUS,29,90.0,0,0,0,0,1,1,0,0,54,1,2,1,0.0,0.0,0.0,2,1,34,38,89.5,4,16,0,0,0,2024-10-26,0,1,0,0,0,0,0,0,0,0,0,0,0
Dara O'Shea,Ipswich Town,26,IRL,25,90.0,0,0,0,0,0,0,0,0,43,0,0,0,0.0,0.0,0.0,0,0,16,28,57.1,1,16,0,0,0,2024-10-26,0,1,0,0,0,0,0,0,0,0,0,0,0
Harry Clarke,Ipswich Town,2,ENG,23,68.0,0,0,0,0,0,0,2,1,37,2,1,1,0.0,0.0,0.0,0,0,19,27,70.4,4,10,0,0,0,2024-10-26,0,0,0,0,0,0,0,0,0,1,0,0,0
Arijanet Muric,Ipswich Town,1,KVX,25,90.0,0,0,0,0,0,0,0,0,40,0,0,0,0.0,0.0,0.0,0,0,16,35,45.7,0,21,0,0,0,2024-10-26,0,0,0,0,0,1,0,0,0,0,0,0,0
Danny Welbeck,Brighton & Hove Albion,18,ENG,33,72.0,1,0,0,0,4,1,0,0,28,0,0,1,0.6,0.6,0.1,1,0,8,14,57.1,1,17,1,3,0,2024-10-26,0,0,0,0,1,0,0,0,0,0,0,0,0
Evan Ferguson,Brighton & Hove Albion,28,IRL,20,18.0,1,0,0,0,1,1,0,0,5,0,0,1,0.1,0.1,0.0,0,0,2,2,100.0,0,4,1,0,0,2024-10-26,0,0,0,0,1,0,0,0,0,0,0,0,0
Georginio Rutter,Brighton & Hove Albion,14,FRA,22,79.0,0,1,0,0,4,0,1,0,39,1,1,0,0.2,0.2,0.5,6,1,18,24,75.0,7,19,2,6,2,2024-10-26,0,0,0,0,1,0,0,0,0,0,0,0,0
Tariq Lamptey,Brighton & Hove Albion,2,GHA,24,11.0,0,1,0,0,0,0,0,0,6,0,0,1,0.0,0.0,0.1,1,1,4,4,100.0,0,4,1,0,0,2024-10-26,0,0,0,0,0,0,0,0,0,1,0,0,0
Kaoru Mitoma,Brighton & Hove Albion,22,JPN,27,88.0,0,0,0,0,4,1,0,0,46,0,1,3,0.2,0.2,0.1,3,0,26,31,83.9,3,27,4,7,3,2024-10-26,0,0,0,0,0,0,0,1,0,0,0,0,0
Julio Enciso,Brighton & Hove Albion,10,PAR,20,2.0,0,0,0,0,0,0,0,0,3,0,0,0,0.0,0.0,0.0,0,0,0,1,0.0,0,1,0,2,1,2024-10-26,0,0,0,0,0,0,0,1,0,0,0,0,0
Yasin Ayari,Brighton & Hove Albion,26,SWE,21,90.0,0,0,0,0,1,0,0,0,50,4,0,0,0.1,0.1,0.2,4,0,25,35,71.4,2,20,2,1,1,2024-10-26,0,0,1,0,0,0,0,0,0,0,0,0,0
Carlos Baleba,Brighton & Hove Albion,20,CMR,20,79.0,0,0,0,0,3,2,0,0,56,2,3,1,0.1,0.1,0.1,2,0,41,46,89.1,5,29,2,1,1,2024-10-26,0,0,1,0,0,0,0,0,0,0,0,0,0
Mats Wieffer,Brighton & Hove Albion,27,NED,24,11.0,0,0,0,0,0,0,0,0,8,0,0,1,0.0,0.0,0.0,0,0,3,5,60.0,0,4,1,0,0,2024-10-26,0,0,1,0,0,0,0,0,0,0,0,0,0
Ferdi Kadioglu,Brighton & Hove Albion,24,TUR,25,71.0,0,0,0,0,0,0,0,0,30,2,0,0,0.0,0.0,0.0,3,1,16,24,66.7,2,24,0,1,1,2024-10-26,0,0,0,0,0,0,0,0,0,0,1,0,0
Brajan Gruda,Brighton & Hove Albion,8,GER,20,19.0,0,0,0,0,0,0,0,0,7,2,0,1,0.0,0.0,0.0,0,0,2,2,100.0,0,1,0,0,0,2024-10-26,0,0,0,0,0,0,0,0,0,0,1,0,0
Pervis Estupiñán,Brighton & Hove Albion,30,ECU,26,90.0,0,0,0,0,1,1,1,0,85,3,2,2,0.0,0.0,0.0,3,0,57,70,81.4,7,37,3,0,0,2024-10-26,0,0,0,0,0,0,1,0,0,0,0,0,0
Igor,Brighton & Hove Albion,3,BRA,26,90.0,0,0,0,0,0,0,1,0,89,0,0,3,0.0,0.0,0.0,0,0,72,78,92.3,5,62,2,2,2,2024-10-26,0,1,0,0,0,0,0,0,0,0,0,0,0
Jan Paul van Hecke,Brighton & Hove Albion,29,NED,24,90.0,0,0,0,0,0,0,0,0,82,2,1,0,0.0,0.0,0.0,2,0,66,71,93.0,12,59,1,1,0,2024-10-26,0,1,0,0,0,0,0,0,0,0,0,0,0
Joël Veltman,Brighton & Hove Albion,34,NED,32,90.0,0,0,0,0,1,0,0,0,57,1,1,1,0.0,0.0,0.0,2,0,40,49,81.6,6,27,1,0,0,2024-10-26,0,1,0,0,0,0,0,0,0,1,0,0,0
Bart Verbruggen,Brighton & Hove Albion,1,NED,22,90.0,0,0,0,0,0,0,0,0,46,0,0,0,0.0,0.0,0.0,0,0,37,44,84.1,0,31,0,0,0,2024-10-26,0,0,0,0,0,1,0,0,0,0,0,0,0
Jørgen Strand Larsen,Wolverhampton Wanderers,9,NOR,24,89.0,0,0,0,0,2,2,1,0,23,1,0,2,0.2,0.2,0.0,3,0,8,16,50.0,1,12,0,0,0,2024-10-26,0,0,0,0,1,0,0,0,0,0,0,0,0
André,Wolverhampton Wanderers,7,BRA,23,1.0,0,0,0,0,0,0,0,0,2,0,0,1,0.0,0.0,0.0,0,0,1,1,100.0,0,1,0,0,0,2024-10-26,0,0,1,0,1,0,0,0,0,0,0,0,0
Matheus Cunha,Wolverhampton Wanderers,10,BRA,25,90.0,1,0,0,0,5,2,0,0,44,1,0,2,0.2,0.2,0.6,6,0,20,31,64.5,3,25,7,6,3,2024-10-26,1,0,0,0,1,0,0,0,0,0,0,0,0
João Gomes,Wolverhampton Wanderers,8,BRA,23,89.0,0,0,0,0,1,0,0,0,41,2,1,1,0.0,0.0,0.1,3,0,27,32,84.4,5,21,1,1,0,2024-10-26,1,0,1,0,0,0,0,0,0,0,0,0,0
Gonçalo Guedes,Wolverhampton Wanderers,29,POR,27,1.0,0,0,0,0,0,0,0,0,4,2,0,0,0.0,0.0,0.0,0,0,1,2,50.0,0,0,0,0,0,2024-10-26,0,0,1,0,1,0,0,0,0,0,0,0,0
Mario Lemina,Wolverhampton Wanderers,5,GAB,31,45.0,0,0,0,0,0,0,0,0,26,4,0,0,0.0,0.0,0.0,0,0,17,19,89.5,0,12,0,0,0,2024-10-26,0,0,1,0,0,0,0,0,0,0,0,0,0
Pablo Sarabia,Wolverhampton Wanderers,21,ESP,32,45.0,0,0,0,0,0,0,0,0,30,0,0,1,0.0,0.0,0.4,3,0,16,25,64.0,1,17,1,0,0,2024-10-26,0,0,0,0,0,0,0,0,0,0,1,0,0
Tommy Doyle,Wolverhampton Wanderers,20,ENG,23,90.0,0,1,0,0,1,0,0,0,67,0,0,1,0.2,0.2,0.1,5,2,54,59,91.5,7,43,0,3,2,2024-10-26,0,0,1,0,0,0,0,0,0,0,0,0,0
Rayan Aït-Nouri,Wolverhampton Wanderers,3,ALG,23,90.0,1,0,0,0,1,1,1,0,66,2,1,0,0.1,0.1,0.0,2,0,51,57,89.5,6,38,0,7,4,2024-10-26,0,0,0,0,0,0,1,0,0,0,0,0,1
Nélson Semedo,Wolverhampton Wanderers,22,POR,30,90.0,0,0,0,0,1,1,0,0,55,6,1,2,0.0,0.0,0.0,1,0,26,33,78.8,2,16,3,3,1,2024-10-26,0,0,0,0,0,0,0,0,0,1,0,0,1
Toti Gomes,Wolverhampton Wanderers,24,POR,25,45.0,0,0,0,0,0,0,1,0,45,3,1,0,0.0,0.0,0.0,1,0,30,38,78.9,2,29,1,1,0,2024-10-26,0,1,0,0,0,0,0,0,0,0,0,0,0
Carlos Forbs,Wolverhampton Wanderers,26,POR,20,44.0,0,0,0,0,0,0,0,0,21,0,0,1,0.0,0.0,0.0,0,0,11,17,64.7,1,13,3,3,2,2024-10-26,0,0,0,0,0,0,0,1,0,0,0,0,0
Rodrigo Gomes,Wolverhampton Wanderers,19,POR,21,1.0,0,0,0,0,0,0,0,0,0,0,0,0,0.0,0.0,0.0,0,0,0,0,80.8,0,0,0,0,0,2024-10-26,0,0,0,0,0,0,0,1,0,0,0,0,0
Craig Dawson,Wolverhampton Wanderers,15,ENG,34,90.0,0,0,0,0,2,0,0,0,84,2,2,4,0.3,0.3,0.0,2,1,64,69,92.8,2,51,0,0,0,2024-10-26,0,1,0,0,0,0,0,0,0,0,0,0,0
Santiago Bueno,Wolverhampton Wanderers,4,URU,25,90.0,0,0,0,0,1,1,0,0,61,1,3,3,0.2,0.2,0.0,0,0,44,52,84.6,2,37,0,0,0,2024-10-26,0,1,0,0,0,0,0,0,0,0,0,0,0
José Sá,Wolverhampton Wanderers,1,POR,31,90.0,0,0,0,0,0,0,0,0,32,0,0,0,0.0,0.0,0.0,0,0,18,29,62.1,0,18,0,0,0,2024-10-26,0,0,0,0,0,1,0,0,0,0,0,0,0
Erling Haaland,Manchester City,9,NOR,24,90.0,1,0,0,0,8,3,0,0,16,0,0,0,2.3,2.3,0.0,0,0,5,6,83.3,0,10,1,0,0,2024-10-26,0,0,0,0,1,0,0,0,0,0,0,0,0
Matheus Nunes,Manchester City,27,POR,26,85.0,0,1,0,0,2,0,0,0,75,1,1,0,0.1,0.1,0.4,5,1,58,67,86.6,10,54,5,2,1,2024-10-26,0,0,0,0,0,0,0,1,0,0,0,0,0
İlkay Gündoğan,Manchester City,19,GER,34,5.0,0,0,0,0,0,0,0,0,4,1,0,0,0.0,0.0,0.0,1,0,3,3,100.0,0,1,0,0,0,2024-10-26,0,0,1,0,0,0,0,0,0,0,0,0,0
Bernardo Silva,Manchester City,20,POR,30,90.0,0,0,0,0,0,0,0,0,56,1,2,0,0.0,0.0,0.1,4,1,45,53,84.9,7,40,5,1,1,2024-10-26,0,0,1,0,0,0,0,0,0,0,1,0,0
Phil Foden,Manchester City,47,ENG,24,90.0,0,0,0,0,3,0,0,0,67,0,1,0,0.2,0.2,0.9,8,0,49,59,83.1,3,37,2,1,1,2024-10-26,0,0,1,0,0,0,0,0,0,0,0,0,0
Sávio,Manchester City,26,BRA,20,90.0,0,0,0,0,2,1,0,0,66,0,1,1,0.1,0.1,1.2,10,0,46,56,82.1,5,53,13,8,6,2024-10-26,0,0,0,0,0,0,0,1,0,0,1,0,0
Mateo Kovačić,Manchester City,8,CRO,30,90.0,0,0,0,0,3,1,1,0,74,6,2,2,0.2,0.2,0.0,2,0,56,62,90.3,5,44,3,0,0,2024-10-26,0,0,0,1,0,0,0,0,0,0,0,0,0
Joško Gvardiol,Manchester City,24,CRO,22,90.0,0,0,0,0,2,0,0,0,117,1,2,2,0.1,0.1,0.2,3,0,99,106,93.4,15,87,4,0,0,2024-10-26,0,0,0,0,0,0,1,0,0,0,0,0,0
Rúben Dias,Manchester City,3,POR,27,90.0,0,0,0,0,1,1,0,0,97,2,0,0,0.0,0.0,0.0,2,0,90,93,96.8,7,78,0,0,0,2024-10-26,0,1,0,0,0,0,0,0,0,0,0,0,0
Manuel Akanji,Manchester City,25,SUI,29,90.0,0,0,0,0,1,1,0,0,92,0,1,1,0.0,0.0,0.1,3,0,80,87,92.0,4,75,5,0,0,2024-10-26,0,1,0,0,0,0,0,0,0,0,0,0,0
Rico Lewis,Manchester City,82,ENG,19,89.0,0,0,0,0,0,0,0,0,48,0,0,0,0.0,0.0,0.0,2,0,44,45,97.8,9,30,0,0,0,2024-10-26,0,0,0,0,0,0,0,0,0,1,0,0,0
John Stones,Manchester City,5,ENG,30,1.0,0,0,0,0,0,0,0,0,0,0,0,0,0.0,0.0,0.0,0,0,0,0,80.8,0,0,0,0,0,2024-10-26,0,1,0,0,0,0,0,0,0,1,0,0,0
Ederson,Manchester City,31,BRA,31,90.0,0,0,0,0,0,0,0,0,23,0,0,0,0.0,0.0,0.0,0,0,20,23,87.0,0,17,0,0,0,2024-10-26,0,0,0,0,0,1,0,0,0,0,0,0,0
Cameron Archer,Southampton,19,ENG,23,86.0,0,0,0,0,1,0,0,0,13,1,0,2,0.1,0.1,0.0,0,0,3,3,100.0,1,7,2,3,0,2024-10-26,0,0,0,0,1,0,0,0,0,0,0,0,0
Paul Onuachu,Southampton,32,NGA,30,4.0,0,0,0,0,2,1,0,0,5,0,0,0,0.0,0.0,0.0,0,0,1,3,33.3,1,2,0,0,0,2024-10-26,0,0,0,0,1,0,0,0,0,0,0,0,0
Mateus Fernandes,Southampton,18,POR,20,90.0,0,0,0,0,0,0,0,0,62,5,2,2,0.0,0.0,0.1,1,0,40,48,83.3,3,40,3,5,2,2024-10-26,0,0,1,0,0,0,0,1,0,0,0,0,0
Adam Lallana,Southampton,10,ENG,36,59.0,0,0,0,0,0,0,1,0,37,1,0,2,0.0,0.0,0.0,0,0,26,30,86.7,2,25,2,1,1,2024-10-26,0,0,1,0,0,0,0,0,0,0,0,0,0
Joe Aribo,Southampton,7,NGA,28,31.0,0,0,0,0,0,0,0,0,17,1,0,0,0.0,0.0,0.0,1,0,15,17,88.2,0,8,0,1,1,2024-10-26,0,0,1,0,0,0,0,0,0,0,0,0,0
Flynn Downes,Southampton,4,ENG,25,86.0,0,0,0,0,0,0,1,0,42,4,1,0,0.0,0.0,0.0,1,0,34,36,94.4,3,26,0,0,0,2024-10-26,0,0,1,0,0,0,0,0,0,0,0,0,0
Kamaldeen Sulemana,Southampton,20,GHA,22,4.0,0,0,0,0,0,0,0,0,0,0,0,0,0.0,0.0,0.0,0,0,0,0,80.8,0,0,0,0,0,2024-10-26,0,0,1,0,0,0,0,1,0,0,0,0,0
Tyler Dibling,Southampton,33,ENG,18,45.0,0,0,0,0,0,0,0,0,18,0,0,0,0.0,0.0,0.0,0,0,10,15,66.7,0,13,1,2,1,2024-10-26,0,0,0,0,0,0,0,0,0,0,1,0,0
Adam Armstrong,Southampton,9,ENG,27,45.0,0,0,0,0,2,1,1,0,7,0,0,0,0.1,0.1,0.0,1,0,4,4,100.0,2,6,3,0,0,2024-10-26,0,0,0,0,0,0,0,0,0,0,1,0,0
Ryan Manning,Southampton,3,IRL,28,76.0,0,0,0,0,0,0,0,0,29,0,0,2,0.0,0.0,0.0,0,0,18,22,81.8,0,16,2,0,0,2024-10-26,0,0,0,0,0,0,1,0,0,0,0,0,0
James Bree,Southampton,14,ENG,27,14.0,0,0,0,0,0,0,0,0,10,0,0,0,0.0,0.0,0.0,2,0,8,10,80.0,1,9,0,1,1,2024-10-26,0,0,0,0,0,0,0,0,0,1,0,0,0
Jack Stephens,Southampton,5,ENG,30,90.0,0,0,0,0,0,0,0,0,45,1,1,0,0.0,0.0,0.1,1,0,36,38,94.7,3,20,0,0,0,2024-10-26,0,1,0,0,0,0,0,0,0,0,0,0,0
Jan Bednarek,Southampton,35,POL,28,90.0,0,0,0,0,0,0,0,0,87,0,0,2,0.0,0.0,0.0,1,0,74,78,94.9,1,69,0,0,0,2024-10-26,0,1,0,0,0,0,0,0,0,0,0,0,0
Taylor Harwood-Bellis,Southampton,6,ENG,22,90.0,0,0,0,0,0,0,0,0,86,1,0,6,0.0,0.0,0.0,0,0,68,71,95.8,2,56,0,0,0,2024-10-26,0,1,0,0,0,0,0,0,0,0,0,0,0
Kyle Walker-Peters,Southampton,2,ENG,27,90.0,0,0,0,0,0,0,0,0,74,0,1,0,0.0,0.0,0.0,2,0,60,63,95.2,2,55,2,4,0,2024-10-26,0,0,0,0,0,0,1,0,0,1,0,0,0
Aaron Ramsdale,Southampton,30,ENG,26,90.0,0,0,0,0,0,0,0,0,68,0,1,0,0.0,0.0,0.0,0,0,57,65,87.7,0,54,0,0,0,2024-10-26,0,0,0,0,0,1,0,0,0,0,0,0,0
Ollie Watkins,Aston Villa,11,ENG,28,81.0,0,0,0,0,3,2,0,0,20,1,0,0,0.3,0.3,0.3,3,0,8,12,66.7,1,17,2,2,1,2024-10-26,0,0,0,0,1,0,0,0,0,0,0,0,0
Boubacar Kamara,Aston Villa,44,FRA,24,9.0,0,0,0,0,0,0,0,0,6,0,1,0,0.0,0.0,0.0,0,0,4,5,80.0,1,4,0,1,0,2024-10-26,0,0,1,0,0,0,0,0,0,0,0,0,0
Morgan Rogers,Aston Villa,27,ENG,22,56.0,0,0,0,0,1,0,0,0,15,1,0,0,0.1,0.1,0.1,1,0,10,12,83.3,2,16,1,0,0,2024-10-26,0,0,0,0,1,0,0,0,0,0,0,0,0
Jhon Durán,Aston Villa,9,COL,20,34.0,0,0,0,0,3,1,0,0,19,2,0,1,0.3,0.3,0.0,1,0,7,10,70.0,0,11,0,0,0,2024-10-26,0,0,0,0,1,0,0,0,0,0,0,0,0
Jacob Ramsey,Aston Villa,41,ENG,23,90.0,0,0,0,0,0,0,1,0,47,0,2,1,0.0,0.0,0.1,6,0,30,41,73.2,5,37,7,1,1,2024-10-26,0,0,0,0,0,0,0,1,0,0,0,0,0
Youri Tielemans,Aston Villa,8,BEL,27,90.0,0,0,0,0,4,1,1,0,88,1,2,1,0.2,0.2,0.1,8,0,56,78,71.8,13,51,7,2,0,2024-10-26,0,0,1,0,0,0,0,0,0,0,0,0,0
Amadou Onana,Aston Villa,24,BEL,23,45.0,0,0,0,0,2,1,1,0,39,1,0,1,0.2,0.2,0.0,1,0,28,32,87.5,1,27,0,1,1,2024-10-26,0,0,1,0,0,0,0,0,0,0,0,0,0
Ross Barkley,Aston Villa,6,ENG,30,45.0,1,0,0,0,2,1,1,0,28,0,0,1,0.5,0.5,0.0,0,0,18,23,78.3,1,16,0,0,0,2024-10-26,0,0,1,0,1,0,0,0,0,0,0,0,0
John McGinn,Aston Villa,7,SCO,30,70.0,0,0,0,0,0,0,1,0,22,0,0,1,0.0,0.0,0.1,3,0,14,18,77.8,3,15,0,1,1,2024-10-26,0,0,0,0,0,0,0,0,0,0,1,0,0
Leon Bailey,Aston Villa,31,JAM,27,20.0,0,1,0,0,0,0,0,0,4,0,0,0,0.0,0.0,0.2,1,1,1,2,50.0,0,2,0,0,0,2024-10-26,0,0,0,0,0,0,0,0,0,0,1,0,0
Lucas Digne,Aston Villa,12,FRA,31,70.0,0,0,0,0,0,0,1,0,39,2,3,0,0.0,0.0,0.3,2,0,29,34,85.3,1,21,0,1,0,2024-10-26,0,0,0,0,0,0,1,0,0,0,0,0,0
Ian Maatsen,Aston Villa,22,NED,22,20.0,0,0,0,0,0,0,0,0,11,0,0,0,0.0,0.0,0.0,1,1,6,7,85.7,0,5,0,2,0,2024-10-26,0,0,0,0,0,0,1,0,0,0,0,0,0
Pau Torres,Aston Villa,14,ESP,27,90.0,0,0,0,0,2,1,0,0,44,0,0,0,0.1,0.1,0.0,0,0,34,37,91.9,5,26,0,0,0,2024-10-26,0,1,0,0,0,0,0,0,0,0,0,0,0
Ezri Konsa,Aston Villa,4,ENG,27,90.0,0,0,0,0,1,1,0,0,73,2,1,0,0.1,0.1,0.1,3,0,59,67,88.1,3,57,0,1,1,2024-10-26,0,1,0,0,0,0,0,0,0,0,0,0,0
Matty Cash,Aston Villa,2,POL,27,90.0,0,0,0,0,0,0,1,0,52,1,2,1,0.0,0.0,0.1,2,0,39,45,86.7,1,27,1,1,1,2024-10-26,0,0,0,0,0,0,0,0,0,1,0,0,0
Emiliano Martínez,Aston Villa,23,ARG,32,90.0,0,0,0,0,0,0,0,0,55,0,0,0,0.0,0.0,0.0,1,0,40,52,76.9,0,29,0,0,0,2024-10-26,0,0,0,0,0,1,0,0,0,0,0,0,0
Enes Ünal,Bournemouth,26,TUR,27,63.0,0,0,0,0,2,0,1,0,23,1,0,0,0.1,0.1,0.0,0,0,8,11,72.7,2,10,0,2,0,2024-10-26,0,0,0,0,1,0,0,0,0,0,0,0,0
Evanilson,Bournemouth,9,BRA,25,27.0,1,0,0,0,1,1,0,0,8,0,0,0,0.0,0.0,0.0,1,0,3,5,60.0,0,7,1,0,0,2024-10-26,0,0,0,0,1,0,0,0,0,0,0,0,0
Antoine Semenyo,Bournemouth,24,GHA,24,90.0,0,0,0,0,1,0,1,0,38,2,0,0,0.0,0.0,0.1,3,0,18,28,64.3,0,32,4,3,2,2024-10-26,0,0,0,0,0,0,0,0,1,0,0,0,0
Dango Ouattara,Bournemouth,11,BFA,22,90.0,0,0,0,0,2,1,0,0,34,1,1,1,0.0,0.0,0.0,1,0,8,15,53.3,0,9,2,3,0,2024-10-26,0,0,0,0,0,0,1,0,0,0,0,1,0
Justin Kluivert,Bournemouth,19,NED,25,63.0,0,0,0,0,2,1,1,0,19,0,0,2,0.0,0.0,0.0,2,0,9,12,75.0,2,11,1,2,1,2024-10-26,1,0,0,0,0,0,0,0,0,0,0,0,0
Marcus Tavernier,Bournemouth,16,ENG,25,27.0,0,1,0,0,1,0,1,0,16,1,0,0,0.0,0.0,0.1,3,2,9,13,69.2,1,9,3,0,0,2024-10-26,1,0,0,0,0,0,0,0,0,0,0,0,0
Lewis Cook,Bournemouth,4,ENG,27,90.0,0,0,0,0,0,0,0,0,61,2,1,3,0.0,0.0,0.0,1,0,44,52,84.6,6,35,1,0,0,2024-10-26,0,0,0,1,0,0,0,0,0,0,0,0,0
Ryan Christie,Bournemouth,10,SCO,29,80.0,0,0,0,0,0,0,0,0,57,2,1,0,0.0,0.0,0.0,1,0,39,46,84.8,8,35,1,1,1,2024-10-26,0,0,0,1,0,0,0,0,0,0,0,0,0
Tyler Adams,Bournemouth,12,USA,25,10.0,0,0,0,0,0,0,0,0,3,0,0,0,0.0,0.0,0.0,0,0,3,3,100.0,1,2,0,0,0,2024-10-26,0,0,0,1,0,0,0,0,0,0,0,0,0
Milos Kerkez,Bournemouth,3,HUN,20,80.0,0,0,0,0,1,0,0,0,31,1,3,1,0.0,0.0,0.1,3,0,21,23,91.3,2,22,2,0,0,2024-10-26,0,0,0,0,0,0,1,0,0,0,0,0,0
David Brooks,Bournemouth,7,WAL,27,10.0,0,0,0,0,0,0,0,0,6,1,0,0,0.0,0.0,0.0,1,0,2,3,66.7,0,2,0,0,0,2024-10-26,0,0,0,0,0,0,0,0,0,0,0,1,0
Marcos Senesi,Bournemouth,5,ARG,27,90.0,0,0,0,0,0,0,0,0,74,3,1,1,0.0,0.0,0.0,1,0,52,68,76.5,8,52,1,1,1,2024-10-26,0,1,0,0,0,0,0,0,0,0,0,0,0
Illia Zabarnyi,Bournemouth,27,UKR,22,90.0,0,0,0,0,0,0,0,0,46,2,2,4,0.0,0.0,0.0,2,0,30,35,85.7,1,28,2,0,0,2024-10-26,0,1,0,0,0,0,0,0,0,0,0,0,0
Julian Araujo,Bournemouth,22,MEX,23,29.0,0,0,0,0,0,0,1,0,11,1,1,0,0.0,0.0,0.0,0,0,8,8,100.0,2,3,0,0,0,2024-10-26,0,0,0,0,0,0,0,0,0,1,0,0,0
Adam Smith,Bournemouth,15,ENG,33,61.0,0,0,0,0,0,0,1,0,27,0,1,1,0.0,0.0,0.0,1,0,16,20,80.0,1,12,0,1,0,2024-10-26,0,0,0,0,0,0,0,0,0,1,0,0,0
Mark Travers,Bournemouth,42,IRL,25,90.0,0,0,0,0,0,0,0,0,30,0,0,0,0.0,0.0,0.0,0,0,18,23,78.3,0,11,0,0,0,2024-10-26,0,0,0,0,0,1,0,0,0,0,0,0,0
Dominic Calvert-Lewin,Everton,9,ENG,27,80.0,0,0,0,0,1,0,0,0,25,1,1,0,0.1,0.1,0.1,1,0,9,15,60.0,1,11,0,0,0,2024-10-26,0,0,0,0,1,0,0,0,0,0,0,0,0
Beto,Everton,14,GNB,26,10.0,1,0,0,0,3,2,0,0,7,0,0,0,0.4,0.4,0.0,0,0,0,2,0.0,0,4,1,0,0,2024-10-26,0,0,0,0,1,0,0,0,0,0,0,0,0
Iliman Ndiaye,Everton,10,SEN,24,90.0,0,0,0,0,0,0,0,0,36,0,2,2,0.0,0.0,0.0,2,1,23,29,79.3,3,25,1,3,1,2024-10-26,0,0,0,0,0,0,0,0,1,0,0,0,0
Jack Harrison,Everton,11,ENG,27,67.0,0,0,0,0,1,0,0,0,27,1,0,2,0.1,0.1,0.1,1,0,8,15,53.3,1,16,0,2,0,2024-10-26,0,0,0,0,0,0,0,0,0,0,0,1,0
Jesper Lindstrøm,Everton,29,DEN,24,23.0,0,0,0,0,1,1,0,0,10,0,0,0,0.0,0.0,0.0,1,0,5,8,62.5,1,5,0,1,0,2024-10-26,0,0,0,0,0,0,0,0,0,0,0,1,0
Dwight McNeil,Everton,7,ENG,24,85.0,0,0,0,0,1,1,0,0,39,0,1,0,0.1,0.1,0.0,3,0,26,35,74.3,4,21,1,3,2,2024-10-26,1,0,0,0,0,0,0,0,0,0,0,0,0
Jarrad Branthwaite,Everton,32,ENG,22,5.0,0,0,0,0,0,0,0,0,6,0,0,0,0.0,0.0,0.0,1,0,2,4,50.0,0,3,0,0,0,2024-10-26,0,1,0,0,0,0,0,0,0,0,0,0,0
Idrissa Gana Gueye,Everton,27,SEN,35,90.0,0,0,0,0,1,0,0,0,56,5,2,1,0.0,0.0,0.0,0,0,41,48,85.4,7,28,1,2,2,2024-10-26,0,0,0,1,0,0,0,0,0,0,0,0,0
Abdoulaye Doucouré,Everton,16,MLI,31,79.0,0,0,0,0,1,1,0,0,42,3,1,1,0.1,0.1,0.0,2,0,33,37,89.2,2,16,1,0,0,2024-10-26,0,0,0,1,0,0,0,0,0,0,0,0,0
Orel Mangala,Everton,8,BEL,26,11.0,0,0,0,0,0,0,0,0,11,0,0,0,0.0,0.0,0.0,1,0,9,10,90.0,1,5,0,1,1,2024-10-26,0,0,0,1,0,0,0,0,0,0,0,0,0
Vitaliy Mykolenko,Everton,19,UKR,25,90.0,0,0,0,0,0,0,0,0,54,1,1,1,0.0,0.0,0.1,2,0,35,48,72.9,4,25,1,1,1,2024-10-26,0,0,0,0,0,0,1,0,0,0,0,0,0
Michael Keane,Everton,5,ENG,31,90.0,0,0,0,0,1,0,0,0,50,3,0,3,0.0,0.0,0.0,1,0,25,34,73.5,2,19,1,0,0,2024-10-26,1,1,0,0,0,0,0,0,0,0,0,0,0
James Tarkowski,Everton,6,ENG,31,90.0,0,0,0,0,0,0,1,0,59,2,0,1,0.0,0.0,0.1,3,0,42,49,85.7,3,25,0,0,0,2024-10-26,0,1,0,0,0,0,0,0,0,0,0,0,0
Ashley Young,Everton,18,ENG,39,90.0,0,1,0,0,0,0,0,0,61,3,0,0,0.0,0.0,0.3,1,1,44,53,83.0,4,26,1,0,0,2024-10-26,0,0,0,0,0,0,0,0,0,1,0,0,0
Jordan Pickford,Everton,1,ENG,30,90.0,0,0,0,0,0,0,0,0,47,0,0,0,0.0,0.0,0.0,1,0,29,42,69.0,0,24,0,0,0,2024-10-26,0,0,0,0,0,1,0,0,0,0,0,0,0
Raúl Jiménez,Fulham,7,MEX,33,89.0,0,0,0,0,4,1,0,0,41,1,0,3,0.5,0.5,0.4,2,0,20,26,76.9,5,17,0,2,1,2024-10-26,0,0,0,0,1,0,0,0,0,0,0,0,0
Rodrigo Muniz,Fulham,9,BRA,23,1.0,0,0,0,0,0,0,0,0,1,0,0,0,0.0,0.0,0.0,0,0,1,1,100.0,0,0,0,0,0,2024-10-26,0,0,0,0,1,0,0,0,0,0,0,0,0
Alex Iwobi,Fulham,17,NGA,28,89.0,1,0,0,0,2,1,0,0,60,1,0,1,0.2,0.2,0.0,1,0,36,49,73.5,6,44,5,6,3,2024-10-26,0,0,0,0,0,0,0,0,1,0,0,1,0
Jorge Cuenca,Fulham,15,ESP,24,1.0,0,0,0,0,0,0,0,0,4,1,0,0,0.0,0.0,0.0,0,0,1,2,50.0,1,1,0,0,0,2024-10-26,0,1,0,0,0,0,0,0,0,0,0,0,0
Adama Traoré,Fulham,11,ESP,28,67.0,0,0,0,0,1,1,0,0,36,0,0,1,0.1,0.1,0.2,4,0,21,29,72.4,3,29,1,1,0,2024-10-26,0,0,0,0,0,0,0,0,0,0,0,1,0
Reiss Nelson,Fulham,19,ENG,24,23.0,0,0,0,0,0,0,0,0,13,0,0,2,0.0,0.0,0.1,2,0,8,9,88.9,2,11,1,2,1,2024-10-26,0,0,0,0,0,0,0,1,1,0,0,0,0
Emile Smith Rowe,Fulham,32,ENG,24,78.0,0,1,0,0,2,0,0,0,55,2,0,0,0.3,0.3,0.1,5,2,44,46,95.7,2,41,1,2,1,2024-10-26,1,0,0,0,0,0,0,0,0,0,0,0,0
Harrison Reed,Fulham,6,ENG,29,12.0,0,0,0,0,1,0,0,0,9,0,0,0,0.0,0.0,0.0,0,0,4,7,57.1,0,2,0,0,0,2024-10-26,0,0,1,1,0,0,0,0,0,0,0,0,0
Sander Berge,Fulham,16,NOR,26,90.0,0,0,0,0,0,0,0,0,65,2,0,2,0.0,0.0,0.0,2,0,52,57,91.2,8,35,1,0,0,2024-10-26,0,0,1,1,0,0,0,0,0,0,0,0,0
Andreas Pereira,Fulham,18,BRA,28,78.0,0,0,0,0,1,0,0,0,44,0,0,0,0.0,0.0,0.1,4,0,29,40,72.5,4,29,0,1,0,2024-10-26,0,0,0,1,0,0,0,0,0,0,0,0,0
Harry Wilson,Fulham,8,WAL,27,12.0,0,0,0,0,0,0,0,0,5,0,0,0,0.0,0.0,0.0,0,0,4,4,100.0,1,4,0,0,0,2024-10-26,1,0,0,0,0,0,0,0,0,0,1,0,0
Antonee Robinson,Fulham,33,USA,27,90.0,0,0,0,0,1,0,0,0,77,2,0,0,0.0,0.0,0.0,1,0,52,65,80.0,3,32,1,1,0,2024-10-26,0,0,0,0,0,0,1,0,0,0,0,0,0
Calvin Bassey,Fulham,3,NGA,24,90.0,0,0,0,0,0,0,0,0,82,1,1,0,0.0,0.0,0.0,0,0,73,79,92.4,2,58,1,0,0,2024-10-26,0,1,0,0,0,0,0,0,0,0,0,0,0
Issa Diop,Fulham,31,FRA,27,90.0,0,0,0,0,1,0,0,0,91,0,1,1,0.1,0.1,0.0,1,0,72,80,90.0,2,70,0,1,1,2024-10-26,0,1,0,0,0,0,0,0,0,0,0,0,0
Kenny Tete,Fulham,2,NED,29,90.0,0,0,0,0,1,0,0,0,95,6,2,1,0.0,0.0,0.3,1,0,63,80,78.8,5,52,2,1,0,2024-10-26,0,0,0,0,0,0,0,0,0,1,0,0,0
Bernd Leno,Fulham,1,GER,32,90.0,0,0,0,0,0,0,0,0,64,0,0,0,0.0,0.0,0.0,0,0,59,64,92.2,0,53,0,0,0,2024-10-26,0,0,0,0,0,1,0,0,0,0,0,0,0
Nicolas Jackson,Chelsea,15,SEN,23,77.0,1,0,0,0,1,1,0,0,20,0,0,0,0.6,0.6,0.2,4,0,12,17,70.6,2,16,2,2,1,2024-10-27,0,0,0,0,1,0,0,0,0,0,0,0,0
Christopher Nkunku,Chelsea,18,FRA,26,13.0,0,0,0,0,2,0,1,0,6,0,0,0,0.1,0.1,0.0,3,0,2,2,100.0,1,4,2,1,1,2024-10-27,0,0,0,0,1,0,0,0,0,0,0,0,0
Pedro Neto,Chelsea,7,POR,24,90.0,0,1,0,0,5,2,1,0,49,0,2,2,0.2,0.2,0.8,5,2,30,35,85.7,1,31,5,5,3,2024-10-27,0,0,0,0,0,0,0,0,1,0,0,1,0
Noni Madueke,Chelsea,11,ENG,22,66.0,0,0,0,0,2,2,1,0,39,1,0,3,0.1,0.1,0.1,3,0,21,27,77.8,3,29,9,2,1,2024-10-27,0,0,0,0,0,0,0,0,0,0,0,1,0
Mykhailo Mudryk,Chelsea,10,UKR,23,24.0,0,0,0,0,1,1,0,0,12,1,0,1,0.3,0.3,0.0,0,0,5,5,100.0,0,7,1,1,0,2024-10-27,0,0,0,0,0,0,0,0,1,0,0,0,0
Cole Palmer,Chelsea,20,ENG,22,90.0,1,0,0,0,1,1,0,0,52,0,1,1,0.0,0.0,0.3,4,0,33,47,70.2,4,36,3,3,1,2024-10-27,1,0,0,0,0,0,0,0,0,0,0,0,0
Roméo Lavia,Chelsea,45,BEL,20,71.0,0,1,0,0,0,0,1,0,49,1,2,1,0.0,0.0,0.0,2,1,41,43,95.3,5,39,0,0,0,2024-10-27,0,0,0,1,0,0,0,0,0,0,0,0,0
Enzo Fernández,Chelsea,8,ARG,23,19.0,0,0,0,0,0,0,0,0,15,2,0,0,0.0,0.0,0.1,1,0,8,10,80.0,0,9,0,0,0,2024-10-27,0,0,0,1,0,0,0,0,0,0,0,0,0
Moisés Caicedo,Chelsea,25,ECU,22,90.0,0,0,0,0,1,0,0,0,69,4,6,1,0.1,0.1,0.1,3,0,49,53,92.5,7,36,0,1,0,2024-10-27,0,0,0,1,0,0,0,0,0,0,0,0,0
Reece James,Chelsea,24,ENG,24,90.0,0,0,0,0,0,0,0,0,79,0,2,2,0.0,0.0,0.0,0,0,59,73,80.8,2,49,0,0,0,2024-10-27,0,0,0,0,0,0,1,0,0,1,0,0,0
Levi Colwill,Chelsea,6,ENG,21,90.0,0,0,0,0,0,0,0,0,68,1,1,0,0.0,0.0,0.0,2,1,48,55,87.3,2,35,0,0,0,2024-10-27,0,1,0,0,0,0,0,0,0,0,0,0,0
Wesley Fofana,Chelsea,29,FRA,23,90.0,0,0,0,0,0,0,1,0,61,0,1,3,0.0,0.0,0.0,1,0,38,42,90.5,1,35,0,1,0,2024-10-27,0,1,0,0,0,0,0,0,0,0,0,0,0
Malo Gusto,Chelsea,27,FRA,21,77.0,0,0,0,0,4,0,0,0,52,2,1,1,0.3,0.3,0.0,1,0,35,41,85.4,5,36,0,1,0,2024-10-27,0,0,0,0,0,0,0,0,0,1,0,0,0
Marc Cucurella,Chelsea,3,ESP,26,13.0,0,0,0,0,0,0,0,0,3,0,0,0,0.0,0.0,0.0,0,0,2,3,66.7,0,3,0,0,0,2024-10-27,0,0,0,0,0,0,1,0,0,0,0,0,0
Robert Sánchez,Chelsea,1,ESP,26,90.0,0,0,0,0,0,0,1,0,44,0,0,0,0.0,0.0,0.0,0,0,21,42,50.0,0,34,0,0,0,2024-10-27,0,0,0,0,0,1,0,0,0,0,0,0,0
Alexander Isak,Newcastle United,14,SWE,25,90.0,1,0,0,0,3,1,0,0,37,1,0,1,1.2,1.2,0.2,1,0,18,25,72.0,2,24,2,2,1,2024-10-27,0,0,0,0,1,0,0,0,0,0,0,0,0
Harvey Barnes,Newcastle United,11,ENG,26,67.0,0,0,0,0,1,0,0,0,20,0,0,0,0.2,0.2,0.0,4,1,11,15,73.3,3,17,0,3,2,2024-10-27,0,0,0,0,0,0,0,0,1,0,0,0,0
Joe Willock,Newcastle United,28,ENG,25,23.0,0,0,0,0,0,0,0,0,14,1,0,0,0.0,0.0,0.2,1,0,9,12,75.0,0,12,1,1,0,2024-10-27,0,0,0,0,0,0,0,0,1,0,0,0,0
Miguel Almirón,Newcastle United,24,PAR,30,67.0,0,0,0,0,2,1,0,0,18,0,0,0,0.2,0.2,0.0,2,0,9,15,60.0,1,12,0,0,0,2024-10-27,0,0,0,0,0,0,0,0,0,0,0,1,0
Jacob Murphy,Newcastle United,23,ENG,29,23.0,0,0,0,0,0,0,0,0,14,0,0,0,0.0,0.0,0.0,0,0,9,14,64.3,1,11,1,0,0,2024-10-27,0,0,0,0,0,0,0,0,0,0,0,1,0
Joelinton,Newcastle United,7,BRA,28,88.0,0,0,0,0,0,0,0,0,44,1,2,0,0.0,0.0,0.0,2,0,34,40,85.0,5,28,1,3,1,2024-10-27,0,0,0,0,0,0,0,1,0,0,0,0,0
William Osula,Newcastle United,18,DEN,21,2.0,0,0,0,0,0,0,0,0,1,0,0,0,0.0,0.0,0.0,0,0,0,0,80.8,0,0,0,0,0,2024-10-27,0,0,0,0,0,0,0,1,0,0,0,0,0
Bruno Guimarães,Newcastle United,39,BRA,26,90.0,0,0,0,0,1,0,0,0,71,1,1,3,0.0,0.0,0.1,2,0,51,59,86.4,8,54,1,2,1,2024-10-27,0,0,1,0,0,0,0,0,0,0,0,0,0
Sandro Tonali,Newcastle United,8,ITA,24,67.0,0,0,0,0,1,0,1,0,26,2,0,1,0.0,0.0,0.0,1,0,13,18,72.2,1,14,0,1,1,2024-10-27,0,0,0,0,0,0,0,0,0,0,1,0,0
Sean Longstaff,Newcastle United,36,ENG,26,23.0,0,0,0,0,0,0,1,0,17,3,0,1,0.0,0.0,0.0,0,0,10,12,83.3,1,13,0,0,0,2024-10-27,0,0,0,0,0,0,0,0,0,0,1,0,0
Lewis Hall,Newcastle United,20,ENG,20,88.0,0,1,0,0,0,0,0,0,75,2,1,2,0.0,0.0,1.2,6,1,54,68,79.4,2,32,0,0,0,2024-10-27,0,0,0,0,0,0,1,0,0,0,0,0,0
Lloyd Kelly,Newcastle United,25,ENG,26,2.0,0,0,0,0,0,0,0,0,4,0,0,0,0.0,0.0,0.0,0,0,2,4,50.0,0,3,0,0,0,2024-10-27,0,0,0,0,0,0,1,0,0,0,0,0,0
Dan Burn,Newcastle United,33,ENG,32,90.0,0,0,0,0,1,0,0,0,74,0,0,0,0.1,0.1,0.0,0,0,62,69,89.9,2,46,0,0,0,2024-10-27,0,1,0,0,0,0,0,0,0,0,0,0,0
Fabian Schär,Newcastle United,5,SUI,32,90.0,0,0,0,0,2,0,1,0,70,1,1,1,0.1,0.1,0.0,0,0,49,60,81.7,4,48,0,0,0,2024-10-27,0,1,0,0,0,0,0,0,0,0,0,0,0
Valentino Livramento,Newcastle United,21,ENG,21,90.0,0,0,0,0,0,0,0,0,53,1,1,1,0.0,0.0,0.1,1,0,39,47,83.0,7,35,1,1,0,2024-10-27,0,0,0,0,0,0,0,0,0,1,0,0,0
Nick Pope,Newcastle United,22,ENG,32,90.0,0,0,0,0,0,0,0,0,43,0,0,0,0.0,0.0,0.0,0,0,30,37,81.1,0,23,0,0,0,2024-10-27,0,0,0,0,0,1,0,0,0,0,0,0,0
Michail Antonio,West Ham United,9,JAM,34,70.0,0,0,0,0,1,0,0,0,37,0,0,1,0.1,0.1,0.8,4,0,16,27,59.3,2,24,5,3,3,2024-10-27,0,0,0,0,1,0,0,0,0,0,0,0,0
Danny Ings,West Ham United,18,ENG,32,20.0,0,1,0,0,1,0,0,0,7,1,0,0,0.2,0.2,0.5,2,2,3,4,75.0,0,1,0,1,1,2024-10-27,0,0,0,0,1,0,0,0,0,0,0,0,0
Carlos Soler,West Ham United,4,ESP,27,45.0,0,0,0,0,0,0,0,0,17,0,0,1,0.0,0.0,0.0,1,0,11,14,78.6,1,8,1,0,0,2024-10-27,0,0,0,0,0,0,0,0,1,0,0,0,0
Crysencio Summerville,West Ham United,7,NED,22,45.0,1,0,0,0,1,1,1,0,18,0,0,0,0.5,0.5,0.2,5,0,9,14,64.3,3,9,2,3,3,2024-10-27,0,0,0,0,0,0,0,1,1,0,0,0,0
Jarrod Bowen,West Ham United,20,ENG,27,90.0,1,0,1,1,2,0,0,0,39,2,0,1,0.8,0.1,0.5,2,0,14,27,51.9,5,20,4,1,0,2024-10-27,0,0,0,0,0,0,0,0,0,0,1,1,0
Lucas Paquetá,West Ham United,10,BRA,27,45.0,0,0,0,0,1,0,1,0,33,0,1,0,0.0,0.0,0.0,0,0,21,29,72.4,2,16,0,0,0,2024-10-27,1,0,0,0,0,0,0,0,0,0,0,0,0
Tomáš Souček,West Ham United,28,CZE,29,45.0,0,0,0,0,1,0,0,0,33,0,2,0,0.0,0.0,0.0,0,0,19,22,86.4,3,10,0,1,0,2024-10-27,1,0,1,0,0,0,0,0,0,0,0,0,0
Guido Rodríguez,West Ham United,24,ARG,30,89.0,0,0,0,0,0,0,0,0,46,4,1,1,0.0,0.0,0.0,0,0,30,36,83.3,1,25,0,0,0,2024-10-27,0,0,0,1,0,0,0,0,0,0,0,0,0
Aaron Cresswell,West Ham United,3,ENG,34,1.0,0,0,0,0,0,0,1,0,5,0,0,0,0.0,0.0,0.0,0,0,1,3,33.3,0,0,0,0,0,2024-10-27,0,1,0,0,0,0,0,0,0,0,0,0,0
Edson Álvarez,West Ham United,19,MEX,27,90.0,0,0,0,0,0,0,0,0,62,1,3,2,0.0,0.0,0.0,1,0,43,49,87.8,4,40,2,0,0,2024-10-27,0,0,1,1,0,0,0,0,0,0,0,0,0
Emerson Palmieri,West Ham United,33,ITA,30,90.0,0,0,0,0,2,1,1,0,54,2,2,0,0.9,0.9,0.0,2,0,31,43,72.1,0,27,2,1,0,2024-10-27,0,0,0,0,0,0,1,0,0,0,0,0,0
Max Kilman,West Ham United,26,ENG,27,90.0,0,0,0,0,2,0,0,0,48,1,0,4,0.4,0.4,0.0,0,0,31,33,93.9,2,26,0,0,0,2024-10-27,0,1,0,0,0,0,0,0,0,0,0,0,0
Konstantinos Mavropanos,West Ham United,15,GRE,26,45.0,0,0,0,0,0,0,1,0,30,0,0,1,0.0,0.0,0.0,0,0,26,28,92.9,1,18,0,0,0,2024-10-27,0,1,0,0,0,0,0,0,0,0,0,0,0
Jean-Clair Todibo,West Ham United,25,FRA,24,45.0,0,0,0,0,0,0,0,0,28,0,1,0,0.0,0.0,0.0,1,0,19,22,86.4,4,15,0,0,0,2024-10-27,0,1,0,0,0,0,0,0,0,0,0,0,0
Aaron Wan-Bissaka,West Ham United,29,ENG,26,90.0,0,0,0,0,0,0,0,0,70,0,2,0,0.0,0.0,0.0,4,1,40,55,72.7,7,29,5,6,3,2024-10-27,0,0,0,0,0,0,0,0,0,1,0,0,0
Łukasz Fabiański,West Ham United,1,POL,39,90.0,0,0,0,0,0,0,0,0,35,0,0,0,0.0,0.0,0.0,0,0,24,30,80.0,0,16,0,0,0,2024-10-27,0,0,0,0,0,1,0,0,0,0,0,0,0
Rasmus Højlund,Manchester United,9,DEN,21,90.0,0,0,0,0,2,2,0,0,25,1,0,0,0.6,0.6,0.0,3,0,16,18,88.9,1,14,2,2,1,2024-10-27,0,0,0,0,1,0,0,0,0,0,0,0,0
Alejandro Garnacho,Manchester United,17,ARG,20,90.0,0,0,0,0,3,0,0,0,60,1,0,0,0.2,0.2,0.6,4,0,34,48,70.8,3,30,10,0,0,2024-10-27,0,0,0,0,0,0,0,0,1,0,0,0,0
Marcus Rashford,Manchester United,10,ENG,26,58.0,0,0,0,0,0,0,0,0,31,0,0,0,0.0,0.0,0.0,1,0,17,25,68.0,0,23,0,3,1,2024-10-27,0,0,0,0,0,0,0,0,0,0,0,1,0
Amad Diallo,Manchester United,16,CIV,22,32.0,0,0,0,0,2,1,0,0,27,1,0,0,0.0,0.0,0.0,2,0,17,20,85.0,4,17,0,3,1,2024-10-27,0,0,0,0,0,0,0,0,0,0,0,1,0
Bruno Fernandes,Manchester United,8,POR,30,90.0,0,0,0,0,5,0,0,0,91,1,0,0,0.5,0.5,0.7,6,0,61,78,78.2,10,62,3,3,1,2024-10-27,1,0,0,1,0,0,0,0,0,0,0,0,0
Casemiro,Manchester United,18,BRA,32,90.0,1,0,0,0,2,2,0,0,94,2,1,3,0.4,0.4,0.3,7,0,65,77,84.4,10,51,1,1,1,2024-10-27,0,0,0,1,0,0,0,0,0,0,0,0,0
Christian Eriksen,Manchester United,14,DEN,32,78.0,0,0,0,0,1,0,0,0,51,1,1,1,0.0,0.0,0.1,3,0,36,45,80.0,3,26,0,0,0,2024-10-27,0,0,0,1,0,0,0,0,0,0,0,0,0
Joshua Zirkzee,Manchester United,11,NED,23,12.0,0,1,0,0,2,0,0,0,6,0,0,0,0.2,0.2,0.3,1,1,1,4,25.0,0,3,0,0,0,2024-10-27,1,0,0,1,0,0,0,0,0,0,0,0,0
Noussair Mazraoui,Manchester United,3,MAR,26,83.0,0,0,0,0,0,0,0,0,64,5,0,3,0.0,0.0,0.0,1,0,46,50,92.0,4,29,0,1,1,2024-10-27,0,0,0,0,0,0,1,0,0,0,0,0,0
Victor Lindelöf,Manchester United,2,SWE,30,7.0,0,0,0,0,0,0,0,0,17,0,0,0,0.0,0.0,0.0,1,0,14,16,87.5,4,11,0,0,0,2024-10-27,0,1,0,0,0,0,0,0,0,0,0,0,0
Lisandro Martínez,Manchester United,6,ARG,26,90.0,0,0,0,0,0,0,0,0,76,5,0,3,0.0,0.0,0.0,0,0,56,63,88.9,2,43,0,0,0,2024-10-27,0,1,0,0,0,0,1,0,0,0,0,0,0
Matthijs de Ligt,Manchester United,4,NED,25,90.0,0,0,0,0,0,0,1,0,63,0,2,1,0.0,0.0,0.0,1,0,53,55,96.4,2,40,0,0,0,2024-10-27,0,1,0,0,0,0,0,0,0,0,0,0,0
Diogo Dalot,Manchester United,20,POR,25,90.0,0,0,0,0,1,0,0,0,70,2,2,2,0.5,0.5,0.1,5,0,45,59,76.3,4,38,1,1,1,2024-10-27,0,0,0,0,0,0,0,0,0,1,0,0,0
André Onana,Manchester United,24,CMR,28,90.0,0,0,0,0,0,0,0,0,39,0,0,0,0.0,0.0,0.0,0,0,25,37,67.6,0,30,0,0,0,2024-10-27,0,0,0,0,0,1,0,0,0,0,0,0,0
Jean-Philippe Mateta,Crystal Palace,14,FRA,27,90.0,1,0,0,0,1,1,1,0,24,0,0,0,0.1,0.1,0.0,0,0,10,15,66.7,2,7,0,0,0,2024-10-27,0,0,0,0,1,0,0,0,0,0,0,0,0
Eberechi Eze,Crystal Palace,10,ENG,26,90.0,0,1,0,0,4,1,0,0,56,3,0,2,0.2,0.2,0.1,3,1,23,40,57.5,4,30,3,7,3,2024-10-27,1,0,0,0,0,0,0,0,0,0,0,0,0
Ismaila Sarr,Crystal Palace,7,SEN,26,66.0,0,0,0,0,2,2,0,0,21,1,0,1,0.1,0.1,0.0,5,0,8,13,61.5,1,12,4,0,0,2024-10-27,1,0,0,0,0,0,0,0,0,0,0,0,0
Eddie Nketiah,Crystal Palace,9,ENG,25,24.0,0,0,0,0,0,0,0,0,14,3,0,0,0.0,0.0,0.0,1,0,6,8,75.0,0,7,1,1,0,2024-10-27,1,0,0,0,0,0,0,0,0,0,0,0,0
Jefferson Lerma,Crystal Palace,8,COL,30,21.0,0,0,0,0,0,0,0,0,12,1,1,2,0.0,0.0,0.0,0,0,3,6,50.0,0,4,0,0,0,2024-10-27,0,0,1,0,0,0,0,0,0,0,0,0,0
Will Hughes,Crystal Palace,19,ENG,29,69.0,0,0,0,0,1,0,1,0,39,3,2,1,0.0,0.0,0.1,4,0,13,27,48.1,2,10,2,0,0,2024-10-27,0,0,1,0,0,0,0,0,0,0,0,0,0
Adam Wharton,Crystal Palace,20,ENG,20,87.0,0,0,0,0,2,1,0,0,47,4,3,2,0.1,0.1,0.0,4,0,18,29,62.1,9,14,1,0,0,2024-10-27,0,0,1,0,0,0,0,0,0,0,0,0,0
Daichi Kamada,Crystal Palace,18,JPN,28,3.0,0,0,0,0,0,0,0,0,6,1,0,1,0.0,0.0,0.0,0,0,2,3,66.7,1,2,1,0,0,2024-10-27,0,0,1,0,0,0,0,0,0,0,0,0,0
Tyrick Mitchell,Crystal Palace,3,ENG,25,90.0,0,0,0,0,0,0,0,0,48,1,1,1,0.0,0.0,0.1,2,0,21,34,61.8,4,21,2,2,1,2024-10-27,0,0,0,0,0,0,0,0,0,0,0,0,1
Daniel Muñoz,Crystal Palace,12,COL,28,90.0,0,0,0,0,2,0,1,0,52,9,1,1,0.1,0.1,0.2,3,1,23,31,74.2,4,17,1,2,0,2024-10-27,0,0,0,0,0,0,0,0,0,0,0,0,1
Marc Guéhi,Crystal Palace,6,ENG,24,90.0,0,0,0,0,1,1,0,0,30,0,0,5,0.2,0.2,0.0,0,0,12,14,85.7,1,8,0,0,0,2024-10-27,0,1,0,0,0,0,0,0,0,0,0,0,0
Maxence Lacroix,Crystal Palace,5,FRA,24,90.0,0,0,0,0,1,0,1,0,30,3,2,0,0.1,0.1,0.0,0,0,15,21,71.4,3,12,0,0,0,2024-10-27,0,1,0,0,0,0,0,0,0,0,0,0,0
Trevoh Chalobah,Crystal Palace,27,ENG,25,90.0,0,0,0,0,0,0,0,0,37,3,1,2,0.0,0.0,0.0,0,0,13,23,56.5,2,9,0,0,0,2024-10-27,0,1,0,0,0,0,0,0,0,0,0,0,0
Dean Henderson,Crystal Palace,1,ENG,27,90.0,0,0,0,0,0,0,0,0,34,0,0,0,0.0,0.0,0.0,0,0,14,32,43.8,0,18,0,0,0,2024-10-27,0,0,0,0,0,1,0,0,0,0,0,0,0
Dominic Solanke,Tottenham Hotspur,19,ENG,27,90.0,0,0,0,0,1,0,0,0,36,1,0,1,0.0,0.0,0.0,2,0,12,22,54.5,5,20,2,6,2,2024-10-27,0,0,0,0,1,0,0,0,0,0,0,0,0
Mikey Moore,Tottenham Hotspur,47,ENG,17,61.0,0,0,0,0,0,0,0,0,22,0,1,0,0.0,0.0,0.0,5,0,11,15,73.3,3,18,2,4,0,2024-10-27,0,0,0,0,0,0,0,0,1,0,0,0,0
Timo Werner,Tottenham Hotspur,16,GER,28,29.0,0,0,0,0,0,0,0,0,15,0,0,1,0.0,0.0,0.0,0,0,8,13,61.5,4,12,2,0,0,2024-10-27,0,0,0,0,0,0,0,1,0,0,0,0,0
Brennan Johnson,Tottenham Hotspur,22,WAL,23,90.0,0,0,0,0,3,0,1,0,28,3,0,0,0.3,0.3,0.1,2,0,11,22,50.0,3,16,2,1,1,2024-10-27,0,0,0,0,0,0,0,0,0,0,1,1,0
James Maddison,Tottenham Hotspur,10,ENG,27,61.0,0,0,0,0,2,2,0,0,46,2,0,1,0.1,0.1,0.1,1,0,29,37,78.4,8,30,0,2,1,2024-10-27,0,0,0,0,0,0,0,1,0,0,0,0,0
Richarlison,Tottenham Hotspur,9,BRA,27,29.0,0,0,0,0,0,0,1,0,12,1,0,0,0.0,0.0,0.0,0,0,5,7,71.4,2,7,0,1,0,2024-10-27,0,0,0,0,1,0,0,0,0,0,0,0,0
Yves Bissouma,Tottenham Hotspur,8,MLI,28,86.0,0,0,0,0,0,0,0,0,59,1,2,2,0.0,0.0,0.0,1,0,36,43,83.7,4,31,0,5,1,2024-10-27,0,0,1,0,0,0,0,0,0,0,0,0,0
Rodrigo Bentancur,Tottenham Hotspur,30,URU,27,4.0,0,0,0,0,1,0,0,0,17,0,0,0,0.0,0.0,0.0,1,0,15,16,93.8,1,14,0,0,0,2024-10-27,0,0,1,0,0,0,0,0,0,0,0,0,0
Dejan Kulusevski,Tottenham Hotspur,21,SWE,24,61.0,0,0,0,0,1,1,1,0,28,0,1,1,0.1,0.1,0.0,1,0,17,24,70.8,2,18,4,1,1,2024-10-27,0,0,0,0,0,0,0,0,0,0,1,0,0
Pape Matar Sarr,Tottenham Hotspur,29,SEN,22,29.0,0,0,0,0,0,0,0,0,37,1,1,0,0.0,0.0,0.0,0,0,31,35,88.6,6,29,2,1,0,2024-10-27,0,0,1,0,0,0,0,0,0,0,0,0,0
Destiny Udogie,Tottenham Hotspur,13,ITA,21,90.0,0,0,0,0,0,0,0,0,80,1,1,2,0.0,0.0,0.1,2,0,51,62,82.3,8,50,3,5,2,2024-10-27,0,0,0,0,0,0,1,0,0,0,0,0,0
Micky van de Ven,Tottenham Hotspur,37,NED,23,90.0,0,0,0,0,1,0,1,0,85,1,2,0,0.1,0.1,0.0,1,0,64,75,85.3,1,55,0,1,1,2024-10-27,0,1,0,0,0,0,0,0,0,0,0,0,0
Cristian Romero,Tottenham Hotspur,17,ARG,26,90.0,0,0,0,0,1,0,0,0,93,6,2,1,0.1,0.1,0.1,2,0,67,77,87.0,2,51,0,1,0,2024-10-27,0,1,0,0,0,0,0,0,0,0,0,0,0
Pedro Porro,Tottenham Hotspur,23,ESP,25,90.0,0,0,0,0,1,0,0,0,86,2,0,0,0.0,0.0,0.0,2,0,50,81,61.7,6,45,3,0,0,2024-10-27,0,0,0,0,0,0,0,0,0,1,0,0,0
Guglielmo Vicario,Tottenham Hotspur,1,ITA,28,90.0,0,0,0,0,0,0,0,0,46,0,0,0,0.0,0.0,0.0,0,0,38,42,90.5,0,32,0,0,0,2024-10-27,0,0,0,0,0,1,0,0,0,0,0,0,0
Leandro Trossard,Arsenal,19,BEL,29,90.0,0,0,0,0,0,0,0,0,32,2,0,2,0.0,0.0,0.0,1,0,20,26,76.9,6,18,2,1,1,2024-10-27,0,0,0,0,1,0,0,1,0,0,0,0,0
Kai Havertz,Arsenal,29,GER,25,90.0,0,0,0,0,2,0,0,0,40,0,0,1,0.2,0.2,0.1,2,0,18,24,75.0,2,16,2,3,0,2024-10-27,0,0,0,0,1,0,0,0,0,0,0,0,0
Gabriel Martinelli,Arsenal,11,BRA,23,84.0,0,0,0,0,1,0,0,0,35,1,0,0,0.1,0.1,0.1,1,0,16,28,57.1,1,20,5,2,2,2024-10-27,0,0,0,0,0,0,0,1,0,0,0,0,0
Ethan Nwaneri,Arsenal,53,ENG,17,6.0,0,0,0,0,0,0,0,0,5,0,0,1,0.0,0.0,0.0,0,0,2,3,66.7,0,2,0,0,0,2024-10-27,0,0,0,0,1,0,0,0,0,0,0,0,0
Mikel Merino,Arsenal,23,ESP,28,90.0,1,0,0,0,2,1,0,0,43,3,1,1,0.4,0.4,0.0,2,0,27,34,79.4,7,19,1,0,0,2024-10-27,0,0,1,0,0,0,0,0,0,0,0,0,0
Declan Rice,Arsenal,41,ENG,25,90.0,0,1,0,0,0,0,0,0,60,2,2,1,0.0,0.0,0.4,3,1,45,56,80.4,7,21,3,0,0,2024-10-27,0,0,1,0,0,0,0,0,0,0,0,0,0
Bukayo Saka,Arsenal,7,ENG,23,84.0,1,0,0,0,2,1,0,0,36,1,0,1,0.2,0.2,0.0,2,1,15,26,57.7,1,21,2,4,2,2024-10-27,0,0,0,0,0,0,0,0,0,0,1,0,0
Gabriel Jesus,Arsenal,9,BRA,27,6.0,0,0,0,0,2,1,1,0,6,0,0,0,0.1,0.1,0.0,2,0,1,2,50.0,0,4,0,2,1,2024-10-27,0,0,0,0,0,0,0,0,0,0,1,0,0
Jurriën Timber,Arsenal,12,NED,23,75.0,0,0,0,0,0,0,0,0,30,2,0,1,0.0,0.0,0.1,1,0,18,20,90.0,5,11,2,0,0,2024-10-27,0,0,0,0,0,0,1,0,0,0,0,0,0
Myles Lewis-Skelly,Arsenal,49,ENG,18,15.0,0,0,0,0,0,0,0,0,13,1,0,0,0.0,0.0,0.0,0,0,8,11,72.7,2,4,1,0,0,2024-10-27,0,0,0,0,0,0,1,0,0,0,0,0,0
Gabriel Magalhães,Arsenal,6,BRA,26,53.0,0,0,0,0,0,0,0,0,34,0,2,0,0.0,0.0,0.0,0,0,25,31,80.6,0,15,0,0,0,2024-10-27,0,1,0,0,0,0,0,0,0,0,0,0,0
Jakub Kiwior,Arsenal,15,POL,24,37.0,0,0,0,0,0,0,0,0,15,0,0,1,0.0,0.0,0.0,0,0,9,10,90.0,1,4,0,0,0,2024-10-27,0,1,0,0,0,0,0,0,0,0,0,0,0
Ben White,Arsenal,4,ENG,27,90.0,0,1,0,0,0,0,0,0,58,0,1,0,0.0,0.0,0.2,1,1,46,52,88.5,4,27,0,0,0,2024-10-27,0,1,0,0,0,0,0,0,0,0,0,0,0
Thomas Partey,Arsenal,5,GHA,31,90.0,0,0,0,0,0,0,0,0,70,5,1,1,0.0,0.0,0.0,2,1,45,57,78.9,3,26,1,1,0,2024-10-27,0,0,0,0,0,0,0,0,0,1,0,0,0
David Raya,Arsenal,22,ESP,29,90.0,0,0,0,0,0,0,1,0,37,0,0,0,0.0,0.0,0.0,0,0,25,35,71.4,0,22,0,0,0,2024-10-27,0,0,0,0,0,1,0,0,0,0,0,0,0
Darwin Núñez,Liverpool,9,URU,25,90.0,0,1,0,0,0,0,1,0,24,1,0,0,0.0,0.0,0.3,2,1,13,18,72.2,2,14,0,3,2,2024-10-27,0,0,0,0,1,0,0,0,0,0,0,0,0
Luis Díaz,Liverpool,7,COL,27,62.0,0,1,0,0,0,0,0,0,27,3,1,1,0.0,0.0,0.3,1,1,11,14,78.6,0,14,1,5,2,2024-10-27,0,0,0,0,0,0,0,0,1,0,0,0,0
Cody Gakpo,Liverpool,18,NED,25,28.0,0,0,0,0,0,0,0,0,22,0,1,0,0.0,0.0,0.0,1,0,13,19,68.4,1,16,1,1,1,2024-10-27,0,0,0,0,0,0,0,0,1,0,0,0,0
Mohamed Salah,Liverpool,11,EGY,32,90.0,1,0,0,0,3,2,0,0,42,0,0,0,0.4,0.4,0.0,2,0,26,37,70.3,3,29,4,4,2,2024-10-27,0,0,0,0,0,0,0,0,0,0,0,1,0
Curtis Jones,Liverpool,17,ENG,23,89.0,0,0,0,0,1,0,0,0,54,3,0,2,0.1,0.1,0.0,0,0,42,43,97.7,6,32,0,1,0,2024-10-27,1,0,0,1,0,0,0,0,0,0,0,0,0
Wataru Endo,Liverpool,3,JPN,31,1.0,0,0,0,0,0,0,0,0,1,0,0,0,0.0,0.0,0.0,0,0,1,1,100.0,0,0,0,0,0,2024-10-27,0,0,0,1,0,0,0,0,0,0,0,0,0
Alexis Mac Allister,Liverpool,10,ARG,25,62.0,0,0,0,0,1,1,1,0,25,1,0,0,0.1,0.1,0.0,2,0,16,20,80.0,4,11,0,0,0,2024-10-27,0,0,0,1,0,0,0,0,0,0,0,0,0
Dominik Szoboszlai,Liverpool,8,HUN,24,28.0,0,0,0,0,0,0,0,0,15,0,0,2,0.0,0.0,0.0,0,0,11,13,84.6,0,9,2,0,0,2024-10-27,1,0,0,0,0,0,0,0,0,0,0,0,0
Ryan Gravenberch,Liverpool,38,NED,22,90.0,0,0,0,0,1,0,0,0,61,2,1,2,0.0,0.0,0.0,1,0,42,47,89.4,2,36,0,2,1,2024-10-27,0,0,0,1,0,0,0,0,0,0,0,0,0
Andrew Robertson,Liverpool,26,SCO,30,62.0,0,0,0,0,0,0,0,0,34,1,0,0,0.0,0.0,0.0,1,0,21,30,70.0,1,13,0,1,0,2024-10-27,0,0,0,0,0,0,1,0,0,0,0,0,0
Kostas Tsimikas,Liverpool,21,GRE,28,28.0,0,0,0,0,0,0,0,0,28,2,1,0,0.0,0.0,0.0,0,0,20,24,83.3,1,12,0,0,0,2024-10-27,0,0,0,0,0,0,1,0,0,0,0,0,0
Virgil van Dijk,Liverpool,4,NED,33,90.0,1,0,0,0,1,1,0,0,93,1,1,0,0.3,0.3,0.0,1,0,73,84,86.9,1,48,0,0,0,2024-10-27,0,1,0,0,0,0,0,0,0,0,0,0,0
Ibrahima Konaté,Liverpool,5,FRA,25,90.0,0,0,0,0,0,0,0,0,71,2,0,1,0.0,0.0,0.0,1,0,54,61,88.5,2,40,0,0,0,2024-10-27,0,1,0,0,0,0,0,0,0,0,0,0,0
Trent Alexander-Arnold,Liverpool,66,ENG,26,90.0,0,0,0,0,2,0,0,0,66,0,0,1,0.0,0.0,0.1,3,2,42,61,68.9,5,33,1,0,0,2024-10-27,0,0,0,0,0,0,0,0,0,1,0,0,0
Caoimhín Kelleher,Liverpool,62,IRL,25,90.0,0,0,0,0,0,0,0,0,42,0,0,0,0.0,0.0,0.0,0,0,26,42,61.9,0,32,0,1,1,2024-10-27,0,0,0,0,0,1,0,0,0,0,0,0,0
Alexander Isak,Newcastle United,14,SWE,25,90.0,1,0,0,0,2,2,0,0,28,0,0,0,0.3,0.3,0.0,0,0,15,20,75.0,1,14,1,3,1,2024-11-02,0,0,0,0,1,0,0,0,0,0,0,0,0
Joelinton,Newcastle United,7,BRA,28,90.0,0,0,0,0,1,1,0,0,35,2,0,0,0.0,0.0,0.0,1,0,23,25,92.0,3,21,0,0,0,2024-11-02,0,0,0,0,0,0,0,0,1,0,0,0,0
Anthony Gordon,Newcastle United,10,ENG,23,84.0,0,1,0,0,0,0,0,0,38,3,1,0,0.0,0.0,0.3,3,1,18,34,52.9,3,25,4,0,0,2024-11-02,0,0,0,0,0,0,0,0,0,0,0,1,0
Harvey Barnes,Newcastle United,11,ENG,26,6.0,0,0,0,0,0,0,0,0,5,1,0,1,0.0,0.0,0.0,1,0,2,4,50.0,0,2,0,0,0,2024-11-02,0,0,0,0,0,0,0,0,0,0,1,1,0
Joe Willock,Newcastle United,28,ENG,25,64.0,0,0,0,0,2,1,1,0,24,2,0,2,0.1,0.1,0.0,4,0,11,14,78.6,3,15,2,1,1,2024-11-02,0,0,0,0,0,0,0,1,0,0,0,0,0
Sandro Tonali,Newcastle United,8,ITA,24,26.0,0,0,0,0,0,0,1,0,13,0,1,0,0.0,0.0,0.0,0,0,5,8,62.5,0,3,1,2,0,2024-11-02,0,0,1,0,0,0,0,1,0,0,0,0,0
Bruno Guimarães,Newcastle United,39,BRA,26,89.0,0,0,0,0,2,0,0,0,51,1,0,1,0.0,0.0,0.0,2,0,28,37,75.7,3,35,1,2,2,2024-11-02,0,0,1,0,0,0,0,0,0,0,0,0,0
Lloyd Kelly,Newcastle United,25,ENG,26,1.0,0,0,0,0,0,0,0,0,1,0,0,0,0.0,0.0,0.0,0,0,0,1,0.0,0,0,0,0,0,2024-11-02,0,1,1,0,0,0,0,0,0,0,0,0,0
Sean Longstaff,Newcastle United,36,ENG,27,90.0,0,0,0,0,1,0,0,0,29,6,1,2,0.0,0.0,0.0,2,1,14,19,73.7,4,16,0,0,0,2024-11-02,0,0,0,0,0,0,0,0,0,0,1,0,0
Lewis Hall,Newcastle United,20,ENG,20,90.0,0,0,0,0,0,0,0,0,57,4,1,2,0.0,0.0,0.0,0,0,30,41,73.2,0,16,0,0,0,2024-11-02,0,0,0,0,0,0,1,0,0,0,0,0,0
Dan Burn,Newcastle United,33,ENG,32,90.0,0,0,0,0,0,0,0,0,26,0,0,0,0.0,0.0,0.0,0,0,16,23,69.6,0,8,0,0,0,2024-11-02,0,1,0,0,0,0,0,0,0,0,0,0,0
Fabian Schär,Newcastle United,5,SUI,32,90.0,0,0,0,0,1,0,1,0,46,0,1,1,0.1,0.1,0.0,1,0,22,33,66.7,3,21,0,1,1,2024-11-02,0,1,0,0,0,0,0,0,0,0,0,0,0
Valentino Livramento,Newcastle United,21,ENG,21,90.0,0,0,0,0,0,0,0,0,44,4,1,0,0.0,0.0,0.1,4,0,28,34,82.4,4,20,1,1,1,2024-11-02,0,0,0,0,0,0,0,0,0,1,0,0,0
Nick Pope,Newcastle United,22,ENG,32,90.0,0,0,0,0,0,0,1,0,28,0,0,0,0.0,0.0,0.0,0,0,6,28,21.4,0,13,0,0,0,2024-11-02,0,0,0,0,0,1,0,0,0,0,0,0,0
Leandro Trossard,Arsenal,19,BEL,29,70.0,0,0,0,0,2,0,0,0,34,1,0,2,0.1,0.1,0.0,1,0,16,20,80.0,5,20,2,2,0,2024-11-02,0,0,0,0,1,0,0,0,0,0,0,0,0
Gabriel Jesus,Arsenal,9,BRA,27,20.0,0,0,0,0,0,0,0,0,19,0,0,1,0.0,0.0,0.0,0,0,12,16,75.0,0,12,1,1,0,2024-11-02,0,0,0,0,1,0,0,0,1,0,0,0,0
Kai Havertz,Arsenal,29,GER,25,90.0,0,0,0,0,0,0,1,0,29,1,1,2,0.0,0.0,0.2,2,0,14,18,77.8,1,17,0,0,0,2024-11-02,0,0,0,0,1,0,0,0,0,0,0,0,0
Gabriel Martinelli,Arsenal,11,BRA,23,60.0,0,0,0,0,0,0,0,0,30,1,1,1,0.0,0.0,0.0,1,0,13,18,72.2,2,18,3,7,1,2024-11-02,0,0,0,0,0,0,0,1,0,0,0,0,0
Ethan Nwaneri,Arsenal,53,ENG,17,30.0,0,0,0,0,1,0,0,0,8,1,0,1,0.0,0.0,0.0,0,0,6,6,100.0,0,7,1,0,0,2024-11-02,0,0,0,0,0,0,0,1,0,0,0,1,0
Mikel Merino,Arsenal,23,ESP,28,60.0,0,0,0,0,2,0,1,0,29,1,0,1,0.4,0.4,0.0,1,0,17,23,73.9,6,14,0,0,0,2024-11-02,0,0,1,0,0,0,0,0,0,0,0,0,0
Oleksandr Zinchenko,Arsenal,17,UKR,27,30.0,0,0,0,0,0,0,0,0,38,0,0,2,0.0,0.0,0.0,1,0,26,34,76.5,7,26,0,0,0,2024-11-02,0,0,1,0,0,0,0,1,0,0,0,0,0
Declan Rice,Arsenal,41,ENG,25,90.0,0,0,0,0,2,0,0,0,76,2,2,2,0.3,0.3,0.1,3,0,54,66,81.8,7,32,1,1,0,2024-11-02,0,0,1,0,0,0,0,0,0,0,0,0,0
Bukayo Saka,Arsenal,7,ENG,23,90.0,0,0,0,0,2,0,0,0,47,3,0,0,0.2,0.2,0.3,2,0,26,31,83.9,1,36,3,4,0,2024-11-02,0,0,0,0,0,0,0,0,0,0,1,0,0
Jurriën Timber,Arsenal,12,NED,23,70.0,0,0,0,0,1,0,1,0,46,0,0,2,0.0,0.0,0.0,2,0,36,40,90.0,6,27,2,1,1,2024-11-02,0,0,0,0,0,0,1,0,0,0,0,0,0
Ben White,Arsenal,4,ENG,27,20.0,0,0,0,0,0,0,0,0,35,0,1,0,0.0,0.0,0.0,1,0,27,34,79.4,3,17,2,0,0,2024-11-02,0,1,0,0,0,0,1,0,0,0,0,0,0
Gabriel Magalhães,Arsenal,6,BRA,26,90.0,0,0,0,0,0,0,0,0,76,1,0,2,0.0,0.0,0.0,1,0,62,72,86.1,3,44,0,0,0,2024-11-02,0,1,0,0,0,0,0,0,0,0,0,0,0
William Saliba,Arsenal,2,FRA,23,90.0,0,0,0,0,0,0,0,0,75,3,1,0,0.0,0.0,0.0,2,0,63,67,94.0,1,34,0,0,0,2024-11-02,0,1,0,0,0,0,0,0,0,0,0,0,0
Thomas Partey,Arsenal,5,GHA,31,85.0,0,0,0,0,0,0,0,0,78,3,0,0,0.0,0.0,0.4,1,0,62,70,88.6,12,39,0,1,1,2024-11-02,0,0,0,0,0,0,0,0,0,1,0,0,0
Jorginho,Arsenal,20,ITA,32,5.0,0,0,0,0,0,0,1,0,7,0,0,0,0.0,0.0,0.0,0,0,5,7,71.4,1,4,0,0,0,2024-11-02,0,0,1,0,0,0,0,0,0,0,0,0,0
David Raya,Arsenal,22,ESP,29,90.0,0,0,0,0,0,0,0,0,32,0,0,0,0.0,0.0,0.0,1,0,24,32,75.0,0,25,0,0,0,2024-11-02,0,0,0,0,0,1,0,0,0,0,0,0,0
Cameron Archer,Southampton,19,ENG,23,89.0,0,0,0,0,1,0,0,0,23,1,0,0,0.1,0.1,0.2,1,0,10,12,83.3,1,17,1,4,1,2024-11-02,0,0,0,0,1,0,0,0,0,0,0,0,0
Paul Onuachu,Southampton,32,NGA,30,1.0,0,0,0,0,0,0,1,0,4,0,0,0,0.0,0.0,0.0,0,0,1,2,50.0,0,2,0,1,0,2024-11-02,0,0,0,0,1,0,0,0,0,0,0,0,0
Mateus Fernandes,Southampton,18,POR,20,89.0,0,0,0,0,0,0,1,0,58,2,1,1,0.0,0.0,0.0,2,0,39,44,88.6,8,40,4,9,6,2024-11-02,0,0,1,0,0,0,0,1,0,0,0,0,0
Lesley Ugochukwu,Southampton,26,FRA,20,1.0,0,0,0,0,0,0,0,0,2,1,1,0,0.0,0.0,0.0,0,0,1,1,100.0,0,1,0,0,0,2024-11-02,0,0,1,0,0,0,0,0,0,0,0,0,0
Adam Lallana,Southampton,10,ENG,36,45.0,0,0,0,0,0,0,0,0,35,1,0,0,0.0,0.0,0.0,0,0,25,28,89.3,7,24,1,2,1,2024-11-02,0,0,1,0,0,0,0,0,0,0,0,0,0
Joe Aribo,Southampton,7,NGA,28,45.0,0,0,0,0,2,1,0,0,39,1,0,1,0.0,0.0,0.0,0,0,24,27,88.9,0,27,2,0,0,2024-11-02,0,0,1,0,0,0,0,0,0,0,0,0,0
Flynn Downes,Southampton,4,ENG,25,90.0,0,0,0,0,0,0,0,0,61,2,1,1,0.0,0.0,0.1,1,0,51,54,94.4,4,45,3,0,0,2024-11-02,0,0,1,0,0,0,0,0,0,0,0,0,0
Adam Armstrong,Southampton,9,ENG,27,90.0,1,0,0,0,3,1,0,0,41,0,0,0,0.3,0.3,0.0,1,0,22,31,71.0,1,35,0,2,1,2024-11-02,0,0,0,0,0,0,0,0,1,0,1,0,0
Ryan Manning,Southampton,3,IRL,28,58.0,0,0,0,0,0,0,0,0,27,0,0,0,0.0,0.0,0.1,2,0,20,24,83.3,1,16,0,1,0,2024-11-02,0,0,0,0,0,0,1,0,0,0,0,0,0
Tyler Dibling,Southampton,33,ENG,18,32.0,0,0,0,0,0,0,1,0,19,1,0,0,0.0,0.0,0.0,3,0,12,14,85.7,3,14,1,3,1,2024-11-02,0,0,0,0,0,0,1,0,0,0,0,1,0
Jack Stephens,Southampton,5,ENG,30,78.0,0,0,0,0,0,0,0,0,75,1,0,0,0.0,0.0,0.0,0,0,65,71,91.5,6,50,0,0,0,2024-11-02,0,1,0,0,0,0,0,0,0,0,0,0,0
Yukinari Sugawara,Southampton,16,JPN,24,12.0,0,1,0,0,0,0,0,0,8,0,0,0,0.0,0.0,0.1,1,1,5,7,71.4,0,5,2,0,0,2024-11-02,0,0,0,0,0,0,0,0,0,1,0,0,0
Jan Bednarek,Southampton,35,POL,28,90.0,0,0,0,0,0,0,1,0,92,0,3,0,0.0,0.0,0.0,0,0,79,85,92.9,1,65,0,1,1,2024-11-02,0,1,0,0,0,0,0,0,0,0,0,0,0
Taylor Harwood-Bellis,Southampton,6,ENG,22,90.0,0,0,0,0,2,0,0,0,111,2,0,1,0.3,0.3,0.0,1,1,89,97,91.8,7,77,0,0,0,2024-11-02,0,1,0,0,0,0,0,0,0,0,0,0,0
Kyle Walker-Peters,Southampton,2,ENG,27,90.0,0,0,0,0,1,0,0,0,93,2,1,2,0.0,0.0,0.2,5,0,79,84,94.0,3,74,4,3,1,2024-11-02,0,0,0,0,0,0,1,0,0,1,0,0,0
Aaron Ramsdale,Southampton,30,ENG,26,90.0,0,0,0,0,0,0,0,0,48,0,0,0,0.0,0.0,0.0,0,0,37,45,82.2,0,30,0,0,0,2024-11-02,0,0,0,0,0,1,0,0,0,0,0,0,0
Dominic Calvert-Lewin,Everton,9,ENG,27,61.0,0,0,0,0,1,0,0,0,13,0,0,0,0.1,0.1,0.0,0,0,4,8,50.0,0,7,1,2,2,2024-11-02,0,0,0,0,1,0,0,0,0,0,0,0,0
Beto,Everton,14,GNB,26,29.0,0,0,0,0,1,0,0,0,4,0,0,0,0.7,0.7,0.0,2,0,0,1,0.0,0,4,1,1,1,2024-11-02,0,0,0,0,1,0,0,0,0,0,0,0,0
Iliman Ndiaye,Everton,10,SEN,24,61.0,0,0,0,0,2,1,0,0,23,2,1,0,0.0,0.0,0.0,1,0,10,13,76.9,0,13,4,2,0,2024-11-02,0,0,0,0,0,0,0,0,1,0,0,0,0
Jack Harrison,Everton,11,ENG,27,29.0,0,0,0,0,2,0,0,0,10,0,0,0,0.3,0.3,0.0,0,0,6,7,85.7,0,5,0,0,0,2024-11-02,1,0,0,0,0,0,0,0,1,0,1,0,0
Jesper Lindstrøm,Everton,29,DEN,24,87.0,0,0,0,0,3,2,0,0,45,3,1,1,0.1,0.1,0.1,6,0,21,29,72.4,0,19,3,2,1,2024-11-02,0,0,0,0,0,0,0,0,0,0,0,1,0
Jarrad Branthwaite,Everton,32,ENG,22,3.0,0,0,0,0,0,0,0,0,6,0,0,0,0.0,0.0,0.0,0,0,5,6,83.3,0,5,1,0,0,2024-11-02,0,1,0,0,0,0,0,0,0,0,0,0,0
Dwight McNeil,Everton,7,ENG,24,90.0,0,0,0,0,0,0,0,0,39,1,0,1,0.0,0.0,0.3,4,0,21,32,65.6,2,22,3,6,4,2024-11-02,1,0,0,0,0,0,0,1,1,0,0,0,0
Orel Mangala,Everton,8,BEL,26,90.0,0,0,0,0,3,1,0,0,36,2,1,0,0.2,0.2,0.0,3,0,25,28,89.3,1,18,0,3,3,2024-11-02,0,0,1,1,0,0,0,0,0,0,0,0,0
Idrissa Gana Gueye,Everton,27,SEN,35,90.0,0,0,0,0,1,0,0,0,53,6,1,1,0.0,0.0,0.1,4,0,38,40,95.0,6,22,1,0,0,2024-11-02,0,0,1,1,0,0,0,0,0,0,0,0,0
Vitaliy Mykolenko,Everton,19,UKR,25,90.0,0,0,0,0,1,0,0,0,46,3,1,0,0.0,0.0,0.0,1,0,26,38,68.4,4,24,2,0,0,2024-11-02,0,0,0,0,0,0,1,0,0,0,0,0,0
Michael Keane,Everton,5,ENG,31,90.0,0,0,0,0,1,1,1,0,41,1,0,1,0.1,0.1,0.0,1,0,30,34,88.2,1,16,0,0,0,2024-11-02,0,1,0,0,1,0,0,0,0,0,0,0,0
James Tarkowski,Everton,6,ENG,31,90.0,0,0,0,0,1,0,1,0,45,2,0,2,0.0,0.0,0.7,1,0,29,35,82.9,1,17,0,0,0,2024-11-02,0,1,0,0,0,0,0,0,0,0,0,0,0
Ashley Young,Everton,18,ENG,39,90.0,0,0,0,0,0,0,0,0,42,1,2,0,0.0,0.0,0.1,5,0,27,36,75.0,9,17,1,1,0,2024-11-02,0,0,0,0,0,0,0,0,0,1,0,0,0
Jordan Pickford,Everton,1,ENG,30,90.0,0,0,0,0,0,0,0,0,34,0,1,0,0.0,0.0,0.0,0,0,21,33,63.6,0,13,0,0,0,2024-11-02,0,0,0,0,0,1,0,0,0,0,0,0,0
Darwin Núñez,Liverpool,9,URU,25,76.0,0,0,0,0,1,1,0,0,19,0,1,1,0.1,0.1,0.2,3,0,6,10,60.0,2,12,1,3,2,2024-11-02,0,0,0,0,1,0,0,0,0,0,0,0,0
Wataru Endo,Liverpool,3,JPN,31,14.0,0,0,0,0,0,0,0,0,10,3,0,0,0.0,0.0,0.0,0,0,6,6,100.0,0,4,0,0,0,2024-11-02,0,0,0,1,0,0,0,0,0,0,0,0,0
Cody Gakpo,Liverpool,18,NED,25,90.0,1,0,0,0,3,1,0,0,36,1,0,1,0.1,0.1,0.0,3,0,20,25,80.0,3,27,4,1,1,2024-11-02,0,0,0,0,1,0,0,0,1,0,0,0,0
Mohamed Salah,Liverpool,11,EGY,32,89.0,1,0,0,0,3,2,0,0,29,0,0,0,0.5,0.5,0.2,3,0,14,22,63.6,3,23,5,2,1,2024-11-02,0,0,0,0,0,0,0,0,0,0,0,1,0
Conor Bradley,Liverpool,84,NIR,21,1.0,0,0,0,0,0,0,0,0,2,0,0,0,0.0,0.0,0.0,0,0,1,1,100.0,0,1,0,0,0,2024-11-02,0,0,0,0,0,0,0,0,0,0,0,1,0
Dominik Szoboszlai,Liverpool,8,HUN,24,65.0,0,0,0,0,0,0,0,0,35,1,1,1,0.0,0.0,0.0,3,0,28,31,90.3,4,13,0,1,1,2024-11-02,1,0,0,0,0,0,0,0,0,0,0,0,0
Luis Díaz,Liverpool,7,COL,27,25.0,0,0,0,0,0,0,0,0,16,0,0,0,0.0,0.0,0.0,3,1,10,10,100.0,1,9,1,3,0,2024-11-02,1,0,0,0,0,0,0,0,1,0,0,0,0
Alexis Mac Allister,Liverpool,10,ARG,25,65.0,0,0,0,0,1,1,1,0,48,3,1,1,0.0,0.0,0.0,1,0,27,38,71.1,2,23,1,3,1,2024-11-02,0,0,0,1,0,0,0,0,0,0,0,0,0
Curtis Jones,Liverpool,17,ENG,23,25.0,0,1,0,0,2,0,0,0,16,0,0,1,0.2,0.2,0.1,1,1,10,10,100.0,1,8,2,0,0,2024-11-02,1,0,0,1,0,0,0,0,0,0,0,0,0
Ryan Gravenberch,Liverpool,38,NED,22,90.0,0,0,0,0,1,0,0,0,54,1,4,3,0.0,0.0,0.0,2,1,33,41,80.5,4,27,1,0,0,2024-11-02,0,0,0,1,0,0,0,0,0,0,0,0,0
Kostas Tsimikas,Liverpool,21,GRE,28,90.0,0,0,0,0,1,1,0,0,79,7,0,1,0.0,0.0,0.5,3,0,56,67,83.6,8,34,0,1,1,2024-11-02,0,0,0,0,0,0,1,0,0,0,0,0,0
Virgil van Dijk,Liverpool,4,NED,33,90.0,0,1,0,0,0,0,0,0,91,1,1,1,0.0,0.0,0.0,2,1,74,84,88.1,3,51,0,0,0,2024-11-02,0,1,0,0,0,0,0,0,0,0,0,0,0
Ibrahima Konaté,Liverpool,5,FRA,25,45.0,0,0,0,0,2,0,0,0,35,1,0,0,0.3,0.3,0.0,1,0,25,28,89.3,1,20,1,0,0,2024-11-02,0,1,0,0,0,0,0,0,0,0,0,0,0
Joe Gomez,Liverpool,2,ENG,27,45.0,0,0,0,0,2,2,0,0,32,1,0,2,0.3,0.3,0.0,0,0,22,25,88.0,0,16,0,0,0,2024-11-02,0,1,0,0,0,0,0,0,0,0,0,0,0
Trent Alexander-Arnold,Liverpool,66,ENG,26,90.0,0,0,0,0,0,0,0,0,72,9,2,0,0.0,0.0,0.2,4,0,35,58,60.3,5,23,1,2,1,2024-11-02,0,0,0,0,0,0,0,0,0,1,0,0,0
Caoimhín Kelleher,Liverpool,62,IRL,25,90.0,0,0,0,0,0,0,0,0,28,0,0,0,0.0,0.0,0.0,1,0,22,27,81.5,0,24,0,0,0,2024-11-02,0,0,0,0,0,1,0,0,0,0,0,0,0
Danny Welbeck,Brighton & Hove Albion,18,ENG,33,90.0,0,1,0,0,4,1,0,0,34,0,0,2,0.3,0.3,0.1,2,0,20,23,87.0,4,13,0,0,0,2024-11-02,1,0,0,0,1,0,0,0,0,0,0,0,0
Georginio Rutter,Brighton & Hove Albion,14,FRA,22,90.0,0,0,0,0,2,2,0,0,34,1,0,0,0.3,0.3,0.1,2,0,8,13,61.5,2,18,1,4,0,2024-11-02,1,0,0,0,1,0,0,0,0,0,0,0,0
Kaoru Mitoma,Brighton & Hove Albion,22,JPN,27,86.0,0,0,0,0,2,0,0,0,48,1,0,1,0.1,0.1,0.2,4,1,30,37,81.1,5,31,5,8,3,2024-11-02,0,0,0,0,0,0,0,1,0,0,0,0,0
Simon Adingra,Brighton & Hove Albion,11,CIV,22,4.0,0,0,0,0,0,0,0,0,9,0,0,0,0.0,0.0,0.0,2,0,6,7,85.7,0,4,2,1,1,2024-11-02,0,0,0,0,0,0,0,1,0,0,0,0,1
Yasin Ayari,Brighton & Hove Albion,26,SWE,21,75.0,0,0,0,0,1,1,0,0,55,4,3,1,0.0,0.0,0.4,3,0,31,38,81.6,4,28,1,5,2,2024-11-02,0,0,1,0,0,0,0,0,0,0,0,0,0
Mats Wieffer,Brighton & Hove Albion,27,NED,24,15.0,0,0,0,0,1,0,0,0,19,2,0,0,0.0,0.0,0.0,2,0,10,14,71.4,2,8,0,1,0,2024-11-02,0,0,1,0,0,0,0,0,0,0,0,0,0
Jack Hinshelwood,Brighton & Hove Albion,41,ENG,19,87.0,0,0,0,0,0,0,0,0,60,2,0,0,0.0,0.0,0.0,2,0,52,57,91.2,4,26,2,0,0,2024-11-02,0,0,1,0,0,0,0,0,0,0,0,0,0
Evan Ferguson,Brighton & Hove Albion,28,IRL,20,3.0,0,0,0,0,0,0,0,0,0,0,0,0,0.0,0.0,0.0,0,0,0,0,80.8,0,0,0,0,0,2024-11-02,0,0,0,0,1,0,0,0,0,0,0,0,0
Ferdi Kadioglu,Brighton & Hove Albion,24,TUR,25,86.0,1,0,0,0,2,1,1,0,40,3,0,2,0.2,0.2,0.0,2,1,23,26,88.5,0,24,0,2,0,2024-11-02,0,0,0,0,0,0,0,0,0,1,1,0,0
Jakub Moder,Brighton & Hove Albion,15,POL,25,4.0,0,0,0,0,0,0,0,0,9,0,0,0,0.0,0.0,0.0,1,0,9,9,100.0,3,6,2,0,0,2024-11-02,0,0,1,0,0,0,0,0,0,1,0,0,0
Pervis Estupiñán,Brighton & Hove Albion,30,ECU,26,90.0,0,0,0,0,0,0,0,0,78,3,3,0,0.0,0.0,0.0,0,0,57,65,87.7,7,27,3,2,0,2024-11-02,0,1,0,0,0,0,1,0,0,0,0,0,0
Igor,Brighton & Hove Albion,3,BRA,26,90.0,0,0,0,0,0,0,0,0,70,0,1,3,0.0,0.0,0.0,0,0,60,64,93.8,5,33,2,0,0,2024-11-02,0,1,0,0,0,0,0,0,0,0,0,0,0
Jan Paul van Hecke,Brighton & Hove Albion,29,NED,24,90.0,0,0,0,0,1,0,0,0,69,1,0,2,0.0,0.0,0.0,1,0,56,62,90.3,4,43,0,2,2,2024-11-02,0,1,0,0,0,0,0,0,0,0,0,0,0
Joël Veltman,Brighton & Hove Albion,34,NED,32,75.0,0,0,0,0,0,0,0,0,53,0,2,1,0.0,0.0,0.0,0,0,34,44,77.3,2,22,1,0,0,2024-11-02,0,0,0,0,0,0,0,0,0,1,0,0,0
Brajan Gruda,Brighton & Hove Albion,8,GER,20,15.0,0,0,0,0,0,0,0,0,14,1,0,0,0.0,0.0,0.0,1,0,6,8,75.0,0,9,0,1,0,2024-11-02,0,0,0,0,0,0,0,0,0,0,1,0,1
Bart Verbruggen,Brighton & Hove Albion,1,NED,22,90.0,0,0,0,0,0,0,0,0,43,0,0,0,0.0,0.0,0.0,0,0,27,38,71.1,0,29,0,0,0,2024-11-02,0,0,0,0,0,1,0,0,0,0,0,0,0
Chris Wood,Nottingham Forest,11,NZL,32,78.0,1,0,0,0,2,1,0,0,25,0,0,1,0.8,0.8,0.0,0,0,13,17,76.5,0,13,1,0,0,2024-11-02,0,0,0,0,1,0,0,0,0,0,0,0,0
Taiwo Awoniyi,Nottingham Forest,9,NGA,27,12.0,0,0,0,0,1,0,0,0,2,0,0,0,0.1,0.1,0.0,0,0,0,0,80.8,0,1,0,0,0,2024-11-02,0,0,0,0,1,0,0,0,0,0,0,0,0
Callum Hudson-Odoi,Nottingham Forest,14,ENG,23,88.0,1,0,0,0,4,2,0,0,66,1,1,1,0.3,0.3,0.1,5,0,48,53,90.6,5,46,7,1,0,2024-11-02,0,0,0,0,0,0,0,0,1,0,0,0,0
Ramón Sosa,Nottingham Forest,24,PAR,25,2.0,0,0,0,0,1,1,0,0,3,1,0,0,0.0,0.0,0.0,1,0,2,2,100.0,1,4,1,1,1,2024-11-02,0,0,0,0,0,0,0,0,1,0,0,0,0
Anthony Elanga,Nottingham Forest,21,SWE,22,62.0,0,0,0,0,0,0,0,0,31,1,0,1,0.0,0.0,0.1,1,0,9,22,40.9,1,16,2,3,0,2024-11-02,0,0,0,0,0,0,0,0,0,0,0,1,0
Jota Silva,Nottingham Forest,20,POR,25,28.0,0,0,0,0,0,0,0,0,8,0,0,0,0.0,0.0,0.0,1,0,4,6,66.7,1,7,1,1,1,2024-11-02,0,0,0,0,0,0,0,0,0,0,0,1,0
Morgan Gibbs-White,Nottingham Forest,10,ENG,24,62.0,0,0,0,0,1,0,0,0,44,2,1,1,0.2,0.2,0.1,5,1,33,37,89.2,6,30,2,1,1,2024-11-02,1,0,0,0,0,0,0,0,0,0,0,0,0
Elliot Anderson,Nottingham Forest,8,ENG,21,28.0,0,1,0,0,0,0,1,0,33,1,0,0,0.0,0.0,0.4,5,2,24,28,85.7,2,20,0,1,0,2024-11-02,1,0,0,0,0,0,0,0,0,0,0,0,0
Nicolás Domínguez,Nottingham Forest,16,ARG,26,90.0,0,0,0,0,2,0,0,0,70,5,1,1,0.2,0.2,0.0,2,0,48,54,88.9,5,41,1,0,0,2024-11-02,0,0,0,1,0,0,0,0,0,0,0,0,0
Ryan Yates,Nottingham Forest,22,ENG,26,90.0,0,0,0,0,2,0,0,0,72,2,1,1,0.1,0.1,0.0,1,0,45,58,77.6,3,44,1,0,0,2024-11-02,0,0,0,1,0,0,0,0,0,0,0,0,0
Álex Moreno,Nottingham Forest,19,ESP,31,90.0,0,1,0,0,1,0,0,0,77,0,1,0,0.0,0.0,0.8,3,1,53,65,81.5,4,42,5,2,2,2024-11-02,0,0,0,0,0,0,1,0,0,0,0,0,0
Murillo,Nottingham Forest,5,BRA,22,90.0,0,0,0,0,2,0,0,0,54,0,0,1,0.1,0.1,0.0,1,0,36,45,80.0,7,31,0,0,0,2024-11-02,0,1,0,0,0,0,0,0,0,0,0,0,0
Nikola Milenković,Nottingham Forest,31,SRB,27,90.0,0,0,0,0,2,1,0,0,43,1,0,0,0.4,0.4,0.0,3,0,32,36,88.9,5,29,1,0,0,2024-11-02,0,1,0,0,0,0,0,0,0,0,0,0,0
Ola Aina,Nottingham Forest,34,NGA,28,88.0,1,0,0,0,1,1,0,0,58,4,1,0,0.1,0.1,0.0,6,1,38,46,82.6,5,31,1,2,1,2024-11-02,0,0,0,0,0,0,0,0,0,1,0,0,0
Eric da Silva Moreira,Nottingham Forest,17,GER,18,2.0,0,0,0,0,0,0,0,0,0,0,0,0,0.0,0.0,0.0,0,0,0,0,80.8,0,0,0,0,0,2024-11-02,0,0,0,0,0,0,0,0,0,1,0,0,0
Matz Sels,Nottingham Forest,26,BEL,32,90.0,0,0,0,0,0,0,0,0,20,0,0,0,0.0,0.0,0.0,0,0,12,20,60.0,0,14,0,0,0,2024-11-02,0,0,0,0,0,1,0,0,0,0,0,0,0
Jarrod Bowen,West Ham United,20,ENG,27,90.0,0,0,0,0,2,1,0,0,42,1,1,0,0.0,0.0,0.0,2,0,21,30,70.0,4,21,3,6,5,2024-11-02,0,0,0,0,1,0,0,0,0,0,1,0,0
Crysencio Summerville,West Ham United,7,NED,23,45.0,0,0,0,0,0,0,0,0,17,0,0,0,0.0,0.0,0.0,0,0,7,10,70.0,0,10,0,2,0,2024-11-02,1,0,0,0,0,0,0,0,0,0,0,0,0
Michail Antonio,West Ham United,9,JAM,34,45.0,0,0,0,0,1,0,0,0,13,0,0,1,0.0,0.0,0.0,1,0,6,8,75.0,1,4,0,1,0,2024-11-02,0,0,0,0,1,0,0,0,0,0,0,0,0
Lucas Paquetá,West Ham United,10,BRA,27,90.0,0,0,0,0,1,0,1,0,47,4,0,1,0.1,0.1,0.0,0,0,22,29,75.9,3,27,0,2,1,2024-11-02,1,0,1,0,0,0,0,1,0,0,0,0,0
Edson Álvarez,West Ham United,19,MEX,27,44.0,0,0,0,0,0,0,2,1,28,0,0,1,0.0,0.0,0.0,0,0,15,25,60.0,0,18,1,1,0,2024-11-02,0,0,1,0,0,0,0,0,0,0,0,0,0
Guido Rodríguez,West Ham United,24,ARG,30,45.0,0,0,0,0,0,0,1,0,26,0,0,1,0.0,0.0,0.0,0,0,17,24,70.8,1,11,1,0,0,2024-11-02,0,0,1,0,0,0,0,0,0,0,0,0,0
Carlos Soler,West Ham United,4,ESP,27,45.0,0,0,0,0,0,0,0,0,16,1,0,0,0.0,0.0,0.0,0,0,10,14,71.4,0,11,1,1,0,2024-11-02,0,0,1,0,0,0,0,1,0,0,0,0,0
Emerson Palmieri,West Ham United,33,ITA,30,78.0,0,0,0,0,0,0,0,0,42,1,1,2,0.0,0.0,0.0,1,0,24,32,75.0,0,18,1,0,0,2024-11-02,0,0,0,0,0,0,1,0,0,0,0,0,1
Andy Irving,West Ham United,39,SCO,24,12.0,0,0,0,0,0,0,0,0,11,1,0,1,0.0,0.0,0.0,0,0,6,6,100.0,0,4,0,0,0,2024-11-02,0,0,1,0,0,0,0,0,0,0,0,0,0
Aaron Wan-Bissaka,West Ham United,29,ENG,26,90.0,0,0,0,0,0,0,0,0,45,0,4,1,0.0,0.0,0.0,1,0,29,37,78.4,5,21,4,3,2,2024-11-02,0,0,0,0,0,0,1,0,0,1,0,0,1
Max Kilman,West Ham United,26,ENG,27,90.0,0,0,0,0,0,0,0,0,71,1,2,1,0.0,0.0,0.0,0,0,45,57,78.9,3,46,3,1,1,2024-11-02,0,1,0,0,0,0,0,0,0,0,0,0,0
Jean-Clair Todibo,West Ham United,25,FRA,24,90.0,0,0,0,0,0,0,0,0,72,2,1,0,0.0,0.0,0.0,0,0,57,63,90.5,0,47,1,2,1,2024-11-02,0,1,1,0,0,0,0,0,0,0,0,0,0
Konstantinos Mavropanos,West Ham United,15,GRE,26,90.0,0,0,0,0,0,0,0,0,64,2,2,0,0.0,0.0,0.0,0,0,47,55,85.5,3,45,2,1,0,2024-11-02,0,1,0,0,0,0,0,0,0,1,0,0,0
Łukasz Fabiański,West Ham United,1,POL,39,90.0,0,0,0,0,0,0,0,0,35,0,0,0,0.0,0.0,0.0,0,0,20,33,60.6,0,17,0,0,0,2024-11-02,0,0,0,0,0,1,0,0,0,0,0,0,0
Liam Delap,Ipswich Town,19,ENG,21,74.0,0,0,0,0,0,0,0,0,11,0,0,0,0.0,0.0,0.0,3,0,6,7,85.7,3,10,2,5,4,2024-11-02,0,0,0,0,1,0,0,0,0,0,0,0,0
George Hirst,Ipswich Town,27,ENG,25,16.0,0,0,0,0,0,0,1,0,6,0,0,0,0.0,0.0,0.0,0,0,1,3,33.3,0,4,0,0,0,2024-11-02,0,0,0,0,1,0,0,0,0,0,0,0,0
Sammie Szmodics,Ipswich Town,23,IRL,29,73.0,0,0,0,0,1,0,0,0,18,0,1,1,0.3,0.3,0.0,0,0,6,10,60.0,0,8,0,2,1,2024-11-02,0,0,0,0,0,0,0,0,1,0,0,0,0
Jack Clarke,Ipswich Town,47,ENG,23,17.0,0,0,0,0,0,0,0,0,3,0,0,0,0.0,0.0,0.0,0,0,1,2,50.0,0,1,1,0,0,2024-11-02,0,0,0,0,0,0,0,0,1,0,0,0,0
Omari Hutchinson,Ipswich Town,20,ENG,21,80.0,0,0,0,0,3,0,0,0,41,1,0,0,0.1,0.1,0.4,5,1,17,24,70.8,0,23,3,7,0,2024-11-02,0,0,0,0,0,0,0,0,0,0,0,1,0
Wes Burns,Ipswich Town,7,WAL,29,10.0,0,0,0,0,0,0,0,0,3,0,1,0,0.0,0.0,0.0,0,0,0,0,80.8,0,0,0,0,0,2024-11-02,0,0,0,0,0,0,0,0,0,0,0,1,0
Conor Chaplin,Ipswich Town,10,ENG,27,80.0,0,0,0,0,3,0,1,0,34,1,0,1,0.2,0.2,0.0,4,0,23,27,85.2,4,15,1,0,0,2024-11-02,1,0,0,0,0,0,0,0,0,0,0,0,0
Jens Cajuste,Ipswich Town,12,SWE,25,10.0,0,0,0,0,0,0,1,0,3,1,0,0,0.0,0.0,0.0,0,0,0,1,0.0,0,0,0,0,0,2024-11-02,0,0,0,1,0,0,0,0,0,0,0,0,0
Kalvin Phillips,Ipswich Town,8,ENG,28,76.0,0,0,0,0,3,0,2,1,51,1,0,3,0.1,0.1,0.0,2,0,28,37,75.7,2,24,1,2,1,2024-11-02,0,0,0,1,0,0,0,0,0,0,0,0,0
Sam Morsy,Ipswich Town,5,EGY,33,90.0,0,1,0,0,0,0,0,0,58,4,0,2,0.0,0.0,0.1,3,1,44,49,89.8,2,37,0,1,1,2024-11-02,0,0,0,1,0,0,0,0,0,0,0,0,0
Leif Davis,Ipswich Town,3,ENG,24,90.0,1,0,0,0,1,1,0,0,53,4,1,1,0.1,0.1,0.2,6,0,28,38,73.7,0,17,2,2,1,2024-11-02,0,0,0,0,0,0,1,0,0,0,0,0,0
Cameron Burgess,Ipswich Town,15,AUS,29,90.0,0,0,0,0,0,0,0,0,52,0,0,2,0.0,0.0,0.0,0,0,34,48,70.8,3,30,1,0,0,2024-11-02,0,1,0,0,0,0,0,0,0,0,0,0,0
Dara O'Shea,Ipswich Town,26,IRL,25,90.0,0,0,0,0,2,0,0,0,55,0,2,5,0.2,0.2,0.0,0,0,25,35,71.4,7,17,0,0,0,2024-11-02,0,1,0,0,0,0,0,0,0,0,0,0,0
Ben Johnson,Ipswich Town,18,ENG,24,90.0,0,0,0,0,1,1,0,0,68,4,4,1,0.0,0.0,0.1,3,0,37,51,72.5,2,21,2,1,0,2024-11-02,0,0,0,0,0,0,0,0,0,1,0,0,0
Arijanet Muric,Ipswich Town,1,KVX,25,90.0,0,0,0,0,0,0,1,0,31,0,0,0,0.0,0.0,0.0,0,0,16,27,59.3,0,15,0,0,0,2024-11-02,0,0,0,0,0,1,0,0,0,0,0,0,0
Jamie Vardy,Leicester City,9,ENG,37,90.0,0,1,0,0,1,0,0,0,16,0,0,0,0.0,0.0,0.3,3,1,9,13,69.2,1,11,1,0,0,2024-11-02,0,0,0,0,1,0,0,0,0,0,0,0,0
Stephy Mavididi,Leicester City,10,ENG,26,70.0,0,0,0,0,1,0,1,0,34,1,0,1,0.2,0.2,0.1,2,0,16,21,76.2,2,19,4,4,3,2024-11-02,0,0,0,0,0,0,0,0,1,0,0,0,0
Kasey McAteer,Leicester City,35,IRL,22,20.0,0,0,0,0,1,0,0,0,20,2,0,0,0.0,0.0,0.0,1,0,13,15,86.7,0,12,1,1,0,2024-11-02,0,0,0,0,0,0,0,0,1,0,0,0,1
Abdul Fatawu Issahaku,Leicester City,7,GHA,20,90.0,0,0,0,0,2,1,0,0,50,3,1,1,0.1,0.1,0.1,3,0,18,31,58.1,0,35,5,12,5,2024-11-02,0,0,0,0,0,0,0,0,0,0,0,1,1
Facundo Buonanotte,Leicester City,40,ARG,19,90.0,0,0,0,0,3,2,1,0,48,0,0,3,0.2,0.2,0.3,9,0,29,35,82.9,5,31,3,5,3,2024-11-02,1,0,0,0,0,0,0,0,0,0,0,0,0
Harry Winks,Leicester City,8,ENG,28,90.0,0,0,0,0,4,1,0,0,67,1,0,0,0.1,0.1,0.1,3,0,46,55,83.6,6,36,4,0,0,2024-11-02,0,0,1,1,0,0,0,0,0,0,0,0,0
Wilfred Ndidi,Leicester City,6,NGA,27,70.0,0,0,0,0,0,0,0,0,35,1,1,3,0.0,0.0,0.1,1,0,21,25,84.0,3,19,0,0,0,2024-11-02,0,0,0,1,0,0,0,0,0,0,0,0,0
Boubakary Soumaré,Leicester City,24,FRA,25,20.0,0,0,0,0,1,0,0,0,16,0,0,0,0.0,0.0,0.0,2,0,12,14,85.7,3,10,0,1,0,2024-11-02,0,1,0,1,0,0,0,0,0,0,0,0,0
Victor Bernth Kristiansen,Leicester City,16,DEN,21,85.0,0,0,0,0,0,0,0,0,58,6,1,1,0.0,0.0,0.1,1,0,34,44,77.3,1,30,3,2,0,2024-11-02,0,0,0,0,0,0,1,0,0,0,0,0,0
Jordan Ayew,Leicester City,18,GHA,33,5.0,1,0,0,0,5,1,0,0,6,0,0,0,0.7,0.7,0.0,2,1,1,1,100.0,0,3,1,0,0,2024-11-02,0,0,0,0,1,0,0,0,0,0,0,0,0
Jannik Vestergaard,Leicester City,23,DEN,32,90.0,0,0,0,0,0,0,0,0,88,3,1,1,0.0,0.0,0.0,1,0,70,77,90.9,7,53,1,0,0,2024-11-02,0,1,0,0,0,0,0,0,0,0,0,0,0
Wout Faes,Leicester City,3,BEL,26,90.0,0,0,0,0,2,0,0,0,63,3,0,1,0.1,0.1,0.0,1,0,47,54,87.0,6,38,1,1,1,2024-11-02,0,1,0,0,0,0,0,0,0,0,0,0,0
Ricardo Pereira,Leicester City,21,POR,31,79.0,0,0,0,0,0,0,0,0,43,1,0,2,0.0,0.0,0.0,2,0,33,40,82.5,2,24,1,0,0,2024-11-02,0,0,0,0,0,0,0,0,0,1,0,0,0
Bilal El Khannouss,Leicester City,11,MAR,20,11.0,0,0,0,0,0,0,0,0,9,0,0,0,0.0,0.0,0.1,2,0,4,8,50.0,1,4,0,0,0,2024-11-02,0,0,1,0,0,0,0,0,0,1,0,0,0
Mads Hermansen,Leicester City,30,DEN,24,90.0,0,0,0,0,0,0,0,0,43,0,0,0,0.0,0.0,0.0,0,0,19,42,45.2,0,27,0,0,0,2024-11-02,0,0,0,0,0,1,0,0,0,0,0,0,0
Evanilson,Bournemouth,9,BRA,25,76.0,1,0,0,0,2,2,0,0,13,0,0,0,0.5,0.5,0.0,0,0,6,8,75.0,0,6,1,0,0,2024-11-02,0,0,0,0,1,0,0,0,0,0,0,0,0
Enes Ünal,Bournemouth,26,TUR,27,14.0,0,0,0,0,0,0,0,0,9,0,0,0,0.0,0.0,0.0,0,0,3,5,60.0,0,5,1,1,0,2024-11-02,1,0,0,0,0,0,0,0,0,0,0,0,0
Marcus Tavernier,Bournemouth,16,ENG,25,89.0,0,0,0,0,1,0,0,0,41,2,1,0,0.1,0.1,0.1,3,0,25,31,80.6,2,28,1,2,0,2024-11-02,0,0,0,0,0,0,0,0,1,0,0,0,0
Dean Huijsen,Bournemouth,2,ESP,19,1.0,0,0,0,0,0,0,0,0,3,0,0,0,0.0,0.0,0.0,0,0,1,1,100.0,0,1,0,0,0,2024-11-02,0,0,0,0,0,0,0,0,1,0,0,0,0
Antoine Semenyo,Bournemouth,24,GHA,24,90.0,1,0,0,0,4,2,0,0,52,3,0,0,0.6,0.6,0.2,7,1,30,39,76.9,5,39,10,8,6,2024-11-02,0,0,0,0,0,0,0,0,0,0,0,1,0
Justin Kluivert,Bournemouth,19,NED,25,76.0,0,0,0,0,3,2,0,0,31,0,1,1,0.4,0.4,0.1,2,0,21,23,91.3,6,17,0,0,0,2024-11-02,1,0,0,0,0,0,0,0,0,0,0,0,0
David Brooks,Bournemouth,7,WAL,27,14.0,0,0,0,0,1,0,0,0,6,0,0,1,0.1,0.1,0.0,0,0,1,2,50.0,0,4,1,1,0,2024-11-02,0,0,0,0,1,0,0,0,0,0,0,0,0
Ryan Christie,Bournemouth,10,SCO,29,65.0,0,0,0,0,0,0,1,0,30,1,1,1,0.0,0.0,0.0,0,0,22,26,84.6,2,17,0,1,1,2024-11-02,0,0,0,1,0,0,0,0,0,0,0,0,0
Tyler Adams,Bournemouth,12,USA,25,25.0,0,0,0,0,0,0,1,0,13,1,1,2,0.0,0.0,0.1,1,0,5,8,62.5,1,3,0,0,0,2024-11-02,0,0,0,1,0,0,0,0,0,0,0,0,0
Lewis Cook,Bournemouth,4,ENG,27,90.0,0,0,0,0,0,0,0,0,45,3,4,0,0.0,0.0,0.0,0,0,27,34,79.4,3,21,1,0,0,2024-11-02,0,0,0,1,0,0,0,0,0,0,0,0,0
Milos Kerkez,Bournemouth,3,HUN,20,90.0,0,2,0,0,0,0,0,0,49,0,1,2,0.0,0.0,0.7,3,3,34,39,87.2,0,30,3,4,2,2024-11-02,0,0,0,0,0,0,1,0,0,0,0,0,0
Marcos Senesi,Bournemouth,5,ARG,27,90.0,0,0,0,0,0,0,0,0,66,3,0,1,0.0,0.0,0.0,2,0,48,57,84.2,4,42,1,1,1,2024-11-02,0,1,0,0,0,0,0,0,0,0,0,0,0
Illia Zabarnyi,Bournemouth,27,UKR,22,90.0,0,0,0,0,0,0,0,0,43,0,1,0,0.0,0.0,0.0,1,0,28,31,90.3,1,27,0,0,0,2024-11-02,0,1,0,0,0,0,0,0,0,0,0,0,0
Adam Smith,Bournemouth,15,ENG,33,90.0,0,0,0,0,1,0,0,0,44,3,2,0,0.6,0.6,0.0,1,0,24,27,88.9,2,17,0,2,1,2024-11-02,0,0,0,0,0,0,0,0,0,1,0,0,0
Mark Travers,Bournemouth,42,IRL,25,90.0,0,0,0,0,0,0,0,0,35,0,0,0,0.0,0.0,0.0,0,0,22,31,71.0,0,16,0,0,0,2024-11-02,0,0,0,0,0,1,0,0,0,0,0,0,0
Erling Haaland,Manchester City,9,NOR,24,90.0,0,0,0,0,5,2,0,0,18,0,0,1,0.9,0.9,0.0,1,0,5,7,71.4,0,10,0,0,0,2024-11-02,0,0,0,0,1,0,0,0,0,0,0,0,0
Matheus Nunes,Manchester City,27,POR,26,90.0,0,0,0,0,0,0,0,0,63,5,0,0,0.0,0.0,0.5,7,0,39,53,73.6,3,46,7,2,1,2024-11-02,0,0,1,0,0,0,0,1,1,0,0,0,0
İlkay Gündoğan,Manchester City,19,GER,34,84.0,0,1,0,0,0,0,0,0,72,1,0,0,0.0,0.0,0.1,2,1,60,66,90.9,4,51,3,2,0,2024-11-02,0,0,1,1,0,0,0,0,0,0,0,0,0
Jeremy Doku,Manchester City,11,BEL,22,6.0,0,0,0,0,1,1,0,0,13,1,0,0,0.0,0.0,0.0,1,0,4,7,57.1,0,11,8,2,0,2024-11-02,0,0,0,0,0,0,0,1,0,0,0,0,0
Bernardo Silva,Manchester City,20,POR,30,90.0,0,0,0,0,1,0,0,0,79,0,1,1,0.1,0.1,0.0,4,0,60,74,81.1,8,52,5,2,2,2024-11-02,0,0,1,0,0,0,0,0,0,0,1,1,0
Phil Foden,Manchester City,47,ENG,24,90.0,0,0,0,0,4,0,0,0,67,0,0,1,0.3,0.3,0.2,5,0,41,55,74.5,11,48,2,4,1,2024-11-02,1,0,1,0,0,0,0,0,0,0,1,0,0
Mateo Kovačić,Manchester City,8,CRO,30,90.0,0,0,0,0,3,0,0,0,82,0,1,1,0.1,0.1,0.0,2,1,73,74,98.6,5,59,1,2,1,2024-11-02,0,0,0,1,0,0,0,0,0,0,0,0,0
Joško Gvardiol,Manchester City,24,CRO,22,90.0,1,0,0,0,3,1,0,0,74,2,2,2,0.1,0.1,0.0,3,0,51,56,91.1,6,44,2,3,1,2024-11-02,0,1,0,0,0,0,1,0,0,0,0,0,0
Nathan Aké,Manchester City,6,NED,29,72.0,0,0,0,0,1,0,0,0,79,0,0,0,0.0,0.0,0.0,1,0,74,76,97.4,4,61,2,0,0,2024-11-02,0,1,0,0,0,0,0,0,0,0,0,0,0
Rico Lewis,Manchester City,82,ENG,19,18.0,0,0,0,0,0,0,0,0,25,1,0,1,0.0,0.0,0.0,5,0,22,22,100.0,2,18,1,0,0,2024-11-02,0,0,0,0,0,0,1,0,0,0,0,0,0
Manuel Akanji,Manchester City,25,SUI,29,90.0,0,0,0,0,0,0,0,0,50,2,0,0,0.0,0.0,0.0,0,0,44,46,95.7,0,31,0,0,0,2024-11-02,0,1,0,0,0,0,0,0,0,0,0,0,0
Kyle Walker,Manchester City,2,ENG,34,90.0,0,0,0,0,0,0,1,0,67,2,1,2,0.0,0.0,0.0,3,0,48,61,78.7,4,38,0,0,0,2024-11-02,0,0,0,0,0,0,0,0,0,1,0,0,0
Ederson,Manchester City,31,BRA,31,90.0,0,0,0,0,0,0,0,0,59,0,0,0,0.0,0.0,0.0,0,0,49,55,89.1,0,41,0,0,0,2024-11-02,0,0,0,0,0,1,0,0,0,0,0,0,0
Jørgen Strand Larsen,Wolverhampton Wanderers,9,NOR,24,90.0,1,0,0,0,2,2,0,0,26,1,0,0,0.7,0.7,0.1,1,0,10,16,62.5,1,18,0,0,0,2024-11-02,0,0,0,0,1,0,0,0,0,0,0,0,0
Matheus Cunha,Wolverhampton Wanderers,10,BRA,25,90.0,0,1,0,0,2,0,0,0,54,1,0,1,0.1,0.1,1.0,6,3,27,39,69.2,7,30,2,6,3,2024-11-02,1,0,0,0,0,0,0,0,0,0,0,0,0
Pablo Sarabia,Wolverhampton Wanderers,21,ESP,32,61.0,0,0,0,0,1,1,0,0,38,2,1,0,0.4,0.4,0.0,1,0,21,31,67.7,3,19,1,0,0,2024-11-02,1,0,0,0,0,0,0,0,0,0,0,0,0
Gonçalo Guedes,Wolverhampton Wanderers,29,POR,27,29.0,0,1,0,0,1,1,1,0,15,4,0,1,0.1,0.1,0.2,2,1,9,11,81.8,3,9,1,0,0,2024-11-02,0,0,0,0,0,0,0,0,0,0,0,1,0
João Gomes,Wolverhampton Wanderers,8,BRA,23,90.0,1,0,0,0,1,1,0,0,58,3,1,1,0.2,0.2,0.1,4,0,40,49,81.6,4,34,3,4,4,2024-11-02,0,0,1,1,0,0,0,0,0,0,0,0,0
Tommy Doyle,Wolverhampton Wanderers,20,ENG,23,62.0,0,0,0,0,1,1,0,0,53,1,1,0,0.0,0.0,0.0,1,0,43,49,87.8,2,35,2,0,0,2024-11-02,0,0,1,0,0,0,0,0,0,0,0,0,0
Mario Lemina,Wolverhampton Wanderers,5,GAB,31,28.0,0,0,0,0,1,0,0,0,32,3,3,0,0.0,0.0,0.0,0,0,19,23,82.6,4,13,0,2,2,2024-11-02,0,0,0,1,0,0,0,0,0,0,0,0,0
Rayan Aït-Nouri,Wolverhampton Wanderers,3,ALG,23,90.0,0,0,0,0,2,0,0,0,67,0,4,2,0.1,0.1,0.0,0,0,42,54,77.8,1,29,2,3,1,2024-11-02,0,0,0,0,0,0,1,0,0,0,0,0,1
Nélson Semedo,Wolverhampton Wanderers,22,POR,30,90.0,0,0,0,0,0,0,0,0,76,1,1,2,0.0,0.0,0.0,2,0,52,66,78.8,5,41,2,4,2,2024-11-02,0,0,0,0,0,0,0,0,0,1,0,0,1
Toti Gomes,Wolverhampton Wanderers,24,POR,25,62.0,0,0,0,0,0,0,0,0,53,2,2,0,0.0,0.0,0.0,1,0,33,43,76.7,3,28,0,2,2,2024-11-02,0,1,0,0,0,0,0,0,0,0,0,0,0
Jean-Ricner Bellegarde,Wolverhampton Wanderers,27,FRA,26,28.0,0,0,0,0,0,0,0,0,14,0,0,0,0.0,0.0,0.1,2,0,11,11,100.0,1,7,0,1,0,2024-11-02,0,0,0,0,0,0,0,0,1,0,0,0,0
Craig Dawson,Wolverhampton Wanderers,15,ENG,34,90.0,0,0,0,0,0,0,0,0,67,4,0,2,0.0,0.0,0.0,0,0,45,53,84.9,2,31,1,0,0,2024-11-02,0,1,0,0,0,0,0,0,0,0,0,0,0
Santiago Bueno,Wolverhampton Wanderers,4,URU,25,90.0,0,0,0,0,0,0,0,0,61,3,0,3,0.0,0.0,0.0,1,0,42,50,84.0,2,36,0,1,0,2024-11-02,0,1,0,0,0,0,0,0,0,0,0,0,0
José Sá,Wolverhampton Wanderers,1,POR,31,90.0,0,0,0,0,0,0,0,0,40,0,0,0,0.0,0.0,0.0,0,0,29,39,74.4,0,25,0,0,0,2024-11-02,0,0,0,0,0,1,0,0,0,0,0,0,0
Jean-Philippe Mateta,Crystal Palace,14,FRA,27,90.0,0,0,0,0,4,0,0,0,29,1,0,1,0.4,0.4,0.2,3,0,11,18,61.1,4,8,1,1,0,2024-11-02,0,0,0,0,1,0,0,0,0,0,0,0,0
Eddie Nketiah,Crystal Palace,9,ENG,25,83.0,0,0,0,0,2,1,0,0,37,2,0,2,0.1,0.1,0.3,3,0,14,19,73.7,1,18,5,5,2,2024-11-02,1,0,0,0,0,0,0,0,0,0,0,0,0
Nathaniel Clyne,Crystal Palace,17,ENG,33,7.0,0,0,0,0,0,0,0,0,5,1,0,0,0.0,0.0,0.0,0,0,2,2,100.0,0,2,0,0,0,2024-11-02,0,0,0,0,0,0,0,0,0,0,0,0,1
Ismaila Sarr,Crystal Palace,7,SEN,26,89.0,0,0,0,0,4,2,0,0,43,1,0,3,0.5,0.5,0.1,5,1,15,21,71.4,2,15,3,2,1,2024-11-02,1,0,0,0,0,0,0,0,0,0,0,0,0
Jeffrey Schlupp,Crystal Palace,15,GHA,31,1.0,0,0,0,0,0,0,0,0,1,0,0,0,0.0,0.0,0.0,0,0,0,0,80.8,0,0,0,0,0,2024-11-02,1,0,0,0,0,0,0,0,0,0,0,0,0
Daichi Kamada,Crystal Palace,18,JPN,28,90.0,0,0,0,0,2,1,0,0,59,3,2,0,0.1,0.1,0.3,5,1,37,45,82.2,5,26,1,1,0,2024-11-02,0,0,1,0,0,0,0,0,0,0,0,0,0
Will Hughes,Crystal Palace,19,ENG,29,79.0,0,0,0,0,1,0,1,0,40,1,0,0,0.2,0.2,0.0,2,0,27,35,77.1,7,22,3,2,0,2024-11-02,0,0,1,0,0,0,0,0,0,0,0,0,0
Cheick Doucouré,Crystal Palace,28,MLI,24,11.0,0,0,0,0,0,0,0,0,4,0,0,0,0.0,0.0,0.0,0,0,4,4,100.0,0,3,0,0,0,2024-11-02,0,0,1,0,0,0,0,0,0,0,0,0,0
Tyrick Mitchell,Crystal Palace,3,ENG,25,90.0,0,0,0,0,1,0,0,0,53,1,0,1,0.1,0.1,0.3,3,0,35,47,74.5,3,25,1,0,0,2024-11-02,0,0,0,0,0,0,0,0,0,0,0,0,1
Daniel Muñoz,Crystal Palace,12,COL,28,90.0,0,1,0,0,2,0,1,0,51,2,1,1,0.4,0.4,0.7,3,1,21,36,58.3,2,15,0,2,1,2024-11-02,1,0,0,0,0,0,0,0,0,0,0,0,1
Marc Guéhi,Crystal Palace,6,ENG,24,90.0,1,0,0,0,2,1,0,0,82,1,1,3,0.7,0.7,0.0,2,0,55,66,83.3,4,39,0,1,1,2024-11-02,0,1,0,0,0,0,0,0,0,0,0,0,0
Maxence Lacroix,Crystal Palace,5,FRA,24,90.0,0,0,0,0,0,0,0,0,61,1,2,0,0.0,0.0,0.0,2,0,37,50,74.0,2,30,1,4,2,2024-11-02,0,1,0,0,0,0,0,0,0,0,0,0,0
Trevoh Chalobah,Crystal Palace,27,ENG,25,90.0,1,0,0,0,1,1,0,0,51,0,3,3,0.1,0.1,0.2,1,0,23,32,71.9,1,17,2,3,2,2024-11-02,0,1,0,0,0,0,0,0,0,0,0,0,0
Dean Henderson,Crystal Palace,1,ENG,27,90.0,0,0,0,0,0,0,0,0,30,0,0,0,0.0,0.0,0.0,0,0,18,28,64.3,0,21,0,0,0,2024-11-02,0,0,0,0,0,1,0,0,0,0,0,0,0
Dominic Solanke,Tottenham Hotspur,19,ENG,27,90.0,2,0,0,0,5,3,0,0,17,2,0,1,1.5,1.5,0.0,1,1,3,5,60.0,0,10,0,0,0,2024-11-03,0,0,0,0,1,0,0,0,0,0,0,0,0
Son Heung-min,Tottenham Hotspur,7,KOR,32,55.0,0,1,0,0,0,0,0,0,37,2,0,0,0.0,0.0,0.6,8,1,24,29,82.8,3,25,6,9,2,2024-11-03,0,0,0,0,0,0,0,0,1,0,0,0,0
Richarlison,Tottenham Hotspur,9,BRA,27,26.0,0,1,0,0,0,0,0,0,13,0,0,0,0.0,0.0,0.8,2,1,7,10,70.0,0,9,3,3,0,2024-11-03,0,0,0,0,0,0,0,0,1,0,0,0,0
James Maddison,Tottenham Hotspur,10,ENG,27,9.0,1,0,0,0,1,1,0,0,6,0,0,0,0.1,0.1,0.0,1,1,5,5,100.0,1,2,0,0,0,2024-11-03,0,0,0,0,0,0,0,0,0,0,1,0,0
Brennan Johnson,Tottenham Hotspur,22,WAL,23,90.0,1,0,0,0,1,1,0,0,36,1,1,4,0.6,0.6,0.0,0,0,12,22,54.5,1,14,1,3,1,2024-11-03,0,0,0,0,0,0,0,0,0,0,0,1,0
Pape Matar Sarr,Tottenham Hotspur,29,SEN,22,90.0,0,0,0,0,4,1,0,0,76,0,2,1,0.1,0.1,0.0,5,2,60,65,92.3,8,51,4,1,0,2024-11-03,0,0,0,0,0,0,0,1,0,0,0,0,0
Rodrigo Bentancur,Tottenham Hotspur,30,URU,27,55.0,0,0,0,0,3,0,0,0,48,3,2,1,0.1,0.1,0.0,3,0,31,35,88.6,4,19,0,0,0,2024-11-03,0,0,1,0,0,0,0,0,0,0,0,0,0
Yves Bissouma,Tottenham Hotspur,8,MLI,28,35.0,0,0,0,0,0,0,0,0,29,1,1,0,0.0,0.0,0.0,0,0,23,23,100.0,2,10,1,0,0,2024-11-03,0,0,1,0,0,0,0,0,0,0,0,0,0
Dejan Kulusevski,Tottenham Hotspur,21,SWE,24,90.0,0,1,0,0,0,0,0,0,36,3,1,3,0.0,0.0,0.7,3,1,12,23,52.2,5,14,3,3,1,2024-11-03,0,0,0,0,0,0,0,0,1,0,1,0,0
Destiny Udogie,Tottenham Hotspur,13,ITA,21,81.0,0,0,0,0,0,0,0,0,42,2,2,1,0.0,0.0,0.1,3,1,32,34,94.1,5,19,2,0,0,2024-11-03,0,0,0,0,0,0,1,0,0,0,0,0,0
Archie Gray,Tottenham Hotspur,14,ENG,18,9.0,0,0,0,0,0,0,0,0,6,0,0,0,0.0,0.0,0.0,0,0,3,3,100.0,0,3,0,0,0,2024-11-03,0,0,0,0,0,0,1,0,0,0,0,0,0
Radu Drăgușin,Tottenham Hotspur,6,ROU,22,90.0,0,0,0,0,0,0,0,0,65,0,1,1,0.0,0.0,0.0,0,0,53,59,89.8,7,38,1,0,0,2024-11-03,0,1,0,0,0,0,0,0,0,0,0,0,0
Cristian Romero,Tottenham Hotspur,17,ARG,26,60.0,0,0,0,0,0,0,1,0,44,1,4,0,0.0,0.0,0.0,2,0,38,40,95.0,5,28,0,1,1,2024-11-03,0,1,0,0,0,0,0,0,0,0,0,0,0
Ben Davies,Tottenham Hotspur,33,WAL,31,30.0,0,0,0,0,0,0,0,0,18,1,1,0,0.0,0.0,0.0,0,0,13,13,100.0,0,4,0,0,0,2024-11-03,0,1,0,0,0,0,0,0,0,0,0,0,0
Pedro Porro,Tottenham Hotspur,23,ESP,25,90.0,0,0,0,0,2,0,1,0,67,1,1,1,0.0,0.0,0.0,2,0,35,51,68.6,4,24,2,0,0,2024-11-03,0,0,0,0,0,0,0,0,0,1,0,0,0
Guglielmo Vicario,Tottenham Hotspur,1,ITA,28,90.0,0,0,0,0,0,0,0,0,20,0,0,0,0.0,0.0,0.0,0,0,18,18,100.0,0,11,0,0,0,2024-11-03,0,0,0,0,0,1,0,0,0,0,0,0,0
Ollie Watkins,Aston Villa,11,ENG,28,90.0,0,0,0,0,2,0,0,0,22,0,0,1,0.5,0.5,0.0,1,0,7,13,53.8,0,8,3,1,0,2024-11-03,0,0,0,0,1,0,0,0,0,0,0,0,0
Jacob Ramsey,Aston Villa,41,ENG,23,80.0,0,0,0,0,1,0,0,0,36,1,3,2,0.0,0.0,0.0,2,0,21,24,87.5,1,24,1,5,3,2024-11-03,0,0,0,0,0,0,0,1,1,0,0,0,0
Jaden Philogene Bidace,Aston Villa,19,ENG,22,10.0,0,0,0,0,0,0,0,0,5,0,0,0,0.0,0.0,0.0,1,0,4,5,80.0,0,5,1,0,0,2024-11-03,0,0,0,0,0,0,0,1,0,0,0,0,0
John McGinn,Aston Villa,7,SCO,30,79.0,0,0,0,0,2,0,0,0,38,2,1,1,0.1,0.1,0.0,2,0,23,25,92.0,4,19,0,4,1,2024-11-03,0,0,0,0,0,0,0,0,0,0,1,1,0
Leon Bailey,Aston Villa,31,JAM,27,11.0,0,0,0,0,1,0,0,0,8,0,0,0,0.0,0.0,0.0,0,0,4,7,57.1,1,6,2,0,0,2024-11-03,0,0,0,0,0,0,0,0,0,0,1,0,0
Morgan Rogers,Aston Villa,27,ENG,22,68.0,1,0,0,0,2,1,0,0,24,1,0,0,0.8,0.8,0.2,2,0,11,14,78.6,1,16,2,3,2,2024-11-03,1,0,0,0,0,0,0,0,0,0,0,0,0
Jhon Durán,Aston Villa,9,COL,20,22.0,0,0,0,0,0,0,0,0,7,0,0,0,0.0,0.0,0.0,0,0,2,4,50.0,0,2,0,0,0,2024-11-03,0,0,0,0,1,0,0,0,0,0,0,0,0
Youri Tielemans,Aston Villa,8,BEL,27,80.0,0,0,0,0,0,0,0,0,47,1,2,0,0.0,0.0,0.1,5,0,34,43,79.1,5,33,1,2,1,2024-11-03,0,0,1,1,0,0,0,0,0,0,0,0,0
Boubacar Kamara,Aston Villa,44,FRA,24,10.0,0,0,0,0,0,0,0,0,14,1,0,0,0.0,0.0,0.0,0,0,11,12,91.7,1,9,0,0,0,2024-11-03,0,0,1,0,0,0,0,0,0,0,0,0,0
Amadou Onana,Aston Villa,24,BEL,23,90.0,0,0,0,0,2,0,0,0,51,3,2,0,0.1,0.1,0.0,1,1,35,36,97.2,2,25,1,2,1,2024-11-03,0,0,1,1,0,0,0,0,0,0,0,0,0
Lucas Digne,Aston Villa,12,FRA,31,90.0,0,0,0,0,1,0,0,0,72,1,1,2,0.0,0.0,0.8,4,0,39,58,67.2,2,39,1,2,0,2024-11-03,0,0,0,0,0,0,1,0,0,0,0,0,0
Pau Torres,Aston Villa,14,ESP,27,90.0,0,0,0,0,0,0,0,0,55,1,0,2,0.0,0.0,0.0,0,0,41,50,82.0,3,32,1,4,4,2024-11-03,0,1,0,0,0,0,0,0,0,0,0,0,0
Ezri Konsa,Aston Villa,4,ENG,27,90.0,0,0,0,0,0,0,0,0,50,2,1,1,0.0,0.0,0.0,0,0,39,42,92.9,2,22,0,2,2,2024-11-03,0,1,0,0,0,0,0,0,0,1,0,0,0
Matty Cash,Aston Villa,2,POL,27,59.0,0,0,0,0,0,0,0,0,33,5,1,0,0.0,0.0,0.0,0,0,23,29,79.3,2,15,0,0,0,2024-11-03,0,0,0,0,0,0,0,0,0,1,0,0,0
Diego Carlos,Aston Villa,3,BRA,31,31.0,0,0,0,0,1,0,0,0,19,1,0,0,0.4,0.4,0.0,1,0,15,16,93.8,0,14,0,0,0,2024-11-03,0,1,0,0,0,0,0,0,0,0,0,0,0
Emiliano Martínez,Aston Villa,23,ARG,32,90.0,0,0,0,0,0,0,0,0,44,0,0,0,0.0,0.0,0.0,1,0,33,42,78.6,0,31,0,0,0,2024-11-03,0,0,0,0,0,1,0,0,0,0,0,0,0
Rasmus Højlund,Manchester United,9,DEN,21,83.0,0,0,0,0,0,0,0,0,22,0,0,0,0.0,0.0,0.2,3,1,11,14,78.6,0,15,2,4,1,2024-11-03,0,0,0,0,1,0,0,0,0,0,0,0,0
Joshua Zirkzee,Manchester United,11,NED,23,7.0,0,0,0,0,0,0,0,0,3,0,0,0,0.0,0.0,0.0,0,0,1,3,33.3,1,0,0,0,0,2024-11-03,0,0,0,0,1,0,0,0,0,0,0,0,0
Marcus Rashford,Manchester United,10,ENG,27,72.0,0,0,0,0,2,1,1,0,34,0,0,3,0.2,0.2,0.0,2,0,16,23,69.6,2,15,1,5,1,2024-11-03,0,0,0,0,0,0,0,0,1,0,0,1,0
Amad Diallo,Manchester United,16,CIV,22,18.0,0,0,0,0,0,0,1,0,7,1,0,0,0.0,0.0,0.0,1,0,3,5,60.0,0,5,2,0,0,2024-11-03,0,0,0,0,0,0,0,0,0,0,0,1,0
Alejandro Garnacho,Manchester United,17,ARG,20,90.0,0,0,0,0,4,2,0,0,40,0,0,2,0.5,0.5,0.0,1,0,20,27,74.1,0,30,7,4,1,2024-11-03,0,0,0,0,0,0,0,0,1,0,0,1,0
Bruno Fernandes,Manchester United,8,POR,30,90.0,1,0,1,1,3,0,0,0,69,4,1,1,1.3,0.5,0.5,6,0,33,54,61.1,7,34,1,2,1,2024-11-03,1,0,0,0,0,0,0,0,0,0,0,0,0
Manuel Ugarte Ribeiro,Manchester United,25,URU,23,83.0,0,0,0,0,0,0,1,0,36,1,1,0,0.0,0.0,0.0,3,0,22,29,75.9,2,24,1,1,0,2024-11-03,0,0,0,1,0,0,0,0,0,0,0,0,0
Victor Lindelöf,Manchester United,2,SWE,30,7.0,0,0,0,0,0,0,0,0,7,0,1,0,0.0,0.0,0.0,1,0,4,5,80.0,1,2,0,0,0,2024-11-03,0,0,0,1,0,0,0,0,0,0,0,0,0
Casemiro,Manchester United,18,BRA,32,90.0,0,0,0,0,1,0,1,0,64,4,2,4,0.0,0.0,0.0,1,1,33,46,71.7,4,25,1,0,0,2024-11-03,0,0,0,1,0,0,0,0,0,0,0,0,0
Noussair Mazraoui,Manchester United,3,MAR,26,90.0,0,0,0,0,0,0,0,0,53,6,2,1,0.0,0.0,0.0,2,0,37,40,92.5,6,20,2,6,5,2024-11-03,0,0,0,0,0,0,1,0,0,0,0,0,0
Lisandro Martínez,Manchester United,6,ARG,26,90.0,0,0,0,0,0,0,1,0,70,2,2,1,0.0,0.0,0.0,0,0,56,64,87.5,2,35,0,1,1,2024-11-03,0,1,0,0,0,0,0,0,0,0,0,0,0
Matthijs de Ligt,Manchester United,4,NED,25,90.0,0,0,0,0,0,0,0,0,45,0,1,2,0.0,0.0,0.0,1,0,38,40,95.0,2,29,0,0,0,2024-11-03,0,1,0,0,0,0,0,0,0,0,0,0,0
Diogo Dalot,Manchester United,20,POR,25,90.0,0,0,0,0,0,0,1,0,59,4,1,1,0.0,0.0,0.0,0,0,40,48,83.3,3,34,0,1,0,2024-11-03,0,0,0,0,0,0,0,0,0,1,0,0,0
André Onana,Manchester United,24,CMR,28,90.0,0,0,0,0,0,0,0,0,45,0,0,0,0.0,0.0,0.0,0,0,30,43,69.8,0,38,0,0,0,2024-11-03,0,0,0,0,0,1,0,0,0,0,0,0,0
Nicolas Jackson,Chelsea,15,SEN,23,90.0,0,0,0,0,1,1,1,0,25,1,0,1,0.1,0.1,0.1,1,0,12,15,80.0,0,13,0,2,1,2024-11-03,0,0,0,0,1,0,0,0,0,0,0,0,0
Pedro Neto,Chelsea,7,POR,24,90.0,0,0,0,0,2,1,0,0,40,2,0,1,0.1,0.1,0.0,2,1,21,26,80.8,2,29,6,6,2,2024-11-03,0,0,0,0,0,0,0,0,1,0,0,1,0
Noni Madueke,Chelsea,11,ENG,22,69.0,0,0,0,0,2,0,0,0,31,1,0,1,0.5,0.5,0.0,2,0,16,22,72.7,6,15,1,3,1,2024-11-03,0,0,0,0,0,0,0,0,0,0,0,1,0
Mykhailo Mudryk,Chelsea,10,UKR,23,21.0,0,0,0,0,0,0,0,0,9,0,0,0,0.0,0.0,0.0,0,0,5,6,83.3,0,7,0,1,0,2024-11-03,0,0,0,0,0,0,0,0,1,0,0,0,0
Cole Palmer,Chelsea,20,ENG,22,90.0,0,0,0,0,3,0,0,0,49,1,0,0,0.2,0.2,0.6,6,0,30,42,71.4,3,33,4,6,4,2024-11-03,1,0,0,0,0,0,0,0,0,0,0,0,0
Roméo Lavia,Chelsea,45,BEL,20,69.0,0,0,0,0,0,0,0,0,47,4,0,1,0.0,0.0,0.0,1,0,31,38,81.6,3,23,1,3,3,2024-11-03,0,0,0,1,0,0,0,0,0,0,0,0,0
Enzo Fernández,Chelsea,8,ARG,23,21.0,0,0,0,0,1,0,0,0,16,1,0,0,0.1,0.1,0.0,1,1,10,15,66.7,1,8,1,0,0,2024-11-03,0,0,0,1,0,0,0,0,0,0,0,0,0
Moisés Caicedo,Chelsea,25,ECU,23,90.0,1,0,0,0,1,1,0,0,54,3,1,1,0.0,0.0,0.1,2,0,37,44,84.1,6,30,0,3,2,2024-11-03,0,0,0,1,0,0,0,0,0,0,0,0,0
Reece James,Chelsea,24,ENG,24,90.0,0,0,0,0,0,0,0,0,95,1,0,2,0.0,0.0,0.0,1,0,77,90,85.6,3,42,0,3,1,2024-11-03,0,0,0,0,0,0,1,0,0,1,0,0,0
Levi Colwill,Chelsea,6,ENG,21,90.0,0,0,0,0,1,0,0,0,79,1,3,2,0.0,0.0,0.0,1,0,60,68,88.2,5,44,0,0,0,2024-11-03,0,1,0,0,0,0,0,0,0,0,0,0,0
Wesley Fofana,Chelsea,29,FRA,23,90.0,0,0,0,0,0,0,0,0,71,3,2,2,0.0,0.0,0.0,1,0,49,58,84.5,1,42,0,1,1,2024-11-03,0,1,0,0,0,0,0,0,0,0,0,0,0
Malo Gusto,Chelsea,27,FRA,21,45.0,0,0,0,0,0,0,1,0,39,0,1,0,0.0,0.0,0.0,1,0,22,34,64.7,5,23,1,0,0,2024-11-03,0,0,0,0,0,0,0,0,0,1,0,0,0
Marc Cucurella,Chelsea,3,ESP,26,45.0,0,0,0,0,1,0,0,0,24,2,0,1,0.0,0.0,0.0,2,0,17,20,85.0,3,9,2,1,0,2024-11-03,0,0,0,0,0,0,1,0,0,0,0,0,0
Robert Sánchez,Chelsea,1,ESP,26,90.0,0,0,0,0,0,0,0,0,37,0,0,0,0.0,0.0,0.0,0,0,27,34,79.4,0,22,0,0,0,2024-11-03,0,0,0,0,0,1,0,0,0,0,0,0,0
Raúl Jiménez,Fulham,7,MEX,33,72.0,0,0,0,0,2,1,0,0,25,1,1,0,0.1,0.1,0.0,0,0,11,15,73.3,0,21,0,0,0,2024-11-04,0,0,0,0,1,0,0,0,0,0,0,0,0
Rodrigo Muniz,Fulham,9,BRA,23,18.0,0,0,0,0,0,0,1,0,3,0,0,0,0.0,0.0,0.0,0,0,1,1,100.0,0,1,0,0,0,2024-11-04,0,0,0,0,1,0,0,0,0,0,0,0,0
Reiss Nelson,Fulham,19,ENG,24,81.0,0,0,0,0,3,2,0,0,65,0,0,3,0.2,0.2,0.1,8,0,46,53,86.8,3,49,10,9,5,2024-11-04,0,0,0,0,0,0,0,0,1,0,0,1,0
Harry Wilson,Fulham,8,WAL,27,9.0,2,0,0,0,3,2,1,0,11,0,0,0,0.3,0.3,0.0,0,0,5,8,62.5,2,5,0,0,0,2024-11-04,0,0,0,0,0,0,0,0,0,0,0,1,0
Alex Iwobi,Fulham,17,NGA,28,90.0,0,0,0,0,3,1,0,0,65,1,1,0,0.1,0.1,0.2,3,0,45,57,78.9,9,55,4,1,0,2024-11-04,0,0,0,0,0,0,0,0,1,0,0,1,0
Emile Smith Rowe,Fulham,32,ENG,24,81.0,0,0,0,0,2,1,0,0,71,2,1,0,0.2,0.2,0.2,7,0,61,64,95.3,14,52,6,1,0,2024-11-04,1,0,0,0,0,0,0,0,0,0,0,0,0
Tom Cairney,Fulham,10,SCO,33,9.0,0,0,0,0,0,0,0,0,12,0,0,0,0.0,0.0,0.1,5,1,10,12,83.3,2,8,0,0,0,2024-11-04,1,0,0,0,0,0,0,0,0,0,0,0,0
Sander Berge,Fulham,16,NOR,26,90.0,0,0,0,0,0,0,0,0,79,4,2,1,0.0,0.0,0.1,4,1,68,74,91.9,8,54,2,0,0,2024-11-04,0,0,0,1,0,0,0,0,0,0,0,0,0
Andreas Pereira,Fulham,18,BRA,28,64.0,0,0,0,0,2,0,0,0,56,1,0,1,0.1,0.1,0.0,3,0,33,46,71.7,9,29,1,1,1,2024-11-04,0,0,0,1,0,0,0,0,0,0,0,0,0
Adama Traoré,Fulham,11,ESP,28,26.0,0,1,0,0,3,0,0,0,17,0,0,0,0.2,0.2,0.1,5,1,6,11,54.5,0,9,4,3,2,2024-11-04,0,0,0,1,0,0,0,0,0,0,0,0,0
Antonee Robinson,Fulham,33,USA,27,90.0,0,1,0,0,0,0,0,0,100,0,4,0,0.0,0.0,0.2,6,1,79,95,83.2,10,56,7,4,4,2024-11-04,0,0,0,0,0,0,1,0,0,0,0,0,0
Calvin Bassey,Fulham,3,NGA,24,90.0,0,0,0,0,2,2,0,0,80,2,0,1,0.0,0.0,0.0,0,0,61,72,84.7,4,52,0,0,0,2024-11-04,0,1,0,0,0,0,0,0,0,0,0,0,0
Joachim Andersen,Fulham,5,DEN,28,90.0,0,0,0,0,2,1,0,0,103,0,1,0,0.1,0.1,0.0,2,0,76,97,78.4,5,71,0,0,0,2024-11-04,0,1,0,0,0,0,0,0,0,0,0,0,0
Kenny Tete,Fulham,2,NED,29,72.0,0,0,0,0,2,1,0,0,57,4,3,2,0.1,0.1,0.0,3,0,41,44,93.2,4,30,2,0,0,2024-11-04,0,0,0,0,0,0,0,0,0,1,0,0,0
Timothy Castagne,Fulham,21,BEL,28,18.0,0,0,0,0,2,1,0,0,19,0,0,0,0.1,0.1,0.0,1,0,11,15,73.3,0,10,0,0,0,2024-11-04,0,0,0,0,0,0,0,0,0,1,0,0,0
Bernd Leno,Fulham,1,GER,32,90.0,0,0,0,0,0,0,0,0,49,0,0,0,0.0,0.0,0.0,0,0,41,48,85.4,0,37,0,0,0,2024-11-04,0,0,0,0,0,1,0,0,0,0,0,0,0
Yoane Wissa,Brentford,11,COD,28,71.0,0,0,0,0,0,0,0,0,23,0,0,0,0.0,0.0,0.0,2,0,12,18,66.7,0,10,0,1,1,2024-11-04,0,0,0,0,1,0,0,0,0,0,0,0,0
Kevin Schade,Brentford,7,GER,22,19.0,0,0,0,0,0,0,0,0,14,0,0,1,0.0,0.0,0.0,0,0,7,7,100.0,2,6,0,3,1,2024-11-04,0,0,0,0,1,0,0,0,0,0,0,0,0
Keane Lewis-Potter,Brentford,23,ENG,23,72.0,0,0,0,0,1,0,0,0,17,2,0,1,0.1,0.1,0.1,1,0,6,9,66.7,0,11,5,1,0,2024-11-04,0,0,0,0,0,0,0,0,1,0,0,0,0
Fabio Carvalho,Brentford,14,POR,22,18.0,0,0,0,0,1,1,0,0,9,0,0,0,0.3,0.3,0.0,1,0,4,5,80.0,0,4,0,0,0,2024-11-04,0,0,0,0,1,0,0,0,1,0,0,0,0
Bryan Mbeumo,Brentford,19,CMR,25,86.0,0,0,0,0,0,0,0,0,26,0,1,0,0.0,0.0,0.0,0,0,11,16,68.8,2,14,1,1,1,2024-11-04,0,0,0,0,0,0,0,0,0,0,0,1,0
Ben Mee,Brentford,16,ENG,35,4.0,0,0,0,0,0,0,0,0,5,1,1,1,0.0,0.0,0.0,0,0,0,2,0.0,0,1,0,0,0,2024-11-04,0,1,0,0,0,0,0,0,0,0,0,1,0
Mikkel Damsgaard,Brentford,24,DEN,24,71.0,0,0,0,0,0,0,0,0,38,4,0,0,0.0,0.0,0.0,1,1,18,30,60.0,2,17,0,1,0,2024-11-04,1,0,0,0,0,0,0,0,0,0,0,0,0
Mathias Jensen,Brentford,8,DEN,28,19.0,0,0,0,0,0,0,0,0,9,0,0,0,0.0,0.0,0.0,0,0,3,4,75.0,0,2,0,0,0,2024-11-04,1,0,1,0,0,0,0,0,0,0,0,0,0
Vitaly Janelt,Brentford,27,GER,26,89.0,1,0,0,0,2,1,0,0,41,1,3,2,0.1,0.1,0.0,0,0,21,26,80.8,4,20,0,1,1,2024-11-04,0,0,0,1,0,0,0,0,0,0,0,0,0
Yehor Yarmoliuk,Brentford,18,UKR,20,1.0,0,0,0,0,1,0,0,0,4,0,0,0,0.1,0.1,0.0,0,0,3,3,100.0,0,2,0,0,0,2024-11-04,0,0,1,0,0,0,0,0,0,0,0,0,0
Christian Nørgaard,Brentford,6,DEN,30,90.0,0,1,0,0,0,0,0,0,40,4,1,4,0.0,0.0,0.1,2,1,21,29,72.4,9,16,1,0,0,2024-11-04,0,0,1,1,0,0,0,0,0,0,0,0,0
Sepp van den Berg,Brentford,4,NED,22,90.0,0,0,0,0,0,0,0,0,34,1,1,1,0.0,0.0,0.0,0,0,17,24,70.8,1,9,0,0,0,2024-11-04,0,0,0,0,0,0,1,0,0,0,0,0,0
Ethan Pinnock,Brentford,5,JAM,31,90.0,0,0,0,0,0,0,0,0,53,1,1,4,0.0,0.0,0.0,0,0,25,35,71.4,6,15,0,2,1,2024-11-04,0,1,0,0,0,0,0,0,0,0,0,0,0
Nathan Collins,Brentford,22,IRL,23,90.0,0,0,0,0,0,0,0,0,59,1,4,1,0.0,0.0,0.0,0,0,31,46,67.4,3,29,0,0,0,2024-11-04,0,1,0,0,0,0,0,0,0,0,0,0,0
Mads Roerslev,Brentford,30,DEN,25,90.0,0,0,0,0,0,0,1,0,46,1,0,2,0.0,0.0,0.3,2,0,26,33,78.8,7,19,1,3,2,2024-11-04,0,0,0,0,0,0,0,0,0,1,0,0,0
Mark Flekken,Brentford,1,NED,31,90.0,0,0,0,0,0,0,0,0,54,0,0,0,0.0,0.0,0.0,0,0,32,51,62.7,0,37,0,0,0,2024-11-04,0,0,0,0,0,1,0,0,0,0,0,0,0
Yoane Wissa,Brentford,11,COD,28,90.0,2,0,0,0,2,2,0,0,32,0,0,0,0.6,0.6,0.0,1,0,18,22,81.8,1,18,1,3,1,2024-11-09,0,0,0,0,1,0,0,0,0,0,0,0,0
Mikkel Damsgaard,Brentford,24,DEN,24,89.0,1,0,0,0,2,1,0,0,54,4,1,1,0.1,0.1,0.1,4,1,27,37,73.0,6,26,2,2,1,2024-11-09,0,0,0,0,0,0,0,1,1,0,0,0,0
Yunus Emre Konak,Brentford,26,TUR,18,1.0,0,0,0,0,0,0,0,0,3,0,0,0,0.0,0.0,0.0,0,0,1,2,50.0,1,1,1,0,0,2024-11-09,0,0,0,0,0,0,0,1,0,0,0,0,0
Bryan Mbeumo,Brentford,19,CMR,25,89.0,0,1,0,0,1,0,0,0,40,1,0,0,0.1,0.1,0.1,1,1,17,30,56.7,2,21,1,0,0,2024-11-09,0,0,0,0,0,0,0,0,0,0,0,1,0
Fabio Carvalho,Brentford,14,POR,22,1.0,0,0,0,0,0,0,1,0,1,0,0,0,0.0,0.0,0.0,0,0,1,1,100.0,0,0,0,0,0,2024-11-09,0,0,0,0,0,0,0,0,0,0,0,1,0
Vitaly Janelt,Brentford,27,GER,26,90.0,0,1,0,0,2,1,0,0,59,1,0,0,0.1,0.1,0.6,3,1,38,53,71.7,6,23,2,0,0,2024-11-09,0,0,1,0,0,0,0,1,0,0,0,0,0
Christian Nørgaard,Brentford,6,DEN,30,82.0,0,0,0,0,1,1,0,0,60,1,1,2,0.1,0.1,0.0,2,1,33,50,66.0,4,25,0,0,0,2024-11-09,0,0,1,0,0,0,0,0,0,0,0,0,0
Kevin Schade,Brentford,7,GER,22,8.0,0,0,0,0,1,0,1,0,9,0,0,0,0.3,0.3,0.0,0,0,1,3,33.3,1,4,0,1,0,2024-11-09,0,0,0,0,0,0,0,0,1,0,0,0,0
Mathias Jensen,Brentford,8,DEN,28,78.0,0,0,0,0,1,1,0,0,39,0,1,1,0.0,0.0,0.0,3,1,22,34,64.7,7,16,0,2,1,2024-11-09,0,0,0,0,0,0,0,0,0,0,1,0,0
Yehor Yarmoliuk,Brentford,18,UKR,20,12.0,0,0,0,0,0,0,0,0,13,1,0,2,0.0,0.0,0.0,0,0,3,5,60.0,1,2,0,1,0,2024-11-09,0,0,0,0,0,0,0,0,0,0,1,0,0
Keane Lewis-Potter,Brentford,23,ENG,23,90.0,0,0,0,0,0,0,0,0,53,0,1,0,0.0,0.0,0.2,4,1,34,44,77.3,4,18,3,0,0,2024-11-09,0,0,0,0,0,0,1,0,0,0,0,0,0
Ethan Pinnock,Brentford,5,JAM,31,90.0,0,0,0,0,0,0,0,0,63,0,2,2,0.0,0.0,0.1,4,0,40,54,74.1,2,29,0,1,1,2024-11-09,0,1,0,0,0,0,0,0,0,0,0,0,0
Nathan Collins,Brentford,22,IRL,23,90.0,0,0,0,0,0,0,0,0,61,1,0,4,0.0,0.0,0.3,1,0,32,42,76.2,2,14,0,0,0,2024-11-09,0,1,0,0,0,0,0,0,0,0,0,0,0
Sepp van den Berg,Brentford,4,NED,22,90.0,0,0,0,0,2,0,0,0,48,2,0,0,0.2,0.2,0.0,0,0,31,38,81.6,2,14,0,0,0,2024-11-09,0,0,0,0,0,0,0,0,0,1,0,0,0
Mark Flekken,Brentford,1,NED,31,90.0,0,0,0,0,0,0,0,0,44,0,0,0,0.0,0.0,0.0,0,0,35,42,83.3,0,24,0,0,0,2024-11-09,0,0,0,0,0,1,0,0,0,0,0,0,0
Evanilson,Bournemouth,9,BRA,25,90.0,1,0,0,0,1,1,0,0,23,0,0,2,1.0,1.0,0.1,4,1,8,14,57.1,0,11,2,2,2,2024-11-09,0,0,0,0,1,0,0,0,0,0,0,0,0
Justin Kluivert,Bournemouth,19,NED,25,75.0,1,0,0,0,1,1,0,0,38,1,0,1,0.1,0.1,0.1,3,1,19,27,70.4,4,23,5,1,0,2024-11-09,0,0,0,0,0,0,0,0,1,0,0,0,0
David Brooks,Bournemouth,7,WAL,27,15.0,0,0,0,0,0,0,0,0,7,0,0,0,0.0,0.0,0.0,0,0,3,7,42.9,1,6,0,0,0,2024-11-09,0,0,0,0,0,0,0,0,0,0,1,0,0
Antoine Semenyo,Bournemouth,24,GHA,24,90.0,0,0,0,0,5,1,0,0,51,1,1,1,0.3,0.3,0.0,2,0,23,38,60.5,3,30,6,2,1,2024-11-09,0,0,0,0,0,0,0,1,0,0,0,1,0
Ryan Christie,Bournemouth,10,SCO,29,75.0,0,0,0,0,1,0,1,0,43,1,0,2,0.1,0.1,0.8,2,0,24,30,80.0,5,22,2,3,2,2024-11-09,1,0,0,1,0,0,0,0,0,0,0,0,0
Enes Ünal,Bournemouth,26,TUR,27,15.0,0,0,0,0,1,0,0,0,5,0,0,0,0.1,0.1,0.0,0,0,0,2,0.0,0,2,0,0,0,2024-11-09,0,0,0,0,1,0,0,0,0,0,0,0,0
Tyler Adams,Bournemouth,12,USA,25,66.0,0,0,0,0,1,0,0,0,52,4,3,2,0.0,0.0,0.0,2,0,30,37,81.1,1,22,0,0,0,2024-11-09,0,0,0,1,0,0,0,0,0,0,0,0,0
Marcus Tavernier,Bournemouth,16,ENG,25,24.0,0,0,0,0,0,0,0,0,18,1,1,0,0.0,0.0,0.2,5,0,11,13,84.6,4,8,1,2,1,2024-11-09,1,0,1,0,0,0,0,0,0,0,0,0,0
Lewis Cook,Bournemouth,4,ENG,27,90.0,0,1,0,0,3,0,0,0,61,3,1,1,0.1,0.1,0.1,2,1,36,46,78.3,3,27,1,1,0,2024-11-09,0,0,1,1,0,0,0,0,0,0,0,0,0
Milos Kerkez,Bournemouth,3,HUN,21,90.0,0,0,0,0,0,0,0,0,57,2,1,0,0.0,0.0,0.1,2,0,37,46,80.4,3,25,1,0,0,2024-11-09,0,0,0,0,0,0,1,0,0,0,0,0,0
Marcos Senesi,Bournemouth,5,ARG,27,66.0,0,0,0,0,1,0,1,0,51,2,1,0,0.7,0.7,0.0,1,0,29,43,67.4,2,37,1,0,0,2024-11-09,0,1,0,0,0,0,0,0,0,0,0,0,0
Dean Huijsen,Bournemouth,2,ESP,19,24.0,0,0,0,0,1,0,0,0,25,0,0,1,0.2,0.2,0.1,1,0,14,20,70.0,3,12,2,0,0,2024-11-09,0,1,0,0,0,0,0,0,0,0,0,0,0
Illia Zabarnyi,Bournemouth,27,UKR,22,90.0,0,0,0,0,0,0,1,0,55,1,0,1,0.0,0.0,0.0,1,0,34,44,77.3,4,31,0,0,0,2024-11-09,0,1,0,0,0,0,0,0,0,0,0,0,0
Adam Smith,Bournemouth,15,ENG,33,83.0,0,0,0,0,0,0,1,0,44,0,0,0,0.0,0.0,0.0,0,0,24,35,68.6,2,16,0,0,0,2024-11-09,0,0,0,0,0,0,0,0,0,1,0,0,0
Julian Araujo,Bournemouth,22,MEX,23,7.0,0,0,0,0,0,0,0,0,3,0,0,0,0.0,0.0,0.0,0,0,2,2,100.0,0,1,0,0,0,2024-11-09,0,0,0,0,0,0,0,0,0,1,0,0,0
Kepa Arrizabalaga,Bournemouth,13,ESP,30,90.0,0,0,0,0,0,0,0,0,31,0,0,0,0.0,0.0,0.0,1,0,21,30,70.0,0,17,0,0,0,2024-11-09,0,0,0,0,0,1,0,0,0,0,0,0,0
Michail Antonio,West Ham United,9,JAM,34,66.0,0,0,0,0,1,1,0,0,28,1,0,0,0.0,0.0,0.0,1,0,12,16,75.0,1,19,3,2,0,2024-11-09,0,0,0,0,1,0,0,0,0,0,0,0,0
Danny Ings,West Ham United,18,ENG,32,24.0,0,0,0,0,2,2,0,0,13,0,0,0,0.3,0.3,0.0,1,0,7,10,70.0,0,9,2,1,1,2024-11-09,0,0,0,0,1,0,0,0,0,0,0,0,0
Crysencio Summerville,West Ham United,7,NED,23,82.0,0,0,0,0,1,1,0,0,39,2,0,1,0.3,0.3,0.1,2,0,18,27,66.7,3,19,2,5,1,2024-11-09,0,0,0,0,0,0,0,1,0,0,0,0,0
Luis Guilherme,West Ham United,17,BRA,18,8.0,0,0,0,0,0,0,0,0,6,0,0,1,0.0,0.0,0.0,0,0,1,3,33.3,0,3,0,2,0,2024-11-09,0,0,0,0,0,0,0,1,0,0,0,0,0
Lucas Paquetá,West Ham United,10,BRA,27,90.0,0,0,0,0,1,0,0,0,82,0,0,5,0.0,0.0,0.6,4,0,50,64,78.1,9,44,2,2,1,2024-11-09,0,0,1,0,0,0,0,0,0,0,0,0,0
Tomáš Souček,West Ham United,28,CZE,29,90.0,0,0,0,0,0,0,0,0,56,2,0,0,0.0,0.0,0.0,0,0,45,51,88.2,4,34,0,0,0,2024-11-09,0,0,1,1,0,0,0,0,0,0,0,0,0
Jarrod Bowen,West Ham United,20,ENG,27,90.0,0,0,0,0,3,1,0,0,49,2,2,1,0.1,0.1,0.0,4,0,18,27,66.7,5,29,4,10,4,2024-11-09,0,0,0,0,0,0,0,0,0,0,1,0,0
Guido Rodríguez,West Ham United,24,ARG,30,66.0,0,0,0,0,1,1,0,0,48,0,0,4,0.0,0.0,0.0,0,0,33,40,82.5,2,25,0,0,0,2024-11-09,0,0,0,1,0,0,0,0,0,0,0,0,0
Carlos Soler,West Ham United,4,ESP,27,24.0,0,0,0,0,1,0,0,0,13,0,1,0,0.0,0.0,0.0,3,0,11,11,100.0,2,6,1,0,0,2024-11-09,0,0,1,0,0,0,0,0,0,0,0,0,0
Emerson Palmieri,West Ham United,33,ITA,30,90.0,0,0,0,0,1,0,0,0,70,5,0,2,0.0,0.0,0.0,2,0,43,57,75.4,1,24,1,0,0,2024-11-09,0,0,0,0,0,0,1,0,0,0,0,0,0
Max Kilman,West Ham United,26,ENG,27,90.0,0,0,0,0,0,0,0,0,61,0,0,1,0.0,0.0,0.0,0,0,34,49,69.4,3,31,1,0,0,2024-11-09,0,1,0,0,0,0,0,0,0,0,0,0,0
Jean-Clair Todibo,West Ham United,25,FRA,24,90.0,0,0,0,0,0,0,0,0,62,1,0,4,0.0,0.0,0.0,1,0,42,48,87.5,2,37,0,1,0,2024-11-09,0,1,0,0,0,0,0,0,0,0,0,0,0
Aaron Wan-Bissaka,West Ham United,29,ENG,26,66.0,0,0,0,0,0,0,0,0,53,0,1,1,0.0,0.0,0.0,0,0,32,43,74.4,0,23,0,0,0,2024-11-09,0,0,0,0,0,0,0,0,0,1,0,0,0
Vladimír Coufal,West Ham United,5,CZE,32,24.0,0,0,0,0,0,0,1,0,19,0,0,0,0.0,0.0,0.0,0,0,10,17,58.8,1,10,1,1,0,2024-11-09,0,0,0,0,0,0,0,0,0,1,0,0,0
Łukasz Fabiański,West Ham United,1,POL,39,90.0,0,0,0,0,0,0,0,0,30,0,0,0,0.0,0.0,0.0,1,0,18,29,62.1,0,18,0,0,0,2024-11-09,0,0,0,0,0,1,0,0,0,0,0,0,0
Dominic Calvert-Lewin,Everton,9,ENG,27,74.0,0,0,0,0,4,1,0,0,29,2,1,0,0.2,0.2,0.1,4,0,11,18,61.1,2,13,2,0,0,2024-11-09,0,0,0,0,1,0,0,0,0,0,0,0,0
Beto,Everton,14,GNB,26,16.0,0,0,0,0,0,0,0,0,7,0,0,0,0.0,0.0,0.0,0,0,1,2,50.0,0,4,0,2,1,2024-11-09,0,0,0,0,1,0,0,0,0,0,0,0,0
Iliman Ndiaye,Everton,10,SEN,24,90.0,0,0,0,0,2,1,0,0,59,4,2,1,0.1,0.1,0.0,1,0,30,38,78.9,2,36,4,11,7,2024-11-09,0,0,0,0,0,0,0,0,1,0,0,0,0
Jesper Lindstrøm,Everton,29,DEN,24,90.0,0,0,0,0,3,1,0,0,62,1,1,3,0.4,0.4,0.1,7,0,28,46,60.9,1,22,3,3,0,2024-11-09,0,0,0,0,0,0,0,0,0,0,0,1,0
Abdoulaye Doucouré,Everton,16,MLI,31,85.0,0,0,0,0,1,0,0,0,39,0,0,1,0.2,0.2,0.1,6,0,32,35,91.4,4,20,1,1,1,2024-11-09,1,0,0,0,0,0,0,0,0,0,0,0,0
Jack Harrison,Everton,11,ENG,27,5.0,0,0,0,0,0,0,0,0,1,0,0,0,0.0,0.0,0.0,0,0,0,1,0.0,0,1,0,0,0,2024-11-09,1,0,0,0,0,0,0,0,0,0,0,0,0
Orel Mangala,Everton,8,BEL,26,90.0,0,0,0,0,1,0,0,0,44,2,0,0,0.0,0.0,0.3,1,0,36,40,90.0,3,22,0,0,0,2024-11-09,0,0,0,1,0,0,0,0,0,0,0,0,0
Idrissa Gana Gueye,Everton,27,SEN,35,90.0,0,0,0,0,2,0,1,0,79,2,0,1,0.1,0.1,0.3,5,0,53,67,79.1,4,39,1,1,0,2024-11-09,0,0,0,1,0,0,0,0,0,0,0,0,0
Vitaliy Mykolenko,Everton,19,UKR,25,90.0,0,0,0,0,2,0,0,0,74,1,0,0,0.0,0.0,0.0,3,0,48,68,70.6,4,21,1,0,0,2024-11-09,0,0,0,0,0,0,1,0,0,0,0,0,0
Jarrad Branthwaite,Everton,32,ENG,22,90.0,0,0,0,0,0,0,0,0,53,3,1,2,0.0,0.0,0.0,1,0,32,42,76.2,1,18,0,1,0,2024-11-09,0,1,0,0,0,0,0,0,0,0,0,0,0
James Tarkowski,Everton,6,ENG,31,90.0,0,0,0,0,1,1,0,0,64,2,2,2,0.1,0.1,0.0,0,0,44,53,83.0,1,25,1,1,1,2024-11-09,0,1,0,0,0,0,0,0,0,0,0,0,0
Ashley Young,Everton,18,ENG,39,90.0,0,0,0,0,2,0,1,0,77,3,1,1,0.1,0.1,0.1,3,0,43,66,65.2,3,33,1,0,0,2024-11-09,0,0,0,0,0,0,0,0,0,1,0,0,0
Jordan Pickford,Everton,1,ENG,30,90.0,0,0,0,0,0,0,0,0,45,0,0,0,0.0,0.0,0.0,0,0,26,39,66.7,0,17,0,0,0,2024-11-09,0,0,0,0,0,1,0,0,0,0,0,0,0
Jean-Philippe Mateta,Crystal Palace,14,FRA,27,90.0,0,0,0,0,6,1,0,0,24,0,0,0,0.8,0.8,0.0,1,0,9,12,75.0,1,13,1,1,0,2024-11-09,0,0,0,0,1,0,0,0,0,0,0,0,0
Ismaila Sarr,Crystal Palace,7,SEN,26,87.0,0,0,0,0,0,0,0,0,38,0,1,0,0.0,0.0,0.5,3,0,21,32,65.6,2,26,2,2,1,2024-11-09,1,0,0,0,0,0,0,0,0,0,0,0,0
Asher Agbinone,Crystal Palace,64,ENG,19,3.0,0,0,0,0,0,0,0,0,4,2,0,0,0.0,0.0,0.0,0,0,1,1,100.0,0,3,0,1,0,2024-11-09,1,0,0,0,0,0,0,0,0,0,0,0,0
Daichi Kamada,Crystal Palace,18,JPN,28,75.0,0,0,0,0,0,0,0,1,42,0,2,1,0.0,0.0,0.1,2,0,27,32,84.4,3,21,0,0,0,2024-11-09,1,0,1,0,0,0,0,0,0,0,0,0,0
Marc Guéhi,Crystal Palace,6,ENG,24,90.0,0,0,0,0,2,1,0,0,47,3,1,1,0.1,0.1,0.0,1,0,30,34,88.2,6,24,0,0,0,2024-11-09,0,1,1,0,0,0,0,0,0,0,0,0,0
Justin Devenny,Crystal Palace,55,NIR,21,73.0,0,0,0,0,1,0,0,0,33,3,0,0,0.1,0.1,0.2,4,0,20,26,76.9,2,12,2,1,0,2024-11-09,0,0,1,0,0,0,0,0,0,0,0,0,0
Jeffrey Schlupp,Crystal Palace,15,GHA,31,17.0,0,0,0,0,0,0,0,0,8,0,0,1,0.0,0.0,0.0,1,0,6,6,100.0,0,1,0,0,0,2024-11-09,0,0,1,0,0,0,0,0,0,0,0,0,0
Tyrick Mitchell,Crystal Palace,3,ENG,25,90.0,0,0,0,0,0,0,0,0,50,3,0,2,0.0,0.0,0.1,4,0,32,39,82.1,0,25,2,1,1,2024-11-09,0,0,0,0,0,0,0,0,0,0,0,0,1
Daniel Muñoz,Crystal Palace,12,COL,28,87.0,0,0,0,0,2,2,0,0,56,3,4,2,0.5,0.5,0.1,3,0,24,37,64.9,0,24,3,4,2,2024-11-09,1,0,0,0,0,0,0,0,0,0,0,0,1
Caleb Kporha,Crystal Palace,58,ENG,18,3.0,0,0,0,0,0,0,0,0,5,0,0,0,0.0,0.0,0.0,0,0,3,5,60.0,0,2,1,0,0,2024-11-09,0,0,0,0,0,0,0,0,0,0,0,0,1
Nathaniel Clyne,Crystal Palace,17,ENG,33,61.0,0,0,0,0,0,0,0,0,32,0,2,2,0.0,0.0,0.0,0,0,21,25,84.0,1,14,1,0,0,2024-11-09,0,1,0,0,0,0,0,0,0,0,0,0,1
Cheick Doucouré,Crystal Palace,28,MLI,24,29.0,0,0,0,0,1,0,0,0,18,0,1,0,0.0,0.0,0.0,0,0,12,13,92.3,1,10,0,1,0,2024-11-09,0,0,1,0,0,0,0,0,0,0,0,0,0
Maxence Lacroix,Crystal Palace,5,FRA,24,90.0,0,0,0,0,1,0,1,0,59,2,2,4,0.0,0.0,0.0,0,0,34,41,82.9,4,24,0,1,1,2024-11-09,0,1,0,0,0,0,0,0,0,0,0,0,0
Trevoh Chalobah,Crystal Palace,27,ENG,25,90.0,0,0,0,0,0,0,0,0,60,3,6,0,0.0,0.0,0.0,1,0,33,46,71.7,1,28,1,1,1,2024-11-09,0,1,0,0,0,0,0,0,0,0,0,0,0
Dean Henderson,Crystal Palace,1,ENG,27,90.0,0,0,0,0,0,0,0,0,41,0,0,0,0.0,0.0,0.0,0,0,20,36,55.6,0,21,0,0,0,2024-11-09,0,0,0,0,0,1,0,0,0,0,0,0,0
Raúl Jiménez,Fulham,7,MEX,33,74.0,0,1,0,0,2,0,0,0,40,1,1,0,0.1,0.1,0.2,4,1,19,28,67.9,5,28,1,3,2,2024-11-09,0,0,0,0,1,0,0,0,0,0,0,0,0
Rodrigo Muniz,Fulham,9,BRA,23,16.0,0,0,0,0,0,0,0,0,4,0,0,0,0.0,0.0,0.0,0,0,1,1,100.0,0,3,0,0,0,2024-11-09,0,0,0,0,1,0,0,0,0,0,0,0,0
Reiss Nelson,Fulham,19,ENG,24,81.0,0,0,0,0,4,2,0,0,57,0,0,0,0.3,0.3,0.1,5,0,40,45,88.9,8,43,7,5,2,2024-11-09,0,0,0,0,0,0,0,0,1,0,0,0,0
Harry Wilson,Fulham,8,WAL,27,9.0,1,0,0,0,1,1,0,0,10,1,0,1,0.4,0.4,0.0,0,0,4,6,66.7,0,6,1,0,0,2024-11-09,0,0,0,0,0,0,0,0,1,0,0,1,0
Alex Iwobi,Fulham,17,NGA,28,88.0,0,1,0,0,2,1,1,0,68,3,0,1,0.1,0.1,1.1,6,1,42,57,73.7,10,46,5,2,2,2024-11-09,0,0,0,0,0,0,0,0,0,0,0,1,0
Adama Traoré,Fulham,11,ESP,28,2.0,0,0,0,0,0,0,0,0,5,0,0,0,0.0,0.0,0.0,0,0,3,5,60.0,0,2,0,0,0,2024-11-09,0,0,0,0,0,0,0,0,1,0,0,0,0
Emile Smith Rowe,Fulham,32,ENG,24,88.0,1,0,0,0,2,1,0,0,60,1,1,2,0.2,0.2,0.1,6,2,42,48,87.5,10,37,7,4,3,2024-11-09,1,0,0,0,0,0,0,0,0,0,0,0,0
Harrison Reed,Fulham,6,ENG,29,2.0,0,0,0,0,0,0,0,0,8,0,0,0,0.0,0.0,0.0,0,0,8,8,100.0,1,4,0,0,0,2024-11-09,1,0,0,0,0,0,0,0,0,0,0,0,0
Sander Berge,Fulham,16,NOR,26,90.0,0,0,0,0,0,0,0,0,65,1,2,1,0.0,0.0,0.0,1,0,53,60,88.3,3,34,0,0,0,2024-11-09,0,0,0,1,0,0,0,0,0,0,0,0,0
Andreas Pereira,Fulham,18,BRA,28,82.0,0,0,0,0,2,2,0,0,58,1,1,0,0.5,0.5,0.2,9,0,39,53,73.6,6,34,1,0,0,2024-11-09,0,0,0,1,0,0,0,0,0,0,0,0,0
Tom Cairney,Fulham,10,SCO,33,8.0,0,0,0,0,0,0,0,0,21,1,0,0,0.0,0.0,0.0,0,0,19,20,95.0,0,15,0,0,0,2024-11-09,0,0,0,1,0,0,0,0,0,0,0,0,0
Antonee Robinson,Fulham,33,USA,27,90.0,0,0,0,0,2,0,0,0,93,1,4,2,0.1,0.1,0.1,3,0,64,83,77.1,4,58,1,1,0,2024-11-09,0,0,0,0,0,0,1,0,0,0,0,0,0
Calvin Bassey,Fulham,3,NGA,24,90.0,0,0,0,0,0,0,0,0,72,1,0,0,0.0,0.0,0.0,0,0,55,65,84.6,2,53,0,0,0,2024-11-09,0,1,0,0,0,0,0,0,0,0,0,0,0
Joachim Andersen,Fulham,5,DEN,28,90.0,0,0,0,0,1,0,0,0,100,1,1,1,0.0,0.0,0.0,0,0,78,89,87.6,6,56,0,1,1,2024-11-09,0,1,0,0,0,0,0,0,0,0,0,0,0
Kenny Tete,Fulham,2,NED,29,90.0,0,0,0,0,1,0,0,0,83,4,1,3,0.0,0.0,0.0,0,0,57,69,82.6,2,46,4,1,0,2024-11-09,0,0,0,0,0,0,0,0,0,1,0,0,0
Bernd Leno,Fulham,1,GER,32,90.0,0,0,0,0,0,0,0,0,40,0,0,0,0.0,0.0,0.0,0,0,36,39,92.3,0,29,0,0,0,2024-11-09,0,0,0,0,0,1,0,0,0,0,0,0,0
Jørgen Strand Larsen,Wolverhampton Wanderers,9,NOR,24,72.0,0,0,0,0,1,1,0,0,15,0,2,1,0.0,0.0,0.0,0,0,6,9,66.7,0,6,1,0,0,2024-11-09,0,0,0,0,1,0,0,0,0,0,0,0,0
Gonçalo Guedes,Wolverhampton Wanderers,29,POR,27,18.0,0,0,0,0,0,0,0,0,4,0,0,0,0.0,0.0,0.0,0,0,0,3,0.0,0,2,0,0,0,2024-11-09,0,0,0,0,1,0,0,0,0,0,0,0,0
Rayan Aït-Nouri,Wolverhampton Wanderers,3,ALG,23,89.0,0,0,0,0,1,0,0,0,40,4,0,2,0.1,0.1,0.0,1,0,21,29,72.4,1,24,2,6,4,2024-11-09,0,0,0,0,0,0,0,0,1,0,0,0,0
Matt Doherty,Wolverhampton Wanderers,2,IRL,32,1.0,0,0,0,0,0,0,0,0,0,0,0,0,0.0,0.0,0.0,0,0,0,0,80.8,0,0,0,0,0,2024-11-09,0,0,0,0,0,0,0,0,1,0,0,0,0
Pablo Sarabia,Wolverhampton Wanderers,21,ESP,32,45.0,1,0,0,0,1,1,0,0,18,1,0,0,1.0,1.0,0.0,1,1,6,11,54.5,2,11,0,3,1,2024-11-09,0,0,0,0,0,0,0,0,0,0,0,1,0
Jean-Ricner Bellegarde,Wolverhampton Wanderers,27,FRA,26,45.0,0,0,0,0,1,0,1,0,18,0,0,1,0.0,0.0,0.0,1,0,4,6,66.7,0,11,0,6,1,2024-11-09,0,0,0,0,0,0,0,0,0,0,0,1,0
Matheus Cunha,Wolverhampton Wanderers,10,BRA,25,89.0,1,1,0,0,2,1,0,0,31,1,1,2,0.1,0.1,1.0,2,1,16,18,88.9,5,15,4,5,2,2024-11-09,1,0,0,0,0,0,0,0,0,0,0,0,0
Rodrigo Gomes,Wolverhampton Wanderers,19,POR,21,1.0,0,0,0,0,0,0,0,0,2,0,0,0,0.0,0.0,0.0,0,0,2,2,100.0,1,2,0,0,0,2024-11-09,1,0,0,0,0,0,0,0,0,0,0,0,0
João Gomes,Wolverhampton Wanderers,8,BRA,23,90.0,0,0,0,0,1,1,0,0,41,0,2,3,0.0,0.0,0.0,0,0,19,30,63.3,2,18,1,1,1,2024-11-09,0,0,0,1,0,0,0,0,0,0,0,0,0
Mario Lemina,Wolverhampton Wanderers,5,GAB,31,90.0,0,1,0,0,1,0,0,0,30,2,1,0,0.0,0.0,0.0,4,1,17,23,73.9,2,12,1,1,1,2024-11-09,0,0,0,1,0,0,0,0,0,0,0,0,0
Toti Gomes,Wolverhampton Wanderers,24,POR,25,90.0,0,0,0,0,0,0,0,0,56,3,0,0,0.0,0.0,0.0,1,0,36,45,80.0,2,28,0,1,1,2024-11-09,0,0,0,0,0,0,1,0,0,0,0,0,0
Craig Dawson,Wolverhampton Wanderers,15,ENG,34,90.0,0,0,0,0,0,0,0,0,52,1,0,2,0.0,0.0,0.0,1,1,35,38,92.1,1,33,0,1,0,2024-11-09,0,1,0,0,0,0,0,0,0,0,0,0,0
Santiago Bueno,Wolverhampton Wanderers,4,URU,26,90.0,0,0,0,0,0,0,0,0,37,1,0,2,0.0,0.0,0.0,0,0,27,31,87.1,1,19,0,0,0,2024-11-09,0,1,0,0,0,0,0,0,0,0,0,0,0
Nélson Semedo,Wolverhampton Wanderers,22,POR,30,90.0,0,0,0,0,0,0,0,0,36,1,1,2,0.0,0.0,0.1,1,0,23,26,88.5,2,15,0,1,1,2024-11-09,0,0,0,0,0,0,0,0,0,1,0,0,0
José Sá,Wolverhampton Wanderers,1,POR,31,90.0,0,0,0,0,0,0,0,0,29,0,0,0,0.0,0.0,0.0,0,0,15,28,53.6,0,15,0,0,0,2024-11-09,0,0,0,0,0,1,0,0,0,0,0,0,0
Cameron Archer,Southampton,19,ENG,23,72.0,0,0,0,0,0,0,0,0,11,1,0,0,0.0,0.0,0.0,0,0,5,6,83.3,0,8,1,0,0,2024-11-09,0,0,0,0,1,0,0,0,0,0,0,0,0
Paul Onuachu,Southampton,32,NGA,30,18.0,0,0,0,0,0,0,0,0,5,0,0,0,0.0,0.0,0.0,0,0,2,4,50.0,0,2,0,0,0,2024-11-09,0,0,0,0,1,0,0,0,0,0,0,0,0
Mateus Fernandes,Southampton,18,POR,20,90.0,0,0,0,0,3,0,0,0,73,4,0,1,0.2,0.2,0.2,5,0,46,62,74.2,9,42,6,2,1,2024-11-09,1,0,0,1,0,0,0,1,0,0,0,0,0
Adam Lallana,Southampton,10,ENG,36,59.0,0,0,0,0,0,0,0,0,62,0,0,1,0.0,0.0,0.1,3,0,48,54,88.9,3,37,1,1,0,2024-11-09,0,0,1,0,0,0,0,0,0,0,0,0,0
Lesley Ugochukwu,Southampton,26,FRA,20,31.0,0,0,0,0,0,0,1,0,26,0,0,1,0.0,0.0,0.0,1,0,19,25,76.0,2,15,1,1,1,2024-11-09,0,0,0,1,0,0,0,0,0,0,0,0,0
Joe Aribo,Southampton,7,NGA,28,72.0,0,0,0,0,0,0,0,0,42,2,0,1,0.0,0.0,0.0,1,0,29,34,85.3,3,21,0,2,1,2024-11-09,0,0,1,1,0,0,0,0,0,0,0,0,0
Ben Brereton,Southampton,17,CHI,25,18.0,0,0,0,0,1,0,0,0,8,1,0,0,0.1,0.1,0.0,0,0,1,4,25.0,0,4,0,0,0,2024-11-09,0,0,0,0,0,0,0,0,0,0,0,1,0
Adam Armstrong,Southampton,9,ENG,27,90.0,0,0,0,0,1,0,0,0,39,3,0,0,0.1,0.1,0.0,0,0,25,30,83.3,1,23,1,1,0,2024-11-09,0,0,0,0,0,0,0,0,1,0,1,0,0
Ryan Manning,Southampton,3,IRL,28,45.0,0,0,0,0,0,0,0,0,40,0,1,1,0.0,0.0,0.2,3,0,26,36,72.2,0,17,0,1,1,2024-11-09,0,0,0,0,0,0,1,0,0,0,0,0,0
Tyler Dibling,Southampton,33,ENG,18,45.0,0,0,0,0,1,0,0,0,30,1,0,0,0.0,0.0,0.0,0,0,16,21,76.2,2,20,4,6,3,2024-11-09,1,0,0,0,0,0,1,0,0,0,0,1,0
Jack Stephens,Southampton,5,ENG,30,59.0,0,0,0,0,0,0,0,0,71,0,2,0,0.0,0.0,0.0,2,0,62,64,96.9,9,43,5,1,0,2024-11-09,0,1,0,0,0,0,0,0,0,0,0,0,0
Yukinari Sugawara,Southampton,16,JPN,24,31.0,0,0,0,0,1,0,0,0,33,0,0,1,0.0,0.0,0.0,0,0,25,29,86.2,2,15,0,1,0,2024-11-09,0,0,0,0,0,0,0,0,0,1,0,0,0
Jan Bednarek,Southampton,35,POL,28,90.0,0,0,0,0,1,0,0,0,125,0,0,0,0.0,0.0,0.0,1,0,118,122,96.7,7,78,2,1,1,2024-11-09,0,1,0,0,0,0,0,0,0,0,0,0,0
Taylor Harwood-Bellis,Southampton,6,ENG,22,90.0,0,0,0,0,1,0,1,0,118,1,1,1,0.2,0.2,0.0,1,0,107,115,93.0,4,69,1,0,0,2024-11-09,0,1,0,0,0,0,0,0,0,0,0,0,0
Kyle Walker-Peters,Southampton,2,ENG,27,90.0,0,0,0,0,0,0,1,0,84,3,1,2,0.0,0.0,0.0,1,0,67,75,89.3,4,54,3,1,1,2024-11-09,0,0,0,0,0,0,1,0,0,1,0,0,0
Aaron Ramsdale,Southampton,30,ENG,26,90.0,0,0,0,0,0,0,1,0,43,0,0,0,0.0,0.0,0.0,0,0,39,43,90.7,0,31,0,0,0,2024-11-09,0,0,0,0,0,1,0,0,0,0,0,0,0
Danny Welbeck,Brighton & Hove Albion,18,ENG,33,90.0,0,0,0,0,2,0,0,0,30,2,0,1,0.3,0.3,0.0,3,1,17,21,81.0,0,15,1,1,0,2024-11-09,0,0,0,0,1,0,0,0,0,0,0,0,0
Georginio Rutter,Brighton & Hove Albion,14,FRA,22,65.0,0,0,0,0,1,0,0,0,20,1,0,1,0.2,0.2,0.0,0,0,11,13,84.6,2,10,1,0,0,2024-11-09,0,0,0,0,1,0,0,0,0,0,0,0,0
Brajan Gruda,Brighton & Hove Albion,8,GER,20,25.0,0,0,0,0,0,0,0,0,10,0,0,0,0.0,0.0,0.1,1,0,7,9,77.8,0,7,3,1,1,2024-11-09,0,0,0,0,0,0,0,0,0,0,1,0,0
Kaoru Mitoma,Brighton & Hove Albion,22,JPN,27,89.0,0,0,0,0,1,1,0,0,44,1,2,3,0.2,0.2,0.3,4,1,21,31,67.7,2,25,2,3,0,2024-11-09,0,0,0,0,0,0,0,1,0,0,0,0,0
Jakub Moder,Brighton & Hove Albion,15,POL,25,1.0,0,0,0,0,0,0,0,0,7,0,0,0,0.0,0.0,0.0,0,0,2,4,50.0,0,1,0,0,0,2024-11-09,0,0,0,0,0,0,0,1,0,0,0,0,0
Yasin Ayari,Brighton & Hove Albion,26,SWE,21,45.0,0,0,0,0,0,0,1,0,28,1,0,1,0.0,0.0,0.0,0,0,19,23,82.6,2,17,0,1,0,2024-11-09,0,0,1,0,0,0,0,0,0,0,0,0,0
Carlos Baleba,Brighton & Hove Albion,20,CMR,20,45.0,0,0,0,0,1,0,0,0,30,3,1,1,0.1,0.1,0.2,1,0,18,19,94.7,2,14,0,2,1,2024-11-09,0,0,1,0,0,0,0,0,0,0,0,0,0
Jack Hinshelwood,Brighton & Hove Albion,41,ENG,19,56.0,0,0,0,0,1,1,0,0,34,1,0,2,0.3,0.3,0.0,0,0,26,28,92.9,1,18,0,0,0,2024-11-09,0,0,1,0,0,0,0,0,0,0,0,0,0
Matt O'Riley,Brighton & Hove Albion,33,DEN,23,34.0,1,0,0,0,1,1,0,0,12,1,1,0,0.5,0.5,0.0,2,0,7,9,77.8,0,6,0,0,0,2024-11-09,0,0,1,0,0,0,0,0,0,0,0,0,0
Simon Adingra,Brighton & Hove Albion,11,CIV,22,64.0,0,0,0,0,0,0,0,0,18,2,1,0,0.0,0.0,0.0,0,0,9,9,100.0,2,11,0,1,0,2024-11-09,0,0,0,0,0,0,0,0,0,0,1,0,0
João Pedro,Brighton & Hove Albion,9,BRA,23,26.0,1,1,0,0,2,1,0,0,22,0,2,0,0.5,0.5,0.5,1,1,10,16,62.5,2,13,1,0,0,2024-11-09,0,0,0,0,1,0,0,0,0,0,0,0,0
Pervis Estupiñán,Brighton & Hove Albion,30,ECU,26,90.0,0,0,0,0,1,0,0,0,56,4,2,0,0.1,0.1,0.5,2,0,38,45,84.4,3,29,1,0,0,2024-11-09,0,0,0,0,0,0,1,0,0,0,0,0,0
Igor,Brighton & Hove Albion,3,BRA,26,90.0,0,0,0,0,0,0,1,0,87,0,1,0,0.0,0.0,0.0,1,0,73,79,92.4,0,61,0,0,0,2024-11-09,0,1,0,0,0,0,0,0,0,0,0,0,0
Jan Paul van Hecke,Brighton & Hove Albion,29,NED,24,90.0,0,0,0,0,0,0,1,0,84,0,1,4,0.0,0.0,0.3,3,1,72,75,96.0,5,65,0,0,0,2024-11-09,0,1,0,0,0,0,0,0,0,0,0,0,0
Joël Veltman,Brighton & Hove Albion,34,NED,32,90.0,0,0,0,0,0,0,0,0,51,0,1,1,0.0,0.0,0.0,0,0,35,42,83.3,2,35,1,2,0,2024-11-09,0,0,0,0,0,0,0,0,0,1,0,0,0
Bart Verbruggen,Brighton & Hove Albion,1,NED,22,90.0,0,0,0,0,0,0,0,0,35,0,0,0,0.0,0.0,0.0,0,0,25,30,83.3,0,20,0,0,0,2024-11-09,0,0,0,0,0,1,0,0,0,0,0,0,0
Erling Haaland,Manchester City,9,NOR,24,90.0,1,0,0,0,7,3,1,0,21,0,0,0,1.4,1.4,0.0,3,1,9,12,75.0,1,7,2,0,0,2024-11-09,0,0,0,0,1,0,0,0,0,0,0,0,0
Matheus Nunes,Manchester City,27,POR,26,90.0,0,0,0,0,0,0,0,0,41,2,0,1,0.0,0.0,0.0,2,0,28,34,82.4,4,27,2,2,1,2024-11-09,0,0,1,0,0,0,0,1,0,0,0,0,0
İlkay Gündoğan,Manchester City,19,GER,34,71.0,0,0,0,0,0,0,0,0,52,0,1,0,0.0,0.0,0.0,2,0,39,46,84.8,4,23,0,5,2,2024-11-09,0,0,1,0,0,0,0,0,0,0,0,0,0
Bernardo Silva,Manchester City,20,POR,30,19.0,0,0,0,0,1,1,0,0,17,0,0,1,0.1,0.1,0.0,1,0,8,12,66.7,1,10,2,1,1,2024-11-09,0,0,1,0,0,0,0,0,0,0,1,0,0
Phil Foden,Manchester City,47,ENG,24,90.0,0,0,0,0,2,0,0,0,57,1,0,1,0.1,0.1,0.5,6,0,42,48,87.5,6,37,4,4,1,2024-11-09,0,0,1,0,0,0,0,1,0,0,0,0,0
Sávio,Manchester City,26,BRA,20,73.0,0,0,0,0,2,1,0,0,44,2,0,0,0.6,0.6,0.1,3,0,25,32,78.1,2,28,2,6,4,2024-11-09,0,0,0,0,0,0,0,0,0,0,1,0,0
Kevin De Bruyne,Manchester City,17,BEL,33,17.0,0,0,0,0,1,0,0,0,25,0,0,0,0.0,0.0,0.0,1,0,14,22,63.6,5,19,3,0,0,2024-11-09,0,0,1,0,0,0,0,0,0,0,0,0,0
Mateo Kovačić,Manchester City,8,CRO,30,90.0,0,0,0,0,1,1,0,0,88,0,0,1,0.0,0.0,1.2,7,0,76,82,92.7,9,67,4,5,5,2024-11-09,0,0,0,1,0,0,0,0,0,0,0,0,0
Rico Lewis,Manchester City,82,ENG,19,90.0,0,0,0,0,0,0,1,0,62,1,1,0,0.0,0.0,0.0,1,0,52,55,94.5,6,35,1,1,1,2024-11-09,0,0,0,0,0,0,1,0,0,0,0,0,0
Joško Gvardiol,Manchester City,24,CRO,22,90.0,0,0,0,0,1,0,0,0,85,2,1,1,0.1,0.1,0.0,0,0,74,77,96.1,6,60,2,0,0,2024-11-09,0,1,0,0,0,0,0,0,0,0,0,0,0
Jahmai Simpson-Pusey,Manchester City,66,ENG,19,90.0,0,0,0,0,0,0,1,0,113,1,0,1,0.0,0.0,0.0,0,0,99,107,92.5,3,70,1,1,0,2024-11-09,0,1,0,0,0,0,0,0,0,0,0,0,0
Kyle Walker,Manchester City,2,ENG,34,90.0,0,0,0,0,0,0,0,0,105,3,1,1,0.0,0.0,0.1,1,0,90,100,90.0,5,50,1,0,0,2024-11-09,0,0,0,0,0,0,0,0,0,1,0,0,0
Ederson,Manchester City,31,BRA,31,90.0,0,0,0,0,0,0,0,0,63,0,0,0,0.0,0.0,0.0,0,0,57,62,91.9,0,34,0,0,0,2024-11-09,0,0,0,0,0,1,0,0,0,0,0,0,0
Darwin Núñez,Liverpool,9,URU,25,64.0,1,0,0,0,6,3,0,0,26,0,0,0,1.0,1.0,0.0,3,0,14,16,87.5,0,14,2,1,1,2024-11-09,0,0,0,0,1,0,0,0,0,0,0,0,0
Cody Gakpo,Liverpool,18,NED,25,26.0,0,0,0,0,2,1,0,0,10,0,0,0,0.1,0.1,0.0,0,0,6,7,85.7,0,5,1,0,0,2024-11-09,0,0,0,0,1,0,0,0,1,0,0,0,0
Luis Díaz,Liverpool,7,COL,27,90.0,0,0,0,0,1,0,0,0,43,1,0,1,0.0,0.0,0.1,5,0,24,33,72.7,3,28,5,5,3,2024-11-09,0,0,0,0,1,0,0,0,1,0,0,0,0
Mohamed Salah,Liverpool,11,EGY,32,90.0,1,1,0,0,3,1,0,0,46,2,0,0,0.8,0.8,0.7,2,0,21,32,65.6,5,27,2,2,0,2024-11-09,0,0,0,0,0,0,0,0,0,0,0,1,0
Curtis Jones,Liverpool,17,ENG,23,64.0,0,0,0,0,0,0,0,0,47,1,0,1,0.0,0.0,0.0,0,0,35,40,87.5,6,26,1,2,1,2024-11-09,1,0,0,0,0,0,0,0,0,0,0,0,0
Dominik Szoboszlai,Liverpool,8,HUN,24,26.0,0,0,0,0,0,0,0,0,13,0,0,0,0.0,0.0,0.1,1,0,12,13,92.3,2,9,1,1,1,2024-11-09,1,0,0,0,0,0,0,0,0,0,0,0,0
Alexis Mac Allister,Liverpool,10,ARG,25,86.0,0,0,0,0,0,0,0,0,73,2,0,2,0.0,0.0,0.0,2,0,61,67,91.0,2,36,1,0,0,2024-11-09,0,0,0,1,0,0,0,0,0,0,0,0,0
Wataru Endo,Liverpool,3,JPN,31,4.0,0,0,0,0,0,0,0,0,5,0,0,1,0.0,0.0,0.0,0,0,4,4,100.0,0,3,0,0,0,2024-11-09,0,0,0,1,0,0,0,0,0,0,0,0,0
Ryan Gravenberch,Liverpool,38,NED,22,90.0,0,0,0,0,1,0,0,0,73,1,4,2,0.0,0.0,0.0,1,0,50,57,87.7,3,39,2,3,3,2024-11-09,0,0,0,1,0,0,0,0,0,0,0,0,0
Andrew Robertson,Liverpool,26,SCO,30,90.0,0,0,0,0,0,0,0,0,95,1,2,0,0.0,0.0,0.3,3,0,71,84,84.5,7,48,1,1,0,2024-11-09,0,0,0,0,0,0,1,0,0,0,0,0,0
Virgil van Dijk,Liverpool,4,NED,33,90.0,0,0,0,0,0,0,0,0,121,1,0,3,0.0,0.0,0.0,3,1,110,116,94.8,5,78,0,0,0,2024-11-09,0,1,0,0,0,0,0,0,0,0,0,0,0
Ibrahima Konaté,Liverpool,5,FRA,25,90.0,0,0,0,0,1,0,0,0,83,1,1,1,0.1,0.1,0.0,1,0,69,74,93.2,3,46,0,0,0,2024-11-09,0,1,0,0,0,0,0,0,0,0,0,0,0
Trent Alexander-Arnold,Liverpool,66,ENG,26,24.0,0,0,0,0,0,0,0,0,19,1,0,0,0.0,0.0,0.1,1,0,15,19,78.9,3,10,2,0,0,2024-11-09,0,0,0,0,0,0,0,0,0,1,0,0,0
Conor Bradley,Liverpool,84,NIR,21,66.0,0,0,0,0,0,0,0,0,62,1,0,0,0.0,0.0,0.0,1,0,48,53,90.6,4,36,3,0,0,2024-11-09,0,0,0,0,0,0,0,0,0,1,0,0,0
Caoimhín Kelleher,Liverpool,62,IRL,25,90.0,0,0,0,0,0,0,0,0,31,0,0,0,0.0,0.0,0.0,0,0,24,29,82.8,0,18,0,0,0,2024-11-09,0,0,0,0,0,1,0,0,0,0,0,0,0
Ollie Watkins,Aston Villa,11,ENG,28,64.0,0,0,0,0,3,0,0,0,15,0,0,0,0.4,0.4,0.0,2,0,6,6,100.0,1,14,2,2,1,2024-11-09,0,0,0,0,1,0,0,0,0,0,0,0,0
Jhon Durán,Aston Villa,9,COL,20,26.0,0,0,0,0,0,0,0,0,7,0,0,0,0.0,0.0,0.0,0,0,4,5,80.0,1,3,0,1,1,2024-11-09,0,0,0,0,1,0,0,0,0,0,0,0,0
Jacob Ramsey,Aston Villa,41,ENG,23,44.0,0,0,0,0,2,0,0,0,20,0,0,2,0.1,0.1,0.0,2,0,10,12,83.3,4,14,3,2,2,2024-11-09,0,0,0,0,0,0,0,0,1,0,0,0,0
John McGinn,Aston Villa,7,SCO,30,46.0,0,0,0,0,1,0,0,0,21,2,0,2,0.0,0.0,0.2,1,0,9,16,56.3,1,10,2,0,0,2024-11-09,0,0,0,0,0,0,0,0,1,0,0,0,0
Leon Bailey,Aston Villa,31,JAM,27,64.0,0,0,0,0,1,0,0,0,21,0,0,1,0.1,0.1,0.0,1,0,11,16,68.8,1,9,0,1,1,2024-11-09,0,0,0,0,0,0,0,0,0,0,0,1,0
Jaden Philogene Bidace,Aston Villa,19,ENG,22,26.0,0,0,0,0,1,0,0,0,7,0,0,1,0.2,0.2,0.0,0,0,3,4,75.0,0,4,1,1,0,2024-11-09,0,0,0,0,0,0,0,0,0,0,0,1,0
Morgan Rogers,Aston Villa,27,ENG,22,90.0,0,0,0,0,1,0,1,0,42,1,0,1,0.2,0.2,0.1,2,0,18,31,58.1,4,20,3,2,1,2024-11-09,1,0,0,0,0,0,0,0,0,0,0,0,0
Youri Tielemans,Aston Villa,8,BEL,27,90.0,0,0,0,0,0,0,1,0,55,3,2,1,0.0,0.0,0.4,3,0,36,42,85.7,5,25,1,1,1,2024-11-09,0,0,0,1,0,0,0,0,0,0,0,0,0
Amadou Onana,Aston Villa,24,BEL,23,73.0,0,0,0,0,1,1,0,0,32,3,3,1,0.2,0.2,0.0,2,0,19,26,73.1,3,14,0,0,0,2024-11-09,0,0,0,1,0,0,0,0,0,0,0,0,0
Boubacar Kamara,Aston Villa,44,FRA,24,17.0,0,0,0,0,0,0,1,0,10,0,0,0,0.0,0.0,0.0,0,0,7,9,77.8,0,5,0,0,0,2024-11-09,0,0,0,1,0,0,0,0,0,0,0,0,0
Lucas Digne,Aston Villa,12,FRA,31,73.0,0,0,0,0,1,0,0,0,35,1,0,0,0.2,0.2,0.2,3,0,21,28,75.0,0,13,0,1,1,2024-11-09,0,0,0,0,0,0,1,0,0,0,0,0,0
Ian Maatsen,Aston Villa,22,NED,22,17.0,0,0,0,0,0,0,0,0,23,1,0,0,0.0,0.0,0.0,3,0,16,21,76.2,1,10,2,1,1,2024-11-09,0,0,0,0,0,0,1,0,0,0,0,0,0
Pau Torres,Aston Villa,14,ESP,27,90.0,0,0,0,0,0,0,0,0,53,2,0,1,0.0,0.0,0.0,0,0,41,45,91.1,4,24,0,2,1,2024-11-09,0,1,0,0,0,0,0,0,0,0,0,0,0
Diego Carlos,Aston Villa,3,BRA,31,90.0,0,0,0,0,1,1,0,0,63,1,0,0,0.1,0.1,0.0,1,0,46,59,78.0,2,33,0,1,1,2024-11-09,0,1,0,0,0,0,0,0,0,0,0,0,0
Ezri Konsa,Aston Villa,4,ENG,27,90.0,0,0,0,0,0,0,0,0,45,2,1,0,0.0,0.0,0.0,1,0,31,36,86.1,1,22,0,1,0,2024-11-09,0,0,0,0,0,0,0,0,0,1,0,0,0
Emiliano Martínez,Aston Villa,23,ARG,32,90.0,0,0,0,0,0,0,0,0,33,0,0,0,0.0,0.0,0.0,0,0,28,33,84.8,0,25,0,0,0,2024-11-09,0,0,0,0,0,1,0,0,0,0,0,0,0
Rasmus Højlund,Manchester United,9,DEN,21,74.0,0,0,0,0,1,0,0,0,19,0,0,0,0.1,0.1,0.0,1,0,11,11,100.0,0,18,0,2,1,2024-11-10,0,0,0,0,1,0,0,0,0,0,0,0,0
Joshua Zirkzee,Manchester United,11,NED,23,16.0,0,0,0,0,1,0,0,0,9,0,0,0,0.0,0.0,0.0,1,0,7,8,87.5,3,6,0,0,0,2024-11-10,0,0,0,0,1,0,0,0,0,0,0,0,0
Marcus Rashford,Manchester United,10,ENG,27,56.0,0,0,0,0,0,0,0,0,39,0,0,0,0.0,0.0,0.0,1,0,24,33,72.7,1,36,1,5,2,2024-11-10,0,0,0,0,0,0,0,0,1,0,0,0,0
Alejandro Garnacho,Manchester United,17,ARG,20,34.0,1,0,0,0,2,1,0,0,19,1,0,0,0.1,0.1,0.0,0,0,6,9,66.7,1,11,1,2,0,2024-11-10,0,0,0,0,0,0,0,0,1,0,0,0,0
Amad Diallo,Manchester United,16,CIV,22,90.0,0,1,0,0,4,1,0,0,43,2,2,0,0.3,0.3,0.0,4,1,20,27,74.1,2,26,7,5,4,2024-11-10,0,0,0,0,0,0,0,0,0,0,0,1,0
Bruno Fernandes,Manchester United,8,POR,30,90.0,1,1,0,0,2,1,0,0,67,4,1,1,0.2,0.2,0.2,8,2,40,56,71.4,8,45,3,1,0,2024-11-10,1,0,0,0,0,0,0,0,0,0,0,0,0
Manuel Ugarte Ribeiro,Manchester United,25,URU,23,90.0,0,0,0,0,1,0,0,0,67,8,3,0,0.0,0.0,0.2,2,0,47,51,92.2,5,39,1,1,1,2024-11-10,0,0,0,1,0,0,0,0,0,0,0,0,0
Casemiro,Manchester United,18,BRA,32,78.0,0,0,0,0,1,0,0,0,55,7,0,1,0.1,0.1,0.2,4,0,36,41,87.8,4,28,0,0,0,2024-11-10,0,0,0,1,0,0,0,0,0,0,0,0,0
Christian Eriksen,Manchester United,14,DEN,32,12.0,0,0,0,0,0,0,0,0,15,0,0,1,0.0,0.0,0.0,2,1,12,12,100.0,0,8,0,0,0,2024-11-10,0,0,0,1,0,0,0,0,0,0,0,0,0
Noussair Mazraoui,Manchester United,3,MAR,26,90.0,0,0,0,0,1,0,0,0,61,5,0,3,0.0,0.0,0.1,2,0,41,48,85.4,2,30,5,2,2,2024-11-10,0,0,0,0,0,0,1,0,0,1,0,0,0
Lisandro Martínez,Manchester United,6,ARG,26,90.0,0,0,0,0,0,0,0,0,95,3,1,0,0.0,0.0,0.0,0,0,73,84,86.9,17,62,0,0,0,2024-11-10,0,1,0,0,0,0,1,0,0,0,0,0,0
Matthijs de Ligt,Manchester United,4,NED,25,90.0,0,0,0,0,0,0,0,0,67,0,0,0,0.0,0.0,0.0,0,0,55,59,93.2,3,48,0,0,0,2024-11-10,0,1,0,0,0,0,0,0,0,0,0,0,0
Diogo Dalot,Manchester United,20,POR,25,56.0,0,0,0,0,0,0,0,0,40,3,0,0,0.0,0.0,0.0,0,0,29,35,82.9,2,27,0,0,0,2024-11-10,0,0,0,0,0,0,0,0,0,1,0,0,0
Jonny Evans,Manchester United,35,NIR,36,34.0,0,0,0,0,0,0,0,0,20,0,0,0,0.0,0.0,0.0,0,0,14,18,77.8,0,12,0,1,1,2024-11-10,0,1,0,0,0,0,0,0,0,1,0,0,0
André Onana,Manchester United,24,CMR,28,90.0,0,0,0,0,0,0,0,0,43,0,0,0,0.0,0.0,0.0,0,0,31,42,73.8,0,34,0,0,0,2024-11-10,0,0,0,0,0,1,0,0,0,0,0,0,0
Jordan Ayew,Leicester City,18,GHA,33,87.0,0,0,0,0,1,1,0,0,36,2,1,1,0.0,0.0,0.0,1,0,17,22,77.3,2,14,0,2,0,2024-11-10,0,0,0,0,1,0,0,0,0,0,0,0,0
Odsonne Édouard,Leicester City,29,FRA,26,3.0,0,0,0,0,0,0,0,0,2,1,0,0,0.0,0.0,0.0,0,0,0,0,80.8,0,2,0,0,0,2024-11-10,0,0,0,0,1,0,0,0,0,0,0,0,0
Abdul Fatawu Issahaku,Leicester City,7,GHA,20,90.0,0,0,0,0,1,1,0,0,40,1,0,2,0.0,0.0,0.0,4,0,16,26,61.5,3,31,7,16,12,2024-11-10,0,0,0,0,0,0,0,0,1,1,0,0,0
Facundo Buonanotte,Leicester City,40,ARG,19,90.0,0,0,0,0,0,0,1,0,62,1,1,3,0.0,0.0,0.5,3,0,30,42,71.4,2,28,2,12,5,2024-11-10,0,0,0,0,0,0,0,0,0,0,0,1,0
Wilfred Ndidi,Leicester City,6,NGA,27,69.0,0,0,0,0,3,2,0,0,35,2,1,2,0.5,0.5,0.0,1,0,21,24,87.5,4,15,1,3,1,2024-11-10,0,0,0,0,0,0,0,1,0,0,0,0,0
Bilal El Khannouss,Leicester City,11,MAR,20,21.0,0,0,0,0,0,0,0,0,12,0,0,0,0.0,0.0,0.0,0,0,8,11,72.7,0,5,0,0,0,2024-11-10,0,0,0,0,0,0,0,1,0,0,0,0,0
Harry Winks,Leicester City,8,ENG,28,90.0,0,0,0,0,1,1,0,0,77,2,0,1,0.0,0.0,0.0,1,0,65,73,89.0,12,48,1,0,0,2024-11-10,0,0,1,0,0,0,0,0,0,0,0,0,0
Boubakary Soumaré,Leicester City,24,FRA,25,90.0,0,0,0,0,0,0,0,0,80,2,2,2,0.0,0.0,0.0,1,0,61,69,88.4,5,52,1,3,1,2024-11-10,0,0,0,0,0,0,0,0,0,0,1,0,0
Victor Bernth Kristiansen,Leicester City,16,DEN,21,90.0,0,0,0,0,0,0,0,0,59,2,0,1,0.0,0.0,0.0,0,0,39,49,79.6,4,33,0,0,0,2024-11-10,0,0,0,0,0,0,1,0,0,0,0,0,0
Jannik Vestergaard,Leicester City,23,DEN,32,90.0,0,0,0,0,0,0,0,0,66,1,0,0,0.0,0.0,0.0,0,0,57,63,90.5,0,46,0,0,0,2024-11-10,0,1,0,0,0,0,0,0,0,0,0,0,0
Wout Faes,Leicester City,3,BEL,26,90.0,0,0,0,0,0,0,0,0,65,3,1,1,0.0,0.0,0.0,0,0,44,51,86.3,5,38,0,0,0,2024-11-10,0,1,0,0,0,0,0,0,0,0,0,0,0
James Justin,Leicester City,2,ENG,26,82.0,0,0,0,0,0,0,0,0,65,5,1,1,0.0,0.0,0.0,0,0,39,53,73.6,0,29,0,1,0,2024-11-10,0,0,0,0,0,0,0,0,0,1,0,0,0
Kasey McAteer,Leicester City,35,IRL,22,8.0,0,0,0,0,0,0,0,0,5,0,0,0,0.0,0.0,0.0,0,0,4,5,80.0,0,3,0,0,0,2024-11-10,0,0,0,0,0,0,0,0,1,1,0,0,0
Mads Hermansen,Leicester City,30,DEN,24,90.0,0,0,0,0,0,0,0,0,29,0,0,0,0.0,0.0,0.0,0,0,20,28,71.4,0,22,0,0,0,2024-11-10,0,0,0,0,0,1,0,0,0,0,0,0,0
Chris Wood,Nottingham Forest,11,NZL,32,90.0,0,0,0,0,0,0,0,0,24,0,0,1,0.0,0.0,0.1,2,0,12,19,63.2,2,12,0,0,0,2024-11-10,0,0,0,0,1,0,0,0,0,0,0,0,0
Callum Hudson-Odoi,Nottingham Forest,14,ENG,24,58.0,0,0,0,0,0,0,0,0,25,0,0,0,0.0,0.0,0.0,0,0,19,23,82.6,0,15,2,0,0,2024-11-10,0,0,0,0,0,0,0,0,1,0,0,0,0
Jota Silva,Nottingham Forest,20,POR,25,32.0,0,0,0,0,0,0,0,0,19,2,1,1,0.0,0.0,0.1,2,0,8,11,72.7,1,12,2,2,1,2024-11-10,0,0,0,0,0,0,0,0,0,0,1,1,0
Anthony Elanga,Nottingham Forest,21,SWE,22,87.0,0,1,0,0,2,0,0,0,41,4,0,0,0.1,0.1,0.4,6,2,17,31,54.8,3,14,4,4,2,2024-11-10,1,0,0,0,0,0,0,0,1,0,0,1,0
Taiwo Awoniyi,Nottingham Forest,9,NGA,27,3.0,0,0,0,0,0,0,0,0,1,0,0,0,0.0,0.0,0.0,0,0,1,1,100.0,0,0,0,0,0,2024-11-10,1,0,0,0,1,0,0,0,0,0,0,0,0
Morgan Gibbs-White,Nottingham Forest,10,ENG,24,58.0,0,0,0,0,1,0,0,0,30,2,0,0,0.1,0.1,0.0,0,0,15,24,62.5,1,19,3,3,1,2024-11-10,1,0,0,0,0,0,0,0,0,0,0,0,0
Elliot Anderson,Nottingham Forest,8,ENG,22,32.0,0,0,0,0,0,0,0,0,26,1,0,0,0.0,0.0,0.0,0,0,19,23,82.6,3,15,1,1,0,2024-11-10,1,0,1,1,0,0,0,0,0,0,0,0,0
Nicolás Domínguez,Nottingham Forest,16,ARG,26,73.0,0,0,0,0,1,1,0,0,53,3,1,2,0.0,0.0,0.0,0,0,39,45,86.7,2,26,1,1,0,2024-11-10,0,0,0,1,0,0,0,0,0,0,0,0,0
Ramón Sosa,Nottingham Forest,24,PAR,25,17.0,0,0,0,0,1,0,0,0,12,0,0,0,0.1,0.1,0.0,1,0,9,9,100.0,1,6,0,1,0,2024-11-10,0,0,0,0,0,0,1,0,1,0,0,0,0
Ryan Yates,Nottingham Forest,22,ENG,26,90.0,0,0,0,0,1,1,1,0,54,4,0,0,0.1,0.1,0.0,2,0,39,45,86.7,6,23,1,0,0,2024-11-10,0,0,1,1,0,0,0,0,0,0,0,0,0
Álex Moreno,Nottingham Forest,19,ESP,31,87.0,0,0,0,0,0,0,0,0,50,4,3,1,0.0,0.0,0.0,0,0,22,33,66.7,1,18,2,2,1,2024-11-10,0,0,0,0,0,0,1,0,0,0,0,0,0
James Ward-Prowse,Nottingham Forest,18,ENG,30,3.0,0,0,0,0,0,0,0,0,8,0,0,0,0.0,0.0,0.0,1,0,6,8,75.0,1,6,0,0,0,2024-11-10,0,0,0,0,0,0,1,1,0,0,0,0,0
Murillo,Nottingham Forest,5,BRA,22,90.0,1,0,0,0,2,1,0,0,53,4,1,1,0.2,0.2,0.0,0,0,29,37,78.4,4,23,1,0,0,2024-11-10,0,1,0,0,0,0,0,0,0,0,0,0,0
Nikola Milenković,Nottingham Forest,31,SRB,27,90.0,0,0,0,0,1,0,0,0,47,3,0,1,0.0,0.0,0.0,0,0,30,37,81.1,1,22,1,0,0,2024-11-10,0,1,0,0,0,0,0,0,0,0,0,0,0
Ola Aina,Nottingham Forest,34,NGA,28,90.0,0,0,0,0,0,0,0,0,63,2,1,1,0.0,0.0,0.0,1,0,40,56,71.4,5,26,2,1,1,2024-11-10,0,0,0,0,0,0,0,0,0,1,0,0,0
Matz Sels,Nottingham Forest,26,BEL,32,90.0,0,0,0,0,0,0,0,0,31,0,0,0,0.0,0.0,0.0,1,0,14,27,51.9,0,14,0,0,0,2024-11-10,0,0,0,0,0,1,0,0,0,0,0,0,0
Alexander Isak,Newcastle United,14,SWE,25,89.0,1,1,0,0,3,1,0,0,41,0,0,1,0.6,0.6,0.4,4,1,25,29,86.2,4,29,3,2,0,2024-11-10,0,0,0,0,1,0,0,0,0,0,0,0,0
William Osula,Newcastle United,18,DEN,21,1.0,0,0,0,0,0,0,0,0,0,0,0,0,0.0,0.0,0.0,0,0,0,0,80.8,0,0,0,0,0,2024-11-10,0,0,0,0,1,0,0,0,0,0,0,0,0
Joelinton,Newcastle United,7,BRA,28,90.0,1,0,0,0,2,1,0,0,63,3,1,1,0.1,0.1,0.0,3,0,38,51,74.5,4,42,6,2,0,2024-11-10,0,0,0,0,0,0,0,0,1,0,0,1,0
Anthony Gordon,Newcastle United,10,ENG,23,79.0,0,0,0,0,2,1,0,0,52,1,1,0,0.2,0.2,0.3,4,0,34,44,77.3,7,35,2,3,0,2024-11-10,0,0,0,0,0,0,0,0,1,0,0,1,0
Harvey Barnes,Newcastle United,11,ENG,26,11.0,1,0,0,0,2,1,0,0,12,0,0,0,0.3,0.3,0.0,0,0,6,7,85.7,0,6,1,0,0,2024-11-10,0,0,0,0,0,0,0,0,1,0,0,0,0
Joe Willock,Newcastle United,28,ENG,25,68.0,0,0,0,0,2,0,0,0,45,1,0,2,0.1,0.1,0.3,4,0,25,32,78.1,4,30,2,0,0,2024-11-10,0,0,0,0,0,0,0,1,0,0,0,0,0
Sandro Tonali,Newcastle United,8,ITA,24,22.0,0,1,0,0,0,0,0,0,15,2,1,1,0.0,0.0,0.1,2,2,9,12,75.0,2,5,2,0,0,2024-11-10,0,0,0,0,0,0,0,1,0,0,0,0,0
Bruno Guimarães,Newcastle United,39,BRA,26,90.0,0,0,0,0,3,1,0,0,51,1,0,0,0.1,0.1,0.0,5,1,34,39,87.2,8,37,1,2,0,2024-11-10,0,0,1,0,0,0,0,0,0,0,0,0,0
Sean Longstaff,Newcastle United,36,ENG,27,90.0,0,0,0,0,1,0,0,0,56,4,0,0,0.2,0.2,0.1,2,1,42,48,87.5,9,29,2,2,1,2024-11-10,0,0,0,0,0,0,0,0,0,0,1,0,0
Lewis Hall,Newcastle United,20,ENG,20,90.0,0,0,0,0,0,0,0,0,100,1,5,1,0.0,0.0,0.0,2,0,76,90,84.4,12,57,2,1,0,2024-11-10,0,0,0,0,0,0,1,0,0,0,0,0,0
Dan Burn,Newcastle United,33,ENG,32,90.0,0,0,0,0,1,1,1,0,71,0,0,0,0.1,0.1,0.1,1,0,55,62,88.7,0,44,0,0,0,2024-11-10,0,1,0,0,0,0,0,0,0,0,0,0,0
Fabian Schär,Newcastle United,5,SUI,32,90.0,0,0,0,0,1,0,0,0,74,0,2,2,0.0,0.0,0.0,0,0,51,59,86.4,4,53,2,2,1,2024-11-10,0,1,0,0,0,0,0,0,0,0,0,0,0
Valentino Livramento,Newcastle United,21,ENG,21,90.0,0,0,0,0,0,0,0,0,63,0,3,1,0.0,0.0,0.0,0,0,42,52,80.8,2,39,2,2,0,2024-11-10,0,0,0,0,0,0,0,0,0,1,0,0,0
Nick Pope,Newcastle United,22,ENG,32,90.0,0,0,0,0,0,0,0,0,23,0,1,1,0.0,0.0,0.0,0,0,16,21,76.2,0,15,0,0,0,2024-11-10,0,0,0,0,0,1,0,0,0,0,0,0,0
Dominic Solanke,Tottenham Hotspur,19,ENG,27,90.0,0,0,0,0,4,2,0,0,39,0,0,2,0.4,0.4,0.0,0,0,17,23,73.9,2,22,1,6,3,2024-11-10,0,0,0,0,1,0,0,0,0,0,0,0,0
Son Heung-min,Tottenham Hotspur,7,KOR,32,90.0,0,0,0,0,4,2,0,0,57,0,0,1,0.1,0.1,0.7,7,0,35,43,81.4,8,43,4,5,3,2024-11-10,1,0,0,0,0,0,0,0,1,0,0,0,0
Brennan Johnson,Tottenham Hotspur,22,WAL,23,83.0,0,0,0,0,3,0,0,0,30,0,0,1,0.6,0.6,0.0,1,0,16,25,64.0,1,22,1,0,0,2024-11-10,0,0,0,0,0,0,0,0,0,0,0,1,0
James Maddison,Tottenham Hotspur,10,ENG,27,7.0,0,0,0,0,0,0,0,0,14,2,0,1,0.0,0.0,0.0,0,0,8,10,80.0,2,8,0,0,0,2024-11-10,0,0,0,1,0,0,0,0,0,0,0,0,0
Pape Matar Sarr,Tottenham Hotspur,29,SEN,22,65.0,0,0,0,0,0,0,0,0,60,0,4,0,0.0,0.0,0.0,1,0,47,53,88.7,8,35,1,4,2,2024-11-10,0,0,0,0,0,0,0,1,0,0,0,0,0
Timo Werner,Tottenham Hotspur,16,GER,28,25.0,0,0,0,0,2,0,0,0,19,0,0,0,0.2,0.2,0.0,1,0,9,17,52.9,2,15,5,0,0,2024-11-10,0,0,0,0,0,0,0,1,1,0,0,0,0
Rodrigo Bentancur,Tottenham Hotspur,30,URU,27,83.0,1,0,0,0,3,1,1,0,69,7,3,0,0.2,0.2,0.0,1,0,46,54,85.2,7,43,1,2,1,2024-11-10,0,0,1,0,0,0,0,0,0,0,0,0,0
Yves Bissouma,Tottenham Hotspur,8,MLI,28,7.0,0,0,0,0,0,0,0,0,10,0,0,0,0.0,0.0,0.0,0,0,9,10,90.0,2,9,2,0,0,2024-11-10,0,0,0,1,0,0,0,0,0,0,0,0,0
Dejan Kulusevski,Tottenham Hotspur,21,SWE,24,90.0,0,0,0,0,0,0,0,0,55,1,0,0,0.0,0.0,0.1,5,0,30,47,63.8,3,36,3,2,1,2024-11-10,0,0,0,0,0,0,0,0,0,0,1,1,0
Destiny Udogie,Tottenham Hotspur,13,ITA,21,90.0,0,0,0,0,0,0,0,0,61,1,2,4,0.0,0.0,0.1,3,0,47,52,90.4,9,33,2,0,0,2024-11-10,0,0,0,0,0,0,1,0,0,0,0,0,0
Radu Drăgușin,Tottenham Hotspur,6,ROU,22,90.0,0,0,0,0,0,0,0,0,93,0,1,1,0.0,0.0,0.0,0,0,73,83,88.0,5,54,2,0,0,2024-11-10,0,1,0,0,0,0,0,0,0,0,0,0,0
Cristian Romero,Tottenham Hotspur,17,ARG,26,90.0,0,0,0,0,1,0,0,0,90,0,0,0,0.1,0.1,0.1,2,0,72,84,85.7,6,63,3,0,0,2024-11-10,0,1,0,0,0,0,0,0,0,0,0,0,0
Pedro Porro,Tottenham Hotspur,23,ESP,25,90.0,0,1,0,0,0,0,0,0,93,2,2,1,0.0,0.0,0.2,9,2,63,86,73.3,5,55,7,3,1,2024-11-10,0,0,0,0,0,0,0,0,0,1,0,0,0
Guglielmo Vicario,Tottenham Hotspur,1,ITA,28,90.0,0,0,0,0,0,0,0,0,24,0,1,0,0.0,0.0,0.0,1,0,22,22,100.0,0,14,0,0,0,2024-11-10,0,0,0,0,0,1,0,0,0,0,0,0,0
Liam Delap,Ipswich Town,19,ENG,21,69.0,1,1,0,0,1,1,1,0,16,0,0,0,0.9,0.9,0.3,3,1,5,7,71.4,2,12,2,1,1,2024-11-10,0,0,0,0,1,0,0,0,0,0,0,0,0
George Hirst,Ipswich Town,27,ENG,25,21.0,0,0,0,0,0,0,0,0,15,0,0,0,0.0,0.0,0.0,0,0,4,10,40.0,0,8,1,0,0,2024-11-10,0,0,0,0,1,0,0,0,0,0,0,0,0
Sammie Szmodics,Ipswich Town,23,IRL,29,70.0,1,0,0,0,2,2,0,0,30,2,0,1,0.4,0.4,0.0,1,0,10,18,55.6,1,15,2,0,0,2024-11-10,0,0,0,0,0,0,0,0,1,0,0,0,0
Jack Clarke,Ipswich Town,47,ENG,23,20.0,0,0,0,0,1,0,0,0,14,1,0,1,0.0,0.0,0.0,0,0,6,11,54.5,0,7,0,0,0,2024-11-10,0,0,0,0,0,0,0,0,1,0,0,0,0
Ben Johnson,Ipswich Town,18,ENG,24,90.0,0,0,0,0,0,0,1,0,29,3,1,1,0.0,0.0,0.0,2,1,12,17,70.6,1,14,0,1,1,2024-11-10,0,0,0,0,0,0,0,0,0,0,0,1,0
Omari Hutchinson,Ipswich Town,20,ENG,21,90.0,0,0,0,0,1,0,1,0,43,2,2,2,0.1,0.1,0.0,3,0,23,27,85.2,3,28,4,9,5,2024-11-10,1,0,0,0,0,0,0,0,0,0,0,0,0
Jens Cajuste,Ipswich Town,12,SWE,25,89.0,0,0,0,0,0,0,0,0,33,2,0,4,0.0,0.0,0.0,1,0,15,20,75.0,1,15,1,3,3,2024-11-10,0,0,0,1,0,0,0,0,0,0,0,0,0
Massimo Luongo,Ipswich Town,25,AUS,32,1.0,0,0,0,0,0,0,0,0,0,0,0,0,0.0,0.0,0.0,0,0,0,0,80.8,0,0,0,0,0,2024-11-10,0,0,0,1,0,0,0,0,0,0,0,0,0
Sam Morsy,Ipswich Town,5,EGY,33,90.0,0,0,0,0,0,0,0,0,44,2,3,2,0.0,0.0,0.0,0,0,31,34,91.2,1,26,0,1,1,2024-11-10,0,0,0,1,0,0,0,0,0,0,0,0,0
Leif Davis,Ipswich Town,3,ENG,24,90.0,0,0,0,0,1,0,1,0,48,1,1,0,0.0,0.0,0.2,3,0,24,36,66.7,3,25,2,2,2,2024-11-10,0,0,0,0,0,0,1,0,0,0,0,0,0
Cameron Burgess,Ipswich Town,15,AUS,29,90.0,0,0,0,0,1,0,0,0,43,0,2,0,0.1,0.1,0.0,0,0,19,29,65.5,2,20,0,0,0,2024-11-10,0,1,0,0,0,0,0,0,0,0,0,0,0
Dara O'Shea,Ipswich Town,26,IRL,25,90.0,0,0,0,0,1,0,0,0,39,2,0,4,0.1,0.1,0.0,0,0,16,23,69.6,0,17,0,0,0,2024-11-10,0,1,0,0,0,0,0,0,0,0,0,0,0
Axel Tuanzebe,Ipswich Town,40,COD,26,90.0,0,0,0,0,0,0,1,0,40,2,2,2,0.0,0.0,0.0,0,0,19,35,54.3,0,20,1,0,0,2024-11-10,0,0,0,0,0,0,0,0,0,1,0,0,0
Arijanet Muric,Ipswich Town,1,KVX,26,90.0,0,0,0,0,0,0,0,0,52,0,0,0,0.0,0.0,0.0,0,0,26,45,57.8,0,26,0,0,0,2024-11-10,0,0,0,0,0,1,0,0,0,0,0,0,0
Nicolas Jackson,Chelsea,15,SEN,23,87.0,0,0,0,0,2,1,0,0,18,1,0,0,0.1,0.1,0.1,5,0,7,11,63.6,2,12,1,2,1,2024-11-10,0,0,0,0,1,0,0,0,0,0,0,0,0
Christopher Nkunku,Chelsea,18,FRA,26,3.0,0,0,0,0,0,0,0,0,0,0,0,0,0.0,0.0,0.0,0,0,0,0,80.8,0,1,0,0,0,2024-11-10,0,0,0,0,1,0,0,0,0,0,0,0,0
Pedro Neto,Chelsea,7,POR,24,90.0,1,0,0,0,3,1,1,0,35,1,1,2,0.1,0.1,0.7,4,1,20,23,87.0,1,25,5,1,0,2024-11-10,0,0,0,0,0,0,0,0,1,0,0,1,0
Noni Madueke,Chelsea,11,ENG,22,67.0,0,0,0,0,4,0,1,0,27,1,0,1,0.3,0.3,0.4,2,0,16,20,80.0,5,20,6,3,3,2024-11-10,0,0,0,0,0,0,0,0,0,0,0,1,0
Mykhailo Mudryk,Chelsea,10,UKR,23,23.0,0,0,0,0,0,0,0,0,9,1,0,1,0.0,0.0,0.0,2,0,4,6,66.7,0,4,1,2,1,2024-11-10,0,0,0,0,0,0,0,0,1,0,0,0,0
Cole Palmer,Chelsea,20,ENG,22,90.0,0,0,0,0,4,1,0,0,47,1,0,1,0.2,0.2,0.0,2,0,23,34,67.6,6,28,4,4,1,2024-11-10,1,0,0,0,0,0,0,0,0,0,0,0,0
Roméo Lavia,Chelsea,45,BEL,20,67.0,0,0,0,0,0,0,0,0,28,1,0,0,0.0,0.0,0.1,2,0,26,27,96.3,1,22,0,0,0,2024-11-10,0,0,0,1,0,0,0,0,0,0,0,0,0
Enzo Fernández,Chelsea,8,ARG,23,23.0,0,1,0,0,0,0,0,0,22,3,0,0,0.0,0.0,0.1,2,1,14,18,77.8,0,6,2,0,0,2024-11-10,0,0,0,1,0,0,0,0,0,0,0,0,0
Moisés Caicedo,Chelsea,25,ECU,23,90.0,0,0,0,0,0,0,0,0,63,3,1,3,0.0,0.0,0.0,6,0,52,55,94.5,4,45,0,1,0,2024-11-10,0,0,0,1,0,0,0,0,0,0,0,0,0
Marc Cucurella,Chelsea,3,ESP,26,90.0,0,0,0,0,0,0,1,0,55,3,3,3,0.0,0.0,0.0,1,0,39,42,92.9,1,29,1,0,0,2024-11-10,0,0,0,0,0,0,1,0,0,0,0,0,0
Levi Colwill,Chelsea,6,ENG,21,90.0,0,0,0,0,0,0,1,0,85,2,1,1,0.0,0.0,0.0,2,0,65,79,82.3,0,53,0,0,0,2024-11-10,0,1,0,0,0,0,0,0,0,0,0,0,0
Wesley Fofana,Chelsea,29,FRA,23,90.0,0,0,0,0,1,0,0,0,62,0,0,1,0.4,0.4,0.0,1,0,48,51,94.1,2,37,2,2,1,2024-11-10,0,1,0,0,0,0,0,0,0,0,0,0,0
Malo Gusto,Chelsea,27,FRA,21,81.0,0,0,0,0,3,0,0,0,47,1,1,1,0.6,0.6,0.0,3,0,32,38,84.2,3,25,1,0,0,2024-11-10,0,0,0,0,0,0,0,0,0,1,0,0,0
Reece James,Chelsea,24,ENG,24,9.0,0,0,0,0,0,0,0,0,4,0,0,0,0.0,0.0,0.0,0,0,2,3,66.7,1,2,0,0,0,2024-11-10,0,0,0,0,0,0,0,0,0,1,0,0,0
Robert Sánchez,Chelsea,1,ESP,26,90.0,0,0,0,0,0,0,0,0,42,0,0,0,0.0,0.0,0.0,0,0,28,40,70.0,1,25,0,0,0,2024-11-10,0,0,0,0,0,1,0,0,0,0,0,0,0
Kai Havertz,Arsenal,29,GER,25,90.0,0,0,0,0,0,0,1,0,23,1,0,2,0.0,0.0,0.0,1,0,9,12,75.0,3,9,0,1,0,2024-11-10,0,0,0,0,1,0,0,0,0,0,0,0,0
Gabriel Martinelli,Arsenal,11,BRA,23,70.0,1,0,0,0,3,2,0,0,24,1,0,1,0.5,0.5,0.0,1,0,11,17,64.7,1,16,2,1,1,2024-11-10,0,0,0,0,0,0,0,0,1,0,0,0,0
Leandro Trossard,Arsenal,19,BEL,29,20.0,0,0,0,0,2,0,0,0,11,0,0,0,0.5,0.5,0.1,1,0,5,8,62.5,0,8,1,1,1,2024-11-10,0,0,0,0,0,0,0,0,1,0,0,0,0
Bukayo Saka,Arsenal,7,ENG,23,80.0,0,0,0,0,2,0,0,0,32,0,1,1,0.0,0.0,0.0,2,0,14,21,66.7,1,22,3,6,2,2024-11-10,0,0,0,0,0,0,0,0,0,0,0,1,0
Gabriel Jesus,Arsenal,9,BRA,27,10.0,0,0,0,0,0,0,0,0,11,0,0,0,0.0,0.0,0.0,0,0,8,10,80.0,0,12,0,1,0,2024-11-10,0,0,0,0,0,0,0,0,0,0,0,1,0
Declan Rice,Arsenal,41,ENG,25,70.0,0,0,0,0,0,0,0,0,48,3,0,0,0.0,0.0,0.0,1,0,33,42,78.6,2,24,1,1,1,2024-11-10,0,0,0,0,0,0,0,1,0,0,0,0,0
Mikel Merino,Arsenal,23,ESP,28,20.0,0,0,0,0,1,1,0,0,24,0,1,2,0.1,0.1,0.0,1,0,16,19,84.2,3,17,0,2,2,2024-11-10,0,0,0,0,0,0,0,1,0,0,0,0,0
Thomas Partey,Arsenal,5,GHA,31,90.0,0,0,0,0,1,0,0,0,71,2,1,0,0.2,0.2,0.0,3,1,58,65,89.2,6,49,0,0,0,2024-11-10,0,0,1,0,0,0,0,0,0,0,0,0,0
Martin Ødegaard,Arsenal,8,NOR,25,90.0,0,1,0,0,2,0,0,0,45,2,0,1,0.1,0.1,0.4,5,1,36,40,90.0,10,37,2,1,0,2024-11-10,0,0,0,0,0,0,0,0,0,0,1,0,0
Jurriën Timber,Arsenal,12,NED,23,90.0,0,0,0,0,1,0,0,0,32,0,1,2,0.0,0.0,0.0,1,0,19,23,82.6,3,11,1,2,1,2024-11-10,0,0,0,0,0,0,1,0,0,0,0,0,0
Gabriel Magalhães,Arsenal,6,BRA,26,90.0,0,0,0,0,0,0,0,0,74,0,0,2,0.0,0.0,0.0,1,0,59,67,88.1,4,42,1,0,0,2024-11-10,0,1,0,0,0,0,0,0,0,0,0,0,0
William Saliba,Arsenal,2,FRA,23,90.0,0,0,0,0,0,0,0,0,74,2,0,1,0.0,0.0,0.5,2,0,62,68,91.2,2,51,2,0,0,2024-11-10,0,1,0,0,0,0,0,0,0,0,0,0,0
Ben White,Arsenal,4,ENG,27,90.0,0,0,0,0,1,0,1,0,56,1,2,2,0.0,0.0,0.2,2,0,37,46,80.4,4,20,0,0,0,2024-11-10,0,0,0,0,0,0,0,0,0,1,0,0,0
David Raya,Arsenal,22,ESP,29,90.0,0,0,0,0,0,0,0,0,40,0,0,0,0.0,0.0,0.0,0,0,33,37,89.2,0,29,0,0,0,2024-11-10,0,0,0,0,0,1,0,0,0,0,0,0,0
Jamie Vardy,Leicester City,9,ENG,37,78.0,0,0,0,0,0,0,0,0,13,0,0,1,0.0,0.0,0.0,1,0,6,7,85.7,1,4,0,0,0,2024-11-23,0,0,0,0,1,0,0,0,0,0,0,0,0
Patson Daka,Leicester City,20,ZAM,26,12.0,0,0,0,0,1,0,0,0,3,0,0,0,0.1,0.1,0.0,0,0,1,2,50.0,0,3,0,0,0,2024-11-23,0,0,0,0,1,0,0,0,0,0,0,0,0
Wilfred Ndidi,Leicester City,6,NGA,27,70.0,0,0,0,0,1,0,1,0,21,1,0,0,0.2,0.2,0.0,0,0,13,17,76.5,1,12,0,1,1,2024-11-23,0,0,0,0,1,0,0,0,0,0,0,0,0
Jordan Ayew,Leicester City,18,GHA,33,20.0,1,0,1,1,0,0,0,0,13,0,1,0,0.8,0.0,0.0,0,0,5,6,83.3,0,8,0,3,0,2024-11-23,0,0,0,0,1,0,0,0,0,0,0,0,0
Bilal El Khannouss,Leicester City,11,MAR,20,78.0,0,0,0,0,0,0,0,0,42,2,0,0,0.0,0.0,0.0,0,0,22,33,66.7,2,25,3,6,3,2024-11-23,0,0,0,0,0,0,0,1,0,0,0,0,0
Bobby Reid,Leicester City,14,JAM,31,12.0,0,0,0,0,0,0,0,0,7,1,0,0,0.0,0.0,0.0,1,1,4,6,66.7,0,5,1,0,0,2024-11-23,0,0,0,0,0,0,0,0,0,0,1,0,0
Harry Winks,Leicester City,8,ENG,28,10.0,0,0,0,0,0,0,0,0,5,0,1,0,0.0,0.0,0.0,0,0,1,2,50.0,0,4,0,0,0,2024-11-23,0,0,1,0,0,0,0,0,0,0,0,0,0
Oliver Skipp,Leicester City,22,ENG,24,80.0,0,0,0,0,0,0,1,0,36,1,0,1,0.0,0.0,0.0,1,0,24,33,72.7,3,26,2,0,0,2024-11-23,0,0,1,0,0,0,0,0,0,0,0,0,0
Boubakary Soumaré,Leicester City,24,FRA,25,90.0,0,0,0,0,0,0,1,0,62,2,0,1,0.0,0.0,0.0,1,0,45,49,91.8,2,41,0,4,0,2024-11-23,0,0,1,0,0,0,0,0,0,0,0,0,0
Kasey McAteer,Leicester City,35,IRL,23,70.0,0,0,0,0,1,0,0,0,21,0,0,0,0.0,0.0,0.0,0,0,9,12,75.0,1,14,2,2,1,2024-11-23,0,0,0,0,0,0,0,0,0,0,1,0,0
Stephy Mavididi,Leicester City,10,ENG,26,20.0,0,0,0,0,0,0,0,0,13,1,0,2,0.0,0.0,0.0,2,1,7,7,100.0,3,9,2,2,1,2024-11-23,0,0,0,0,0,0,0,1,0,0,1,0,0
Victor Bernth Kristiansen,Leicester City,16,DEN,21,90.0,0,0,0,0,0,0,0,0,50,5,0,1,0.0,0.0,0.3,2,0,31,44,70.5,2,16,0,0,0,2024-11-23,0,0,0,0,0,0,1,0,0,0,0,0,0
Caleb Okoli,Leicester City,5,ITA,23,90.0,0,0,0,0,0,0,0,0,66,1,1,3,0.0,0.0,0.0,0,0,40,55,72.7,1,35,0,0,0,2024-11-23,0,1,0,0,0,0,0,0,0,0,0,0,0
Wout Faes,Leicester City,3,BEL,26,90.0,0,0,0,0,0,0,1,0,49,1,2,0,0.0,0.0,0.0,0,0,24,35,68.6,1,24,0,0,0,2024-11-23,0,1,0,0,0,0,0,0,0,0,0,0,0
James Justin,Leicester City,2,ENG,26,90.0,0,0,0,0,0,0,0,0,60,3,3,6,0.0,0.0,0.0,0,0,33,42,78.6,1,28,2,1,0,2024-11-23,0,0,0,0,0,0,0,0,0,1,0,0,0
Mads Hermansen,Leicester City,30,DEN,24,90.0,0,0,0,0,0,0,0,0,39,0,0,0,0.0,0.0,0.0,0,0,21,36,58.3,0,27,0,0,0,2024-11-23,0,0,0,0,0,1,0,0,0,0,0,0,0
Nicolas Jackson,Chelsea,15,SEN,23,89.0,1,0,0,0,3,3,0,0,26,2,1,0,0.4,0.4,0.4,4,2,7,9,77.8,0,13,2,2,1,2024-11-23,0,0,0,0,1,0,0,0,0,0,0,0,0
Kiernan Dewsbury-Hall,Chelsea,22,ENG,26,1.0,0,0,0,0,0,0,0,0,0,0,0,0,0.0,0.0,0.0,0,0,0,0,80.8,0,0,0,0,0,2024-11-23,1,0,0,0,0,0,0,0,0,0,0,0,0
João Félix,Chelsea,14,POR,25,80.0,0,0,0,0,3,0,0,0,60,3,0,1,0.1,0.1,0.1,3,0,37,44,84.1,3,41,3,9,4,2024-11-23,0,0,0,0,0,0,0,0,1,0,0,0,0
Christopher Nkunku,Chelsea,18,FRA,27,10.0,0,0,0,0,1,0,0,0,9,0,0,0,0.1,0.1,0.0,0,0,6,6,100.0,1,5,0,1,0,2024-11-23,0,0,0,0,0,0,0,0,1,0,0,0,0
Noni Madueke,Chelsea,11,ENG,22,84.0,0,0,0,0,3,2,0,0,40,1,0,0,0.5,0.5,0.1,3,0,23,30,76.7,6,29,7,6,2,2024-11-23,0,0,0,0,0,0,0,0,0,0,0,1,0
Jadon Sancho,Chelsea,19,ENG,24,6.0,0,0,0,0,0,0,0,0,4,0,0,0,0.0,0.0,0.0,0,0,2,3,66.7,0,3,0,1,1,2024-11-23,0,0,0,0,0,0,0,0,0,0,0,1,0
Cole Palmer,Chelsea,20,ENG,22,90.0,0,0,0,0,2,0,0,0,58,0,0,1,0.9,0.9,0.1,4,0,33,48,68.8,12,31,2,2,0,2024-11-23,1,0,0,0,1,0,0,0,0,0,0,0,0
Enzo Fernández,Chelsea,8,ARG,23,90.0,1,1,0,0,3,1,0,0,81,5,1,3,0.9,0.9,0.3,8,1,50,62,80.6,6,40,0,2,0,2024-11-23,0,0,0,1,0,0,0,0,0,0,0,0,0
Moisés Caicedo,Chelsea,25,ECU,23,80.0,0,0,0,0,1,0,1,0,82,3,1,0,0.1,0.1,0.0,3,0,67,71,94.4,5,50,1,2,1,2024-11-23,0,0,0,1,0,0,0,0,0,0,0,0,0
Roméo Lavia,Chelsea,45,BEL,20,10.0,0,0,0,0,0,0,1,0,6,0,0,0,0.0,0.0,0.0,0,0,5,6,83.3,0,2,0,0,0,2024-11-23,0,0,0,1,0,0,0,0,0,0,0,0,0
Marc Cucurella,Chelsea,3,ESP,26,90.0,0,0,0,0,0,0,0,0,73,3,2,1,0.0,0.0,0.2,1,0,53,65,81.5,2,40,1,1,0,2024-11-23,0,0,0,0,0,0,1,0,0,0,0,0,0
Benoît Badiashile,Chelsea,5,FRA,23,90.0,0,0,0,0,0,0,0,0,110,0,4,1,0.0,0.0,0.0,0,0,92,103,89.3,9,66,2,1,0,2024-11-23,0,1,0,0,0,0,0,0,0,0,0,0,0
Levi Colwill,Chelsea,6,ENG,21,90.0,0,0,0,0,0,0,0,0,94,0,0,1,0.0,0.0,0.0,0,0,84,93,90.3,7,64,0,0,0,2024-11-23,0,1,0,0,0,0,0,0,0,0,0,0,0
Wesley Fofana,Chelsea,29,FRA,23,90.0,0,0,0,0,0,0,0,0,80,1,0,0,0.0,0.0,0.0,0,0,66,74,89.2,6,46,5,2,1,2024-11-23,0,0,0,0,0,0,0,0,0,1,0,0,0
Robert Sánchez,Chelsea,1,ESP,27,90.0,0,0,0,0,0,0,1,0,32,0,0,0,0.0,0.0,0.0,0,0,20,31,64.5,0,21,0,0,0,2024-11-23,0,0,0,0,0,1,0,0,0,0,0,0,0
Gabriel Jesus,Arsenal,9,BRA,27,90.0,0,0,0,0,1,0,1,0,34,1,0,0,0.1,0.1,0.1,3,0,22,26,84.6,4,18,0,1,0,2024-11-23,0,0,0,0,1,0,0,0,0,0,0,0,0
Leandro Trossard,Arsenal,19,BEL,29,90.0,0,0,0,0,3,2,0,0,54,1,0,1,0.2,0.2,0.1,4,0,26,40,65.0,7,30,5,6,2,2024-11-23,0,0,0,0,0,0,0,0,1,0,0,0,0
Bukayo Saka,Arsenal,7,ENG,23,82.0,1,1,0,0,6,2,1,0,61,0,0,1,0.3,0.3,0.3,10,2,38,46,82.6,7,40,12,6,2,2024-11-23,0,0,0,0,0,0,0,0,0,0,0,1,0
Raheem Sterling,Arsenal,30,ENG,29,8.0,0,1,0,0,0,0,0,0,7,1,0,0,0.0,0.0,0.1,1,1,4,5,80.0,0,5,0,0,0,2024-11-23,0,0,0,0,0,0,0,0,0,0,0,1,0
Mikel Merino,Arsenal,23,ESP,28,90.0,0,0,0,0,1,0,0,0,48,3,2,2,0.0,0.0,0.0,0,0,29,36,80.6,2,28,0,0,0,2024-11-23,0,0,0,0,0,0,0,1,0,0,0,0,0
Jorginho,Arsenal,20,ITA,32,45.0,0,0,0,0,0,0,1,0,34,0,0,0,0.0,0.0,0.1,1,0,29,33,87.9,4,22,0,0,0,2024-11-23,0,0,1,0,0,0,0,0,0,0,0,0,0
Thomas Partey,Arsenal,5,GHA,31,45.0,1,0,0,0,2,1,0,0,43,4,1,0,0.1,0.1,0.0,0,0,33,34,97.1,4,25,1,0,0,2024-11-23,0,0,1,0,0,0,0,0,0,0,0,0,0
Martin Ødegaard,Arsenal,8,NOR,25,81.0,0,1,0,0,2,0,0,0,78,0,0,1,0.3,0.3,0.2,10,2,61,70,87.1,14,59,4,4,3,2024-11-23,0,0,0,0,0,0,0,0,0,0,1,0,0
Ethan Nwaneri,Arsenal,53,ENG,17,9.0,1,0,0,0,2,1,0,0,15,0,0,0,0.1,0.1,0.1,3,1,12,12,100.0,2,11,1,1,1,2024-11-23,0,0,0,0,0,0,0,0,0,0,1,0,0
Riccardo Calafiori,Arsenal,33,ITA,22,66.0,0,0,0,0,0,0,0,0,39,2,1,0,0.0,0.0,0.0,0,0,30,33,90.9,1,16,2,0,0,2024-11-23,0,0,0,0,0,0,1,0,0,0,0,0,0
Oleksandr Zinchenko,Arsenal,17,UKR,27,24.0,0,0,0,0,0,0,0,0,15,0,0,0,0.0,0.0,0.0,0,0,11,14,78.6,1,10,0,0,0,2024-11-23,0,0,0,0,0,0,1,0,0,0,0,0,0
Gabriel Magalhães,Arsenal,6,BRA,26,90.0,0,0,0,0,1,0,0,0,93,1,0,0,0.1,0.1,0.0,1,0,84,87,96.6,6,55,1,0,0,2024-11-23,0,1,0,0,0,0,0,0,0,0,0,0,0
William Saliba,Arsenal,2,FRA,23,90.0,0,0,0,0,0,0,0,0,105,2,0,1,0.0,0.0,0.0,1,0,96,98,98.0,7,67,0,0,0,2024-11-23,0,1,0,0,0,0,0,0,0,1,0,0,0
Jurriën Timber,Arsenal,12,NED,23,87.0,0,0,0,0,1,0,0,0,64,0,0,0,0.0,0.0,0.1,3,0,52,58,89.7,5,33,1,1,0,2024-11-23,0,0,0,0,0,0,0,0,0,1,0,0,0
Jakub Kiwior,Arsenal,15,POL,24,3.0,0,0,0,0,0,0,0,0,3,0,0,0,0.0,0.0,0.0,0,0,3,3,100.0,0,2,0,0,0,2024-11-23,0,1,0,0,0,0,0,0,0,0,0,0,0
David Raya,Arsenal,22,ESP,29,90.0,0,0,0,0,0,0,0,0,37,0,0,0,0.0,0.0,0.0,0,0,30,36,83.3,0,27,0,0,0,2024-11-23,0,0,0,0,0,1,0,0,0,0,0,0,0
Taiwo Awoniyi,Nottingham Forest,9,NGA,27,62.0,0,0,0,0,0,0,0,0,17,1,0,0,0.0,0.0,0.0,0,0,6,9,66.7,0,7,0,1,0,2024-11-23,0,0,0,0,1,0,0,0,0,0,0,0,0
Chris Wood,Nottingham Forest,11,NZL,32,28.0,0,0,0,0,0,0,0,0,11,0,0,0,0.0,0.0,0.0,1,0,5,8,62.5,0,4,1,0,0,2024-11-23,0,0,0,0,1,0,0,0,0,0,0,0,0
Callum Hudson-Odoi,Nottingham Forest,14,ENG,24,90.0,0,0,0,0,1,0,0,0,30,2,0,0,0.0,0.0,0.0,1,0,20,25,80.0,3,19,6,2,2,2024-11-23,0,0,0,0,0,0,0,0,1,0,0,0,0
Anthony Elanga,Nottingham Forest,21,SWE,22,45.0,0,0,0,0,0,0,0,0,15,0,0,0,0.0,0.0,0.0,1,0,7,10,70.0,0,7,1,1,0,2024-11-23,0,0,0,0,0,0,0,0,0,0,0,1,0
Jota Silva,Nottingham Forest,20,POR,25,45.0,0,0,0,0,1,0,0,0,16,0,1,0,0.1,0.1,0.0,1,0,5,8,62.5,1,12,0,3,0,2024-11-23,1,0,0,0,0,0,0,0,0,0,0,1,0
Ryan Yates,Nottingham Forest,22,ENG,27,90.0,0,0,0,0,2,0,1,0,39,1,2,1,0.1,0.1,0.0,1,0,25,31,80.6,4,12,0,1,0,2024-11-23,1,0,0,1,0,0,0,0,0,0,0,0,0
Nicolás Domínguez,Nottingham Forest,16,ARG,26,62.0,0,0,0,0,1,0,0,0,39,2,3,1,0.0,0.0,0.0,0,0,23,28,82.1,0,13,0,2,1,2024-11-23,0,0,0,1,0,0,0,0,0,0,0,0,0
Ramón Sosa,Nottingham Forest,24,PAR,25,28.0,0,0,0,0,0,0,0,0,6,0,0,0,0.0,0.0,0.1,2,0,4,6,66.7,0,7,0,1,1,2024-11-23,0,0,0,0,0,0,0,0,0,0,0,1,0
James Ward-Prowse,Nottingham Forest,18,ENG,30,90.0,0,0,0,0,0,0,0,0,38,1,0,0,0.0,0.0,0.1,3,0,28,33,84.8,4,13,0,0,0,2024-11-23,0,0,0,1,0,0,0,0,0,0,0,0,0
Álex Moreno,Nottingham Forest,19,ESP,31,72.0,0,0,0,0,0,0,0,0,25,4,1,1,0.0,0.0,0.0,0,0,13,18,72.2,1,7,1,1,0,2024-11-23,0,0,0,0,0,0,1,0,0,0,0,0,0
Neco Williams,Nottingham Forest,7,WAL,23,18.0,0,0,0,0,0,0,0,0,9,1,0,0,0.0,0.0,0.0,0,0,5,6,83.3,4,3,2,1,0,2024-11-23,0,0,0,0,0,0,1,0,0,0,0,0,0
Murillo,Nottingham Forest,5,BRA,22,90.0,0,0,0,0,1,0,0,0,58,1,0,5,0.0,0.0,0.0,2,0,38,45,84.4,3,27,0,0,0,2024-11-23,0,1,0,0,0,0,0,0,0,0,0,0,0
Nikola Milenković,Nottingham Forest,31,SRB,27,90.0,0,0,0,0,1,0,0,0,39,1,1,2,0.0,0.0,0.0,0,0,29,32,90.6,1,20,0,0,0,2024-11-23,0,1,0,0,0,0,0,0,0,0,0,0,0
Ola Aina,Nottingham Forest,34,NGA,28,90.0,0,0,0,0,0,0,1,0,49,2,2,0,0.0,0.0,0.0,1,0,29,41,70.7,3,22,2,1,0,2024-11-23,0,0,0,0,0,0,0,0,0,1,0,0,0
Matz Sels,Nottingham Forest,26,BEL,32,90.0,0,0,0,0,0,0,0,0,31,0,0,0,0.0,0.0,0.0,0,0,16,27,59.3,0,9,0,0,0,2024-11-23,0,0,0,0,0,1,0,0,0,0,0,0,0
Evanilson,Bournemouth,9,BRA,25,90.0,0,0,0,0,5,2,0,0,16,1,0,0,0.5,0.5,0.0,1,0,7,8,87.5,0,11,2,0,0,2024-11-23,0,0,0,0,1,0,0,0,0,0,0,0,0
Antoine Semenyo,Bournemouth,24,GHA,24,90.0,0,0,0,0,5,1,1,0,57,1,0,1,0.3,0.3,0.2,3,0,32,41,78.0,3,40,3,5,2,2024-11-23,0,0,0,0,0,0,0,0,1,0,0,1,0
Marcus Tavernier,Bournemouth,16,ENG,25,90.0,0,0,0,0,1,0,0,0,65,2,0,1,0.0,0.0,0.1,5,1,42,53,79.2,6,45,1,3,2,2024-11-23,0,0,0,1,0,0,0,0,0,0,0,1,0
Justin Kluivert,Bournemouth,19,NED,25,74.0,0,0,0,0,3,1,0,0,27,0,0,0,0.2,0.2,0.2,3,0,14,21,66.7,2,17,0,2,0,2024-11-23,1,0,0,0,0,0,0,0,0,0,0,0,0
David Brooks,Bournemouth,7,WAL,27,16.0,1,0,0,0,2,1,0,0,27,0,1,0,0.1,0.1,0.3,4,0,17,23,73.9,2,20,4,0,0,2024-11-23,1,0,0,0,0,0,0,0,0,0,0,1,0
Lewis Cook,Bournemouth,4,ENG,27,90.0,0,0,0,0,0,0,1,0,54,1,1,0,0.0,0.0,0.2,5,0,38,49,77.6,7,34,0,0,0,2024-11-23,0,0,0,1,0,0,0,0,0,0,0,0,0
Tyler Adams,Bournemouth,12,USA,25,64.0,0,0,0,0,0,0,0,0,47,5,2,0,0.0,0.0,0.0,1,0,36,39,92.3,4,35,0,1,0,2024-11-23,0,0,0,1,0,0,0,0,0,0,0,0,0
Dango Ouattara,Bournemouth,11,BFA,22,26.0,0,0,0,0,0,0,0,0,23,2,1,0,0.0,0.0,0.2,1,0,11,15,73.3,1,9,1,1,0,2024-11-23,0,0,0,0,0,0,1,0,1,0,0,0,0
Milos Kerkez,Bournemouth,3,HUN,21,80.0,0,0,0,0,0,0,0,0,49,3,1,2,0.0,0.0,0.3,2,0,35,41,85.4,6,35,6,0,0,2024-11-23,0,0,0,0,0,0,1,0,0,0,0,0,0
Enes Ünal,Bournemouth,26,TUR,27,10.0,0,1,0,0,1,0,0,0,8,0,0,0,0.2,0.2,0.1,1,1,3,5,60.0,0,7,0,2,0,2024-11-23,1,0,0,0,0,0,0,0,0,0,0,0,0
Marcos Senesi,Bournemouth,5,ARG,27,64.0,0,0,0,0,0,0,0,0,57,2,0,0,0.0,0.0,0.0,1,0,39,52,75.0,3,44,1,1,0,2024-11-23,0,1,0,0,0,0,0,0,0,0,0,0,0
Dean Huijsen,Bournemouth,2,ESP,19,26.0,0,0,0,0,2,0,0,0,43,1,1,0,0.2,0.2,0.0,1,0,31,37,83.8,5,30,1,0,0,2024-11-23,0,1,0,0,0,0,0,0,0,0,0,0,0
Illia Zabarnyi,Bournemouth,27,UKR,22,90.0,0,0,0,0,0,0,0,0,83,0,2,0,0.0,0.0,0.0,4,0,67,77,87.0,10,73,3,2,1,2024-11-23,0,1,0,0,0,0,0,0,0,0,0,0,0
Adam Smith,Bournemouth,15,ENG,33,74.0,0,0,0,0,0,0,0,0,33,2,1,1,0.0,0.0,0.0,0,0,23,27,85.2,3,18,0,1,0,2024-11-23,0,0,0,0,0,0,0,0,0,1,0,0,0
Max Aarons,Bournemouth,37,ENG,24,16.0,0,0,0,0,0,0,0,0,21,0,0,0,0.0,0.0,0.0,2,0,17,20,85.0,4,17,1,0,0,2024-11-23,0,0,0,0,0,0,0,0,0,1,0,0,0
Kepa Arrizabalaga,Bournemouth,13,ESP,30,90.0,0,0,0,0,0,0,0,0,36,0,0,0,0.0,0.0,0.0,0,0,30,34,88.2,0,24,0,0,0,2024-11-23,0,0,0,0,0,1,0,0,0,0,0,0,0
Danny Welbeck,Brighton & Hove Albion,18,ENG,33,85.0,0,0,0,0,0,0,0,0,39,2,1,0,0.0,0.0,0.1,4,1,24,28,85.7,2,30,1,0,0,2024-11-23,0,0,0,0,1,0,0,0,0,0,0,0,0
Evan Ferguson,Brighton & Hove Albion,28,IRL,20,5.0,0,0,0,0,0,0,0,0,7,2,0,0,0.0,0.0,0.0,0,0,2,3,66.7,0,2,0,0,0,2024-11-23,0,0,0,0,1,0,0,0,0,0,0,0,0
Kaoru Mitoma,Brighton & Hove Albion,22,JPN,27,90.0,1,0,0,0,1,1,0,0,39,0,0,0,0.4,0.4,0.0,0,0,24,30,80.0,3,30,1,2,0,2024-11-23,0,0,0,0,0,0,0,0,1,0,0,0,0
Georginio Rutter,Brighton & Hove Albion,14,FRA,22,63.0,0,0,0,0,2,1,1,0,25,0,1,0,0.2,0.2,0.0,2,1,7,18,38.9,0,17,1,2,0,2024-11-23,0,0,0,0,0,0,0,0,0,0,0,1,0
Simon Adingra,Brighton & Hove Albion,11,CIV,22,27.0,0,0,0,0,0,0,0,0,14,2,0,0,0.0,0.0,0.0,0,0,6,8,75.0,1,10,3,2,1,2024-11-23,0,0,0,0,0,0,0,0,0,0,0,1,0
João Pedro,Brighton & Hove Albion,9,BRA,23,63.0,1,1,0,0,1,1,0,0,38,1,0,0,0.3,0.3,0.6,2,1,22,31,71.0,3,29,2,1,1,2024-11-23,1,0,0,0,0,0,0,0,0,0,0,0,0
Mats Wieffer,Brighton & Hove Albion,27,NED,25,27.0,0,0,0,0,0,0,0,0,17,2,1,0,0.0,0.0,0.0,1,0,9,13,69.2,0,6,0,0,0,2024-11-23,0,0,0,1,0,0,0,0,0,0,0,0,0
Yasin Ayari,Brighton & Hove Albion,26,SWE,21,75.0,0,0,0,0,0,0,0,0,55,3,0,0,0.0,0.0,0.0,2,0,42,45,93.3,1,41,1,3,2,2024-11-23,0,0,0,1,0,0,0,0,0,0,0,0,0
Matt O'Riley,Brighton & Hove Albion,33,DEN,24,15.0,0,0,0,0,1,0,0,0,11,0,0,1,0.0,0.0,0.0,0,0,6,7,85.7,1,4,0,0,0,2024-11-23,0,0,0,1,0,0,0,0,0,0,0,0,0
Carlos Baleba,Brighton & Hove Albion,20,CMR,20,58.0,0,0,0,0,0,0,2,1,45,1,1,1,0.0,0.0,0.0,0,0,37,39,94.9,5,33,2,1,0,2024-11-23,0,0,0,1,0,0,0,0,0,0,0,0,0
Pervis Estupiñán,Brighton & Hove Albion,30,ECU,26,90.0,0,0,0,0,0,0,0,0,70,2,1,0,0.0,0.0,0.0,0,0,50,58,86.2,2,39,2,3,2,2024-11-23,0,0,0,0,0,0,1,0,0,0,0,0,0
Igor,Brighton & Hove Albion,3,BRA,26,90.0,0,0,0,0,0,0,0,0,65,1,0,2,0.0,0.0,0.0,0,0,46,54,85.2,2,42,0,0,0,2024-11-23,0,1,0,0,0,0,0,0,0,0,0,0,0
Jan Paul van Hecke,Brighton & Hove Albion,29,NED,24,90.0,0,0,0,0,1,1,1,0,46,1,0,2,0.0,0.0,0.0,0,0,29,37,78.4,4,21,2,0,0,2024-11-23,0,1,0,0,0,0,0,0,0,0,0,0,0
Joël Veltman,Brighton & Hove Albion,34,NED,32,90.0,0,0,0,0,0,0,0,0,39,3,1,1,0.0,0.0,0.0,0,0,16,23,69.6,1,12,1,2,1,2024-11-23,0,0,0,0,0,0,0,0,0,1,0,0,0
Bart Verbruggen,Brighton & Hove Albion,1,NED,22,90.0,0,0,0,0,0,0,0,0,55,0,0,0,0.0,0.0,0.0,0,0,38,52,73.1,0,32,0,1,1,2024-11-23,0,0,0,0,0,1,0,0,0,0,0,0,0
Ollie Watkins,Aston Villa,11,ENG,28,90.0,1,0,0,0,5,2,0,0,26,0,0,1,1.3,1.3,0.0,3,1,9,12,75.0,0,15,3,3,1,2024-11-23,0,0,0,0,1,0,0,0,0,0,0,0,0
John McGinn,Aston Villa,7,SCO,30,68.0,0,1,0,0,3,0,0,0,37,1,0,0,0.4,0.4,1.1,4,1,25,30,83.3,7,23,0,2,0,2024-11-23,0,0,0,0,0,0,0,0,1,0,0,0,0
Jhon Durán,Aston Villa,9,COL,20,22.0,0,0,0,0,1,0,0,0,6,0,0,0,0.0,0.0,0.1,1,0,3,3,100.0,1,2,1,0,0,2024-11-23,0,0,0,0,0,0,0,0,1,0,0,0,0
Leon Bailey,Aston Villa,31,JAM,27,81.0,0,0,0,0,1,0,0,0,45,0,0,3,0.1,0.1,0.2,3,0,22,32,68.8,1,30,5,3,0,2024-11-23,0,0,0,0,0,0,0,0,0,0,0,1,0
Jaden Philogene Bidace,Aston Villa,19,ENG,22,9.0,0,0,0,0,0,0,0,0,9,0,0,1,0.0,0.0,0.0,0,0,1,4,25.0,0,4,1,1,0,2024-11-23,0,0,0,0,0,0,0,0,0,0,0,1,0
Morgan Rogers,Aston Villa,27,ENG,22,81.0,0,0,0,0,1,0,0,0,46,2,0,0,0.2,0.2,0.1,3,0,20,31,64.5,4,26,2,5,2,2024-11-23,1,0,0,0,0,0,0,0,0,0,0,0,0
Emi Buendía,Aston Villa,10,ARG,27,9.0,0,0,0,0,0,0,1,0,12,0,0,2,0.0,0.0,0.0,1,0,5,8,62.5,1,4,0,0,0,2024-11-23,1,0,0,0,0,0,0,0,0,0,0,0,0
Youri Tielemans,Aston Villa,8,BEL,27,90.0,0,1,0,1,0,0,0,0,98,1,0,0,0.8,0.0,0.3,3,1,81,94,86.2,10,53,2,0,0,2024-11-23,0,0,0,1,0,0,0,0,0,0,0,0,0
Ross Barkley,Aston Villa,6,ENG,30,90.0,1,0,0,0,2,1,0,0,68,1,1,1,0.2,0.2,0.0,1,1,49,62,79.0,6,38,2,3,3,2024-11-23,0,0,0,1,0,0,0,0,0,0,0,0,0
Ian Maatsen,Aston Villa,22,NED,22,68.0,0,0,0,0,2,1,1,0,57,0,1,1,0.1,0.1,0.1,4,0,44,51,86.3,3,30,1,1,1,2024-11-23,0,0,0,0,0,0,1,0,0,0,0,0,0
Lucas Digne,Aston Villa,12,FRA,31,22.0,0,0,0,0,0,0,0,0,24,1,0,0,0.0,0.0,0.0,0,0,16,22,72.7,0,15,0,1,1,2024-11-23,0,0,0,0,0,0,1,0,0,0,0,0,0
Pau Torres,Aston Villa,14,ESP,27,90.0,0,0,0,0,0,0,0,0,96,2,0,0,0.0,0.0,0.0,0,0,85,93,91.4,10,61,2,1,1,2024-11-23,0,1,0,0,0,0,0,0,0,0,0,0,0
Diego Carlos,Aston Villa,3,BRA,31,90.0,0,0,0,0,1,0,1,0,102,0,1,1,0.1,0.1,0.0,0,0,85,94,90.4,13,72,2,1,1,2024-11-23,0,1,0,0,0,0,0,0,0,0,0,0,0
Lamare Bogarde,Aston Villa,26,NED,20,45.0,0,0,0,0,0,0,0,0,41,0,0,1,0.0,0.0,0.0,1,0,34,39,87.2,2,23,4,1,1,2024-11-23,0,0,0,0,0,0,0,0,0,1,0,0,0
Matty Cash,Aston Villa,2,POL,27,45.0,0,0,0,0,0,0,0,0,50,1,1,0,0.0,0.0,0.0,1,0,40,46,87.0,2,33,1,2,1,2024-11-23,0,0,0,0,0,0,0,0,0,1,0,0,0
Emiliano Martínez,Aston Villa,23,ARG,32,90.0,0,0,0,0,0,0,0,0,38,0,0,0,0.0,0.0,0.0,0,0,35,37,94.6,0,24,0,0,0,2024-11-23,0,0,0,0,0,1,0,0,0,0,0,0,0
Jean-Philippe Mateta,Crystal Palace,14,FRA,27,90.0,0,1,0,0,2,1,0,0,31,1,0,1,0.1,0.1,0.5,3,1,13,20,65.0,3,19,4,2,2,2024-11-23,0,0,0,0,1,0,0,0,0,0,0,0,0
Justin Devenny,Crystal Palace,55,NIR,21,73.0,1,0,0,0,2,1,0,0,20,1,0,1,0.3,0.3,0.0,0,0,10,14,71.4,1,8,1,0,0,2024-11-23,1,0,0,0,0,0,0,0,0,0,0,0,0
Jeffrey Schlupp,Crystal Palace,15,GHA,31,17.0,0,0,0,0,1,1,0,0,8,0,0,2,0.0,0.0,0.0,1,0,1,3,33.3,0,2,1,0,0,2024-11-23,1,0,0,0,0,0,0,0,0,0,0,0,0
Ismaila Sarr,Crystal Palace,7,SEN,26,89.0,1,1,0,0,4,3,0,0,34,1,0,1,0.7,0.7,0.2,4,1,11,19,57.9,1,21,6,3,1,2024-11-23,1,0,0,0,0,0,0,0,0,0,0,0,0
Nathaniel Clyne,Crystal Palace,17,ENG,33,1.0,0,0,0,0,0,0,0,0,4,0,0,0,0.0,0.0,0.0,0,0,1,4,25.0,0,2,1,0,0,2024-11-23,0,0,0,0,0,0,0,0,0,0,0,0,1
Cheick Doucouré,Crystal Palace,28,MLI,24,63.0,0,0,0,0,0,0,0,0,32,0,3,2,0.0,0.0,0.0,1,1,18,22,81.8,1,14,0,1,0,2024-11-23,0,0,1,0,0,0,0,0,0,0,0,0,0
Jefferson Lerma,Crystal Palace,8,COL,30,27.0,0,0,0,0,1,0,0,0,11,0,0,0,0.0,0.0,0.0,0,0,8,9,88.9,0,6,0,0,0,2024-11-23,0,0,1,0,0,0,0,0,0,0,0,0,0
Will Hughes,Crystal Palace,19,ENG,29,89.0,0,0,0,0,0,0,0,0,40,6,0,0,0.0,0.0,0.1,4,0,20,31,64.5,3,12,1,0,0,2024-11-23,0,0,1,0,0,0,0,0,0,0,0,0,0
Chris Richards,Crystal Palace,26,USA,24,1.0,0,0,0,0,0,0,0,0,5,0,0,0,0.0,0.0,0.0,1,0,3,5,60.0,0,0,0,0,0,2024-11-23,0,0,1,0,0,0,0,0,0,0,0,0,0
Tyrick Mitchell,Crystal Palace,3,ENG,25,90.0,0,0,0,0,1,0,1,0,44,2,1,3,0.0,0.0,0.1,2,0,20,33,60.6,3,21,1,1,0,2024-11-23,0,0,0,0,0,0,0,0,0,0,0,0,1
Daniel Muñoz,Crystal Palace,12,COL,28,90.0,0,0,0,0,1,0,0,0,47,3,1,2,0.0,0.0,0.1,3,0,16,29,55.2,2,9,1,1,0,2024-11-23,1,0,0,0,0,0,0,0,0,0,0,0,1
Marc Guéhi,Crystal Palace,6,ENG,24,90.0,0,0,0,0,0,0,0,0,40,3,0,1,0.0,0.0,0.0,2,1,27,31,87.1,3,17,0,0,0,2024-11-23,0,1,0,0,0,0,0,0,0,0,0,0,0
Maxence Lacroix,Crystal Palace,5,FRA,24,90.0,0,0,0,0,1,0,0,0,41,5,3,1,0.1,0.1,0.0,0,0,16,23,69.6,2,11,0,0,0,2024-11-23,0,1,0,0,0,0,0,0,0,0,0,0,0
Trevoh Chalobah,Crystal Palace,27,ENG,25,90.0,0,0,0,0,0,0,1,0,36,1,2,3,0.0,0.0,0.0,0,0,16,24,66.7,1,11,0,0,0,2024-11-23,0,1,0,0,0,0,0,0,0,0,0,0,0
Dean Henderson,Crystal Palace,1,ENG,27,90.0,0,0,0,0,0,0,0,0,30,0,0,0,0.0,0.0,0.0,0,0,13,26,50.0,0,13,0,0,0,2024-11-23,0,0,0,0,0,1,0,0,0,0,0,0,0
Dominic Calvert-Lewin,Everton,9,ENG,27,90.0,0,0,0,0,5,2,0,0,21,0,0,0,0.2,0.2,0.0,1,0,6,10,60.0,0,14,4,1,0,2024-11-23,0,0,0,0,1,0,0,0,0,0,0,0,0
Iliman Ndiaye,Everton,10,SEN,24,90.0,0,0,0,0,3,0,0,0,53,0,0,2,0.1,0.1,0.2,8,0,34,40,85.0,3,26,4,5,4,2024-11-23,0,0,0,0,0,0,0,0,1,0,0,1,0
Jesper Lindstrøm,Everton,29,DEN,24,71.0,0,0,0,0,2,0,0,0,38,2,0,0,0.1,0.1,0.1,3,0,19,27,70.4,3,19,5,1,0,2024-11-23,0,0,0,0,0,0,0,0,0,0,0,1,0
Beto,Everton,14,GNB,26,19.0,0,0,0,0,4,1,0,0,10,0,0,0,0.4,0.4,0.0,0,0,3,4,75.0,0,5,0,1,1,2024-11-23,1,0,0,0,0,0,0,0,0,0,0,0,0
Dwight McNeil,Everton,7,ENG,25,90.0,0,0,0,0,5,1,0,0,76,0,0,0,0.2,0.2,0.1,9,0,51,62,82.3,7,49,6,5,2,2024-11-23,1,0,0,0,0,0,0,0,1,0,0,0,0
Idrissa Gana Gueye,Everton,27,SEN,35,90.0,0,0,0,0,4,1,0,0,89,5,0,1,0.1,0.1,0.2,7,0,64,75,85.3,13,43,4,1,1,2024-11-23,0,0,0,1,0,0,0,0,0,0,0,0,0
Abdoulaye Doucouré,Everton,16,MLI,31,71.0,0,0,0,0,0,0,0,0,38,1,0,1,0.0,0.0,0.0,3,0,28,34,82.4,2,26,0,0,0,2024-11-23,0,0,0,1,0,0,0,0,0,0,0,0,0
Orel Mangala,Everton,8,BEL,26,19.0,0,0,0,0,0,0,0,0,20,0,0,0,0.0,0.0,0.0,0,0,17,19,89.5,2,13,0,0,0,2024-11-23,0,0,0,1,0,0,0,0,0,0,0,0,0
Vitaliy Mykolenko,Everton,19,UKR,25,90.0,0,0,0,0,3,0,0,0,69,2,1,0,0.2,0.2,0.0,3,0,42,55,76.4,5,30,2,1,1,2024-11-23,0,0,0,0,0,0,1,0,0,0,0,0,0
Jarrad Branthwaite,Everton,32,ENG,22,90.0,0,0,0,0,1,0,0,0,64,1,1,0,0.0,0.0,0.0,3,0,48,54,88.9,3,28,1,0,0,2024-11-23,0,1,0,0,0,0,0,0,0,0,0,0,0
James Tarkowski,Everton,6,ENG,32,90.0,0,0,0,0,0,0,0,0,65,0,0,3,0.0,0.0,0.1,7,0,50,55,90.9,8,23,0,1,1,2024-11-23,0,1,0,0,0,0,0,0,0,0,0,0,0
Ashley Young,Everton,18,ENG,39,90.0,0,0,0,0,0,0,0,0,72,1,1,0,0.0,0.0,0.3,6,0,54,67,80.6,12,35,5,0,0,2024-11-23,0,0,0,0,0,0,0,0,0,1,0,0,0
Jordan Pickford,Everton,1,ENG,30,90.0,0,0,0,0,0,0,0,0,33,0,0,0,0.0,0.0,0.0,1,0,24,31,77.4,0,18,0,0,0,2024-11-23,0,0,0,0,0,1,0,0,0,0,0,0,0
Yoane Wissa,Brentford,11,COD,28,71.0,0,0,0,0,2,1,0,0,18,0,0,0,0.8,0.8,0.0,1,0,11,15,73.3,1,12,0,0,0,2024-11-23,0,0,0,0,1,0,0,0,0,0,0,0,0
Thiago,Brentford,9,BRA,23,19.0,0,0,0,0,0,0,0,0,9,0,0,0,0.0,0.0,0.0,0,0,4,5,80.0,1,7,0,0,0,2024-11-23,0,0,0,0,1,0,0,0,0,0,0,0,0
Mikkel Damsgaard,Brentford,24,DEN,24,71.0,0,0,0,0,1,0,0,0,37,3,1,2,0.1,0.1,0.4,1,0,17,25,68.0,3,26,2,4,2,2024-11-23,0,0,0,0,0,0,0,0,1,0,0,0,0
Kevin Schade,Brentford,7,GER,22,19.0,0,0,0,0,0,0,0,0,6,2,0,0,0.0,0.0,0.0,0,0,1,2,50.0,0,1,0,0,0,2024-11-23,0,0,0,0,0,0,0,0,1,0,0,0,0
Bryan Mbeumo,Brentford,19,CMR,25,90.0,0,0,0,0,0,0,0,0,40,4,0,1,0.0,0.0,0.1,3,0,14,22,63.6,0,21,2,4,1,2024-11-23,0,0,0,0,0,0,0,0,0,0,0,1,0
Vitaly Janelt,Brentford,27,GER,26,85.0,0,0,0,0,0,0,0,0,47,2,0,3,0.0,0.0,0.0,1,0,30,37,81.1,2,30,1,0,0,2024-11-23,0,0,0,0,0,0,0,1,0,0,0,0,0
Yehor Yarmoliuk,Brentford,18,UKR,20,5.0,0,0,0,0,0,0,0,0,6,0,0,0,0.0,0.0,0.0,0,0,2,4,50.0,0,3,0,0,0,2024-11-23,0,0,0,0,0,0,0,1,0,0,0,0,0
Christian Nørgaard,Brentford,6,DEN,30,40.0,0,0,0,0,0,0,0,1,29,1,0,1,0.0,0.0,0.0,1,0,24,27,88.9,1,16,0,0,0,2024-11-23,0,0,1,0,0,0,0,0,0,0,0,0,0
Mathias Jensen,Brentford,8,DEN,28,90.0,0,0,0,0,2,0,0,0,46,2,0,2,0.1,0.1,0.0,4,0,21,35,60.0,3,28,1,0,0,2024-11-23,0,0,0,0,0,0,0,0,0,0,1,0,0
Keane Lewis-Potter,Brentford,23,ENG,23,90.0,0,0,0,0,2,1,0,0,37,2,1,0,0.0,0.0,0.0,3,0,21,25,84.0,2,22,2,4,2,2024-11-23,0,0,0,0,0,0,1,0,0,0,0,0,0
Ethan Pinnock,Brentford,5,JAM,31,90.0,0,0,0,0,1,0,0,0,47,0,1,3,0.0,0.0,0.4,1,0,28,33,84.8,0,25,0,0,0,2024-11-23,0,1,0,0,0,0,0,0,0,0,0,0,0
Nathan Collins,Brentford,22,IRL,23,90.0,0,0,0,0,0,0,0,0,69,1,0,3,0.0,0.0,0.0,1,0,46,54,85.2,1,40,0,0,0,2024-11-23,0,1,0,0,0,0,0,0,0,0,0,0,0
Sepp van den Berg,Brentford,4,NED,22,90.0,0,0,0,0,1,0,0,0,45,1,0,2,0.1,0.1,0.0,1,0,29,34,85.3,2,24,0,0,0,2024-11-23,0,0,0,0,0,0,0,0,0,1,0,0,0
Mark Flekken,Brentford,1,NED,31,90.0,0,0,0,0,0,0,0,0,54,0,0,0,0.0,0.0,0.0,0,0,34,51,66.7,0,30,0,0,0,2024-11-23,0,0,0,0,0,1,0,0,0,0,0,0,0
Raúl Jiménez,Fulham,7,MEX,33,70.0,0,0,0,0,2,0,0,0,24,2,0,0,0.7,0.7,0.0,4,1,11,18,61.1,1,11,1,1,1,2024-11-23,0,0,0,0,1,0,0,0,0,0,0,0,0
Rodrigo Muniz,Fulham,9,BRA,23,20.0,0,0,0,0,0,0,0,0,8,0,0,1,0.0,0.0,0.1,2,0,4,4,100.0,0,3,0,1,0,2024-11-23,0,0,0,0,1,0,0,0,0,0,0,0,0
Reiss Nelson,Fulham,19,ENG,24,70.0,0,0,0,0,0,0,0,0,51,2,3,1,0.0,0.0,0.0,2,0,31,36,86.1,9,38,3,2,0,2024-11-23,0,0,0,0,0,0,0,0,1,0,0,0,0
Adama Traoré,Fulham,11,ESP,28,20.0,0,0,0,0,1,0,0,0,15,0,0,1,0.0,0.0,0.0,0,0,6,10,60.0,2,11,2,1,0,2024-11-23,0,0,0,0,0,0,0,0,0,0,0,1,0
Alex Iwobi,Fulham,17,NGA,28,90.0,1,0,0,0,3,2,0,0,50,1,0,1,0.2,0.2,0.0,2,0,31,40,77.5,2,37,3,2,0,2024-11-23,0,0,0,0,0,0,0,0,1,0,0,1,0
Emile Smith Rowe,Fulham,32,ENG,24,58.0,0,0,0,0,0,0,0,0,31,1,0,0,0.0,0.0,0.0,0,0,25,27,92.6,6,18,0,1,1,2024-11-23,1,0,0,0,0,0,0,0,0,0,0,0,0
Harry Wilson,Fulham,8,WAL,27,32.0,0,0,0,0,1,0,0,0,18,0,0,0,0.0,0.0,0.0,0,0,12,16,75.0,1,11,0,0,0,2024-11-23,1,0,0,0,0,0,0,0,0,0,0,0,0
Saša Lukić,Fulham,20,SRB,28,90.0,0,0,0,0,0,0,0,0,66,7,2,0,0.0,0.0,0.0,2,0,53,57,93.0,4,38,4,0,0,2024-11-23,0,0,0,1,0,0,0,0,0,0,0,0,0
Andreas Pereira,Fulham,18,BRA,28,58.0,0,0,0,0,1,0,1,0,51,1,1,0,0.0,0.0,0.1,2,0,29,47,61.7,2,18,2,1,1,2024-11-23,0,0,0,1,0,0,0,0,0,0,0,0,0
Tom Cairney,Fulham,10,SCO,33,32.0,0,0,0,0,0,0,0,0,41,0,0,2,0.0,0.0,0.0,2,0,34,39,87.2,8,25,0,0,0,2024-11-23,0,0,0,1,0,0,0,0,0,0,0,0,0
Antonee Robinson,Fulham,33,USA,27,90.0,0,0,0,0,1,1,0,0,84,4,2,2,0.0,0.0,0.6,1,0,54,73,74.0,6,48,1,2,2,2024-11-23,0,0,0,0,0,0,1,0,0,0,0,0,0
Calvin Bassey,Fulham,3,NGA,24,90.0,0,0,0,0,0,0,1,0,90,0,1,3,0.0,0.0,0.0,1,0,75,83,90.4,8,58,0,0,0,2024-11-23,0,1,0,0,0,0,0,0,0,0,0,0,0
Joachim Andersen,Fulham,5,DEN,28,90.0,0,0,0,0,0,0,0,0,63,2,0,2,0.0,0.0,0.0,0,0,50,58,86.2,8,28,0,0,0,2024-11-23,0,1,0,0,0,0,0,0,0,0,0,0,0
Kenny Tete,Fulham,2,NED,29,70.0,0,1,0,0,1,0,1,0,61,3,2,2,0.0,0.0,0.1,1,1,36,45,80.0,4,22,0,3,2,2024-11-23,0,0,0,0,0,0,0,0,0,1,0,0,0
Timothy Castagne,Fulham,21,BEL,28,20.0,0,0,0,0,0,0,0,0,22,0,0,0,0.0,0.0,0.0,0,0,17,19,89.5,2,9,0,1,1,2024-11-23,0,0,0,0,0,0,0,0,0,1,0,0,0
Bernd Leno,Fulham,1,GER,32,90.0,0,0,0,0,0,0,0,0,31,0,0,0,0.0,0.0,0.0,0,0,31,31,100.0,0,24,0,0,0,2024-11-23,0,0,0,0,0,1,0,0,0,0,0,0,0
Jørgen Strand Larsen,Wolverhampton Wanderers,9,NOR,24,90.0,0,1,0,0,1,0,0,0,23,0,0,1,0.1,0.1,0.2,1,1,7,16,43.8,1,12,1,0,0,2024-11-23,0,0,0,0,1,0,0,0,0,0,0,0,0
Matheus Cunha,Wolverhampton Wanderers,10,BRA,25,89.0,2,1,0,0,4,2,0,0,48,0,2,0,0.8,0.8,0.1,4,1,20,29,69.0,3,28,3,4,2,2024-11-23,1,0,0,0,0,0,0,0,0,0,0,0,0
Gonçalo Guedes,Wolverhampton Wanderers,29,POR,27,1.0,1,0,0,0,1,1,0,0,3,0,0,0,0.2,0.2,0.0,0,0,0,0,80.8,0,3,0,0,0,2024-11-23,1,0,0,0,0,0,0,0,0,0,0,0,0
Jean-Ricner Bellegarde,Wolverhampton Wanderers,27,FRA,26,86.0,0,0,0,0,0,0,0,0,29,1,1,1,0.0,0.0,0.0,2,1,14,19,73.7,4,15,1,3,1,2024-11-23,1,0,0,0,0,0,0,0,0,0,0,0,0
Matt Doherty,Wolverhampton Wanderers,2,IRL,32,4.0,0,0,0,0,0,0,0,0,2,0,0,0,0.0,0.0,0.0,0,0,1,1,100.0,0,0,0,0,0,2024-11-23,1,0,0,0,0,0,0,0,0,0,0,0,1
João Gomes,Wolverhampton Wanderers,8,BRA,23,89.0,1,1,0,0,4,2,0,0,70,5,0,1,0.2,0.2,0.0,4,2,47,52,90.4,7,32,3,4,3,2024-11-23,0,0,1,0,0,0,0,0,0,0,0,0,0
Tommy Doyle,Wolverhampton Wanderers,20,ENG,23,1.0,0,0,0,0,0,0,0,0,6,0,0,1,0.0,0.0,0.0,0,0,4,5,80.0,0,3,0,0,0,2024-11-23,0,0,1,0,0,0,0,0,0,0,0,0,0
André,Wolverhampton Wanderers,7,BRA,23,90.0,0,0,0,0,0,0,0,0,48,2,1,2,0.0,0.0,0.0,1,1,34,38,89.5,3,19,1,1,0,2024-11-23,0,0,1,0,0,0,0,0,0,0,0,0,0
Rodrigo Gomes,Wolverhampton Wanderers,19,POR,21,89.0,0,0,0,0,0,0,0,0,34,1,1,1,0.0,0.0,0.1,2,0,14,25,56.0,2,17,3,1,0,2024-11-23,0,0,0,0,0,0,0,0,0,0,0,0,1
Hwang Hee-chan,Wolverhampton Wanderers,11,KOR,28,1.0,0,0,0,0,0,0,0,0,2,0,0,0,0.0,0.0,0.0,0,0,2,2,100.0,0,1,0,0,0,2024-11-23,1,0,0,0,0,0,0,0,0,0,0,0,1
Nélson Semedo,Wolverhampton Wanderers,22,POR,31,89.0,0,0,0,0,0,0,0,0,44,2,0,1,0.0,0.0,0.1,2,0,28,35,80.0,1,21,1,6,2,2024-11-23,0,0,0,0,0,0,0,0,0,0,0,0,1
Alfie Pond,Wolverhampton Wanderers,46,ENG,20,1.0,0,0,0,0,0,0,0,0,1,0,0,0,0.0,0.0,0.0,0,0,1,1,100.0,0,1,0,0,0,2024-11-23,0,1,0,0,0,0,0,0,0,0,0,0,1
Rayan Aït-Nouri,Wolverhampton Wanderers,3,ALG,23,90.0,0,0,0,0,0,0,0,0,78,3,0,3,0.0,0.0,0.0,1,0,52,57,91.2,2,36,0,4,1,2024-11-23,0,1,0,0,0,0,0,0,0,0,0,0,0
Toti Gomes,Wolverhampton Wanderers,24,POR,25,90.0,0,0,0,0,0,0,0,0,77,0,1,1,0.0,0.0,0.0,0,0,61,65,93.8,2,38,1,0,0,2024-11-23,0,1,0,0,0,0,0,0,0,0,0,0,0
Mario Lemina,Wolverhampton Wanderers,5,GAB,31,90.0,0,1,0,0,0,0,0,0,74,3,2,0,0.0,0.0,0.7,3,2,50,60,83.3,4,40,0,0,0,2024-11-23,0,1,0,0,0,0,0,0,0,0,0,0,0
José Sá,Wolverhampton Wanderers,1,POR,31,90.0,0,0,0,0,0,0,0,0,22,0,0,0,0.0,0.0,0.0,0,0,14,21,66.7,0,14,0,1,1,2024-11-23,0,0,0,0,0,1,0,0,0,0,0,0,0
Erling Haaland,Manchester City,9,NOR,24,90.0,0,0,0,0,7,2,0,0,23,0,1,0,0.8,0.8,0.1,4,0,8,10,80.0,1,15,0,1,1,2024-11-23,0,0,0,0,1,0,0,0,0,0,0,0,0
Sávio,Manchester City,26,BRA,20,73.0,0,0,0,0,2,1,0,0,33,0,0,0,0.1,0.1,0.3,7,0,19,27,70.4,5,28,6,4,2,2024-11-23,0,0,0,0,0,0,0,0,1,0,0,1,0
Kevin De Bruyne,Manchester City,17,BEL,33,17.0,0,0,0,0,1,0,1,0,32,1,0,0,0.0,0.0,0.2,4,0,18,28,64.3,3,25,1,1,1,2024-11-23,0,0,1,0,0,0,0,0,0,0,0,0,0
Phil Foden,Manchester City,47,ENG,24,90.0,0,0,0,0,5,1,0,0,42,0,0,0,0.5,0.5,0.0,3,0,23,30,76.7,5,18,2,1,1,2024-11-23,0,0,1,0,0,0,0,0,1,0,0,1,0
Bernardo Silva,Manchester City,20,POR,30,90.0,0,0,0,0,1,0,1,0,88,1,1,0,0.1,0.1,0.6,5,0,71,81,87.7,9,70,8,2,1,2024-11-23,0,0,0,0,0,0,0,1,0,0,1,0,0
İlkay Gündoğan,Manchester City,19,GER,34,90.0,0,0,0,0,1,1,0,0,97,2,1,3,0.1,0.1,0.1,3,0,82,88,93.2,9,67,1,2,1,2024-11-23,0,0,1,1,0,0,0,0,0,0,0,0,0
Rico Lewis,Manchester City,82,ENG,20,73.0,0,0,0,0,1,0,1,0,54,2,2,3,0.0,0.0,0.0,1,0,44,46,95.7,3,35,1,1,1,2024-11-23,0,0,0,0,0,0,0,1,0,0,1,0,0
Jack Grealish,Manchester City,10,ENG,29,17.0,0,0,0,0,0,0,0,0,11,0,1,0,0.0,0.0,0.1,3,0,8,9,88.9,0,9,2,1,1,2024-11-23,0,0,0,0,0,0,0,1,0,0,0,0,0
Joško Gvardiol,Manchester City,24,CRO,22,90.0,0,0,0,0,2,0,0,0,73,1,0,1,0.3,0.3,0.7,9,0,56,64,87.5,6,48,5,1,0,2024-11-23,0,0,0,0,0,0,1,0,0,0,0,0,0
Manuel Akanji,Manchester City,25,SUI,29,90.0,0,0,0,0,2,0,1,0,76,3,1,0,0.1,0.1,0.0,1,0,65,67,97.0,12,57,3,0,0,2024-11-23,0,1,0,0,0,0,0,0,0,0,0,0,0
John Stones,Manchester City,5,ENG,30,45.0,0,0,0,0,0,0,0,0,37,2,2,0,0.0,0.0,0.0,0,0,28,31,90.3,1,26,0,0,0,2024-11-23,0,1,0,0,0,0,0,0,0,0,0,0,0
Nathan Aké,Manchester City,6,NED,29,45.0,0,0,0,0,1,0,0,0,38,0,0,0,0.1,0.1,0.0,1,0,32,35,91.4,10,24,1,0,0,2024-11-23,0,1,0,0,0,0,0,0,0,0,0,0,0
Kyle Walker,Manchester City,2,ENG,34,90.0,0,0,0,0,0,0,0,0,88,1,0,3,0.0,0.0,0.0,3,0,73,81,90.1,7,44,2,1,0,2024-11-23,0,0,0,0,0,0,0,0,0,1,0,0,0
Ederson,Manchester City,31,BRA,31,90.0,0,0,0,0,0,0,0,0,24,0,0,0,0.0,0.0,0.0,0,0,19,21,90.5,0,15,0,0,0,2024-11-23,0,0,0,0,0,1,0,0,0,0,0,0,0
Dominic Solanke,Tottenham Hotspur,19,ENG,27,90.0,0,1,0,0,1,1,0,0,22,0,0,0,0.1,0.1,0.4,2,1,9,12,75.0,1,15,2,3,0,2024-11-23,0,0,0,0,1,0,0,0,0,0,0,0,0
Son Heung-min,Tottenham Hotspur,7,KOR,32,62.0,0,1,0,0,1,1,0,0,48,0,0,0,0.0,0.0,0.2,2,1,31,42,73.8,4,34,5,1,0,2024-11-23,0,0,0,0,0,0,0,0,1,0,0,0,0
Brennan Johnson,Tottenham Hotspur,22,WAL,23,28.0,1,0,0,0,2,1,0,0,10,1,0,0,1.1,1.1,0.0,1,0,3,3,100.0,0,6,0,1,1,2024-11-23,0,0,0,0,0,0,0,0,1,0,0,1,0
Dejan Kulusevski,Tottenham Hotspur,21,SWE,24,90.0,0,1,0,0,1,1,0,0,29,1,0,0,0.1,0.1,0.8,5,2,17,24,70.8,4,24,4,4,4,2024-11-23,0,0,0,0,0,0,0,0,0,0,1,1,0
James Maddison,Tottenham Hotspur,10,ENG,28,88.0,2,0,0,0,2,2,0,0,58,2,1,1,0.8,0.8,0.0,2,1,42,48,87.5,1,44,3,2,2,2024-11-23,0,0,0,0,0,0,0,1,0,0,0,0,0
Timo Werner,Tottenham Hotspur,16,GER,28,2.0,0,1,0,0,0,0,0,0,1,0,0,0,0.0,0.0,1.0,1,1,1,1,100.0,0,1,1,0,0,2024-11-23,0,0,0,0,0,0,0,1,1,0,0,0,0
Yves Bissouma,Tottenham Hotspur,8,MLI,28,90.0,0,0,0,0,1,0,1,0,56,2,2,0,0.0,0.0,0.0,1,0,43,47,91.5,0,35,1,2,0,2024-11-23,0,0,1,0,0,0,0,0,0,0,0,0,0
Pape Matar Sarr,Tottenham Hotspur,29,SEN,22,89.0,0,0,0,0,0,0,1,0,39,3,1,3,0.0,0.0,0.0,1,0,26,31,83.9,1,23,0,0,0,2024-11-23,0,0,0,0,0,0,0,0,0,0,1,0,0
Lucas Bergvall,Tottenham Hotspur,15,SWE,18,1.0,0,0,0,0,0,0,0,0,2,0,0,0,0.0,0.0,0.0,0,0,2,2,100.0,0,2,0,0,0,2024-11-23,0,0,0,0,0,0,0,1,0,0,1,0,0
Destiny Udogie,Tottenham Hotspur,13,ITA,21,89.0,0,0,0,0,0,0,0,0,55,3,0,1,0.0,0.0,0.0,1,0,36,45,80.0,3,31,3,1,0,2024-11-23,0,0,0,0,0,0,1,0,0,0,0,0,0
Djed Spence,Tottenham Hotspur,24,ENG,24,1.0,0,0,0,0,0,0,0,0,2,0,0,0,0.0,0.0,0.0,0,0,1,1,100.0,0,1,0,0,0,2024-11-23,0,0,0,0,0,0,1,0,0,0,0,0,0
Ben Davies,Tottenham Hotspur,33,WAL,31,90.0,0,0,0,0,0,0,0,0,75,0,0,1,0.0,0.0,0.0,0,0,54,66,81.8,2,46,0,0,0,2024-11-23,0,1,0,0,0,0,0,0,0,0,0,0,0
Radu Drăgușin,Tottenham Hotspur,6,ROU,22,90.0,0,0,0,0,0,0,0,0,43,1,1,3,0.0,0.0,0.0,1,1,30,36,83.3,1,27,0,0,0,2024-11-23,0,1,0,0,0,0,0,0,0,0,0,0,0
Pedro Porro,Tottenham Hotspur,23,ESP,25,90.0,1,0,0,0,1,1,0,0,49,0,0,3,0.3,0.3,0.0,0,0,27,37,73.0,2,25,2,2,1,2024-11-23,0,0,0,0,0,0,0,0,0,1,0,0,0
Guglielmo Vicario,Tottenham Hotspur,1,ITA,28,90.0,0,0,0,0,0,0,0,0,61,0,0,0,0.0,0.0,0.0,0,0,51,58,87.9,0,42,0,0,0,2024-11-23,0,0,0,0,0,1,0,0,0,0,0,0,0
Paul Onuachu,Southampton,32,NGA,30,51.0,0,0,0,0,0,0,0,0,15,0,0,1,0.0,0.0,0.0,0,0,6,8,75.0,0,8,0,5,3,2024-11-24,0,0,0,0,1,0,0,0,0,0,0,0,0
Lesley Ugochukwu,Southampton,26,FRA,20,39.0,0,0,0,0,0,0,0,0,22,1,0,1,0.0,0.0,0.0,0,0,19,19,100.0,0,12,1,2,2,2024-11-24,0,0,1,0,0,0,0,0,0,0,0,0,0
Adam Armstrong,Southampton,9,ENG,27,76.0,1,1,0,1,1,1,1,0,29,0,0,0,0.9,0.0,0.2,2,2,14,19,73.7,3,13,1,1,0,2024-11-24,0,0,0,0,0,0,0,1,0,0,0,0,0
Cameron Archer,Southampton,19,ENG,23,14.0,0,0,0,0,0,0,0,0,7,0,0,0,0.0,0.0,0.0,0,0,4,5,80.0,0,4,0,0,0,2024-11-24,0,0,0,0,1,0,0,0,0,0,0,0,0
Adam Lallana,Southampton,10,ENG,36,36.0,0,0,0,0,0,0,1,0,28,1,1,1,0.0,0.0,0.0,0,0,20,24,83.3,1,15,0,2,1,2024-11-24,0,0,1,0,0,0,0,0,0,0,0,0,0
Joe Aribo,Southampton,7,NGA,28,54.0,0,0,0,0,0,0,0,0,25,0,1,1,0.0,0.0,0.0,1,0,15,17,88.2,1,14,1,2,0,2024-11-24,0,0,1,0,0,0,0,0,0,0,0,0,0
Mateus Fernandes,Southampton,18,POR,20,90.0,1,0,0,0,2,2,0,0,44,4,0,1,0.2,0.2,0.0,1,0,26,31,83.9,3,15,1,2,0,2024-11-24,0,0,1,0,0,0,0,1,0,0,1,0,0
Tyler Dibling,Southampton,33,ENG,18,90.0,0,0,0,0,1,0,0,0,31,2,1,1,0.0,0.0,0.0,3,1,15,18,83.3,1,17,2,6,1,2024-11-24,0,0,0,0,1,0,0,0,0,0,1,0,0
Ryan Fraser,Southampton,24,SCO,30,76.0,0,0,0,0,0,0,0,0,39,1,0,1,0.0,0.0,0.0,1,0,22,29,75.9,2,21,1,1,1,2024-11-24,0,0,0,0,0,0,1,0,0,1,0,0,0
Yukinari Sugawara,Southampton,16,JPN,24,14.0,0,0,0,0,0,0,0,0,13,1,0,2,0.0,0.0,0.0,0,0,7,8,87.5,0,3,0,0,0,2024-11-24,0,0,0,0,0,0,0,0,0,1,0,0,0
Jack Stephens,Southampton,5,ENG,30,90.0,0,0,0,0,1,0,1,0,53,2,2,2,0.0,0.0,0.0,1,0,33,42,78.6,1,17,0,0,0,2024-11-24,0,1,0,0,0,0,0,0,0,0,0,0,0
Flynn Downes,Southampton,4,ENG,25,90.0,0,0,0,0,1,1,0,0,46,1,0,0,0.0,0.0,0.0,1,0,33,37,89.2,0,27,0,0,0,2024-11-24,0,1,0,0,0,0,0,0,0,0,0,0,0
Taylor Harwood-Bellis,Southampton,6,ENG,22,90.0,0,0,0,0,0,0,0,0,72,0,0,5,0.0,0.0,0.0,2,0,51,60,85.0,5,37,1,0,0,2024-11-24,0,1,0,0,0,0,0,0,0,0,0,0,0
Kyle Walker-Peters,Southampton,2,ENG,27,90.0,0,0,0,0,0,0,0,0,58,2,0,1,0.0,0.0,0.0,0,0,37,42,88.1,3,29,4,5,1,2024-11-24,0,0,0,0,0,0,1,0,0,1,0,0,0
Alex McCarthy,Southampton,1,ENG,34,90.0,0,0,0,0,0,0,0,0,44,0,0,0,0.0,0.0,0.0,0,0,25,37,67.6,0,23,0,0,0,2024-11-24,0,0,0,0,0,1,0,0,0,0,0,0,0
Darwin Núñez,Liverpool,9,URU,25,89.0,0,0,0,0,2,1,0,0,22,1,0,1,0.1,0.1,0.1,1,0,10,16,62.5,3,11,2,1,0,2024-11-24,0,0,0,0,1,0,0,0,0,0,0,0,0
Wataru Endo,Liverpool,3,JPN,31,1.0,0,0,0,0,0,0,0,0,3,0,1,0,0.0,0.0,0.0,0,0,2,2,100.0,2,0,0,1,1,2024-11-24,0,0,0,1,0,0,0,0,0,0,0,0,0
Cody Gakpo,Liverpool,18,NED,25,61.0,0,0,0,0,3,1,1,0,44,0,1,0,0.1,0.1,0.1,5,0,29,37,78.4,4,38,0,3,2,2024-11-24,0,0,0,0,0,0,0,0,1,0,0,0,0
Luis Díaz,Liverpool,7,COL,27,29.0,0,0,0,0,3,1,0,0,22,1,0,0,0.1,0.1,0.1,4,0,12,16,75.0,3,12,3,0,0,2024-11-24,0,0,0,0,0,0,0,0,1,0,0,0,0
Mohamed Salah,Liverpool,11,EGY,32,90.0,2,0,1,1,6,3,1,0,41,0,1,0,1.9,1.1,0.1,4,0,21,29,72.4,6,31,6,4,2,2024-11-24,0,0,0,0,0,0,0,0,0,0,0,1,0
Dominik Szoboszlai,Liverpool,8,HUN,24,90.0,1,0,0,0,5,2,0,0,66,4,1,1,0.2,0.2,0.2,8,0,46,58,79.3,4,30,3,2,2,2024-11-24,1,0,0,0,1,0,0,0,0,0,0,0,0
Curtis Jones,Liverpool,17,ENG,23,61.0,0,0,0,0,2,1,0,0,62,1,0,0,0.0,0.0,0.0,2,0,59,59,100.0,5,38,0,0,0,2024-11-24,0,0,0,1,0,0,0,0,0,0,0,0,0
Alexis Mac Allister,Liverpool,10,ARG,25,29.0,0,0,0,0,1,0,0,0,22,3,0,1,0.0,0.0,0.1,5,0,12,16,75.0,2,7,0,0,0,2024-11-24,1,0,0,1,0,0,0,0,0,0,0,0,0
Ryan Gravenberch,Liverpool,38,NED,22,90.0,0,1,0,0,1,0,0,0,91,1,2,0,0.4,0.4,0.7,4,1,78,84,92.9,7,65,4,3,2,2024-11-24,0,0,0,1,0,0,0,0,0,0,0,0,0
Andrew Robertson,Liverpool,26,SCO,30,90.0,0,0,0,0,0,0,0,0,107,2,0,0,0.0,0.0,0.1,7,0,85,100,85.0,16,42,3,1,0,2024-11-24,0,0,0,0,0,0,1,0,0,0,0,0,0
Virgil van Dijk,Liverpool,4,NED,33,90.0,0,0,0,0,0,0,0,0,96,0,2,0,0.0,0.0,0.0,2,0,80,89,89.9,6,52,0,0,0,2024-11-24,0,1,0,0,0,0,0,0,0,0,0,0,0
Ibrahima Konaté,Liverpool,5,FRA,25,90.0,0,0,0,0,0,0,1,0,75,1,0,0,0.0,0.0,0.0,1,1,66,71,93.0,5,51,1,0,0,2024-11-24,0,1,0,0,0,0,0,0,0,0,0,0,0
Conor Bradley,Liverpool,84,NIR,21,90.0,0,0,0,0,3,1,1,0,64,2,0,0,0.2,0.2,0.0,3,1,44,53,83.0,1,29,1,2,1,2024-11-24,0,0,0,0,0,0,0,0,0,1,0,0,0
Caoimhín Kelleher,Liverpool,62,IRL,26,90.0,0,0,0,0,0,0,0,0,23,0,0,0,0.0,0.0,0.0,0,0,15,20,75.0,0,12,0,0,0,2024-11-24,0,0,0,0,0,1,0,0,0,0,0,0,0
Liam Delap,Ipswich Town,19,ENG,21,80.0,0,0,0,0,3,2,0,0,16,0,0,0,1.1,1.1,0.0,5,0,8,10,80.0,2,11,1,2,1,2024-11-24,0,0,0,0,1,0,0,0,0,0,0,0,0
Ali Al Hamadi,Ipswich Town,16,IRQ,22,10.0,0,0,0,0,0,0,0,0,6,0,0,0,0.0,0.0,0.0,0,0,3,4,75.0,0,3,0,0,0,2024-11-24,0,0,0,0,1,0,0,0,0,0,0,0,0
Sammie Szmodics,Ipswich Town,23,IRL,29,64.0,0,0,0,0,2,1,0,0,14,2,0,1,0.2,0.2,0.0,0,0,6,9,66.7,2,8,0,0,0,2024-11-24,0,0,0,0,0,0,0,0,1,0,0,0,0
Jack Clarke,Ipswich Town,47,ENG,24,26.0,0,0,0,0,0,0,0,0,8,1,0,1,0.0,0.0,0.2,1,0,3,5,60.0,0,5,0,0,0,2024-11-24,0,0,0,0,0,0,0,0,1,0,0,0,0
Wes Burns,Ipswich Town,7,WAL,30,81.0,0,1,0,0,0,0,0,0,31,0,0,1,0.0,0.0,0.2,3,1,16,26,61.5,0,21,4,3,1,2024-11-24,0,0,0,0,0,0,0,0,0,0,0,1,0
Conor Chaplin,Ipswich Town,10,ENG,27,9.0,0,0,0,0,1,1,0,0,9,0,0,0,0.2,0.2,0.0,1,0,5,8,62.5,0,4,0,0,0,2024-11-24,0,0,0,0,0,0,0,0,0,0,0,1,0
Omari Hutchinson,Ipswich Town,20,ENG,21,90.0,1,0,0,0,3,2,0,0,63,4,0,2,0.2,0.2,0.0,3,1,36,44,81.8,6,35,0,4,2,2024-11-24,1,0,0,0,0,0,0,0,0,0,0,0,0
Jens Cajuste,Ipswich Town,12,SWE,25,64.0,0,0,0,0,1,0,0,0,45,0,0,1,0.1,0.1,0.0,0,0,34,41,82.9,1,17,1,1,1,2024-11-24,0,0,0,1,0,0,0,0,0,0,0,0,0
Jack Taylor,Ipswich Town,14,IRL,26,26.0,0,0,0,0,0,0,0,0,11,2,0,0,0.0,0.0,0.0,0,0,7,9,77.8,2,5,0,0,0,2024-11-24,0,0,0,1,0,0,0,0,0,0,0,0,0
Sam Morsy,Ipswich Town,5,EGY,33,90.0,0,0,0,0,1,0,0,0,78,0,2,0,0.0,0.0,0.1,1,0,68,71,95.8,3,41,1,1,1,2024-11-24,0,0,0,1,0,0,0,0,0,0,0,0,0
Leif Davis,Ipswich Town,3,ENG,24,90.0,0,0,0,0,0,0,0,0,33,1,0,0,0.0,0.0,0.4,2,0,17,26,65.4,0,14,1,1,0,2024-11-24,0,0,0,0,0,0,1,0,0,0,0,0,0
Cameron Burgess,Ipswich Town,15,AUS,29,90.0,0,0,0,0,0,0,0,0,58,1,0,1,0.0,0.0,0.0,1,0,45,52,86.5,0,30,0,0,0,2024-11-24,0,1,0,0,0,0,0,0,0,0,0,0,0
Dara O'Shea,Ipswich Town,26,IRL,25,90.0,0,0,0,0,0,0,0,0,73,4,1,1,0.0,0.0,0.0,0,0,49,59,83.1,2,31,0,0,0,2024-11-24,0,1,0,0,0,0,0,0,0,0,0,0,0
Axel Tuanzebe,Ipswich Town,40,COD,27,90.0,0,0,0,0,0,0,0,0,68,1,2,0,0.0,0.0,0.0,1,0,51,62,82.3,3,29,1,0,0,2024-11-24,0,0,0,0,0,0,0,0,0,1,0,0,0
Arijanet Muric,Ipswich Town,1,KVX,26,90.0,0,0,0,0,0,0,0,0,35,0,0,0,0.0,0.0,0.0,0,0,19,32,59.4,1,25,0,0,0,2024-11-24,0,0,0,0,0,1,0,0,0,0,0,0,0
Marcus Rashford,Manchester United,10,ENG,27,67.0,1,0,0,0,1,1,0,0,12,1,0,0,0.3,0.3,0.1,1,0,8,10,80.0,2,7,0,0,0,2024-11-24,0,0,0,0,1,0,0,0,0,0,0,0,0
Rasmus Højlund,Manchester United,9,DEN,21,23.0,0,0,0,0,0,0,0,0,7,0,0,0,0.0,0.0,0.0,1,0,3,4,75.0,0,5,2,1,0,2024-11-24,0,0,0,0,1,0,0,0,0,0,0,0,0
Alejandro Garnacho,Manchester United,17,ARG,20,85.0,0,0,0,0,2,1,0,0,38,1,0,3,0.2,0.2,0.0,0,0,24,27,88.9,1,27,4,1,0,2024-11-24,1,0,0,0,0,0,0,0,0,0,0,0,0
Mason Mount,Manchester United,7,ENG,25,5.0,0,0,0,0,0,0,0,0,8,0,0,0,0.0,0.0,0.0,0,0,6,6,100.0,0,3,0,1,0,2024-11-24,1,0,0,0,0,0,0,0,0,0,0,0,0
Bruno Fernandes,Manchester United,8,POR,30,90.0,0,0,0,0,3,0,0,0,64,1,1,0,0.2,0.2,0.3,9,0,49,56,87.5,6,39,0,3,1,2024-11-24,1,0,1,0,0,0,0,0,0,0,0,0,0
Christian Eriksen,Manchester United,14,DEN,32,67.0,0,0,0,0,1,0,0,0,49,1,1,0,0.0,0.0,0.0,0,0,33,43,76.7,1,28,1,0,0,2024-11-24,0,0,1,0,0,0,0,0,0,0,0,0,0
Joshua Zirkzee,Manchester United,11,NED,23,23.0,0,0,0,0,1,0,0,0,13,1,0,0,0.0,0.0,0.0,0,0,7,11,63.6,0,5,1,0,0,2024-11-24,1,0,0,0,0,0,0,0,0,0,0,0,0
Casemiro,Manchester United,18,BRA,32,55.0,0,0,0,0,0,0,0,0,27,1,0,0,0.0,0.0,0.0,1,0,16,23,69.6,0,16,0,0,0,2024-11-24,0,0,1,0,0,0,0,0,0,0,0,0,0
Manuel Ugarte Ribeiro,Manchester United,25,URU,23,35.0,0,0,0,0,0,0,0,0,33,1,1,1,0.0,0.0,0.1,1,0,25,27,92.6,2,20,0,0,0,2024-11-24,0,0,1,0,0,0,0,0,0,0,0,0,0
Diogo Dalot,Manchester United,20,POR,25,90.0,0,0,0,0,1,1,0,0,72,4,0,2,0.0,0.0,0.0,1,0,46,62,74.2,1,31,0,0,0,2024-11-24,0,0,0,0,0,0,0,0,0,0,0,0,1
Amad Diallo,Manchester United,16,CIV,22,90.0,0,1,0,0,2,1,0,0,67,0,0,1,0.1,0.1,0.3,5,2,47,52,90.4,1,40,4,5,2,2024-11-24,0,0,0,0,0,0,0,0,0,0,0,0,1
Jonny Evans,Manchester United,35,NIR,36,55.0,0,0,0,0,0,0,0,0,60,0,3,0,0.0,0.0,0.0,0,0,47,52,90.4,0,42,0,0,0,2024-11-24,0,1,0,0,0,0,0,0,0,0,0,0,0
Luke Shaw,Manchester United,23,ENG,29,35.0,0,0,0,0,0,0,0,0,63,1,1,1,0.0,0.0,0.0,0,0,52,59,88.1,6,48,1,0,0,2024-11-24,0,1,0,0,0,0,0,0,0,0,0,0,0
Matthijs de Ligt,Manchester United,4,NED,25,90.0,0,0,0,0,0,0,0,0,86,0,2,1,0.0,0.0,0.0,0,0,80,81,98.8,1,67,0,0,0,2024-11-24,0,1,0,0,0,0,0,0,0,0,0,0,0
Noussair Mazraoui,Manchester United,3,MAR,27,90.0,0,0,0,0,0,0,0,0,122,3,1,0,0.0,0.0,0.0,2,0,104,114,91.2,1,92,0,3,2,2024-11-24,0,1,0,0,0,0,0,0,0,0,0,0,0
André Onana,Manchester United,24,CMR,28,90.0,0,0,0,0,0,0,0,0,54,0,0,0,0.0,0.0,0.0,0,0,41,51,80.4,0,43,0,0,0,2024-11-24,0,0,0,0,0,1,0,0,0,0,0,0,0
Alexander Isak,Newcastle United,14,SWE,25,90.0,0,0,0,0,6,0,0,0,31,0,0,0,0.7,0.7,0.0,4,0,19,23,82.6,1,20,0,0,0,2024-11-25,0,0,0,0,1,0,0,0,0,0,0,0,0
Anthony Gordon,Newcastle United,10,ENG,23,67.0,0,0,0,0,3,1,0,0,34,0,0,1,0.4,0.4,0.1,2,0,19,28,67.9,6,21,3,0,0,2024-11-25,1,0,0,0,0,0,0,0,1,0,0,1,0
Callum Wilson,Newcastle United,9,ENG,32,23.0,0,0,0,0,0,0,0,0,2,1,0,0,0.0,0.0,0.0,0,0,2,2,100.0,0,3,0,0,0,2024-11-25,0,0,0,0,1,0,0,0,0,0,0,0,0
Joelinton,Newcastle United,7,BRA,28,68.0,0,0,0,0,0,0,0,0,41,2,1,1,0.0,0.0,0.0,5,0,27,35,77.1,5,27,1,2,1,2024-11-25,0,0,0,0,0,0,0,1,0,0,0,1,0
Jacob Murphy,Newcastle United,23,ENG,29,22.0,0,0,0,0,0,0,0,0,21,0,0,0,0.0,0.0,0.0,0,0,8,19,42.1,1,15,2,1,0,2024-11-25,0,0,0,0,0,0,0,0,0,0,1,0,0
Joe Willock,Newcastle United,28,ENG,25,45.0,0,0,0,0,2,0,0,0,26,2,0,1,0.2,0.2,0.0,1,0,9,11,81.8,1,13,0,3,1,2024-11-25,0,0,0,0,0,0,0,1,0,0,0,0,0
Harvey Barnes,Newcastle United,11,ENG,26,45.0,0,0,0,0,0,0,0,0,28,1,0,0,0.0,0.0,0.0,2,0,18,25,72.0,2,20,4,1,1,2024-11-25,0,0,0,0,0,0,0,1,1,0,0,0,0
Bruno Guimarães,Newcastle United,39,BRA,27,83.0,0,0,0,0,0,0,0,0,69,1,1,2,0.0,0.0,0.4,7,0,54,60,90.0,11,46,0,1,1,2024-11-25,0,0,1,1,0,0,0,0,0,0,0,0,0
Kieran Trippier,Newcastle United,2,ENG,34,7.0,0,0,0,0,0,0,0,0,17,0,0,0,0.0,0.0,0.0,0,0,13,17,76.5,2,11,1,0,0,2024-11-25,0,0,1,0,0,0,0,0,0,1,0,0,0
Sean Longstaff,Newcastle United,36,ENG,27,56.0,0,0,0,0,1,1,0,0,29,1,0,2,0.1,0.1,0.0,1,0,20,23,87.0,2,20,0,1,0,2024-11-25,0,0,0,0,0,0,0,0,0,0,1,0,0
Sandro Tonali,Newcastle United,8,ITA,24,34.0,0,0,0,0,0,0,0,0,20,0,0,0,0.0,0.0,0.0,2,0,16,18,88.9,1,13,1,0,0,2024-11-25,0,0,1,1,0,0,0,0,0,0,0,0,0
Lewis Hall,Newcastle United,20,ENG,20,90.0,0,0,0,0,3,0,0,0,91,6,0,0,0.1,0.1,0.2,2,0,66,78,84.6,6,47,3,1,0,2024-11-25,0,0,1,0,0,0,1,0,0,0,0,0,0
Lloyd Kelly,Newcastle United,25,ENG,26,90.0,0,0,0,0,1,0,1,0,80,3,0,2,0.2,0.2,0.0,1,0,60,71,84.5,3,52,0,0,0,2024-11-25,0,1,0,0,0,0,0,0,0,0,0,0,0
Fabian Schär,Newcastle United,5,SUI,32,90.0,0,0,0,0,2,0,0,0,89,1,5,1,0.0,0.0,0.0,1,0,62,75,82.7,5,60,2,0,0,2024-11-25,0,1,0,0,0,0,0,0,0,0,0,0,0
Valentino Livramento,Newcastle United,21,ENG,22,90.0,0,0,0,0,0,0,0,0,71,3,0,0,0.0,0.0,0.3,4,0,54,61,88.5,13,40,3,3,1,2024-11-25,0,0,0,0,0,0,1,0,0,1,0,0,0
Nick Pope,Newcastle United,22,ENG,32,90.0,0,0,0,0,0,0,0,0,32,0,0,0,0.0,0.0,0.0,0,0,27,30,90.0,0,27,0,0,0,2024-11-25,0,0,0,0,0,1,0,0,0,0,0,0,0
Michail Antonio,West Ham United,9,JAM,34,74.0,0,0,0,0,0,0,0,0,25,1,0,0,0.0,0.0,0.0,2,0,12,19,63.2,1,16,5,1,0,2024-11-25,0,0,0,0,1,0,0,0,0,0,0,0,0
Danny Ings,West Ham United,18,ENG,32,16.0,0,0,0,0,2,0,0,0,17,1,1,0,0.1,0.1,0.1,2,0,10,11,90.9,1,9,2,0,0,2024-11-25,0,0,0,0,1,0,0,0,0,0,0,0,0
Crysencio Summerville,West Ham United,7,NED,23,83.0,0,0,0,0,0,0,0,0,35,2,0,1,0.0,0.0,0.0,2,0,23,26,88.5,3,22,4,4,1,2024-11-25,0,0,0,0,0,0,0,0,1,0,0,0,0
Andy Irving,West Ham United,39,SCO,24,7.0,0,0,0,0,0,0,0,0,12,1,0,0,0.0,0.0,0.0,0,0,9,9,100.0,1,7,0,0,0,2024-11-25,1,0,0,0,0,0,0,0,0,0,0,0,0
Jarrod Bowen,West Ham United,20,ENG,27,90.0,0,1,0,0,4,2,0,0,54,2,2,1,0.2,0.2,0.2,9,2,33,35,94.3,4,37,4,8,4,2024-11-25,0,0,0,0,0,0,0,0,0,0,0,1,0
Carlos Soler,West Ham United,4,ESP,27,83.0,0,0,0,0,4,1,0,0,59,0,0,2,0.1,0.1,0.0,2,0,45,51,88.2,2,31,1,2,1,2024-11-25,1,0,0,0,0,0,0,0,0,0,0,0,0
Guido Rodríguez,West Ham United,24,ARG,30,7.0,0,0,0,0,0,0,0,0,8,1,0,0,0.0,0.0,0.0,0,0,6,6,100.0,0,1,0,0,0,2024-11-25,1,0,0,1,0,0,0,0,0,0,0,0,0
Lucas Paquetá,West Ham United,10,BRA,27,90.0,0,0,0,0,1,0,0,0,84,6,1,1,0.1,0.1,0.1,6,1,57,71,80.3,2,42,0,0,0,2024-11-25,0,0,0,1,0,0,0,0,1,0,0,0,0
Tomáš Souček,West Ham United,28,CZE,29,90.0,1,0,0,0,3,2,0,0,45,0,0,4,0.3,0.3,0.0,0,0,22,30,73.3,1,21,0,1,0,2024-11-25,0,0,0,1,0,0,0,0,0,0,0,0,0
Emerson Palmieri,West Ham United,33,ITA,30,74.0,0,1,0,0,0,0,0,0,54,6,0,0,0.0,0.0,0.1,1,1,33,44,75.0,1,18,1,0,0,2024-11-25,0,0,0,0,0,0,1,0,0,0,0,0,0
Vladimír Coufal,West Ham United,5,CZE,32,16.0,0,0,0,0,0,0,0,0,14,0,0,0,0.0,0.0,0.1,1,0,10,13,76.9,2,4,0,0,0,2024-11-25,0,0,0,0,0,0,0,0,0,1,0,0,0
Max Kilman,West Ham United,26,ENG,27,90.0,0,0,0,0,0,0,0,0,49,0,1,3,0.0,0.0,0.0,0,0,31,35,88.6,1,21,0,1,1,2024-11-25,0,1,0,0,0,0,0,0,0,0,0,0,0
Jean-Clair Todibo,West Ham United,25,FRA,24,56.0,0,0,0,0,0,0,0,0,35,1,2,1,0.0,0.0,0.0,0,0,23,28,82.1,0,23,0,0,0,2024-11-25,0,1,0,0,0,0,0,0,0,0,0,0,0
Konstantinos Mavropanos,West Ham United,15,GRE,26,34.0,0,0,0,0,0,0,0,0,27,2,1,0,0.0,0.0,0.0,0,0,20,22,90.9,3,14,0,0,0,2024-11-25,0,1,0,0,0,0,0,0,0,0,0,0,0
Aaron Wan-Bissaka,West Ham United,29,ENG,26,90.0,1,0,0,0,1,1,0,0,76,3,2,1,0.1,0.1,0.0,0,0,50,58,86.2,6,37,2,5,1,2024-11-25,0,0,0,0,0,0,1,0,0,1,0,0,0
Łukasz Fabiański,West Ham United,1,POL,39,90.0,0,0,0,0,0,0,0,0,55,0,0,0,0.0,0.0,0.0,1,0,30,53,56.6,0,27,0,0,0,2024-11-25,0,0,0,0,0,1,0,0,0,0,0,0,0
João Pedro,Brighton & Hove Albion,9,BRA,23,71.0,0,0,0,0,3,1,0,0,38,0,0,1,0.1,0.1,0.0,2,0,22,25,88.0,4,28,2,5,3,2024-11-29,0,0,0,0,1,0,0,0,0,0,0,0,0
Simon Adingra,Brighton & Hove Albion,11,CIV,22,19.0,0,0,0,0,1,1,0,0,9,0,0,0,0.0,0.0,0.1,1,0,5,6,83.3,0,8,1,2,1,2024-11-29,0,0,0,0,1,0,0,0,0,0,1,0,0
Danny Welbeck,Brighton & Hove Albion,18,ENG,34,78.0,0,0,0,0,2,0,0,0,19,0,0,0,0.2,0.2,0.0,0,0,9,9,100.0,3,12,0,3,1,2024-11-29,0,0,0,0,1,0,0,0,0,0,0,0,0
Evan Ferguson,Brighton & Hove Albion,28,IRL,20,12.0,0,0,0,0,0,0,0,0,5,0,0,0,0.0,0.0,0.0,0,0,2,4,50.0,0,3,1,0,0,2024-11-29,0,0,0,0,1,0,0,0,0,0,0,0,0
Kaoru Mitoma,Brighton & Hove Albion,22,JPN,27,90.0,1,0,0,0,2,1,0,0,56,1,0,2,0.6,0.6,0.1,9,0,39,45,86.7,6,35,8,3,1,2024-11-29,0,0,0,0,0,0,0,1,0,0,0,0,0
Yasin Ayari,Brighton & Hove Albion,26,SWE,21,90.0,0,0,0,0,1,0,0,0,62,4,2,0,0.1,0.1,0.0,3,0,45,51,88.2,7,31,1,3,1,2024-11-29,0,0,1,0,0,0,0,0,0,0,0,0,0
Matt O'Riley,Brighton & Hove Albion,33,DEN,24,71.0,0,0,0,0,2,1,1,0,29,1,0,0,0.0,0.0,0.0,1,1,17,23,73.9,5,11,1,0,0,2024-11-29,0,0,1,0,0,0,0,0,0,0,0,0,0
Mats Wieffer,Brighton & Hove Albion,27,NED,25,19.0,0,0,0,0,1,0,1,0,23,0,0,1,0.1,0.1,0.0,1,0,15,17,88.2,2,9,0,0,0,2024-11-29,0,0,1,0,0,0,0,0,0,0,0,0,0
Georginio Rutter,Brighton & Hove Albion,14,FRA,22,87.0,0,0,0,0,6,0,0,0,22,3,0,0,0.4,0.4,0.0,4,0,5,10,50.0,1,13,3,3,2,2024-11-29,0,0,0,0,1,0,0,0,0,0,1,0,0
Yankuba Minteh,Brighton & Hove Albion,17,GAM,20,3.0,0,0,0,0,0,0,0,0,9,0,0,0,0.0,0.0,0.1,2,0,7,9,77.8,1,5,1,0,0,2024-11-29,0,0,0,0,0,0,0,0,0,0,1,0,0
Pervis Estupiñán,Brighton & Hove Albion,30,ECU,26,90.0,0,0,0,0,1,0,0,0,90,2,0,1,0.0,0.0,0.3,8,0,65,82,79.3,6,48,2,0,0,2024-11-29,0,0,0,0,0,0,1,0,0,0,0,0,0
Igor,Brighton & Hove Albion,3,BRA,26,90.0,0,0,0,0,0,0,0,0,86,0,0,4,0.0,0.0,0.2,3,0,72,78,92.3,8,55,0,0,0,2024-11-29,0,1,0,0,0,0,0,0,0,0,0,0,0
Jan Paul van Hecke,Brighton & Hove Albion,29,NED,24,90.0,0,0,0,0,2,1,0,0,73,1,0,2,0.1,0.1,0.1,1,0,60,65,92.3,4,48,1,0,0,2024-11-29,0,1,0,0,0,0,0,0,0,1,0,0,0
Tariq Lamptey,Brighton & Hove Albion,2,GHA,24,71.0,0,1,0,0,0,0,0,0,38,2,1,3,0.0,0.0,0.1,1,1,23,27,85.2,1,20,3,2,0,2024-11-29,0,0,0,0,0,0,0,0,0,1,0,0,0
Lewis Dunk,Brighton & Hove Albion,5,ENG,33,19.0,0,0,0,0,1,0,0,0,33,0,0,0,0.1,0.1,0.0,0,0,29,30,96.7,4,17,0,0,0,2024-11-29,0,1,0,0,0,0,0,0,0,0,0,0,0
Bart Verbruggen,Brighton & Hove Albion,1,NED,22,90.0,0,0,0,0,0,0,0,0,31,0,0,0,0.0,0.0,0.0,0,0,24,30,80.0,0,23,0,0,0,2024-11-29,0,0,0,0,0,1,0,0,0,0,0,0,0
Cameron Archer,Southampton,19,ENG,23,87.0,0,0,0,0,2,0,0,0,21,0,0,0,0.5,0.5,0.0,0,0,9,13,69.2,0,15,1,1,1,2024-11-29,0,0,0,0,1,0,0,0,0,0,0,0,0
Kamaldeen Sulemana,Southampton,20,GHA,22,3.0,0,0,0,0,0,0,0,0,5,0,0,1,0.0,0.0,0.0,0,0,0,0,80.8,0,3,0,1,1,2024-11-29,0,0,0,0,1,0,0,0,0,0,0,0,0
Adam Armstrong,Southampton,9,ENG,27,89.0,0,0,0,0,2,0,0,0,16,0,0,1,0.2,0.2,0.0,3,1,6,12,50.0,1,12,5,2,2,2024-11-29,1,0,0,0,0,0,0,1,0,0,0,0,0
Ben Brereton,Southampton,17,CHI,25,1.0,0,0,0,0,0,0,0,0,6,0,0,0,0.0,0.0,0.0,0,0,2,4,50.0,0,1,0,0,0,2024-11-29,1,0,0,0,0,0,0,0,0,0,0,0,0
Mateus Fernandes,Southampton,18,POR,20,90.0,0,0,0,0,2,0,0,0,44,3,1,1,0.1,0.1,0.0,0,0,28,36,77.8,7,23,1,1,0,2024-11-29,0,0,1,1,0,0,0,0,0,0,0,0,0
Flynn Downes,Southampton,4,ENG,25,65.0,1,0,0,0,1,1,1,0,28,2,0,0,0.1,0.1,0.0,1,0,20,23,87.0,2,13,0,0,0,2024-11-29,0,0,1,0,0,0,0,0,0,0,0,0,0
Joe Aribo,Southampton,7,NGA,28,25.0,0,0,0,0,0,0,0,0,11,1,0,0,0.0,0.0,0.0,1,0,8,9,88.9,3,6,1,1,1,2024-11-29,0,0,0,1,0,0,0,0,0,0,0,0,0
Tyler Dibling,Southampton,33,ENG,18,90.0,0,0,0,0,2,1,1,0,38,1,1,0,0.0,0.0,0.1,5,0,16,21,76.2,5,29,4,12,4,2024-11-29,0,0,0,0,0,0,0,0,0,0,1,1,0
Ryan Manning,Southampton,3,IRL,28,90.0,0,0,0,0,1,0,0,0,64,4,0,3,0.0,0.0,0.2,3,0,39,53,73.6,2,40,2,3,2,2024-11-29,0,0,0,0,0,0,1,0,0,0,0,0,0
Kyle Walker-Peters,Southampton,2,ENG,27,90.0,0,0,0,0,0,0,1,0,73,2,0,3,0.0,0.0,0.0,0,0,58,63,92.1,2,49,0,1,0,2024-11-29,0,1,0,0,0,0,0,0,0,1,0,0,0
Jack Stephens,Southampton,5,ENG,30,90.0,0,0,0,0,0,0,0,0,74,2,0,1,0.0,0.0,0.0,1,0,51,55,92.7,1,36,0,0,0,2024-11-29,0,1,0,0,0,0,0,0,0,0,0,0,0
Taylor Harwood-Bellis,Southampton,6,ENG,22,90.0,0,0,0,0,0,0,1,0,80,1,0,2,0.0,0.0,0.0,1,0,66,70,94.3,4,50,0,0,0,2024-11-29,0,1,0,0,0,0,0,0,0,0,0,0,0
Yukinari Sugawara,Southampton,16,JPN,24,65.0,0,0,0,0,0,0,0,0,40,1,1,1,0.0,0.0,0.5,3,0,31,34,91.2,4,27,2,0,0,2024-11-29,0,0,0,0,0,0,0,0,0,1,0,0,0
Ryan Fraser,Southampton,24,SCO,30,25.0,0,0,0,0,0,0,0,0,19,0,1,0,0.0,0.0,0.0,1,0,10,15,66.7,1,13,3,1,1,2024-11-29,0,0,0,0,0,0,0,0,1,0,0,0,0
Joe Lumley,Southampton,13,ENG,29,90.0,0,0,0,0,0,0,0,0,51,0,0,0,0.0,0.0,0.0,0,0,42,51,82.4,0,41,0,0,0,2024-11-29,0,0,0,0,0,1,0,0,0,0,0,0,0
Jean-Philippe Mateta,Crystal Palace,14,FRA,27,90.0,0,0,0,0,2,0,0,0,26,1,1,0,0.3,0.3,0.0,0,0,7,14,50.0,1,12,2,0,0,2024-11-30,0,0,0,0,1,0,0,0,0,0,0,0,0
Eberechi Eze,Crystal Palace,10,ENG,26,64.0,0,0,0,0,0,0,0,0,30,0,2,0,0.0,0.0,0.1,5,0,18,26,69.2,1,23,2,5,4,2024-11-30,1,0,0,0,0,0,0,0,0,0,0,0,0
Justin Devenny,Crystal Palace,55,NIR,21,26.0,0,0,0,0,0,0,0,0,32,2,0,0,0.0,0.0,0.1,2,0,17,26,65.4,1,14,0,1,1,2024-11-30,1,0,1,1,0,0,0,0,0,0,0,0,0
Ismaila Sarr,Crystal Palace,7,SEN,26,90.0,0,0,0,0,2,2,0,0,27,0,0,0,0.2,0.2,0.5,5,0,15,17,88.2,4,18,3,1,0,2024-11-30,1,0,0,0,0,0,0,0,0,0,0,0,0
Jefferson Lerma,Crystal Palace,8,COL,30,90.0,0,0,0,0,1,0,1,0,62,3,4,1,0.0,0.0,0.1,1,0,39,50,78.0,8,30,2,1,0,2024-11-30,0,0,1,1,0,0,0,0,0,0,0,0,0
Will Hughes,Crystal Palace,19,ENG,29,76.0,0,0,0,0,2,0,0,0,51,4,0,0,0.1,0.1,0.1,3,0,40,43,93.0,6,28,0,1,1,2024-11-30,0,0,1,0,0,0,0,0,0,0,0,0,0
Eddie Nketiah,Crystal Palace,9,ENG,25,14.0,0,0,0,0,0,0,0,0,7,2,0,0,0.0,0.0,0.0,0,0,2,3,66.7,0,5,0,0,0,2024-11-30,1,0,0,0,0,0,0,0,1,0,0,0,0
Tyrick Mitchell,Crystal Palace,3,ENG,25,90.0,0,0,0,0,0,0,1,0,48,1,0,4,0.0,0.0,0.0,1,0,34,42,81.0,0,22,3,2,2,2024-11-30,0,0,0,0,0,0,1,0,0,0,0,0,1
Daniel Muñoz,Crystal Palace,12,COL,28,90.0,1,0,0,0,3,1,0,0,66,11,1,0,0.9,0.9,0.0,3,0,36,47,76.6,1,28,0,0,0,2024-11-30,0,0,0,0,0,0,0,0,0,1,0,0,1
Marc Guéhi,Crystal Palace,6,ENG,24,90.0,0,1,0,0,2,0,1,0,62,2,1,0,0.1,0.1,0.5,3,1,44,54,81.5,7,37,0,1,0,2024-11-30,0,1,0,0,0,0,0,0,0,0,0,0,0
Maxence Lacroix,Crystal Palace,5,FRA,24,90.0,0,0,0,0,3,0,0,0,58,3,4,1,0.2,0.2,0.0,2,1,38,46,82.6,5,37,1,0,0,2024-11-30,0,1,0,0,0,0,0,0,0,0,0,0,0
Trevoh Chalobah,Crystal Palace,27,ENG,25,83.0,0,0,0,0,1,0,0,0,60,1,0,1,0.0,0.0,0.1,1,0,41,50,82.0,4,35,1,2,1,2024-11-30,0,1,0,0,0,0,0,0,0,0,0,0,0
Jeffrey Schlupp,Crystal Palace,15,GHA,31,7.0,0,0,0,0,0,0,0,0,2,0,0,0,0.0,0.0,0.0,0,0,1,2,50.0,0,0,0,0,0,2024-11-30,0,0,0,0,0,0,0,0,0,0,0,1,0
Dean Henderson,Crystal Palace,1,ENG,27,90.0,0,0,0,0,0,0,0,0,32,0,0,0,0.0,0.0,0.0,0,0,19,30,63.3,0,24,0,0,0,2024-11-30,0,0,0,0,0,1,0,0,0,0,0,0,0
Alexander Isak,Newcastle United,14,SWE,25,21.0,0,0,0,0,0,0,0,0,4,0,0,0,0.0,0.0,0.0,0,0,3,3,100.0,1,2,1,0,0,2024-11-30,0,0,0,0,1,0,0,0,0,0,0,0,0
Harvey Barnes,Newcastle United,11,ENG,26,69.0,0,0,0,0,0,0,0,0,24,1,0,1,0.0,0.0,0.0,0,0,13,18,72.2,4,20,4,5,1,2024-11-30,0,0,0,0,0,0,0,0,0,0,0,1,0
Joelinton,Newcastle United,7,BRA,28,90.0,0,0,0,0,1,0,0,0,55,0,1,2,0.0,0.0,0.0,0,0,23,35,65.7,2,28,0,6,0,2024-11-30,0,0,0,0,0,0,0,0,1,0,0,0,0
Anthony Gordon,Newcastle United,10,ENG,23,74.0,0,0,0,0,0,0,1,0,37,2,1,2,0.0,0.0,0.0,2,0,19,28,67.9,1,23,1,3,0,2024-11-30,0,0,0,0,1,0,0,0,0,0,0,1,0
Callum Wilson,Newcastle United,9,ENG,32,16.0,0,0,0,0,0,0,1,0,6,0,0,0,0.0,0.0,0.0,0,0,2,3,66.7,0,6,0,0,0,2024-11-30,0,0,0,0,1,0,0,0,0,0,0,0,0
Joe Willock,Newcastle United,28,ENG,25,74.0,0,0,0,0,0,0,1,0,29,1,0,1,0.0,0.0,0.0,0,0,16,20,80.0,1,19,2,2,0,2024-11-30,0,0,0,0,0,0,0,1,0,0,0,0,0
Sean Longstaff,Newcastle United,36,ENG,27,16.0,0,0,0,0,0,0,0,0,5,0,0,0,0.0,0.0,0.0,0,0,5,5,100.0,0,3,0,0,0,2024-11-30,0,0,0,0,0,0,0,1,0,0,0,0,0
Bruno Guimarães,Newcastle United,39,BRA,27,90.0,0,0,0,0,0,0,0,0,50,0,0,0,0.0,0.0,0.0,0,0,28,42,66.7,3,33,1,5,2,2024-11-30,0,0,1,0,0,0,0,0,0,0,0,0,0
Sandro Tonali,Newcastle United,8,ITA,24,90.0,0,0,0,0,0,0,0,0,56,3,1,2,0.0,0.0,0.0,0,0,34,46,73.9,4,32,0,1,1,2024-11-30,0,0,0,0,0,0,0,0,0,0,1,0,0
Lewis Hall,Newcastle United,20,ENG,20,90.0,0,0,0,0,0,0,0,0,79,0,0,0,0.0,0.0,0.0,0,0,58,75,77.3,4,46,0,2,0,2024-11-30,0,0,0,0,0,0,1,0,0,0,0,0,0
Dan Burn,Newcastle United,33,ENG,32,90.0,0,0,0,0,0,0,0,0,58,3,1,1,0.0,0.0,0.0,0,0,44,47,93.6,0,34,0,0,0,2024-11-30,0,1,0,0,0,0,0,0,0,0,0,0,0
Fabian Schär,Newcastle United,5,SUI,32,90.0,0,0,0,0,0,0,0,0,75,1,2,3,0.0,0.0,0.0,0,0,53,64,82.8,1,51,0,0,0,2024-11-30,0,1,0,0,0,0,0,0,0,0,0,0,0
Valentino Livramento,Newcastle United,21,ENG,22,90.0,0,0,0,0,0,0,0,0,65,1,2,1,0.0,0.0,0.0,0,0,47,56,83.9,3,31,3,2,2,2024-11-30,0,0,0,0,0,0,0,0,0,1,0,0,0
Nick Pope,Newcastle United,22,ENG,32,90.0,0,0,0,0,0,0,0,0,32,0,0,0,0.0,0.0,0.0,0,0,22,29,75.9,0,19,0,0,0,2024-11-30,0,0,0,0,0,1,0,0,0,0,0,0,0
Jørgen Strand Larsen,Wolverhampton Wanderers,9,NOR,24,90.0,2,0,0,0,3,2,1,0,30,0,0,2,0.2,0.2,0.0,0,0,9,15,60.0,1,12,0,4,1,2024-11-30,0,0,0,0,1,0,0,0,0,0,0,0,0
Rodrigo Gomes,Wolverhampton Wanderers,19,POR,21,45.0,0,0,0,0,0,0,0,0,28,0,0,0,0.0,0.0,0.1,2,0,15,22,68.2,2,21,1,2,1,2024-11-30,0,0,0,0,0,0,0,0,1,0,0,0,1
Craig Dawson,Wolverhampton Wanderers,15,ENG,34,45.0,0,0,0,0,0,0,1,0,44,0,0,0,0.0,0.0,0.0,0,0,35,42,83.3,0,35,0,0,0,2024-11-30,0,1,0,0,0,0,0,0,0,0,0,0,0
Jean-Ricner Bellegarde,Wolverhampton Wanderers,27,FRA,26,63.0,0,1,0,0,0,0,0,0,28,0,0,0,0.0,0.0,0.1,1,1,21,26,80.8,2,20,2,0,0,2024-11-30,1,0,0,0,0,0,0,0,0,0,0,1,1
Carlos Forbs,Wolverhampton Wanderers,26,POR,20,27.0,0,0,0,0,0,0,0,0,13,0,1,0,0.0,0.0,0.0,0,0,5,8,62.5,0,6,0,2,0,2024-11-30,0,0,0,0,0,0,0,0,1,0,0,0,0
Matheus Cunha,Wolverhampton Wanderers,10,BRA,25,90.0,0,0,0,0,2,0,0,0,46,2,1,0,0.1,0.1,0.0,4,1,19,33,57.6,3,21,4,5,2,2024-11-30,1,0,0,0,0,0,0,0,0,0,0,0,0
João Gomes,Wolverhampton Wanderers,8,BRA,23,90.0,0,0,0,0,1,0,0,0,69,4,0,0,0.0,0.0,0.0,0,0,51,57,89.5,6,35,2,3,0,2024-11-30,0,0,1,1,0,0,0,0,0,0,0,0,0
André,Wolverhampton Wanderers,7,BRA,23,81.0,0,0,0,0,0,0,0,0,68,7,1,4,0.0,0.0,0.0,0,0,45,47,95.7,3,38,2,2,0,2024-11-30,0,0,1,1,0,0,0,0,0,0,0,0,0
Hwang Hee-chan,Wolverhampton Wanderers,11,KOR,28,9.0,0,0,0,0,0,0,0,0,6,0,0,1,0.0,0.0,0.0,0,0,4,5,80.0,2,4,1,0,0,2024-11-30,0,0,0,1,0,0,0,0,0,0,0,0,0
Rayan Aït-Nouri,Wolverhampton Wanderers,3,ALG,23,90.0,0,0,0,0,1,0,0,0,98,5,0,1,0.1,0.1,0.0,3,0,74,85,87.1,5,59,3,5,2,2024-11-30,1,1,0,0,0,0,1,0,0,0,0,0,0
Toti Gomes,Wolverhampton Wanderers,24,POR,25,63.0,0,0,0,0,1,0,0,0,67,0,0,1,0.0,0.0,0.0,1,0,57,63,90.5,5,52,0,0,0,2024-11-30,0,1,0,0,0,0,0,0,0,0,0,0,0
Gonçalo Guedes,Wolverhampton Wanderers,29,POR,28,27.0,0,1,0,0,1,1,0,0,20,2,0,0,0.0,0.0,0.1,2,2,12,14,85.7,3,12,2,2,1,2024-11-30,0,0,0,0,0,0,0,0,0,0,0,1,0
Mario Lemina,Wolverhampton Wanderers,5,GAB,31,90.0,0,0,0,0,0,0,1,0,84,3,2,0,0.0,0.0,0.0,1,0,58,69,84.1,3,46,1,1,0,2024-11-30,0,1,0,0,0,0,0,0,0,0,0,0,0
Nélson Semedo,Wolverhampton Wanderers,22,POR,31,90.0,0,0,0,0,1,0,1,0,72,5,1,0,0.0,0.0,0.0,3,0,44,56,78.6,2,31,1,3,2,2024-11-30,0,0,0,0,0,0,0,0,0,1,0,0,1
José Sá,Wolverhampton Wanderers,1,POR,31,90.0,0,0,0,0,0,0,1,0,33,0,0,0,0.0,0.0,0.0,0,0,23,29,79.3,0,24,0,0,0,2024-11-30,0,0,0,0,0,1,0,0,0,0,0,0,0
Evanilson,Bournemouth,9,BRA,25,76.0,0,0,0,0,2,2,0,0,28,2,0,1,0.5,0.5,0.0,4,3,12,17,70.6,0,17,2,3,0,2024-11-30,0,0,0,0,1,0,0,0,0,0,0,0,0
Enes Ünal,Bournemouth,26,TUR,27,14.0,0,0,0,0,1,0,0,0,14,0,0,0,0.1,0.1,0.0,0,0,4,6,66.7,1,9,0,1,0,2024-11-30,0,0,0,0,1,0,0,0,0,0,0,0,0
Marcus Tavernier,Bournemouth,16,ENG,25,90.0,0,1,0,0,2,0,0,0,55,6,0,1,0.1,0.1,0.1,3,1,28,42,66.7,4,30,1,1,0,2024-11-30,0,0,0,0,0,0,0,0,1,0,0,0,0
David Brooks,Bournemouth,7,WAL,27,63.0,0,0,0,0,0,0,0,0,23,2,1,2,0.0,0.0,0.0,1,0,9,14,64.3,1,15,0,4,1,2024-11-30,0,0,0,0,0,0,0,0,0,0,0,1,0
Dango Ouattara,Bournemouth,11,BFA,22,27.0,0,0,0,0,0,0,0,0,13,1,0,1,0.0,0.0,0.0,0,0,3,7,42.9,0,7,1,1,1,2024-11-30,0,0,0,0,0,0,0,0,0,0,0,1,0
Justin Kluivert,Bournemouth,19,NED,25,76.0,3,0,3,3,1,1,0,0,39,2,0,2,2.4,0.0,0.5,3,0,18,26,69.2,3,22,2,1,0,2024-11-30,1,0,0,0,0,0,0,0,0,0,0,0,0
Philip Billing,Bournemouth,29,DEN,28,14.0,0,0,0,0,0,0,0,0,12,3,0,0,0.0,0.0,0.0,0,0,5,6,83.3,1,5,0,1,0,2024-11-30,1,0,0,0,0,0,0,0,0,0,0,0,0
Ryan Christie,Bournemouth,10,SCO,29,90.0,0,0,0,0,1,1,0,0,62,2,0,1,0.0,0.0,0.0,2,1,40,46,87.0,9,36,2,1,0,2024-11-30,0,0,0,1,0,0,0,0,0,0,0,0,0
Tyler Adams,Bournemouth,12,USA,25,90.0,0,0,0,0,1,0,0,0,47,3,5,0,0.1,0.1,0.0,2,0,24,29,82.8,1,17,0,1,0,2024-11-30,0,0,0,1,0,0,0,0,0,0,0,0,0
Milos Kerkez,Bournemouth,3,HUN,21,90.0,1,0,0,0,1,1,0,0,50,0,0,0,0.1,0.1,0.0,0,0,32,40,80.0,3,16,0,2,0,2024-11-30,0,0,0,0,0,0,1,0,0,0,0,0,0
Marcos Senesi,Bournemouth,5,ARG,27,81.0,0,0,0,0,0,0,0,0,50,2,1,1,0.0,0.0,0.1,1,1,32,42,76.2,1,32,0,0,0,2024-11-30,0,1,0,0,0,0,0,0,0,0,0,0,0
Dean Huijsen,Bournemouth,2,ESP,19,9.0,0,0,0,0,0,0,0,0,8,0,1,0,0.0,0.0,0.1,1,0,6,7,85.7,0,2,0,0,0,2024-11-30,0,1,0,0,0,0,0,0,0,0,0,0,0
Illia Zabarnyi,Bournemouth,27,UKR,22,90.0,0,0,0,0,0,0,1,0,40,3,0,0,0.0,0.0,0.0,0,0,23,31,74.2,4,19,0,1,1,2024-11-30,0,1,0,0,0,0,0,0,0,0,0,0,0
Adam Smith,Bournemouth,15,ENG,33,90.0,0,0,0,0,0,0,0,0,35,0,0,2,0.0,0.0,0.0,1,0,18,28,64.3,5,12,1,0,0,2024-11-30,0,0,0,0,0,0,0,0,0,1,0,0,0
Kepa Arrizabalaga,Bournemouth,13,ESP,30,90.0,0,0,0,0,0,0,0,0,34,0,0,0,0.0,0.0,0.0,0,0,25,34,73.5,0,20,0,0,0,2024-11-30,0,0,0,0,0,1,0,0,0,0,0,0,0
Chris Wood,Nottingham Forest,11,NZL,32,90.0,1,0,1,1,0,0,0,0,19,0,0,0,0.8,0.0,0.0,0,0,3,12,25.0,0,7,1,1,0,2024-11-30,0,0,0,0,1,0,0,0,0,0,0,0,0
Callum Hudson-Odoi,Nottingham Forest,14,ENG,24,87.0,0,0,0,0,2,1,0,0,36,0,0,0,0.2,0.2,0.1,6,0,23,30,76.7,1,29,4,5,2,2024-11-30,0,0,0,0,0,0,0,0,1,0,0,0,0
Ramón Sosa,Nottingham Forest,24,PAR,25,3.0,0,0,0,0,0,0,0,0,2,0,0,1,0.0,0.0,0.0,1,0,2,2,100.0,0,1,1,0,0,2024-11-30,0,0,0,0,0,0,0,0,1,0,0,0,0
Jota Silva,Nottingham Forest,20,POR,25,77.0,0,0,0,0,1,0,0,0,26,0,1,0,0.1,0.1,0.2,4,1,6,14,42.9,0,11,2,2,1,2024-11-30,0,0,0,0,0,0,0,0,0,0,0,1,0
Anthony Elanga,Nottingham Forest,21,SWE,22,13.0,0,0,0,0,0,0,0,0,5,0,0,0,0.0,0.0,0.0,0,0,3,3,100.0,0,1,0,0,0,2024-11-30,0,0,0,0,0,0,0,0,0,0,0,1,0
Morgan Gibbs-White,Nottingham Forest,10,ENG,24,77.0,0,0,0,0,3,2,1,0,43,0,0,0,0.1,0.1,0.1,2,0,27,33,81.8,5,34,5,3,2,2024-11-30,1,0,0,0,0,0,0,0,0,0,0,0,0
Morato,Nottingham Forest,4,BRA,23,13.0,0,0,0,0,0,0,0,0,2,0,0,1,0.0,0.0,0.0,0,0,0,1,0.0,0,0,0,0,0,2024-11-30,0,1,0,0,0,0,0,0,0,0,0,0,0
Ryan Yates,Nottingham Forest,22,ENG,27,90.0,0,0,0,0,2,0,0,0,41,2,2,2,0.2,0.2,0.0,1,0,25,31,80.6,1,16,0,1,1,2024-11-30,0,0,1,1,0,0,0,0,0,0,0,0,0
Elliot Anderson,Nottingham Forest,8,ENG,22,70.0,0,0,0,0,0,0,0,0,51,3,1,0,0.0,0.0,0.2,5,1,35,42,83.3,8,29,1,3,1,2024-11-30,0,0,0,1,0,0,0,0,0,0,0,0,0
Nicolás Domínguez,Nottingham Forest,16,ARG,26,20.0,0,0,0,0,0,0,0,0,14,2,1,2,0.0,0.0,0.0,0,0,6,9,66.7,0,5,0,0,0,2024-11-30,0,0,1,1,0,0,0,0,0,0,0,0,0
Neco Williams,Nottingham Forest,7,WAL,23,76.0,0,0,0,0,1,0,0,0,43,3,0,1,0.0,0.0,0.1,3,0,26,34,76.5,4,25,3,2,0,2024-11-30,0,0,0,0,0,0,1,0,0,0,0,0,0
Álex Moreno,Nottingham Forest,19,ESP,31,14.0,0,0,0,0,0,0,0,0,11,0,0,0,0.0,0.0,0.0,0,0,5,10,50.0,0,3,0,0,0,2024-11-30,0,0,0,0,0,0,1,1,0,0,0,0,0
Murillo,Nottingham Forest,5,BRA,22,90.0,0,0,0,0,1,1,0,0,59,3,0,3,0.2,0.2,0.0,0,0,32,44,72.7,2,30,0,0,0,2024-11-30,0,1,0,0,0,0,0,0,0,0,0,0,0
Nikola Milenković,Nottingham Forest,31,SRB,27,90.0,0,0,0,0,1,0,0,0,39,3,1,0,0.0,0.0,0.0,0,0,25,31,80.6,4,18,0,0,0,2024-11-30,0,1,0,0,0,0,0,0,0,0,0,0,0
Ola Aina,Nottingham Forest,34,NGA,28,90.0,0,0,0,0,0,0,0,0,60,4,2,4,0.0,0.0,0.0,0,0,34,43,79.1,1,25,0,3,0,2024-11-30,0,0,0,0,0,0,0,0,0,1,1,0,0
Matz Sels,Nottingham Forest,26,BEL,32,90.0,0,0,0,0,0,0,0,0,17,0,0,0,0.0,0.0,0.0,0,0,6,15,40.0,0,13,0,0,0,2024-11-30,0,0,0,0,0,1,0,0,0,0,0,0,0
Liam Delap,Ipswich Town,19,ENG,21,90.0,0,0,0,0,1,0,0,0,16,0,0,0,0.0,0.0,0.1,3,0,5,8,62.5,1,9,2,4,1,2024-11-30,0,0,0,0,1,0,0,0,0,0,0,0,0
Sammie Szmodics,Ipswich Town,23,IRL,29,63.0,0,0,0,0,0,0,0,0,13,1,0,0,0.0,0.0,0.0,0,0,6,8,75.0,0,7,0,1,0,2024-11-30,0,0,0,0,0,0,0,0,1,0,0,0,0
Jack Clarke,Ipswich Town,47,ENG,24,27.0,0,0,0,0,1,1,0,0,15,0,1,0,0.1,0.1,0.0,2,0,8,11,72.7,2,10,1,1,1,2024-11-30,0,0,0,0,0,0,0,0,1,0,0,0,0
Omari Hutchinson,Ipswich Town,20,ENG,21,78.0,0,0,0,0,1,1,0,0,31,2,1,0,0.1,0.1,0.0,0,0,15,21,71.4,1,19,5,4,0,2024-11-30,1,0,0,0,0,0,0,0,0,0,0,1,0
Nathan Broadhead,Ipswich Town,33,WAL,26,12.0,0,0,0,0,0,0,0,0,7,1,0,0,0.0,0.0,0.0,0,0,4,6,66.7,0,3,1,0,0,2024-11-30,1,0,0,0,0,0,0,0,0,0,0,0,0
Conor Chaplin,Ipswich Town,10,ENG,27,73.0,0,0,0,0,0,0,0,0,33,2,0,2,0.0,0.0,0.0,1,0,22,28,78.6,5,21,4,3,2,2024-11-30,1,0,0,0,0,0,0,0,0,0,0,0,0
Wes Burns,Ipswich Town,7,WAL,30,17.0,0,0,0,0,0,0,0,0,14,1,0,0,0.0,0.0,0.0,0,0,5,10,50.0,0,7,0,2,1,2024-11-30,0,0,0,0,0,0,0,0,0,0,0,1,0
Jens Cajuste,Ipswich Town,12,SWE,25,73.0,0,0,0,0,0,0,1,0,38,3,0,0,0.0,0.0,0.0,0,0,23,30,76.7,2,19,3,0,0,2024-11-30,0,0,0,1,0,0,0,0,0,0,0,0,0
Jack Taylor,Ipswich Town,14,IRL,26,17.0,0,0,0,0,1,0,0,0,20,0,0,1,0.0,0.0,0.1,3,0,16,18,88.9,5,9,1,0,0,2024-11-30,0,0,0,1,0,0,0,0,0,0,0,0,0
Sam Morsy,Ipswich Town,5,EGY,33,90.0,0,0,0,0,0,0,0,0,50,1,2,0,0.0,0.0,0.0,1,0,37,44,84.1,6,23,0,0,0,2024-11-30,0,0,0,1,0,0,0,0,0,0,0,0,0
Leif Davis,Ipswich Town,3,ENG,24,90.0,0,0,0,0,0,0,0,0,56,1,0,0,0.0,0.0,0.4,3,0,28,46,60.9,2,18,3,4,3,2024-11-30,0,0,0,0,0,0,1,0,0,0,0,0,0
Cameron Burgess,Ipswich Town,15,AUS,29,90.0,0,0,0,0,3,0,0,0,66,1,0,0,0.3,0.3,0.0,0,0,40,56,71.4,2,28,0,0,0,2024-11-30,0,1,0,0,0,0,0,0,0,0,0,0,0
Dara O'Shea,Ipswich Town,26,IRL,25,90.0,0,0,0,0,0,0,1,0,72,1,0,1,0.0,0.0,0.0,0,0,53,63,84.1,4,40,1,0,0,2024-11-30,0,1,0,0,0,0,0,0,0,0,0,0,0
Axel Tuanzebe,Ipswich Town,40,COD,27,78.0,0,0,0,0,0,0,1,0,40,2,0,0,0.0,0.0,0.0,0,0,29,34,85.3,1,17,0,0,0,2024-11-30,0,0,0,0,0,0,0,0,0,1,0,0,0
Harry Clarke,Ipswich Town,2,ENG,23,12.0,0,0,0,0,0,0,0,0,22,0,0,0,0.0,0.0,0.0,0,0,13,21,61.9,1,7,0,0,0,2024-11-30,0,0,0,0,0,0,0,0,0,1,0,0,0
Arijanet Muric,Ipswich Town,1,KVX,26,90.0,0,0,0,0,0,0,0,0,38,0,0,0,0.0,0.0,0.0,0,0,29,34,85.3,0,18,0,0,0,2024-11-30,0,0,0,0,0,1,0,0,0,0,0,0,0
Yoane Wissa,Brentford,11,COD,28,90.0,1,0,0,0,2,1,0,0,37,0,0,2,0.8,0.8,0.1,3,2,25,30,83.3,6,25,2,2,1,2024-11-30,0,0,0,0,1,0,0,0,0,0,0,0,0
Kevin Schade,Brentford,7,GER,23,69.0,3,1,0,0,5,4,0,0,28,2,1,1,1.2,1.2,0.7,3,1,12,15,80.0,1,14,3,2,2,2024-11-30,0,0,0,0,0,0,0,0,1,0,0,0,0
Thiago,Brentford,9,BRA,23,21.0,0,0,0,0,0,0,0,0,11,0,1,0,0.0,0.0,0.0,1,0,8,10,80.0,0,6,1,2,2,2024-11-30,0,0,0,0,0,0,0,0,1,0,0,0,0
Bryan Mbeumo,Brentford,19,CMR,25,90.0,0,0,0,0,0,0,0,0,68,0,0,1,0.0,0.0,0.0,2,0,34,53,64.2,1,31,0,5,2,2024-11-30,0,0,0,0,0,0,0,0,0,0,0,1,0
Mikkel Damsgaard,Brentford,24,DEN,24,69.0,0,1,0,0,4,0,0,0,50,0,1,0,0.2,0.2,0.3,5,2,31,41,75.6,9,29,2,2,1,2024-11-30,1,0,0,0,0,0,0,0,0,0,0,0,0
Fabio Carvalho,Brentford,14,POR,22,21.0,0,0,0,0,1,1,0,0,28,2,1,0,0.0,0.0,0.0,1,0,18,21,85.7,2,18,1,3,1,2024-11-30,1,0,0,0,0,0,0,0,0,0,0,0,0
Mathias Jensen,Brentford,8,DEN,28,41.0,0,0,0,0,0,0,0,0,32,1,1,0,0.0,0.0,0.0,2,0,24,29,82.8,2,21,0,2,2,2024-11-30,0,0,0,1,0,0,0,0,0,0,0,0,0
Vitaly Janelt,Brentford,27,GER,26,49.0,0,0,0,0,0,0,0,0,49,2,0,2,0.0,0.0,0.0,0,0,35,41,85.4,1,30,0,1,1,2024-11-30,0,0,0,1,0,0,0,0,0,0,0,0,0
Christian Nørgaard,Brentford,6,DEN,30,69.0,0,0,0,0,1,0,0,0,55,6,1,0,0.1,0.1,0.0,0,0,39,47,83.0,4,20,0,0,0,2024-11-30,0,0,0,1,0,0,0,0,0,0,0,0,0
Yehor Yarmoliuk,Brentford,18,UKR,20,21.0,0,0,0,0,0,0,0,0,26,1,1,1,0.0,0.0,0.1,1,0,18,21,85.7,0,16,0,0,0,2024-11-30,0,0,0,1,0,0,0,0,0,0,0,0,0
Keane Lewis-Potter,Brentford,23,ENG,23,90.0,0,0,0,0,0,0,1,0,68,0,0,1,0.0,0.0,0.1,3,1,53,60,88.3,6,48,6,3,1,2024-11-30,0,0,0,0,0,0,1,0,0,0,0,0,0
Ethan Pinnock,Brentford,5,JAM,31,90.0,0,0,0,0,0,0,0,0,91,3,0,1,0.0,0.0,0.1,1,0,61,75,81.3,2,45,0,1,0,2024-11-30,0,1,0,0,0,0,0,0,0,0,0,0,0
Nathan Collins,Brentford,22,IRL,23,90.0,0,1,0,0,0,0,0,0,87,2,1,0,0.0,0.0,0.6,2,1,68,78,87.2,10,52,0,2,2,2024-11-30,0,1,0,0,0,0,0,0,0,0,0,0,0
Sepp van den Berg,Brentford,4,NED,22,82.0,0,0,0,0,0,0,0,0,62,1,1,1,0.0,0.0,0.0,1,1,50,57,87.7,7,29,1,1,1,2024-11-30,0,0,0,0,0,0,0,0,0,1,0,0,0
Mads Roerslev,Brentford,30,DEN,25,8.0,0,0,0,0,0,0,0,0,12,0,0,0,0.0,0.0,0.0,0,0,10,12,83.3,2,7,1,0,0,2024-11-30,0,0,0,0,0,0,0,0,0,1,0,0,0
Mark Flekken,Brentford,1,NED,31,90.0,0,0,0,0,0,0,0,0,37,0,0,0,0.0,0.0,0.0,0,0,32,37,86.5,0,21,0,0,0,2024-11-30,0,0,0,0,0,1,0,0,0,0,0,0,0
Jamie Vardy,Leicester City,9,ENG,37,63.0,0,1,0,0,0,0,0,0,18,0,0,0,0.0,0.0,0.7,2,2,10,15,66.7,0,4,2,3,1,2024-11-30,0,0,0,0,1,0,0,0,0,0,0,0,0
Patson Daka,Leicester City,20,ZAM,26,27.0,0,0,0,0,1,0,0,0,11,1,0,0,0.0,0.0,0.0,0,0,4,8,50.0,0,10,2,0,0,2024-11-30,0,0,0,0,1,0,0,0,0,0,0,0,0
Jordan Ayew,Leicester City,18,GHA,33,79.0,0,0,0,0,1,0,0,0,33,0,2,0,0.1,0.1,0.0,0,0,19,21,90.5,2,28,2,5,0,2024-11-30,1,0,0,0,0,0,0,0,0,0,0,0,0
Bobby Reid,Leicester City,14,JAM,31,11.0,0,0,0,0,0,0,0,0,9,1,0,0,0.0,0.0,0.0,0,0,5,8,62.5,1,4,0,0,0,2024-11-30,1,0,0,0,0,0,0,0,0,0,0,0,0
Facundo Buonanotte,Leicester City,40,ARG,19,63.0,1,0,0,0,2,2,0,0,24,1,2,0,0.8,0.8,0.1,1,0,10,16,62.5,3,13,2,3,0,2024-11-30,1,0,0,0,0,0,0,0,0,0,0,0,0
Stephy Mavididi,Leicester City,10,ENG,26,27.0,0,0,0,0,1,1,0,0,26,1,0,0,0.1,0.1,0.1,2,0,14,18,77.8,2,19,3,7,4,2024-11-30,1,0,0,0,0,0,0,0,0,0,0,0,0
Wilfred Ndidi,Leicester City,6,NGA,27,90.0,0,0,0,0,0,0,0,0,52,2,0,4,0.0,0.0,0.0,0,0,32,40,80.0,1,31,0,2,0,2024-11-30,0,0,1,0,0,0,0,0,0,0,0,0,0
Boubakary Soumaré,Leicester City,24,FRA,25,63.0,0,0,0,0,0,0,0,0,43,0,0,0,0.0,0.0,0.0,0,0,34,40,85.0,3,30,0,1,1,2024-11-30,0,0,1,0,0,0,0,0,0,0,0,0,0
Oliver Skipp,Leicester City,22,ENG,24,27.0,0,0,0,0,0,0,0,0,13,1,2,0,0.0,0.0,0.0,0,0,7,8,87.5,1,6,2,0,0,2024-11-30,0,0,1,0,0,0,0,0,0,0,0,0,0
Luke Thomas,Leicester City,33,ENG,23,90.0,0,0,0,0,1,0,0,0,67,2,0,3,0.0,0.0,0.1,1,0,40,57,70.2,3,32,1,0,0,2024-11-30,0,0,0,0,0,0,0,0,0,0,0,0,1
James Justin,Leicester City,2,ENG,26,90.0,0,0,0,0,1,0,1,0,43,3,1,0,0.1,0.1,0.0,1,0,23,32,71.9,4,20,2,1,0,2024-11-30,0,0,0,0,0,0,0,0,0,0,0,0,1
Caleb Okoli,Leicester City,5,ITA,23,34.0,0,0,0,0,0,0,0,0,16,0,1,0,0.0,0.0,0.0,0,0,7,12,58.3,0,10,0,0,0,2024-11-30,0,1,0,0,0,0,0,0,0,0,0,0,0
Jannik Vestergaard,Leicester City,23,DEN,32,56.0,0,0,0,0,0,0,0,0,40,2,1,0,0.0,0.0,0.0,0,0,31,35,88.6,2,29,0,0,0,2024-11-30,0,1,0,0,0,0,0,0,0,0,0,0,0
Conor Coady,Leicester City,4,ENG,31,90.0,0,0,0,0,0,0,0,0,43,1,0,2,0.0,0.0,0.0,0,0,27,32,84.4,2,24,0,0,0,2024-11-30,0,1,0,0,0,0,0,0,0,0,0,0,0
Wout Faes,Leicester City,3,BEL,26,90.0,0,0,0,0,0,0,0,0,45,0,1,1,0.0,0.0,0.0,1,0,28,33,84.8,1,28,0,0,0,2024-11-30,0,1,0,0,0,0,0,0,0,0,0,0,0
Mads Hermansen,Leicester City,30,DEN,24,90.0,0,0,0,0,0,0,0,0,45,0,0,0,0.0,0.0,0.0,1,0,19,44,43.2,0,29,0,1,1,2024-11-30,0,0,0,0,0,1,0,0,0,0,0,0,0
Michail Antonio,West Ham United,9,JAM,34,64.0,0,0,0,0,1,0,0,0,22,0,0,1,0.1,0.1,0.0,2,0,8,11,72.7,3,9,1,1,0,2024-11-30,0,0,0,0,1,0,0,0,0,0,0,0,0
Danny Ings,West Ham United,18,ENG,32,26.0,0,0,0,0,2,1,0,0,12,0,0,0,0.5,0.5,0.0,1,0,3,5,60.0,0,4,0,2,1,2024-11-30,0,0,0,0,1,0,0,0,0,0,0,0,0
Crysencio Summerville,West Ham United,7,NED,23,45.0,0,0,0,0,0,0,1,0,19,3,0,1,0.0,0.0,0.0,0,0,4,7,57.1,0,8,0,1,0,2024-11-30,0,0,0,0,0,0,0,0,1,0,0,0,0
Edson Álvarez,West Ham United,19,MEX,27,45.0,0,0,0,0,0,0,0,0,24,2,1,0,0.0,0.0,0.0,0,0,17,18,94.4,2,13,0,1,1,2024-11-30,0,0,0,1,0,0,0,0,0,0,0,0,0
Jarrod Bowen,West Ham United,20,ENG,27,90.0,0,0,0,0,2,0,0,0,23,0,1,0,0.0,0.0,0.0,2,0,9,14,64.3,2,18,0,3,0,2024-11-30,0,0,0,0,0,0,0,0,0,0,0,1,0
Carlos Soler,West Ham United,4,ESP,27,77.0,0,1,0,0,0,0,0,0,28,1,0,2,0.0,0.0,0.4,3,1,17,23,73.9,2,12,0,0,0,2024-11-30,1,0,0,0,0,0,0,0,0,0,0,0,0
Andy Irving,West Ham United,39,SCO,24,13.0,0,0,0,0,0,0,0,0,10,0,0,0,0.0,0.0,0.0,0,0,9,10,90.0,1,8,0,0,0,2024-11-30,1,0,0,0,0,0,0,0,0,0,0,0,0
Lucas Paquetá,West Ham United,10,BRA,27,77.0,0,0,0,0,1,0,0,0,38,2,1,1,0.1,0.1,0.1,7,2,21,26,80.8,3,9,1,0,0,2024-11-30,0,0,0,1,0,0,0,0,1,0,0,0,0
Guido Rodríguez,West Ham United,24,ARG,30,13.0,0,0,0,0,1,0,0,0,15,0,0,0,0.1,0.1,0.0,2,0,13,14,92.9,0,7,0,0,0,2024-11-30,0,0,0,0,0,0,0,0,1,0,0,0,0
Tomáš Souček,West Ham United,28,CZE,29,90.0,0,0,0,0,1,1,1,0,43,2,1,0,0.1,0.1,0.0,0,0,22,32,68.8,3,15,0,0,0,2024-11-30,0,0,0,1,0,0,0,0,0,0,0,0,0
Emerson Palmieri,West Ham United,33,ITA,30,64.0,1,0,0,0,2,2,1,0,31,2,0,3,0.1,0.1,0.0,0,0,17,22,77.3,1,7,1,2,1,2024-11-30,0,0,0,0,0,0,1,0,0,0,0,0,0
Vladimír Coufal,West Ham United,5,CZE,32,26.0,0,0,0,0,0,0,0,0,19,2,0,0,0.0,0.0,0.0,0,0,15,17,88.2,2,7,1,0,0,2024-11-30,0,0,0,0,0,0,0,0,0,1,0,0,0
Max Kilman,West Ham United,26,ENG,27,90.0,0,0,0,0,0,0,0,0,55,2,2,3,0.0,0.0,0.0,1,1,37,44,84.1,2,15,0,0,0,2024-11-30,0,1,0,0,0,0,0,0,0,0,0,0,0
Jean-Clair Todibo,West Ham United,25,FRA,24,90.0,0,0,0,0,0,0,0,0,40,2,0,3,0.0,0.0,0.0,0,0,27,34,79.4,3,16,0,0,0,2024-11-30,0,1,0,0,0,0,0,0,0,0,0,0,0
Aaron Wan-Bissaka,West Ham United,29,ENG,27,90.0,1,0,0,0,2,1,0,0,43,4,2,3,0.5,0.5,0.0,3,0,21,28,75.0,4,14,3,2,2,2024-11-30,0,0,0,0,0,0,1,0,0,1,0,0,0
Łukasz Fabiański,West Ham United,1,POL,39,90.0,0,0,0,0,0,0,1,0,37,0,0,0,0.0,0.0,0.0,0,0,20,33,60.6,0,20,0,0,0,2024-11-30,0,0,0,0,0,1,0,0,0,0,0,0,0
Kai Havertz,Arsenal,29,GER,25,90.0,1,0,0,0,2,1,0,0,30,0,0,0,0.6,0.6,0.0,1,0,22,26,84.6,4,20,2,0,0,2024-11-30,0,0,0,0,1,0,0,0,0,0,0,0,0
Leandro Trossard,Arsenal,19,BEL,29,84.0,1,1,0,0,2,1,0,0,35,0,0,0,0.8,0.8,0.6,2,1,19,26,73.1,4,24,2,1,0,2024-11-30,0,0,0,0,0,0,0,0,1,0,0,0,0
Ethan Nwaneri,Arsenal,53,ENG,17,6.0,0,0,0,0,0,0,0,0,2,0,0,0,0.0,0.0,0.0,0,0,2,2,100.0,0,2,0,0,0,2024-11-30,0,0,0,0,0,0,0,0,0,0,1,0,0
Bukayo Saka,Arsenal,7,ENG,23,73.0,1,2,1,1,2,0,1,0,47,1,0,0,0.9,0.1,1.1,9,6,26,40,65.0,2,33,5,3,2,2024-11-30,0,0,0,0,0,0,0,0,0,0,0,1,0
Raheem Sterling,Arsenal,30,ENG,29,17.0,0,0,0,0,2,0,0,0,8,0,0,0,0.2,0.2,0.0,1,0,5,5,100.0,3,4,1,0,0,2024-11-30,0,0,0,0,0,0,0,0,0,0,0,1,0
Declan Rice,Arsenal,41,ENG,25,90.0,0,0,0,0,0,0,0,0,70,3,0,0,0.0,0.0,0.2,3,0,50,59,84.7,5,41,6,2,0,2024-11-30,0,0,0,0,0,0,0,1,0,0,0,0,0
Jorginho,Arsenal,20,ITA,32,90.0,0,0,0,0,0,0,0,0,61,3,3,0,0.0,0.0,0.0,0,0,43,52,82.7,3,28,0,0,0,2024-11-30,0,0,1,0,0,0,0,0,0,0,0,0,0
Martin Ødegaard,Arsenal,8,NOR,25,73.0,1,0,1,1,1,1,0,0,53,2,0,0,0.8,0.0,0.1,4,2,41,47,87.2,10,42,2,1,1,2024-11-30,0,0,0,0,0,0,0,0,0,0,1,0,0
Gabriel Jesus,Arsenal,9,BRA,27,17.0,0,0,0,0,1,0,0,0,14,0,1,0,0.0,0.0,0.0,3,0,8,9,88.9,2,8,0,2,0,2024-11-30,0,0,0,0,0,0,0,0,1,0,1,0,0
Riccardo Calafiori,Arsenal,33,ITA,22,55.0,0,0,0,0,1,0,0,0,34,1,0,1,0.0,0.0,0.0,0,0,23,29,79.3,3,20,0,0,0,2024-11-30,0,0,0,0,0,0,1,0,0,0,0,0,0
Oleksandr Zinchenko,Arsenal,17,UKR,27,35.0,0,0,0,0,0,0,0,0,38,1,0,1,0.0,0.0,0.0,2,0,30,35,85.7,2,19,4,0,0,2024-11-30,0,0,0,0,0,0,1,0,0,0,0,0,0
Gabriel Magalhães,Arsenal,6,BRA,26,45.0,1,0,0,0,1,1,0,0,30,0,0,1,0.2,0.2,0.0,2,1,21,26,80.8,4,18,0,0,0,2024-11-30,0,1,0,0,0,0,0,0,0,0,0,0,0
Jakub Kiwior,Arsenal,15,POL,24,45.0,0,0,0,0,0,0,0,0,17,2,0,1,0.0,0.0,0.0,0,0,8,12,66.7,2,2,0,0,0,2024-11-30,0,1,0,0,0,0,0,0,0,0,0,0,0
William Saliba,Arsenal,2,FRA,23,90.0,0,0,0,0,0,0,0,0,74,3,1,1,0.0,0.0,0.0,0,0,57,62,91.9,2,43,0,0,0,2024-11-30,0,1,0,0,0,0,0,0,0,0,0,0,0
Jurriën Timber,Arsenal,12,NED,23,90.0,0,0,0,0,2,1,0,0,60,1,0,0,0.1,0.1,0.0,1,0,37,49,75.5,3,28,3,4,2,2024-11-30,0,0,0,0,0,0,0,0,0,1,0,0,0
David Raya,Arsenal,22,ESP,29,90.0,0,0,0,0,0,0,0,0,40,0,0,0,0.0,0.0,0.0,1,0,26,40,65.0,0,31,0,0,0,2024-11-30,0,0,0,0,0,1,0,0,0,0,0,0,0
Nicolas Jackson,Chelsea,15,SEN,23,70.0,1,0,0,0,3,2,0,0,28,1,0,0,0.4,0.4,0.0,1,0,13,17,76.5,1,14,1,3,1,2024-12-01,0,0,0,0,1,0,0,0,0,0,0,0,0
Christopher Nkunku,Chelsea,18,FRA,27,20.0,0,0,0,0,1,0,0,0,10,0,0,0,0.0,0.0,0.1,1,0,7,8,87.5,1,7,0,0,0,2024-12-01,0,0,0,0,1,0,0,0,0,0,0,0,0
Jadon Sancho,Chelsea,19,ENG,24,70.0,0,0,0,0,2,0,0,0,37,0,0,1,0.1,0.1,0.0,3,1,31,31,100.0,4,20,6,4,1,2024-12-01,0,0,0,0,0,0,0,0,1,0,0,0,0
Noni Madueke,Chelsea,11,ENG,22,20.0,0,1,0,0,1,1,1,0,10,0,0,0,0.1,0.1,0.0,2,1,6,7,85.7,0,7,0,0,0,2024-12-01,0,0,0,0,0,0,0,0,0,0,0,1,0
Pedro Neto,Chelsea,7,POR,24,90.0,0,0,0,0,1,0,0,0,38,0,0,0,0.0,0.0,0.0,1,0,21,32,65.6,0,23,6,5,3,2024-12-01,0,0,0,0,0,0,0,0,1,0,0,1,0
Cole Palmer,Chelsea,20,ENG,22,85.0,1,1,0,0,5,3,0,0,38,1,0,1,0.5,0.5,0.1,4,1,28,31,90.3,4,22,4,0,0,2024-12-01,1,0,0,0,0,0,0,0,0,0,0,0,0
João Félix,Chelsea,14,POR,25,5.0,0,0,0,0,2,1,1,0,7,0,0,0,0.3,0.3,0.0,1,0,5,5,100.0,0,6,2,0,0,2024-12-01,1,0,0,0,0,0,0,0,0,0,0,0,0
Enzo Fernández,Chelsea,8,ARG,23,90.0,1,0,0,0,1,1,0,0,68,3,0,0,0.1,0.1,0.3,5,2,48,61,78.7,4,30,2,1,1,2024-12-01,0,0,0,1,0,0,0,0,0,0,0,0,0
Roméo Lavia,Chelsea,45,BEL,20,85.0,0,0,0,0,1,0,0,0,58,1,1,1,0.2,0.2,0.0,1,0,44,51,86.3,4,26,0,2,0,2024-12-01,0,0,0,1,0,0,0,0,0,0,0,0,0
Malo Gusto,Chelsea,27,FRA,21,5.0,0,0,0,0,0,0,0,0,13,0,0,0,0.0,0.0,0.0,0,0,13,13,100.0,1,8,0,0,0,2024-12-01,0,0,0,0,0,0,0,0,0,1,0,0,0
Marc Cucurella,Chelsea,3,ESP,26,90.0,0,0,0,0,0,0,0,0,125,4,0,4,0.0,0.0,0.0,2,1,111,117,94.9,11,54,1,0,0,2024-12-01,0,0,0,0,0,0,1,0,0,0,0,0,0
Levi Colwill,Chelsea,6,ENG,21,90.0,0,0,0,0,0,0,0,0,117,2,0,4,0.0,0.0,0.0,0,0,101,109,92.7,2,62,0,0,0,2024-12-01,0,1,0,0,0,0,0,0,0,0,0,0,0
Wesley Fofana,Chelsea,29,FRA,23,59.0,0,0,0,0,0,0,0,0,56,2,0,0,0.0,0.0,0.0,1,0,50,52,96.2,1,36,0,1,1,2024-12-01,0,1,0,0,0,0,0,0,0,0,0,0,0
Benoît Badiashile,Chelsea,5,FRA,23,31.0,0,0,0,0,0,0,0,0,21,1,0,1,0.0,0.0,0.0,0,0,17,17,100.0,0,8,0,0,0,2024-12-01,0,1,0,0,0,0,0,0,0,0,0,0,0
Moisés Caicedo,Chelsea,25,ECU,23,90.0,0,0,0,0,0,0,0,0,73,2,2,1,0.0,0.0,0.2,4,0,58,68,85.3,7,40,2,1,1,2024-12-01,0,0,0,1,0,0,0,0,0,1,0,0,0
Robert Sánchez,Chelsea,1,ESP,27,90.0,0,0,0,0,0,0,0,0,38,0,0,0,0.0,0.0,0.0,0,0,26,37,70.3,0,25,0,0,0,2024-12-01,0,0,0,0,0,1,0,0,0,0,0,0,0
Ollie Watkins,Aston Villa,11,ENG,28,83.0,0,0,0,0,2,2,0,0,17,0,0,1,0.7,0.7,0.0,2,0,8,10,80.0,3,11,1,3,1,2024-12-01,0,0,0,0,1,0,0,0,0,0,0,0,0
Emi Buendía,Aston Villa,10,ARG,27,7.0,0,0,0,0,0,0,0,0,4,1,0,0,0.0,0.0,0.0,0,0,3,3,100.0,0,3,0,0,0,2024-12-01,0,0,0,0,1,0,0,1,0,0,0,0,0
John McGinn,Aston Villa,7,SCO,30,90.0,0,0,0,0,3,0,0,0,31,0,1,1,0.2,0.2,0.4,4,0,17,20,85.0,3,16,0,0,0,2024-12-01,0,0,0,0,1,0,0,1,1,0,0,0,0
Jaden Philogene Bidace,Aston Villa,19,ENG,22,65.0,0,0,0,0,1,0,1,0,26,4,3,2,0.0,0.0,0.3,1,0,5,8,62.5,1,11,0,2,0,2024-12-01,0,0,0,0,0,0,0,0,0,0,0,1,0
Leon Bailey,Aston Villa,31,JAM,27,25.0,0,0,0,0,0,0,0,0,5,0,0,0,0.0,0.0,0.0,0,0,2,4,50.0,0,3,1,1,0,2024-12-01,0,0,0,0,0,0,0,0,0,0,1,0,0
Morgan Rogers,Aston Villa,27,ENG,22,65.0,0,0,0,0,0,0,0,0,20,1,0,1,0.0,0.0,0.0,0,0,10,14,71.4,0,5,1,3,1,2024-12-01,1,0,0,0,0,0,0,0,0,0,0,0,0
Jhon Durán,Aston Villa,9,COL,20,25.0,0,0,0,0,2,1,0,0,10,0,0,0,0.2,0.2,0.0,1,0,5,7,71.4,0,5,0,0,0,2024-12-01,0,0,0,0,1,0,0,0,0,0,0,0,0
Youri Tielemans,Aston Villa,8,BEL,27,90.0,0,0,0,0,0,0,0,0,51,1,0,0,0.0,0.0,0.4,4,0,41,49,83.7,3,28,0,1,1,2024-12-01,0,0,1,1,0,0,0,0,0,0,0,0,0
Boubacar Kamara,Aston Villa,44,FRA,25,61.0,0,0,0,0,0,0,0,0,27,1,0,2,0.0,0.0,0.0,0,0,19,21,90.5,1,9,1,4,1,2024-12-01,0,0,0,1,0,0,0,0,0,0,0,0,0
Ross Barkley,Aston Villa,6,ENG,30,29.0,0,0,0,0,1,0,0,0,16,0,0,1,0.0,0.0,0.0,0,0,10,14,71.4,0,8,0,1,1,2024-12-01,0,0,1,1,0,0,0,0,0,0,0,0,0
Lucas Digne,Aston Villa,12,FRA,31,90.0,0,0,0,0,0,0,0,0,41,1,0,0,0.0,0.0,0.0,2,0,27,36,75.0,4,13,2,1,0,2024-12-01,0,0,0,0,0,0,1,0,0,0,0,0,0
Pau Torres,Aston Villa,14,ESP,27,90.0,0,0,0,0,1,0,0,0,77,1,2,1,0.1,0.1,0.0,1,0,66,73,90.4,4,41,2,0,0,2024-12-01,0,1,0,0,0,0,0,0,0,0,0,0,0
Ezri Konsa,Aston Villa,4,ENG,27,90.0,0,0,0,0,0,0,0,0,44,1,2,0,0.0,0.0,0.0,0,0,35,37,94.6,1,19,0,1,0,2024-12-01,0,1,0,0,0,0,0,0,0,0,0,0,0
Matty Cash,Aston Villa,2,POL,27,90.0,0,0,0,0,0,0,1,0,35,3,2,1,0.0,0.0,0.0,0,0,19,25,76.0,0,12,0,0,0,2024-12-01,0,0,0,0,0,0,0,0,0,1,0,0,0
Emiliano Martínez,Aston Villa,23,ARG,32,45.0,0,0,0,0,0,0,0,0,31,1,0,0,0.0,0.0,0.0,0,0,24,28,85.7,0,15,0,0,0,2024-12-01,0,0,0,0,0,1,0,0,0,0,0,0,0
Robin Olsen,Aston Villa,25,SWE,34,45.0,0,0,0,0,0,0,0,0,25,1,0,0,0.0,0.0,0.0,1,0,16,21,76.2,0,11,0,0,0,2024-12-01,0,0,0,0,0,1,0,0,0,0,0,0,0
Son Heung-min,Tottenham Hotspur,7,KOR,32,90.0,0,0,0,0,1,1,0,0,37,1,0,0,0.2,0.2,0.0,3,0,27,35,77.1,5,29,2,0,0,2024-12-01,0,0,0,0,1,0,0,0,1,0,0,0,0
Timo Werner,Tottenham Hotspur,16,GER,28,67.0,0,1,0,0,0,0,0,0,23,0,0,1,0.0,0.0,0.5,3,1,15,19,78.9,2,21,2,0,0,2024-12-01,0,0,0,0,0,0,0,0,1,0,0,0,0
Dejan Kulusevski,Tottenham Hotspur,21,SWE,24,23.0,0,0,0,0,0,0,0,0,11,0,0,0,0.0,0.0,0.0,0,0,6,6,100.0,1,9,1,3,1,2024-12-01,0,0,0,0,1,0,0,0,1,0,1,0,0
Brennan Johnson,Tottenham Hotspur,22,WAL,23,90.0,1,0,0,0,1,1,0,0,34,2,0,0,0.3,0.3,0.0,0,0,19,31,61.3,1,20,2,0,0,2024-12-01,0,0,0,0,0,0,0,0,0,0,0,1,0
James Maddison,Tottenham Hotspur,10,ENG,28,84.0,0,0,0,0,2,0,0,0,61,0,0,0,0.2,0.2,0.0,3,1,42,52,80.8,4,43,0,4,1,2024-12-01,0,0,0,0,0,0,0,1,0,0,0,0,0
Lucas Bergvall,Tottenham Hotspur,15,SWE,18,6.0,0,0,0,0,0,0,0,0,10,1,1,0,0.0,0.0,0.0,0,0,9,9,100.0,0,9,0,0,0,2024-12-01,0,0,0,0,0,0,0,1,0,0,0,0,0
Yves Bissouma,Tottenham Hotspur,8,MLI,28,90.0,0,0,0,0,0,0,0,0,70,2,2,1,0.0,0.0,0.0,0,0,52,57,91.2,6,45,0,1,0,2024-12-01,0,0,1,0,0,0,0,0,0,0,0,0,0
Pape Matar Sarr,Tottenham Hotspur,29,SEN,22,84.0,0,0,0,0,0,0,0,0,52,3,0,1,0.0,0.0,0.0,1,0,37,44,84.1,2,33,1,1,1,2024-12-01,0,0,0,0,0,0,0,0,0,0,1,0,0
Archie Gray,Tottenham Hotspur,14,ENG,18,5.0,0,0,0,0,0,0,0,0,5,0,0,0,0.0,0.0,0.0,0,0,4,4,100.0,0,4,0,0,0,2024-12-01,0,0,0,0,0,0,0,0,0,0,1,0,0
Will Lankshear,Tottenham Hotspur,42,ENG,19,1.0,0,0,0,0,0,0,0,0,0,0,0,0,0.0,0.0,0.0,0,0,0,0,80.8,0,0,0,0,0,2024-12-01,0,0,0,0,1,0,0,0,0,0,1,0,0
Destiny Udogie,Tottenham Hotspur,13,ITA,22,90.0,0,0,0,0,0,0,0,0,81,2,1,3,0.0,0.0,0.0,1,0,55,63,87.3,8,40,2,1,0,2024-12-01,0,0,0,0,0,0,1,0,0,0,0,0,0
Ben Davies,Tottenham Hotspur,33,WAL,31,90.0,0,0,0,0,0,0,0,0,80,0,4,4,0.0,0.0,0.0,0,0,63,65,96.9,5,53,2,0,0,2024-12-01,0,1,0,0,0,0,0,0,0,0,0,0,0
Radu Drăgușin,Tottenham Hotspur,6,ROU,22,90.0,0,0,0,0,2,1,0,0,78,3,1,1,0.0,0.0,0.0,1,0,57,66,86.4,2,53,0,0,0,2024-12-01,0,1,0,0,0,0,0,0,0,0,0,0,0
Pedro Porro,Tottenham Hotspur,23,ESP,25,90.0,0,0,0,0,2,0,0,0,72,2,0,1,0.1,0.1,0.0,2,0,45,59,76.3,4,36,2,1,0,2024-12-01,0,0,0,0,0,0,0,0,0,1,0,0,0
Fraser Forster,Tottenham Hotspur,20,ENG,36,90.0,0,0,0,0,0,0,0,0,27,0,0,0,0.0,0.0,0.0,0,0,18,22,81.8,0,14,0,0,0,2024-12-01,0,0,0,0,0,1,0,0,0,0,0,0,0
Raúl Jiménez,Fulham,7,MEX,33,77.0,0,0,0,0,4,2,0,0,40,1,0,0,0.6,0.6,0.0,2,0,13,26,50.0,1,21,1,2,0,2024-12-01,0,0,0,0,1,0,0,0,0,0,0,0,0
Rodrigo Muniz,Fulham,9,BRA,23,13.0,0,0,0,0,0,0,0,0,7,1,0,0,0.0,0.0,0.0,0,0,3,4,75.0,0,3,0,1,0,2024-12-01,0,0,0,0,1,0,0,0,0,0,0,0,0
Reiss Nelson,Fulham,19,ENG,24,61.0,0,0,0,0,1,0,0,0,52,1,1,1,0.2,0.2,0.3,6,0,41,44,93.2,5,38,9,3,1,2024-12-01,0,0,0,0,0,0,0,0,1,0,0,0,0
Harry Wilson,Fulham,8,WAL,27,29.0,0,0,0,0,0,0,0,0,22,2,1,1,0.0,0.0,0.0,0,0,11,17,64.7,4,11,1,2,1,2024-12-01,0,0,0,0,0,0,0,0,0,0,1,1,0
Alex Iwobi,Fulham,17,NGA,28,85.0,0,1,0,0,2,2,0,0,43,0,1,0,0.3,0.3,0.1,3,1,27,36,75.0,3,35,2,4,2,2024-12-01,0,0,0,0,0,0,0,0,1,0,0,1,0
Ryan Sessegnon,Fulham,30,ENG,24,5.0,0,0,0,0,0,0,0,0,7,0,1,0,0.0,0.0,0.0,0,0,1,4,25.0,0,3,0,0,0,2024-12-01,0,0,0,0,0,0,0,1,0,0,0,0,0
Emile Smith Rowe,Fulham,32,ENG,24,85.0,0,0,0,0,0,0,0,0,47,0,0,2,0.0,0.0,0.1,2,0,39,43,90.7,6,36,5,3,3,2024-12-01,1,0,0,0,0,0,0,0,0,0,0,0,0
Timothy Castagne,Fulham,21,BEL,28,5.0,0,0,0,0,0,0,0,0,1,0,0,0,0.0,0.0,0.0,0,0,1,1,100.0,0,1,0,0,0,2024-12-01,0,0,0,0,0,0,0,0,0,1,0,0,0
Sander Berge,Fulham,16,NOR,26,90.0,0,0,0,0,1,0,0,0,55,2,1,0,0.1,0.1,0.0,1,0,47,50,94.0,6,44,1,2,1,2024-12-01,0,0,1,1,0,0,0,0,0,0,0,0,0
Saša Lukić,Fulham,20,SRB,28,61.0,0,0,0,0,0,0,1,0,45,1,1,0,0.0,0.0,0.1,5,0,30,41,73.2,5,33,3,0,0,2024-12-01,0,0,0,1,0,0,0,0,0,0,0,0,0
Tom Cairney,Fulham,10,SCO,33,21.0,1,0,0,0,1,1,0,1,19,1,1,0,0.0,0.0,0.0,0,0,15,15,100.0,3,12,0,0,0,2024-12-01,0,0,0,1,0,0,0,0,0,0,0,0,0
Antonee Robinson,Fulham,33,USA,27,90.0,0,0,0,0,1,0,0,0,75,1,1,0,0.0,0.0,0.0,3,1,49,62,79.0,8,51,3,3,2,2024-12-01,0,0,0,0,0,0,1,0,0,0,0,0,0
Calvin Bassey,Fulham,3,NGA,24,90.0,0,0,0,0,1,0,0,0,54,1,1,1,0.1,0.1,0.0,0,0,39,47,83.0,0,37,0,1,0,2024-12-01,0,1,0,0,0,0,0,0,0,0,0,0,0
Issa Diop,Fulham,31,FRA,27,90.0,0,0,0,0,2,1,0,0,45,3,0,2,0.3,0.3,0.0,1,0,30,33,90.9,0,33,0,0,0,2024-12-01,0,1,0,0,0,0,0,0,0,0,0,0,0
Kenny Tete,Fulham,2,NED,29,90.0,0,0,0,0,1,0,0,0,61,2,5,0,0.0,0.0,0.3,3,0,43,50,86.0,5,37,3,1,1,2024-12-01,0,1,0,0,0,0,0,0,0,1,0,0,0
Bernd Leno,Fulham,1,GER,32,90.0,0,0,0,0,0,0,0,0,32,0,0,0,0.0,0.0,0.0,0,0,20,29,69.0,0,22,0,0,0,2024-12-01,0,0,0,0,0,1,0,0,0,0,0,0,0
Joshua Zirkzee,Manchester United,11,NED,23,90.0,2,0,0,0,2,2,0,0,40,0,0,1,0.3,0.3,0.2,3,1,27,31,87.1,3,23,1,1,0,2024-12-01,0,0,0,0,1,0,0,0,0,0,0,0,0
Bruno Fernandes,Manchester United,8,POR,30,65.0,0,2,0,0,1,0,0,0,41,1,1,1,0.0,0.0,0.2,3,2,23,34,67.6,1,23,4,3,2,2024-12-01,1,0,0,0,0,0,0,0,0,0,0,0,0
Manuel Ugarte Ribeiro,Manchester United,25,URU,23,25.0,0,0,0,0,0,0,0,0,16,1,0,0,0.0,0.0,0.0,0,0,15,15,100.0,0,14,0,1,1,2024-12-01,0,0,1,0,0,0,0,0,0,0,0,0,0
Marcus Rashford,Manchester United,10,ENG,27,90.0,2,0,0,0,4,2,0,0,27,1,0,0,0.5,0.5,0.0,1,0,14,20,70.0,0,20,2,1,0,2024-12-01,1,0,0,0,0,0,0,0,0,0,0,0,0
Casemiro,Manchester United,18,BRA,32,65.0,0,0,0,0,0,0,0,0,46,3,2,3,0.0,0.0,0.0,1,0,30,36,83.3,1,20,0,0,0,2024-12-01,0,0,1,0,0,0,0,0,0,0,0,0,0
Alejandro Garnacho,Manchester United,17,ARG,20,25.0,0,0,0,0,1,0,0,0,17,0,0,0,0.0,0.0,0.0,1,0,11,12,91.7,1,10,2,2,0,2024-12-01,1,0,0,0,0,0,0,0,0,0,0,0,0
Kobbie Mainoo,Manchester United,37,ENG,19,79.0,0,0,0,0,1,1,1,0,57,0,1,1,0.0,0.0,0.0,1,0,48,51,94.1,3,37,0,1,0,2024-12-01,0,0,1,0,0,0,0,0,0,0,0,0,0
Mason Mount,Manchester United,7,ENG,25,11.0,0,0,0,0,0,0,0,0,18,1,0,0,0.0,0.0,0.0,0,0,15,17,88.2,1,14,1,0,0,2024-12-01,0,0,1,0,0,0,0,0,0,0,0,0,0
Diogo Dalot,Manchester United,20,POR,25,90.0,0,0,0,0,0,0,0,0,59,3,2,0,0.0,0.0,0.0,2,0,40,47,85.1,2,32,1,4,1,2024-12-01,0,0,0,0,0,0,0,0,0,0,0,0,1
Amad Diallo,Manchester United,16,CIV,22,90.0,0,2,0,0,2,0,0,0,64,4,0,0,0.1,0.1,0.6,5,4,43,51,84.3,4,44,5,5,4,2024-12-01,0,0,0,0,0,0,0,0,0,0,0,0,1
Lisandro Martínez,Manchester United,6,ARG,26,90.0,0,0,0,0,0,0,1,0,100,0,2,0,0.0,0.0,0.0,0,0,89,93,95.7,6,81,2,1,1,2024-12-01,0,1,0,0,0,0,0,0,0,0,0,0,0
Matthijs de Ligt,Manchester United,4,NED,25,55.0,0,0,0,0,0,0,0,0,69,0,1,0,0.0,0.0,0.0,0,0,62,65,95.4,0,58,0,0,0,2024-12-01,0,1,0,0,0,0,0,0,0,0,0,0,0
Harry Maguire,Manchester United,5,ENG,31,35.0,0,0,0,0,0,0,0,0,29,0,0,0,0.0,0.0,0.0,0,0,27,29,93.1,0,24,0,0,0,2024-12-01,0,1,0,0,0,0,0,0,0,0,0,0,0
Noussair Mazraoui,Manchester United,3,MAR,27,55.0,0,0,0,0,0,0,0,0,73,1,1,0,0.0,0.0,0.0,0,0,62,71,87.3,2,54,1,2,0,2024-12-01,0,1,0,0,0,0,0,0,0,0,0,0,0
Luke Shaw,Manchester United,23,ENG,29,35.0,0,0,0,0,0,0,0,0,44,1,0,0,0.0,0.0,0.0,0,0,37,42,88.1,1,37,0,0,0,2024-12-01,0,1,0,0,0,0,0,0,0,0,0,0,0
André Onana,Manchester United,24,CMR,28,90.0,0,0,0,0,0,0,0,0,40,0,0,0,0.0,0.0,0.0,0,0,37,39,94.9,0,36,0,0,0,2024-12-01,0,0,0,0,0,1,0,0,0,0,0,0,0
Beto,Everton,14,GNB,26,66.0,0,0,0,0,2,0,0,0,13,1,0,0,0.2,0.2,0.0,2,0,3,4,75.0,0,7,0,2,1,2024-12-01,0,0,0,0,1,0,0,0,0,0,0,0,0
Dominic Calvert-Lewin,Everton,9,ENG,27,24.0,0,0,0,0,1,1,0,0,8,1,0,0,0.2,0.2,0.0,0,0,5,5,100.0,0,6,1,1,0,2024-12-01,0,0,0,0,1,0,0,0,0,0,0,0,0
Iliman Ndiaye,Everton,10,SEN,24,90.0,0,0,0,0,0,0,0,0,36,0,0,0,0.0,0.0,0.0,0,0,21,27,77.8,2,29,5,9,5,2024-12-01,0,0,0,0,0,0,0,0,1,0,0,0,0
Jesper Lindstrøm,Everton,29,DEN,24,66.0,0,0,0,0,5,1,0,0,21,1,0,1,0.3,0.3,0.0,1,0,6,13,46.2,0,8,1,0,0,2024-12-01,0,0,0,0,0,0,0,0,0,0,0,1,0
Jack Harrison,Everton,11,ENG,28,24.0,0,0,0,0,0,0,0,0,15,0,0,0,0.0,0.0,0.0,0,0,10,14,71.4,4,9,1,0,0,2024-12-01,0,0,0,0,0,0,0,0,0,0,0,1,0
Dwight McNeil,Everton,7,ENG,25,90.0,0,0,0,0,0,0,0,0,55,2,0,2,0.0,0.0,0.1,3,0,37,45,82.2,6,30,1,2,1,2024-12-01,1,0,0,0,0,0,0,0,0,0,0,0,0
Idrissa Gana Gueye,Everton,27,SEN,35,66.0,0,0,0,0,0,0,1,0,50,3,1,4,0.0,0.0,0.0,1,0,35,41,85.4,4,30,1,0,0,2024-12-01,0,0,0,1,0,0,0,0,0,0,0,0,0
Orel Mangala,Everton,8,BEL,26,24.0,0,0,0,0,0,0,0,0,18,0,1,0,0.0,0.0,0.0,0,0,13,14,92.9,1,6,0,1,0,2024-12-01,0,0,0,1,0,0,0,0,0,0,0,0,0
Abdoulaye Doucouré,Everton,16,MLI,31,90.0,0,0,0,0,0,0,0,0,54,1,1,2,0.0,0.0,0.1,1,0,43,47,91.5,1,34,0,1,1,2024-12-01,0,0,0,1,0,0,0,0,0,0,0,0,0
Vitaliy Mykolenko,Everton,19,UKR,25,90.0,0,0,0,0,0,0,1,0,31,0,1,1,0.0,0.0,0.0,0,0,23,27,85.2,2,13,0,0,0,2024-12-01,0,0,0,0,0,0,1,0,0,0,0,0,0
Jarrad Branthwaite,Everton,32,ENG,22,90.0,0,0,0,0,0,0,0,0,53,2,0,0,0.0,0.0,0.0,0,0,47,50,94.0,2,37,0,2,1,2024-12-01,0,1,0,0,0,0,0,0,0,0,0,0,0
James Tarkowski,Everton,6,ENG,32,81.0,0,0,0,0,0,0,0,0,59,4,1,2,0.0,0.0,0.0,1,0,49,51,96.1,5,36,0,0,0,2024-12-01,0,1,0,0,0,0,0,0,0,0,0,0,0
Jake O'Brien,Everton,15,IRL,23,9.0,0,0,0,0,0,0,0,0,6,0,0,0,0.0,0.0,0.0,0,0,6,6,100.0,0,5,0,0,0,2024-12-01,0,1,0,0,0,0,0,0,0,0,0,0,0
Ashley Young,Everton,18,ENG,39,72.0,0,0,0,0,0,0,1,0,44,2,0,2,0.0,0.0,0.0,0,0,28,38,73.7,2,25,1,0,0,2024-12-01,0,0,0,0,0,0,0,0,0,1,0,0,0
Nathan Patterson,Everton,2,SCO,23,18.0,0,0,0,0,0,0,0,0,15,1,0,0,0.0,0.0,0.2,1,0,12,14,85.7,1,7,1,0,0,2024-12-01,0,0,0,0,0,0,0,0,0,1,0,0,0
Jordan Pickford,Everton,1,ENG,30,90.0,0,0,0,0,0,0,0,0,47,1,0,0,0.0,0.0,0.0,0,0,34,46,73.9,0,36,0,0,0,2024-12-01,0,0,0,0,0,1,0,0,0,0,0,0,0
Luis Díaz,Liverpool,7,COL,27,89.0,0,0,0,0,0,0,0,0,29,0,0,1,0.0,0.0,0.0,4,2,15,18,83.3,6,21,2,4,1,2024-12-01,0,0,0,0,1,0,0,0,1,0,0,0,0
Harvey Elliott,Liverpool,19,ENG,21,1.0,0,0,0,0,0,0,0,0,2,1,0,0,0.0,0.0,0.0,0,0,1,1,100.0,0,0,0,0,0,2024-12-01,0,0,0,0,0,0,0,0,1,0,0,0,0
Cody Gakpo,Liverpool,18,NED,25,72.0,1,0,0,0,4,2,0,0,28,1,0,0,1.4,1.4,0.0,2,0,13,17,76.5,2,16,3,2,2,2024-12-01,0,0,0,0,0,0,0,0,1,0,0,0,0
Darwin Núñez,Liverpool,9,URU,25,18.0,0,0,0,0,0,0,0,0,6,2,0,0,0.0,0.0,0.0,1,0,0,1,0.0,0,2,0,0,0,2024-12-01,0,0,0,0,1,0,0,0,0,0,0,0,0
Mohamed Salah,Liverpool,11,EGY,32,83.0,1,1,1,1,2,0,0,0,24,0,1,0,1.4,0.6,0.9,4,1,12,16,75.0,1,20,6,3,1,2024-12-01,0,0,0,0,0,0,0,0,0,0,0,1,0
Curtis Jones,Liverpool,17,ENG,23,7.0,0,0,0,0,1,1,0,0,10,0,0,0,0.0,0.0,0.0,0,0,8,8,100.0,2,7,1,0,0,2024-12-01,1,0,0,0,0,0,0,0,0,0,0,0,0
Dominik Szoboszlai,Liverpool,8,HUN,24,90.0,0,0,0,0,3,2,0,0,72,1,1,0,0.2,0.2,0.3,4,0,51,63,81.0,5,44,4,1,0,2024-12-01,1,0,0,0,0,0,0,0,0,0,0,1,0
Alexis Mac Allister,Liverpool,10,ARG,25,90.0,0,0,0,0,0,0,0,0,49,3,0,4,0.0,0.0,0.2,4,0,35,41,85.4,4,18,1,1,1,2024-12-01,0,0,0,1,0,0,0,0,0,0,0,0,0
Ryan Gravenberch,Liverpool,38,NED,22,90.0,0,0,0,0,0,0,1,0,53,5,1,2,0.0,0.0,0.2,1,0,33,37,89.2,3,26,3,3,0,2024-12-01,0,0,0,1,0,0,0,0,0,0,0,0,0
Andrew Robertson,Liverpool,26,SCO,30,90.0,0,0,0,0,1,0,0,0,40,3,0,0,0.0,0.0,0.2,3,0,28,32,87.5,4,18,3,1,0,2024-12-01,0,0,0,0,0,0,1,0,0,0,0,0,0
Virgil van Dijk,Liverpool,4,NED,33,90.0,0,0,0,0,3,1,0,0,57,1,3,2,0.4,0.4,0.0,0,0,37,40,92.5,2,29,1,1,0,2024-12-01,0,1,0,0,0,0,0,0,0,0,0,0,0
Joe Gomez,Liverpool,2,ENG,27,90.0,0,0,0,0,0,0,0,0,79,0,0,1,0.0,0.0,0.0,0,0,67,76,88.2,3,53,0,0,0,2024-12-01,0,1,0,0,0,0,0,0,0,0,0,0,0
Trent Alexander-Arnold,Liverpool,66,ENG,26,72.0,0,0,0,0,3,0,0,0,65,4,0,1,0.1,0.1,0.3,2,1,37,53,69.8,0,29,0,0,0,2024-12-01,0,0,0,0,0,0,0,0,0,1,0,0,0
Jarell Quansah,Liverpool,78,ENG,21,18.0,0,0,0,0,0,0,0,0,12,1,0,0,0.0,0.0,0.0,0,0,9,11,81.8,0,5,1,0,0,2024-12-01,0,0,0,0,0,0,0,0,0,1,0,0,0
Caoimhín Kelleher,Liverpool,62,IRL,26,90.0,0,0,0,0,0,0,0,0,45,0,0,0,0.0,0.0,0.0,1,0,30,45,66.7,0,39,0,0,0,2024-12-01,0,0,0,0,0,1,0,0,0,0,0,0,0
Erling Haaland,Manchester City,9,NOR,24,90.0,0,0,0,0,2,1,0,0,16,0,0,0,0.2,0.2,0.1,1,0,6,7,85.7,0,6,0,1,0,2024-12-01,0,0,0,0,1,0,0,0,0,0,0,0,0
Matheus Nunes,Manchester City,27,POR,26,56.0,0,0,0,0,0,0,1,0,31,0,0,2,0.0,0.0,0.0,0,0,18,22,81.8,2,18,1,3,1,2024-12-01,0,0,0,0,0,0,0,0,1,0,0,0,0
Jeremy Doku,Manchester City,11,BEL,22,34.0,0,0,0,0,1,0,0,0,28,1,0,0,0.0,0.0,0.1,2,0,15,18,83.3,1,25,4,7,6,2024-12-01,0,0,0,0,0,0,0,1,1,0,0,0,0
Rico Lewis,Manchester City,82,ENG,20,78.0,0,0,0,0,1,0,0,0,31,3,1,0,0.1,0.1,0.0,1,0,19,22,86.4,2,18,2,2,1,2024-12-01,0,0,0,1,0,0,0,0,0,0,0,1,0
Jack Grealish,Manchester City,10,ENG,29,12.0,0,0,0,0,0,0,0,0,13,1,0,0,0.0,0.0,0.0,1,0,10,12,83.3,2,10,2,0,0,2024-12-01,0,0,1,1,0,0,0,0,0,0,0,0,0
Phil Foden,Manchester City,47,ENG,24,78.0,0,0,0,0,0,0,1,0,44,0,0,0,0.0,0.0,0.0,1,0,31,35,88.6,1,26,1,3,0,2024-12-01,1,0,0,0,0,0,0,0,0,0,0,0,0
Kevin De Bruyne,Manchester City,17,BEL,33,12.0,0,0,0,0,1,1,0,0,10,1,0,0,0.4,0.4,0.0,1,0,7,9,77.8,1,4,0,0,0,2024-12-01,1,0,1,0,0,0,0,0,0,0,0,0,0
İlkay Gündoğan,Manchester City,19,GER,34,57.0,0,0,0,0,0,0,0,0,44,0,1,1,0.0,0.0,0.0,1,0,34,41,82.9,5,27,2,0,0,2024-12-01,0,0,0,1,0,0,0,0,0,0,0,0,0
Sávio,Manchester City,26,BRA,20,33.0,0,0,0,0,0,0,0,0,16,0,0,0,0.0,0.0,0.0,0,0,8,12,66.7,3,13,1,5,2,2024-12-01,0,0,0,0,0,0,0,0,0,0,1,1,0
Bernardo Silva,Manchester City,20,POR,30,90.0,0,0,0,0,2,0,0,0,93,4,1,1,0.1,0.1,0.0,3,0,71,80,88.8,4,56,1,2,2,2024-12-01,0,0,0,1,0,0,0,0,0,0,0,0,0
Nathan Aké,Manchester City,6,NED,29,90.0,0,0,0,0,0,0,0,0,79,4,2,4,0.0,0.0,0.0,1,0,57,66,86.4,2,45,2,0,0,2024-12-01,0,0,0,0,0,0,1,0,0,0,0,0,0
Manuel Akanji,Manchester City,25,SUI,29,90.0,0,0,0,0,0,0,1,0,77,0,0,1,0.0,0.0,0.0,0,0,63,69,91.3,8,44,2,0,0,2024-12-01,0,1,0,0,0,0,0,0,0,0,0,0,0
Rúben Dias,Manchester City,3,POR,27,90.0,0,0,0,0,1,0,0,0,87,0,0,1,0.0,0.0,0.1,1,0,72,78,92.3,3,65,1,0,0,2024-12-01,0,1,0,0,0,0,0,0,0,0,0,0,0
Kyle Walker,Manchester City,2,ENG,34,90.0,0,0,0,0,0,0,0,0,68,3,0,0,0.0,0.0,0.0,1,0,50,59,84.7,6,36,1,2,1,2024-12-01,0,0,0,0,0,0,0,0,0,1,0,0,0
Stefan Ortega,Manchester City,18,GER,32,90.0,0,0,0,0,0,0,0,0,49,0,0,0,0.0,0.0,0.0,0,0,37,43,86.0,0,29,0,0,0,2024-12-01,0,0,0,0,0,1,0,0,0,0,0,0,0
Liam Delap,Ipswich Town,19,ENG,21,78.0,0,0,0,0,4,1,0,0,21,2,0,0,0.3,0.3,0.0,1,0,6,13,46.2,0,9,0,1,0,2024-12-03,0,0,0,0,1,0,0,0,0,0,0,0,0
Ali Al Hamadi,Ipswich Town,16,IRQ,22,12.0,0,0,0,0,0,0,0,0,2,0,0,0,0.0,0.0,0.0,1,0,2,2,100.0,1,3,1,1,1,2024-12-03,0,0,0,0,1,0,0,0,0,0,0,0,0
Jack Clarke,Ipswich Town,47,ENG,24,65.0,0,0,0,0,0,0,0,0,32,3,0,0,0.0,0.0,0.0,2,0,20,24,83.3,3,18,3,4,2,2024-12-03,0,0,0,0,0,0,0,0,1,0,0,0,0
Nathan Broadhead,Ipswich Town,33,WAL,26,25.0,0,0,0,0,0,0,0,0,13,1,0,0,0.0,0.0,0.0,0,0,7,8,87.5,0,7,0,3,2,2024-12-03,0,0,0,0,0,0,0,0,1,0,0,0,0
Wes Burns,Ipswich Town,7,WAL,30,65.0,0,0,0,0,1,0,0,0,31,1,1,1,0.1,0.1,0.1,2,0,9,21,42.9,0,15,2,0,0,2024-12-03,0,0,0,0,0,0,0,0,0,0,0,1,0
Conor Chaplin,Ipswich Town,10,ENG,27,25.0,0,0,0,0,0,0,0,0,9,0,0,0,0.0,0.0,0.0,1,0,8,9,88.9,2,4,0,0,0,2024-12-03,0,0,0,0,0,0,0,0,0,0,0,1,0
Omari Hutchinson,Ipswich Town,20,ENG,21,90.0,0,0,0,0,0,0,0,0,41,1,0,0,0.0,0.0,0.0,1,0,19,30,63.3,2,24,4,4,3,2024-12-03,1,0,0,0,0,0,0,0,0,0,0,0,0
Jens Cajuste,Ipswich Town,12,SWE,25,65.0,0,0,0,0,0,0,0,0,39,0,1,0,0.0,0.0,0.1,1,0,29,34,85.3,4,15,1,1,0,2024-12-03,0,0,0,1,0,0,0,0,0,0,0,0,0
Jack Taylor,Ipswich Town,14,IRL,26,25.0,0,0,0,0,0,0,0,0,21,0,0,0,0.0,0.0,0.0,2,0,17,19,89.5,1,8,1,0,0,2024-12-03,0,0,0,1,0,0,0,0,0,0,0,0,0
Sam Morsy,Ipswich Town,5,EGY,33,90.0,0,0,0,0,1,0,0,0,77,3,4,0,0.0,0.0,0.0,2,0,57,67,85.1,4,36,0,1,1,2024-12-03,0,0,0,1,0,0,0,0,0,0,0,0,0
Leif Davis,Ipswich Town,3,ENG,24,90.0,0,0,0,0,0,0,0,0,60,0,0,0,0.0,0.0,0.3,5,0,39,53,73.6,2,23,0,0,0,2024-12-03,0,0,0,0,0,0,1,0,0,0,0,0,0
Jacob Greaves,Ipswich Town,24,ENG,24,90.0,0,0,0,0,1,0,1,0,93,3,1,1,0.0,0.0,0.0,0,0,65,80,81.3,3,37,0,0,0,2024-12-03,0,1,0,0,0,0,0,0,0,0,0,0,0
Dara O'Shea,Ipswich Town,26,IRL,25,90.0,0,0,0,0,1,0,1,0,102,2,2,2,0.0,0.0,0.0,0,0,74,86,86.0,1,54,0,1,0,2024-12-03,0,1,0,0,0,0,0,0,0,0,0,0,0
Harry Clarke,Ipswich Town,2,ENG,23,90.0,0,0,0,0,1,1,0,0,80,2,0,2,0.1,0.1,0.0,0,0,63,70,90.0,3,33,1,1,0,2024-12-03,0,0,0,0,0,0,0,0,0,1,0,0,0
Arijanet Muric,Ipswich Town,1,KVX,26,90.0,0,0,0,0,0,0,0,0,49,0,0,0,0.0,0.0,0.0,0,0,41,47,87.2,0,28,0,0,0,2024-12-03,0,0,0,0,0,1,0,0,0,0,0,0,0
Jean-Philippe Mateta,Crystal Palace,14,FRA,27,90.0,1,0,0,0,3,2,1,0,25,2,0,0,0.8,0.8,0.2,4,1,10,17,58.8,2,12,3,1,1,2024-12-03,0,0,0,0,1,0,0,0,0,0,0,0,0
Eberechi Eze,Crystal Palace,10,ENG,26,75.0,0,1,0,0,3,1,0,0,59,0,0,3,0.2,0.2,1.0,6,1,32,46,69.6,6,33,4,4,1,2024-12-03,1,0,0,0,0,0,0,0,0,0,0,0,0
Justin Devenny,Crystal Palace,55,NIR,21,15.0,0,0,0,0,0,0,0,0,8,2,0,0,0.0,0.0,0.0,0,0,6,7,85.7,0,2,0,0,0,2024-12-03,1,0,0,0,0,0,0,0,0,0,0,0,0
Ismaila Sarr,Crystal Palace,7,SEN,26,89.0,0,0,0,0,0,0,1,0,32,0,1,0,0.0,0.0,0.0,4,0,21,25,84.0,4,23,1,0,0,2024-12-03,1,0,0,0,0,0,0,0,0,0,0,0,0
Eddie Nketiah,Crystal Palace,9,ENG,25,1.0,0,0,0,0,0,0,0,0,1,0,0,0,0.0,0.0,0.0,0,0,0,1,0.0,0,0,0,0,0,2024-12-03,1,0,0,0,0,0,0,0,0,0,0,0,0
Cheick Doucouré,Crystal Palace,28,MLI,24,45.0,0,0,0,0,2,0,1,0,24,1,0,0,0.1,0.1,0.0,2,0,17,19,89.5,3,11,0,0,0,2024-12-03,0,0,1,0,0,0,0,0,0,0,0,0,0
Jefferson Lerma,Crystal Palace,8,COL,30,45.0,0,0,0,0,1,0,0,0,26,1,1,1,0.0,0.0,0.0,0,0,20,22,90.9,3,11,0,0,0,2024-12-03,0,0,1,0,0,0,0,0,0,0,0,0,0
Will Hughes,Crystal Palace,19,ENG,29,90.0,0,0,0,0,0,0,1,0,55,2,0,1,0.0,0.0,0.1,2,0,37,44,84.1,6,29,2,2,0,2024-12-03,0,0,1,0,0,0,0,0,0,0,0,0,0
Tyrick Mitchell,Crystal Palace,3,ENG,25,90.0,0,0,0,0,0,0,0,0,47,0,0,2,0.0,0.0,0.2,3,0,31,36,86.1,4,18,2,1,1,2024-12-03,0,0,0,0,0,0,0,0,0,0,0,0,1
Daniel Muñoz,Crystal Palace,12,COL,28,90.0,0,0,0,0,1,0,0,0,54,0,1,0,0.2,0.2,0.0,1,0,35,46,76.1,3,21,2,1,0,2024-12-03,0,0,0,0,0,0,0,0,0,0,0,0,1
Marc Guéhi,Crystal Palace,6,ENG,24,90.0,0,0,0,0,1,0,0,0,80,2,0,3,0.1,0.1,0.0,1,0,59,70,84.3,3,43,1,1,1,2024-12-03,0,1,0,0,0,0,0,0,0,0,0,0,0
Maxence Lacroix,Crystal Palace,5,FRA,24,90.0,0,0,0,0,1,0,0,0,64,3,1,0,0.2,0.2,0.0,0,0,44,55,80.0,2,35,0,0,0,2024-12-03,0,1,0,0,0,0,0,0,0,0,0,0,0
Trevoh Chalobah,Crystal Palace,27,ENG,25,80.0,0,0,0,0,1,0,0,0,49,2,0,0,0.1,0.1,0.0,0,0,33,41,80.5,3,26,1,0,0,2024-12-03,0,1,0,0,0,0,0,0,0,0,0,0,0
Chris Richards,Crystal Palace,26,USA,24,10.0,0,0,0,0,0,0,0,0,5,0,0,0,0.0,0.0,0.0,0,0,5,5,100.0,1,2,0,0,0,2024-12-03,0,1,0,0,0,0,0,0,0,0,0,0,0
Dean Henderson,Crystal Palace,1,ENG,27,90.0,0,0,0,0,0,0,0,0,41,0,0,0,0.0,0.0,0.0,0,0,21,40,52.5,0,24,0,0,0,2024-12-03,0,0,0,0,0,1,0,0,0,0,0,0,0
Jamie Vardy,Leicester City,9,ENG,37,59.0,1,0,0,0,3,2,1,0,12,1,0,1,0.7,0.7,0.0,0,0,3,7,42.9,0,7,3,0,0,2024-12-03,0,0,0,0,1,0,0,0,0,0,0,0,0
Patson Daka,Leicester City,20,ZAM,26,31.0,1,0,0,0,1,1,0,0,10,2,0,0,0.1,0.1,0.0,1,1,1,4,25.0,0,6,1,3,1,2024-12-03,0,0,0,0,1,0,0,0,0,0,0,0,0
Bilal El Khannouss,Leicester City,11,MAR,20,73.0,1,1,0,0,1,1,0,0,42,2,3,2,0.1,0.1,0.9,4,1,23,31,74.2,4,24,2,2,2,2024-12-03,1,0,0,0,0,0,0,0,1,0,0,0,0
Bobby Reid,Leicester City,14,JAM,31,17.0,0,0,0,0,0,0,0,0,5,0,0,0,0.0,0.0,0.0,0,0,2,3,66.7,1,3,0,0,0,2024-12-03,1,0,0,0,0,0,0,0,0,0,0,1,0
Kasey McAteer,Leicester City,35,IRL,23,73.0,0,1,0,0,2,1,0,0,32,5,0,2,0.4,0.4,0.1,2,1,14,21,66.7,2,19,5,0,0,2024-12-03,0,0,0,0,0,0,0,0,1,0,0,1,0
Stephy Mavididi,Leicester City,10,ENG,26,17.0,0,0,0,0,0,0,0,0,13,0,0,0,0.0,0.0,0.0,0,0,8,11,72.7,1,8,1,0,0,2024-12-03,0,0,0,0,0,0,0,0,1,0,0,0,0
Facundo Buonanotte,Leicester City,40,ARG,19,89.0,0,0,0,0,0,0,0,0,39,3,0,3,0.0,0.0,0.3,4,1,14,25,56.0,2,18,4,2,0,2024-12-03,1,0,0,0,0,0,0,0,0,0,0,1,0
Jordan Ayew,Leicester City,18,GHA,33,1.0,0,0,0,0,0,0,0,0,8,0,0,0,0.0,0.0,0.0,0,0,3,4,75.0,0,7,0,0,0,2024-12-03,1,0,0,0,0,0,0,0,0,0,0,0,0
Boubakary Soumaré,Leicester City,24,FRA,25,90.0,0,0,0,0,0,0,1,0,47,4,0,2,0.0,0.0,0.0,0,0,32,36,88.9,3,31,0,2,1,2024-12-03,0,0,0,1,0,0,0,0,0,0,0,0,0
Wilfred Ndidi,Leicester City,6,NGA,27,90.0,0,0,0,0,1,1,0,0,58,8,3,2,0.4,0.4,0.0,0,0,30,35,85.7,1,23,0,2,2,2024-12-03,0,0,0,1,0,0,0,0,0,0,0,0,0
Victor Bernth Kristiansen,Leicester City,16,DEN,21,90.0,0,1,0,0,0,0,0,0,51,5,1,3,0.0,0.0,0.3,3,2,32,39,82.1,2,30,2,0,0,2024-12-03,0,0,0,0,0,0,1,0,0,0,0,0,0
Jannik Vestergaard,Leicester City,23,DEN,32,59.0,0,0,0,0,0,0,0,0,54,2,1,1,0.0,0.0,0.0,0,0,41,48,85.4,1,35,0,0,0,2024-12-03,0,1,0,0,0,0,0,0,0,0,0,0,0
Wout Faes,Leicester City,3,BEL,26,31.0,0,0,0,0,0,0,0,0,16,0,2,0,0.0,0.0,0.0,0,0,10,12,83.3,0,7,0,1,0,2024-12-03,0,1,0,0,0,0,0,0,0,0,0,0,0
Conor Coady,Leicester City,4,ENG,31,90.0,0,0,0,0,0,0,0,0,55,2,1,3,0.0,0.0,0.0,0,0,41,47,87.2,0,39,0,0,0,2024-12-03,0,1,0,0,0,0,0,0,0,0,0,0,0
James Justin,Leicester City,2,ENG,26,90.0,0,0,0,0,0,0,0,0,57,1,1,3,0.0,0.0,0.0,1,0,29,41,70.7,3,26,2,1,0,2024-12-03,0,0,0,0,0,0,0,0,0,1,0,0,0
Mads Hermansen,Leicester City,30,DEN,24,90.0,0,0,0,0,0,0,0,0,53,0,0,0,0.0,0.0,0.0,0,0,21,45,46.7,0,36,0,0,0,2024-12-03,0,0,0,0,0,1,0,0,0,0,0,0,0
Danny Ings,West Ham United,18,ENG,32,45.0,0,0,0,0,2,0,0,0,19,0,0,0,0.3,0.3,0.1,3,0,12,13,92.3,1,7,0,0,0,2024-12-03,0,0,0,0,1,0,0,0,0,0,0,0,0
Crysencio Summerville,West Ham United,7,NED,23,45.0,0,1,0,0,2,0,0,0,30,0,0,0,0.3,0.3,0.6,3,1,20,22,90.9,1,15,3,2,0,2024-12-03,0,0,0,0,0,0,0,1,1,0,0,0,0
Mohammed Kudus,West Ham United,14,GHA,24,78.0,0,0,0,0,3,1,0,0,53,1,0,2,0.2,0.2,0.3,8,0,33,38,86.8,6,37,1,10,6,2024-12-03,0,0,0,0,0,0,0,0,1,0,1,1,0
Niclas Füllkrug,West Ham United,11,GER,31,12.0,1,0,0,0,1,1,0,0,6,0,0,0,0.4,0.4,0.0,1,0,4,5,80.0,0,2,0,0,0,2024-12-03,0,0,0,0,1,0,0,0,0,0,0,0,0
Jarrod Bowen,West Ham United,20,ENG,27,90.0,0,0,0,0,4,3,0,0,52,1,0,0,0.5,0.5,0.6,9,1,28,36,77.8,4,24,5,6,3,2024-12-03,0,0,0,0,1,0,0,0,0,0,1,1,0
Tomáš Souček,West Ham United,28,CZE,29,61.0,0,0,0,0,5,0,0,0,32,0,0,0,0.2,0.2,0.1,4,0,16,25,64.0,4,9,0,0,0,2024-12-03,1,0,0,0,0,0,0,0,0,0,0,0,0
Michail Antonio,West Ham United,9,JAM,34,29.0,0,0,0,0,1,0,0,0,18,0,0,1,0.2,0.2,0.0,0,0,3,12,25.0,0,11,3,4,2,2024-12-03,0,0,0,0,1,0,0,0,0,0,0,0,0
Carlos Soler,West Ham United,4,ESP,27,61.0,0,0,0,0,4,1,0,0,56,1,0,0,0.2,0.2,0.2,7,0,42,52,80.8,4,22,1,1,0,2024-12-03,0,0,0,1,0,0,0,0,0,0,0,0,0
Lucas Paquetá,West Ham United,10,BRA,27,29.0,0,0,0,0,1,0,0,0,35,2,1,2,0.1,0.1,0.0,1,0,19,27,70.4,2,10,0,1,0,2024-12-03,0,0,1,0,0,0,0,0,0,0,0,0,0
Edson Álvarez,West Ham United,19,MEX,27,90.0,0,0,0,0,2,0,1,0,96,2,1,1,0.0,0.0,0.3,3,0,76,83,91.6,13,52,3,2,2,2024-12-03,0,0,0,1,0,0,0,0,0,0,0,0,0
Aaron Wan-Bissaka,West Ham United,29,ENG,27,90.0,0,0,0,0,1,0,0,0,96,2,2,1,0.0,0.0,0.0,5,0,67,81,82.7,12,37,3,8,1,2024-12-03,0,0,0,0,0,0,1,0,0,1,0,0,0
Max Kilman,West Ham United,26,ENG,27,90.0,0,0,0,0,2,1,0,0,96,0,3,1,0.2,0.2,0.1,2,0,79,88,89.8,14,50,0,2,2,2024-12-03,0,1,0,0,0,0,0,0,0,0,0,0,0
Konstantinos Mavropanos,West Ham United,15,GRE,26,90.0,0,0,0,0,3,1,0,0,81,1,1,2,0.4,0.4,0.2,3,0,65,72,90.3,6,49,3,6,4,2024-12-03,0,1,0,0,0,0,0,0,0,0,0,0,0
Vladimír Coufal,West Ham United,5,CZE,32,61.0,0,0,0,0,0,0,1,0,53,2,0,0,0.0,0.0,0.0,1,0,33,41,80.5,4,21,0,2,0,2024-12-03,0,0,0,0,0,0,0,0,0,1,0,0,0
Emerson Palmieri,West Ham United,33,ITA,30,29.0,0,0,0,0,0,0,0,0,35,1,0,0,0.0,0.0,0.1,1,0,28,32,87.5,3,12,0,1,0,2024-12-03,0,0,0,0,0,0,1,0,0,0,0,0,0
Łukasz Fabiański,West Ham United,1,POL,39,90.0,0,0,0,0,0,0,0,0,25,0,0,0,0.0,0.0,0.0,1,0,19,22,86.4,0,11,0,0,0,2024-12-03,0,0,0,0,0,1,0,0,0,0,0,0,0
Dominic Calvert-Lewin,Everton,9,ENG,27,82.0,0,0,0,0,2,1,0,0,26,0,0,1,0.3,0.3,0.0,1,1,13,18,72.2,1,18,1,0,0,2024-12-04,0,0,0,0,1,0,0,0,0,0,0,0,0
Armando Broja,Everton,22,ALB,23,8.0,0,0,0,0,0,0,0,0,7,0,0,0,0.0,0.0,0.0,1,0,2,3,66.7,0,6,3,3,1,2024-12-04,0,0,0,0,1,0,0,0,0,0,0,0,0
Dwight McNeil,Everton,7,ENG,25,73.0,0,0,0,0,2,0,0,0,40,0,0,0,0.1,0.1,0.3,4,0,19,36,52.8,2,18,4,2,1,2024-12-04,0,0,0,0,0,0,0,0,1,0,0,0,0
Jack Harrison,Everton,11,ENG,28,17.0,0,0,0,0,3,0,0,0,10,1,0,0,0.4,0.4,0.0,0,0,1,4,25.0,0,6,0,1,0,2024-12-04,1,0,0,0,0,0,0,0,0,0,0,1,0
Iliman Ndiaye,Everton,10,SEN,24,90.0,0,0,0,0,1,0,0,0,32,3,1,0,0.0,0.0,0.0,1,0,16,16,100.0,1,17,2,8,3,2024-12-04,0,0,0,0,0,0,0,0,1,0,0,1,0
Abdoulaye Doucouré,Everton,16,MLI,31,82.0,0,0,0,0,1,0,0,0,37,1,0,0,0.0,0.0,0.0,2,0,24,32,75.0,1,18,2,3,2,2024-12-04,1,0,0,0,0,0,0,0,0,0,0,0,0
Jesper Lindstrøm,Everton,29,DEN,24,8.0,0,0,0,0,0,0,0,0,8,0,0,0,0.0,0.0,0.1,2,0,7,8,87.5,2,2,1,1,1,2024-12-04,1,0,0,0,0,0,0,0,0,0,0,1,0
Orel Mangala,Everton,8,BEL,26,88.0,1,0,0,0,1,1,1,0,44,0,1,3,0.1,0.1,0.0,2,0,28,29,96.6,1,18,0,3,1,2024-12-04,0,0,0,1,0,0,0,0,0,0,0,0,0
Harrison Armstrong,Everton,45,ENG,17,2.0,0,0,0,0,0,0,1,0,1,0,0,0,0.0,0.0,0.0,0,0,1,1,100.0,0,2,0,0,0,2024-12-04,0,0,0,1,0,0,0,0,0,0,0,0,0
Idrissa Gana Gueye,Everton,27,SEN,35,90.0,0,0,0,0,0,0,0,0,53,3,1,1,0.0,0.0,0.0,2,0,43,45,95.6,4,20,0,3,1,2024-12-04,0,0,0,1,0,0,0,0,0,0,0,0,0
Vitaliy Mykolenko,Everton,19,UKR,25,90.0,0,0,0,0,1,0,0,0,53,1,1,1,0.0,0.0,0.0,2,1,31,41,75.6,3,13,0,0,0,2024-12-04,0,0,0,0,0,0,1,0,0,0,0,0,0
Jarrad Branthwaite,Everton,32,ENG,22,90.0,0,0,0,0,0,0,0,0,51,2,4,1,0.0,0.0,0.0,0,0,36,40,90.0,2,23,0,0,0,2024-12-04,0,1,0,0,0,0,0,0,0,0,0,0,0
James Tarkowski,Everton,6,ENG,32,90.0,0,0,0,0,1,1,0,0,47,2,1,1,0.0,0.0,0.0,2,1,26,31,83.9,1,11,0,0,0,2024-12-04,0,1,0,0,0,0,0,0,0,0,0,0,0
Ashley Young,Everton,18,ENG,39,90.0,1,0,0,0,1,1,0,0,72,7,4,1,0.1,0.1,0.0,1,0,37,53,69.8,3,25,1,1,1,2024-12-04,0,0,0,0,0,0,0,0,0,1,0,0,0
Jordan Pickford,Everton,1,ENG,30,90.0,0,0,0,0,0,0,0,0,54,0,0,0,0.0,0.0,0.0,1,0,33,50,66.0,0,27,0,0,0,2024-12-04,0,0,0,0,0,1,0,0,0,0,0,0,0
Jørgen Strand Larsen,Wolverhampton Wanderers,9,NOR,24,90.0,0,0,0,0,2,1,0,0,24,0,0,0,0.6,0.6,0.1,1,0,8,12,66.7,0,12,1,1,0,2024-12-04,0,0,0,0,1,0,0,0,0,0,0,0,0
Matheus Cunha,Wolverhampton Wanderers,10,BRA,25,90.0,0,0,0,0,2,1,0,0,54,3,0,0,0.1,0.1,0.0,3,0,20,37,54.1,3,31,4,6,2,2024-12-04,1,0,0,0,0,0,0,0,1,0,0,0,0
Gonçalo Guedes,Wolverhampton Wanderers,29,POR,28,56.0,0,0,0,0,1,0,0,0,17,1,0,1,0.0,0.0,0.0,1,0,7,12,58.3,0,8,1,0,0,2024-12-04,1,0,0,0,0,0,0,0,0,0,0,0,0
Hwang Hee-chan,Wolverhampton Wanderers,11,KOR,28,34.0,0,0,0,0,0,0,0,0,23,2,0,1,0.0,0.0,0.0,0,0,16,17,94.1,1,10,0,1,0,2024-12-04,1,0,0,0,0,0,0,0,0,0,0,1,0
João Gomes,Wolverhampton Wanderers,8,BRA,23,84.0,0,0,0,0,1,0,0,0,72,4,1,0,0.0,0.0,0.0,2,0,50,64,78.1,5,36,2,1,1,2024-12-04,0,0,1,0,0,0,0,0,0,0,0,0,0
Tommy Doyle,Wolverhampton Wanderers,20,ENG,23,6.0,0,0,0,0,0,0,0,0,9,0,0,0,0.0,0.0,0.0,0,0,8,9,88.9,1,6,0,1,1,2024-12-04,0,0,0,0,0,0,0,1,0,0,0,0,0
André,Wolverhampton Wanderers,7,BRA,23,90.0,0,0,0,0,0,0,0,0,81,7,2,3,0.0,0.0,0.0,2,0,67,73,91.8,9,38,1,2,1,2024-12-04,0,0,1,0,0,0,0,0,0,0,1,0,0
Rayan Aït-Nouri,Wolverhampton Wanderers,3,ALG,23,90.0,0,0,0,0,0,0,0,0,56,4,1,1,0.0,0.0,0.0,0,0,39,42,92.9,6,32,3,7,4,2024-12-04,0,0,0,0,0,0,1,0,0,0,0,0,1
Matt Doherty,Wolverhampton Wanderers,2,IRL,32,76.0,0,0,0,0,0,0,0,0,66,0,0,1,0.0,0.0,0.7,2,0,49,58,84.5,3,33,1,1,0,2024-12-04,0,0,0,0,0,0,0,0,0,0,0,0,1
Rodrigo Gomes,Wolverhampton Wanderers,19,POR,21,14.0,0,0,0,0,0,0,0,0,14,3,0,1,0.0,0.0,0.0,0,0,8,10,80.0,0,7,0,1,0,2024-12-04,0,0,0,0,0,0,0,0,0,1,0,0,1
Santiago Bueno,Wolverhampton Wanderers,4,URU,26,76.0,0,0,0,0,0,0,0,0,59,1,0,1,0.0,0.0,0.0,1,0,41,54,75.9,2,36,0,0,0,2024-12-04,0,1,0,0,0,0,0,0,0,0,0,0,0
Toti Gomes,Wolverhampton Wanderers,24,POR,25,14.0,0,0,0,0,0,0,0,0,12,2,0,1,0.0,0.0,0.0,0,0,5,8,62.5,0,2,0,0,0,2024-12-04,0,1,0,0,0,0,0,0,0,0,0,0,0
Craig Dawson,Wolverhampton Wanderers,15,ENG,34,90.0,0,0,0,0,0,0,0,0,54,1,1,0,0.0,0.0,0.0,0,0,41,46,89.1,3,31,1,0,0,2024-12-04,0,1,0,0,0,0,0,0,0,0,0,0,0
Mario Lemina,Wolverhampton Wanderers,5,GAB,31,90.0,0,0,0,0,0,0,0,0,60,2,1,2,0.0,0.0,0.0,0,0,39,50,78.0,3,31,2,1,0,2024-12-04,0,1,1,0,0,0,0,0,0,0,0,0,0
José Sá,Wolverhampton Wanderers,1,POR,31,90.0,0,0,0,0,0,0,0,0,31,0,0,0,0.0,0.0,0.0,0,0,17,29,58.6,0,15,0,1,1,2024-12-04,0,0,0,0,0,1,0,0,0,0,0,0,0
Alexander Isak,Newcastle United,14,SWE,25,90.0,1,1,0,0,2,1,0,0,42,0,0,1,0.1,0.1,0.5,6,1,19,27,70.4,6,29,6,9,5,2024-12-04,0,0,0,0,1,0,0,0,1,0,0,0,0
Anthony Gordon,Newcastle United,10,ENG,23,86.0,1,0,0,0,5,2,0,0,49,1,0,1,0.8,0.8,0.5,6,1,22,35,62.9,1,29,6,9,3,2024-12-04,0,0,0,0,0,0,0,0,1,0,0,0,0
Callum Wilson,Newcastle United,9,ENG,32,4.0,0,0,0,0,0,0,0,0,1,0,0,0,0.0,0.0,0.0,1,0,0,0,80.8,0,1,0,1,0,2024-12-04,0,0,0,0,1,0,0,0,0,0,0,0,0
Jacob Murphy,Newcastle United,23,ENG,29,73.0,0,0,0,0,3,0,0,0,27,0,1,1,0.4,0.4,0.1,1,0,9,16,56.3,0,15,3,1,0,2024-12-04,0,0,0,0,0,0,0,0,0,0,0,1,0
Harvey Barnes,Newcastle United,11,ENG,26,17.0,0,0,0,0,0,0,0,0,7,0,0,0,0.0,0.0,0.0,3,1,5,6,83.3,0,5,0,0,0,2024-12-04,0,0,0,0,0,0,0,0,0,0,0,1,0
Joelinton,Newcastle United,7,BRA,28,87.0,0,0,0,0,3,0,0,0,45,1,1,1,0.1,0.1,0.0,0,0,31,35,88.6,5,27,2,2,1,2024-12-04,0,0,0,0,0,0,0,1,0,0,0,0,0
Joe Willock,Newcastle United,28,ENG,25,3.0,0,0,0,0,0,0,0,0,3,1,0,0,0.0,0.0,0.0,0,0,0,0,80.8,0,0,0,0,0,2024-12-04,0,0,0,0,0,0,0,1,0,0,0,0,0
Bruno Guimarães,Newcastle United,39,BRA,27,90.0,0,2,0,0,1,1,0,0,39,4,0,0,0.2,0.2,0.4,4,2,23,27,85.2,4,27,0,4,0,2024-12-04,0,0,1,0,0,0,0,0,0,0,0,0,0
Sandro Tonali,Newcastle United,8,ITA,24,86.0,0,0,0,0,1,1,1,0,49,1,1,1,0.1,0.1,0.0,2,0,33,42,78.6,0,22,0,1,1,2024-12-04,0,0,0,0,0,0,0,0,0,0,1,0,0
Sean Longstaff,Newcastle United,36,ENG,27,4.0,0,0,0,0,0,0,0,0,3,1,0,0,0.0,0.0,0.0,0,0,1,2,50.0,0,1,0,0,0,2024-12-04,0,0,0,0,0,0,0,0,0,0,1,0,0
Lewis Hall,Newcastle United,20,ENG,20,90.0,0,0,0,0,1,0,0,0,63,1,1,2,0.0,0.0,0.1,2,0,39,53,73.6,4,22,1,1,0,2024-12-04,0,0,0,0,0,0,1,0,0,0,0,0,0
Dan Burn,Newcastle United,33,ENG,32,90.0,0,0,0,0,0,0,0,0,42,1,0,3,0.0,0.0,0.0,0,0,28,34,82.4,0,21,0,0,0,2024-12-04,0,1,0,0,0,0,0,0,0,0,0,0,0
Fabian Schär,Newcastle United,5,SUI,32,90.0,1,0,0,0,1,1,0,0,58,1,1,1,0.3,0.3,0.0,2,1,40,53,75.5,2,37,1,2,1,2024-12-04,0,1,0,0,0,0,0,0,0,0,0,0,0
Valentino Livramento,Newcastle United,21,ENG,22,90.0,0,0,0,0,0,0,0,0,54,2,0,1,0.0,0.0,0.0,1,0,39,47,83.0,2,29,1,1,1,2024-12-04,0,0,0,0,0,0,0,0,0,1,0,0,0
Nick Pope,Newcastle United,22,ENG,32,90.0,0,0,0,0,0,0,1,0,28,0,0,0,0.0,0.0,0.0,0,0,18,25,72.0,0,17,0,0,0,2024-12-04,0,0,0,0,0,1,0,0,0,0,0,0,0
Darwin Núñez,Liverpool,9,URU,25,90.0,0,0,0,0,3,0,1,0,23,1,0,1,0.4,0.4,0.0,1,0,9,13,69.2,1,14,1,2,0,2024-12-04,0,0,0,0,1,0,0,0,0,0,0,0,0
Cody Gakpo,Liverpool,18,NED,25,66.0,0,0,0,0,2,0,0,0,27,2,0,2,0.1,0.1,0.0,4,0,11,18,61.1,1,16,2,3,1,2024-12-04,0,0,0,0,0,0,0,0,1,0,0,0,0
Luis Díaz,Liverpool,7,COL,27,24.0,0,0,0,0,1,0,0,0,14,0,0,1,0.1,0.1,0.0,1,0,8,9,88.9,1,8,3,3,1,2024-12-04,0,0,0,0,0,0,0,0,1,0,0,0,0
Mohamed Salah,Liverpool,11,EGY,32,90.0,2,1,0,0,4,2,0,0,47,1,0,0,0.7,0.7,0.4,6,1,21,31,67.7,2,38,2,1,1,2024-12-04,0,0,0,0,0,0,0,0,0,0,0,1,0
Curtis Jones,Liverpool,17,ENG,23,90.0,1,0,0,0,3,2,0,0,69,2,0,0,0.5,0.5,0.0,2,1,56,60,93.3,5,55,1,2,2,2024-12-04,1,0,0,1,0,0,0,0,0,0,0,0,0
Alexis Mac Allister,Liverpool,10,ARG,25,90.0,0,0,0,0,3,1,1,0,65,7,0,3,0.2,0.2,0.1,8,1,41,47,87.2,8,37,1,2,1,2024-12-04,0,0,0,1,0,0,0,0,0,0,0,0,0
Ryan Gravenberch,Liverpool,38,NED,22,66.0,0,0,0,0,0,0,1,0,61,0,4,1,0.0,0.0,0.0,0,0,47,53,88.7,2,52,0,1,0,2024-12-04,0,0,0,1,0,0,0,0,0,0,0,0,0
Dominik Szoboszlai,Liverpool,8,HUN,24,24.0,0,0,0,0,0,0,0,0,18,1,0,1,0.0,0.0,0.0,1,1,15,15,100.0,2,14,1,2,0,2024-12-04,1,0,0,0,0,0,0,0,0,0,0,0,0
Andrew Robertson,Liverpool,26,SCO,30,90.0,0,0,0,0,0,0,0,0,86,2,0,0,0.0,0.0,0.1,2,0,68,77,88.3,7,58,2,0,0,2024-12-04,0,0,0,0,0,0,1,0,0,0,0,0,0
Virgil van Dijk,Liverpool,4,NED,33,90.0,0,0,0,0,0,0,0,0,70,2,3,0,0.0,0.0,0.0,1,0,53,59,89.8,4,47,2,0,0,2024-12-04,0,1,0,0,0,0,0,0,0,0,0,0,0
Joe Gomez,Liverpool,2,ENG,27,66.0,0,0,0,0,0,0,0,0,62,0,1,2,0.0,0.0,0.0,0,0,48,53,90.6,2,49,0,0,0,2024-12-04,0,1,0,0,0,0,0,0,0,0,0,0,0
Trent Alexander-Arnold,Liverpool,66,ENG,26,24.0,0,2,0,0,0,0,1,0,20,0,1,1,0.0,0.0,0.6,4,2,14,18,77.8,4,12,1,0,0,2024-12-04,0,0,0,0,0,0,0,0,0,1,0,0,0
Jarell Quansah,Liverpool,78,ENG,21,90.0,0,0,0,0,0,0,1,0,69,5,1,1,0.0,0.0,0.0,0,0,46,55,83.6,3,45,1,1,1,2024-12-04,0,1,0,0,0,0,0,0,0,1,0,0,0
Caoimhín Kelleher,Liverpool,62,IRL,26,90.0,0,0,0,0,0,0,0,0,46,0,0,0,0.0,0.0,0.0,0,0,36,45,80.0,0,35,0,0,0,2024-12-04,0,0,0,0,0,1,0,0,0,0,0,0,0
Erling Haaland,Manchester City,9,NOR,24,90.0,0,1,0,0,2,1,0,0,28,2,0,0,0.2,0.2,0.3,3,1,15,18,83.3,2,16,0,2,0,2024-12-04,0,0,0,0,1,0,0,0,0,0,0,0,0
Jeremy Doku,Manchester City,11,BEL,22,89.0,1,1,0,0,3,1,0,0,56,2,1,0,0.2,0.2,0.1,3,2,32,40,80.0,3,44,12,12,6,2024-12-04,0,0,0,0,0,0,0,0,1,0,0,0,0
Sávio,Manchester City,26,BRA,20,1.0,0,0,0,0,0,0,0,0,6,0,0,0,0.0,0.0,0.0,0,0,4,5,80.0,0,4,1,0,0,2024-12-04,0,0,0,0,0,0,0,0,1,0,0,0,0
Bernardo Silva,Manchester City,20,POR,30,90.0,1,0,0,0,1,1,1,0,62,1,1,1,0.8,0.8,0.4,4,1,47,57,82.5,4,44,4,4,2,2024-12-04,0,0,0,0,0,0,0,0,0,0,0,1,0
Kevin De Bruyne,Manchester City,17,BEL,33,73.0,1,1,0,0,5,2,0,0,65,1,1,0,0.3,0.3,1.2,8,1,41,54,75.9,9,42,2,2,2,2024-12-04,1,0,0,0,0,0,0,0,0,0,0,0,0
Rico Lewis,Manchester City,82,ENG,20,17.0,0,0,0,0,0,0,0,0,13,0,0,1,0.0,0.0,0.0,0,0,10,12,83.3,1,5,0,0,0,2024-12-04,0,0,0,1,0,0,1,0,0,0,0,0,0
Jack Grealish,Manchester City,10,ENG,29,89.0,0,0,0,0,2,1,0,0,71,2,0,3,0.1,0.1,0.2,5,0,57,58,98.3,16,45,5,3,1,2024-12-04,1,0,0,1,0,0,0,0,0,0,0,0,0
Matheus Nunes,Manchester City,27,POR,26,1.0,0,0,0,0,0,0,0,0,3,0,0,0,0.0,0.0,0.0,0,0,3,3,100.0,0,3,0,0,0,2024-12-04,0,0,0,1,0,0,0,0,0,0,0,0,0
İlkay Gündoğan,Manchester City,19,GER,34,90.0,0,0,0,0,1,0,1,0,87,2,2,0,0.1,0.1,0.1,2,0,71,77,92.2,1,53,3,2,1,2024-12-04,0,0,0,1,0,0,0,0,0,0,0,0,0
Joško Gvardiol,Manchester City,24,CRO,22,90.0,0,0,0,0,2,0,0,0,60,3,0,1,0.6,0.6,0.0,1,0,40,48,83.3,3,38,3,2,1,2024-12-04,0,1,0,0,0,0,1,0,0,0,0,0,0
Nathan Aké,Manchester City,6,NED,29,89.0,0,0,0,0,0,0,0,0,76,0,0,1,0.0,0.0,0.0,1,0,69,73,94.5,5,54,4,0,0,2024-12-04,0,1,0,0,0,0,0,0,0,0,0,0,0
James Mcatee,Manchester City,87,ENG,22,1.0,0,0,0,0,0,0,0,0,0,0,0,0,0.0,0.0,0.0,0,0,0,0,80.8,0,0,0,0,0,2024-12-04,1,1,0,0,0,0,0,0,0,0,0,0,0
Rúben Dias,Manchester City,3,POR,27,90.0,0,0,0,0,0,0,0,0,92,1,0,0,0.0,0.0,0.0,1,0,85,90,94.4,6,62,3,0,0,2024-12-04,0,1,0,0,0,0,0,0,0,0,0,0,0
Manuel Akanji,Manchester City,25,SUI,29,45.0,0,0,0,0,1,0,0,0,27,2,0,0,0.1,0.1,0.0,0,0,18,23,78.3,2,8,0,0,0,2024-12-04,0,0,0,0,0,0,0,0,0,1,0,0,0
Kyle Walker,Manchester City,2,ENG,34,45.0,0,0,0,0,0,0,0,0,20,0,0,2,0.0,0.0,0.0,0,0,15,17,88.2,1,10,0,0,0,2024-12-04,0,0,0,0,0,0,0,0,0,1,0,0,0
Stefan Ortega,Manchester City,18,GER,32,90.0,0,0,0,0,0,0,0,0,48,0,0,0,0.0,0.0,0.0,0,0,38,45,84.4,0,26,0,0,0,2024-12-04,0,0,0,0,0,1,0,0,0,0,0,0,0
Chris Wood,Nottingham Forest,11,NZL,32,61.0,0,0,0,0,3,1,0,0,9,0,0,1,0.5,0.5,0.0,0,0,2,4,50.0,0,3,1,0,0,2024-12-04,0,0,0,0,1,0,0,0,0,0,0,0,0
Taiwo Awoniyi,Nottingham Forest,9,NGA,27,29.0,0,0,0,0,0,0,0,0,5,0,0,0,0.0,0.0,0.1,1,0,2,4,50.0,2,5,0,0,0,2024-12-04,0,0,0,0,1,0,0,0,0,0,0,0,0
Jota Silva,Nottingham Forest,20,POR,25,71.0,0,0,0,0,1,0,0,0,21,1,0,0,0.0,0.0,0.2,4,0,11,16,68.8,4,12,2,1,0,2024-12-04,0,0,0,0,0,0,0,0,1,0,0,1,0
Ramón Sosa,Nottingham Forest,24,PAR,25,19.0,0,0,0,0,0,0,0,0,2,0,1,1,0.0,0.0,0.0,0,0,0,0,80.8,0,1,0,0,0,2024-12-04,0,0,0,0,0,0,0,0,0,0,0,1,0
Anthony Elanga,Nottingham Forest,21,SWE,22,90.0,0,0,0,0,2,0,0,0,37,1,0,0,0.1,0.1,0.1,2,0,14,27,51.9,0,26,3,2,1,2024-12-04,0,0,0,0,0,0,0,0,1,0,0,1,0
Morgan Gibbs-White,Nottingham Forest,10,ENG,24,62.0,0,0,0,0,1,1,1,0,42,2,2,1,0.1,0.1,0.2,5,0,25,33,75.8,2,27,3,2,1,2024-12-04,1,0,1,0,0,0,0,0,0,0,0,0,0
Elliot Anderson,Nottingham Forest,8,ENG,22,28.0,0,0,0,0,1,1,0,0,18,1,0,0,0.0,0.0,0.0,1,0,14,15,93.3,2,12,1,0,0,2024-12-04,0,0,1,0,0,0,0,0,0,0,0,0,0
Nicolás Domínguez,Nottingham Forest,16,ARG,26,90.0,0,0,0,0,0,0,1,0,53,2,2,0,0.0,0.0,0.1,1,0,43,46,93.5,1,22,0,0,0,2024-12-04,0,0,1,1,0,0,0,0,0,0,0,0,0
Ryan Yates,Nottingham Forest,22,ENG,27,45.0,0,0,0,0,0,0,0,0,21,2,1,1,0.0,0.0,0.0,1,0,11,11,100.0,2,11,0,2,1,2024-12-04,0,0,0,1,0,0,0,0,0,0,0,0,0
Morato,Nottingham Forest,4,BRA,23,45.0,0,0,0,0,0,0,0,0,25,2,1,0,0.0,0.0,0.0,0,0,17,17,100.0,3,13,0,0,0,2024-12-04,0,1,0,0,0,0,0,0,0,0,0,0,0
Álex Moreno,Nottingham Forest,19,ESP,31,90.0,0,0,0,0,1,0,0,0,44,3,3,0,0.0,0.0,0.0,1,0,26,33,78.8,1,19,3,5,2,2024-12-04,0,0,0,0,0,0,1,1,0,0,0,0,0
Murillo,Nottingham Forest,5,BRA,22,90.0,0,0,0,0,1,0,1,0,48,3,2,2,0.0,0.0,0.0,1,0,29,37,78.4,2,27,2,0,0,2024-12-04,0,1,0,0,0,0,0,0,0,0,0,0,0
Nikola Milenković,Nottingham Forest,31,SRB,27,90.0,0,0,0,0,2,0,1,0,24,1,0,3,0.2,0.2,0.0,0,0,12,14,85.7,0,9,0,0,0,2024-12-04,0,1,0,0,0,0,0,0,0,0,0,0,0
Ola Aina,Nottingham Forest,34,NGA,28,62.0,0,0,0,0,0,0,0,0,34,4,1,1,0.0,0.0,0.0,2,0,18,25,72.0,3,15,1,0,0,2024-12-04,0,0,0,0,0,0,0,0,0,1,1,0,0
Eric da Silva Moreira,Nottingham Forest,17,GER,18,28.0,0,0,0,0,0,0,0,0,13,2,1,0,0.0,0.0,0.0,0,0,7,8,87.5,0,4,1,1,0,2024-12-04,0,0,0,0,0,0,0,0,0,0,1,0,0
Matz Sels,Nottingham Forest,26,BEL,32,90.0,0,0,0,0,0,0,0,0,31,0,0,0,0.0,0.0,0.0,0,0,14,28,50.0,0,15,0,0,0,2024-12-04,0,0,0,0,0,1,0,0,0,0,0,0,0
Cameron Archer,Southampton,19,ENG,23,72.0,0,0,0,0,2,0,0,0,26,1,1,0,0.1,0.1,0.0,3,0,18,18,100.0,5,16,2,2,0,2024-12-04,0,0,0,0,1,0,0,0,0,0,0,0,0
Yukinari Sugawara,Southampton,16,JPN,24,18.0,0,0,0,0,0,0,0,0,5,0,0,0,0.0,0.0,0.0,0,0,3,5,60.0,1,2,0,1,1,2024-12-04,0,0,0,0,0,0,0,0,0,0,1,0,0
Adam Armstrong,Southampton,9,ENG,27,61.0,0,0,0,0,0,0,1,0,15,0,0,0,0.0,0.0,0.0,0,0,13,15,86.7,1,8,1,1,1,2024-12-04,0,0,0,0,1,0,0,0,0,0,1,0,0
Ben Brereton,Southampton,17,CHI,25,29.0,0,0,0,0,0,0,0,0,5,0,0,0,0.0,0.0,0.0,0,0,3,5,60.0,0,4,1,0,0,2024-12-04,0,0,0,0,1,0,0,0,0,0,1,0,0
Ryan Fraser,Southampton,24,SCO,30,61.0,0,0,0,0,0,0,0,0,22,0,0,0,0.0,0.0,0.0,1,0,17,21,81.0,4,13,2,0,0,2024-12-04,0,0,1,0,0,0,0,1,0,0,0,0,0
Kamaldeen Sulemana,Southampton,20,GHA,22,29.0,0,0,0,0,0,0,0,0,14,0,2,0,0.0,0.0,0.0,0,0,8,9,88.9,0,8,3,4,0,2024-12-04,0,0,0,0,0,0,0,1,0,0,0,0,0
Mateus Fernandes,Southampton,18,POR,20,78.0,0,0,0,0,2,2,0,0,51,2,0,1,0.5,0.5,0.0,0,0,39,44,88.6,6,33,4,5,3,2024-12-04,0,0,1,0,0,0,0,0,0,0,0,0,0
Charlie Taylor,Southampton,21,ENG,31,12.0,0,0,0,0,0,0,0,0,7,0,0,0,0.0,0.0,0.0,0,0,6,6,100.0,0,3,0,0,0,2024-12-04,0,0,0,0,0,0,1,0,0,0,0,0,0
Joe Aribo,Southampton,7,NGA,28,90.0,1,0,0,0,2,2,0,0,53,2,1,1,0.9,0.9,0.3,2,0,36,42,85.7,0,29,0,3,2,2024-12-04,0,0,1,0,0,0,0,0,0,0,0,0,0
Ryan Manning,Southampton,3,IRL,28,90.0,0,0,0,0,0,0,0,0,69,3,1,2,0.0,0.0,0.1,2,0,44,54,81.5,1,35,1,6,3,2024-12-04,0,0,1,0,0,0,1,0,0,0,0,0,0
Kyle Walker-Peters,Southampton,2,ENG,27,90.0,0,1,0,0,0,0,0,0,65,0,1,0,0.0,0.0,0.7,2,2,46,53,86.8,6,36,2,6,3,2024-12-04,0,1,0,0,0,0,0,0,0,1,0,0,0
Jack Stephens,Southampton,5,ENG,30,38.0,0,0,0,0,0,0,0,1,25,1,0,1,0.0,0.0,0.0,1,0,22,22,100.0,0,14,0,0,0,2024-12-04,0,1,0,0,0,0,0,0,0,0,0,0,0
Nathan Wood-Gordon,Southampton,15,ENG,22,90.0,0,0,0,0,0,0,0,0,75,3,0,0,0.0,0.0,0.0,0,0,66,67,98.5,0,41,0,1,1,2024-12-04,0,1,0,0,0,0,0,0,0,0,0,0,0
James Bree,Southampton,14,ENG,27,77.0,0,0,0,0,0,0,0,0,45,0,0,1,0.0,0.0,0.2,1,0,36,39,92.3,4,20,1,0,0,2024-12-04,0,1,0,0,0,0,0,0,0,1,0,0,0
Ronnie Edwards,Southampton,12,ENG,21,13.0,0,0,0,0,0,0,0,0,6,0,0,1,0.0,0.0,0.0,0,0,5,5,100.0,0,3,0,0,0,2024-12-04,0,1,0,0,0,0,0,0,0,0,0,0,0
Joe Lumley,Southampton,13,ENG,29,90.0,0,0,0,0,0,0,0,0,69,0,0,0,0.0,0.0,0.0,0,0,40,62,64.5,0,40,0,0,0,2024-12-04,0,0,0,0,0,1,0,0,0,0,0,0,0
Christopher Nkunku,Chelsea,18,FRA,27,90.0,1,1,0,0,4,1,0,0,21,0,1,0,1.1,1.1,1.0,3,1,14,15,93.3,0,15,2,2,1,2024-12-04,0,0,0,0,1,0,0,0,0,0,0,0,0
João Félix,Chelsea,14,POR,25,90.0,0,1,0,0,3,0,0,0,49,2,2,0,0.7,0.7,0.8,4,1,36,39,92.3,9,34,5,4,1,2024-12-04,0,0,0,0,0,0,0,0,1,0,0,0,0
Noni Madueke,Chelsea,11,ENG,22,71.0,1,1,0,0,7,4,0,0,52,0,2,3,1.2,1.2,0.6,8,2,28,35,80.0,7,34,7,5,2,2024-12-04,0,0,0,0,0,0,0,0,0,0,0,1,0
Jadon Sancho,Chelsea,19,ENG,24,19.0,1,0,0,0,1,1,0,0,19,0,0,0,0.1,0.1,0.0,1,0,16,18,88.9,2,13,0,0,0,2024-12-04,0,0,0,0,0,0,0,0,0,0,0,1,0
Cole Palmer,Chelsea,20,ENG,22,78.0,1,0,0,0,6,4,0,0,44,0,1,1,1.8,1.8,0.1,7,0,22,31,71.0,4,28,3,1,0,2024-12-04,1,0,0,0,0,0,0,0,0,0,0,0,0
Kiernan Dewsbury-Hall,Chelsea,22,ENG,26,12.0,0,0,0,0,0,0,0,0,12,0,0,0,0.0,0.0,0.0,0,0,10,10,100.0,1,5,0,0,0,2024-12-04,1,0,0,0,0,0,0,0,0,0,0,0,0
Moisés Caicedo,Chelsea,25,ECU,23,90.0,0,0,0,0,1,0,0,0,75,2,0,0,0.0,0.0,0.1,6,0,65,69,94.2,5,50,0,0,0,2024-12-04,0,0,0,1,0,0,0,0,0,0,0,0,0
Enzo Fernández,Chelsea,8,ARG,23,90.0,0,1,0,0,1,0,0,0,90,1,0,2,0.1,0.1,0.6,9,3,78,87,89.7,6,49,1,0,0,2024-12-04,0,0,0,1,0,0,0,0,0,0,0,0,0
Marc Cucurella,Chelsea,3,ESP,26,78.0,0,0,0,0,0,0,0,0,37,1,1,1,0.0,0.0,0.1,1,0,27,31,87.1,0,14,0,0,0,2024-12-04,0,0,0,0,0,0,1,0,0,0,0,0,0
Renato Veiga,Chelsea,40,POR,21,12.0,0,0,0,0,0,0,0,0,9,1,0,0,0.0,0.0,0.0,0,0,7,7,100.0,0,6,0,0,0,2024-12-04,0,0,0,0,0,0,1,0,0,0,0,0,0
Tosin Adarabioyo,Chelsea,4,ENG,27,90.0,0,0,0,0,2,0,0,0,63,1,1,0,0.2,0.2,0.0,3,0,55,57,96.5,2,38,0,0,0,2024-12-04,0,1,0,0,0,0,0,0,0,0,0,0,0
Axel Disasi,Chelsea,2,FRA,26,90.0,1,0,0,0,1,1,0,0,69,0,0,1,0.2,0.2,0.0,0,0,59,63,93.7,3,35,0,0,0,2024-12-04,0,1,0,0,0,0,0,0,0,0,0,0,0
Malo Gusto,Chelsea,27,FRA,21,90.0,0,1,0,0,0,0,0,0,90,7,0,2,0.0,0.0,0.3,4,1,74,77,96.1,10,47,5,0,0,2024-12-04,0,0,0,0,0,0,0,0,0,1,0,0,0
Filip Jørgensen,Chelsea,12,DEN,22,90.0,0,0,0,0,0,0,0,0,22,0,0,0,0.0,0.0,0.0,0,0,17,21,81.0,0,17,0,0,0,2024-12-04,0,0,0,0,0,1,0,0,0,0,0,0,0
Kai Havertz,Arsenal,29,GER,25,90.0,0,0,0,0,1,1,0,0,23,2,0,1,0.3,0.3,0.0,1,0,14,17,82.4,1,13,0,1,0,2024-12-04,0,0,0,0,1,0,0,0,0,0,0,0,0
Gabriel Martinelli,Arsenal,11,BRA,23,70.0,0,0,0,0,2,1,0,0,21,0,0,0,0.2,0.2,0.0,0,0,6,11,54.5,0,11,4,3,0,2024-12-04,0,0,0,0,0,0,0,0,1,0,0,0,0
Leandro Trossard,Arsenal,19,BEL,30,20.0,0,0,0,0,1,0,0,0,12,1,0,0,0.1,0.1,0.0,2,0,5,7,71.4,0,10,1,3,1,2024-12-04,0,0,0,0,0,0,0,0,1,0,0,0,0
Bukayo Saka,Arsenal,7,ENG,23,90.0,0,0,0,0,1,1,0,0,38,3,0,0,0.1,0.1,0.1,4,1,20,30,66.7,1,20,3,4,2,2024-12-04,0,0,0,0,0,0,0,0,0,0,0,1,0
Declan Rice,Arsenal,41,ENG,25,90.0,0,1,0,0,2,0,0,0,55,3,0,2,0.1,0.1,0.5,3,1,38,47,80.9,3,23,2,0,0,2024-12-04,0,0,1,0,0,0,0,1,0,0,0,0,0
Thomas Partey,Arsenal,5,GHA,31,90.0,0,1,0,0,2,1,0,0,70,1,1,0,0.4,0.4,0.7,1,1,58,64,90.6,4,46,0,0,0,2024-12-04,0,0,1,0,0,0,0,0,0,1,0,0,0
Martin Ødegaard,Arsenal,8,NOR,25,89.0,0,0,0,0,1,0,0,0,52,0,0,0,0.1,0.1,0.4,6,1,40,46,87.0,10,39,4,5,4,2024-12-04,0,0,0,0,0,0,0,0,0,0,1,0,0
Jorginho,Arsenal,20,ITA,32,1.0,0,0,0,0,0,0,0,0,10,0,0,0,0.0,0.0,0.0,0,0,8,9,88.9,1,7,0,0,0,2024-12-04,0,0,0,0,0,0,0,0,0,0,1,0,0
Oleksandr Zinchenko,Arsenal,17,UKR,27,70.0,0,0,0,0,1,0,1,0,59,1,1,1,0.1,0.1,0.0,1,0,45,55,81.8,3,33,0,0,0,2024-12-04,0,0,0,0,0,0,1,0,0,0,0,0,0
Mikel Merino,Arsenal,23,ESP,28,20.0,0,0,0,0,1,0,0,0,11,0,0,1,0.1,0.1,0.0,0,0,8,9,88.9,0,4,0,0,0,2024-12-04,0,0,0,0,0,0,0,1,0,0,0,0,0
Jakub Kiwior,Arsenal,15,POL,24,90.0,0,0,0,0,0,0,0,0,60,2,0,0,0.0,0.0,0.1,1,0,47,55,85.5,0,32,0,0,0,2024-12-04,0,1,0,0,0,0,0,0,0,0,0,0,0
William Saliba,Arsenal,2,FRA,23,90.0,1,0,0,0,1,1,0,0,76,1,1,0,0.7,0.7,0.0,0,0,67,71,94.4,3,40,0,0,0,2024-12-04,0,1,0,0,0,0,0,0,0,0,0,0,0
Jurriën Timber,Arsenal,12,NED,23,90.0,1,0,0,0,1,1,0,0,55,1,0,0,0.2,0.2,0.0,1,0,35,43,81.4,1,26,1,1,0,2024-12-04,0,0,0,0,0,0,1,0,0,1,0,0,0
David Raya,Arsenal,22,ESP,29,90.0,0,0,0,0,0,0,0,0,46,0,0,0,0.0,0.0,0.0,0,0,34,44,77.3,0,30,0,0,0,2024-12-04,0,0,0,0,0,1,0,0,0,0,0,0,0
Rasmus Højlund,Manchester United,9,DEN,21,78.0,0,0,0,0,0,0,0,0,18,0,0,0,0.0,0.0,0.0,0,0,10,15,66.7,1,9,2,0,0,2024-12-04,0,0,0,0,1,0,0,0,0,0,0,0,0
Antony,Manchester United,21,BRA,24,12.0,0,0,0,0,1,1,0,0,5,0,0,0,0.1,0.1,0.0,1,0,3,4,75.0,0,4,0,0,0,2024-12-04,1,0,0,0,0,0,0,0,0,0,0,0,0
Alejandro Garnacho,Manchester United,17,ARG,20,58.0,0,0,0,0,0,0,0,0,26,0,1,0,0.0,0.0,0.0,1,0,17,20,85.0,0,23,2,3,2,2024-12-04,1,0,0,0,0,0,0,0,0,0,0,0,0
Joshua Zirkzee,Manchester United,11,NED,23,32.0,0,0,0,0,0,0,0,0,10,2,0,0,0.0,0.0,0.0,0,0,4,6,66.7,1,2,0,1,0,2024-12-04,1,0,0,0,1,0,0,0,0,0,0,0,0
Mason Mount,Manchester United,7,ENG,25,58.0,0,0,0,0,1,0,0,0,15,0,0,1,0.0,0.0,0.0,3,0,10,11,90.9,0,7,0,1,0,2024-12-04,1,0,0,0,0,0,0,0,0,0,0,0,0
Marcus Rashford,Manchester United,10,ENG,27,32.0,0,0,0,0,0,0,0,0,22,0,1,0,0.0,0.0,0.0,0,0,10,13,76.9,0,15,1,1,0,2024-12-04,1,0,0,0,0,0,0,0,0,0,0,0,0
Bruno Fernandes,Manchester United,8,POR,30,90.0,0,0,0,0,0,0,0,0,76,2,0,3,0.0,0.0,0.1,2,0,59,68,86.8,6,51,3,1,0,2024-12-04,0,0,1,0,0,0,0,0,0,0,0,0,0
Manuel Ugarte Ribeiro,Manchester United,25,URU,23,90.0,0,0,0,0,0,0,1,0,51,3,2,2,0.0,0.0,0.0,1,0,34,38,89.5,1,31,0,2,2,2024-12-04,0,0,1,0,0,0,0,0,0,0,0,0,0
Tyrell Malacia,Manchester United,12,NED,25,45.0,0,0,0,0,0,0,1,0,25,1,1,0,0.0,0.0,0.0,0,0,22,23,95.7,1,18,2,1,1,2024-12-04,0,0,0,0,0,0,0,0,0,0,0,0,1
Amad Diallo,Manchester United,16,CIV,22,45.0,0,0,0,0,0,0,0,0,18,1,1,0,0.0,0.0,0.0,1,0,8,14,57.1,0,11,2,3,2,2024-12-04,0,0,0,0,0,0,0,0,0,0,0,0,1
Diogo Dalot,Manchester United,20,POR,25,90.0,0,0,0,0,2,0,0,0,57,3,0,0,0.1,0.1,0.0,0,0,42,50,84.0,1,31,4,0,0,2024-12-04,0,0,0,0,0,0,0,0,0,0,0,0,1
Noussair Mazraoui,Manchester United,3,MAR,27,90.0,0,0,0,0,0,0,0,0,84,1,1,1,0.0,0.0,0.0,0,0,68,75,90.7,4,64,1,2,1,2024-12-04,0,1,0,0,0,0,0,0,0,0,0,0,0
Harry Maguire,Manchester United,5,ENG,31,58.0,0,0,0,0,0,0,1,0,53,2,1,0,0.0,0.0,0.0,0,0,45,48,93.8,0,45,0,0,0,2024-12-04,0,1,0,0,0,0,0,0,0,0,0,0,0
Leny Yoro,Manchester United,15,FRA,19,32.0,0,0,0,0,0,0,0,0,19,3,1,0,0.0,0.0,0.0,0,0,12,14,85.7,0,11,0,0,0,2024-12-04,0,1,0,0,0,0,0,0,0,0,0,0,0
Matthijs de Ligt,Manchester United,4,NED,25,90.0,0,0,0,0,1,1,0,0,64,1,1,1,0.1,0.1,0.0,0,0,49,55,89.1,2,40,0,0,0,2024-12-04,0,1,0,0,0,0,0,0,0,0,0,0,0
André Onana,Manchester United,24,CMR,28,90.0,0,0,0,0,0,0,0,0,47,0,0,0,0.0,0.0,0.0,0,0,32,43,74.4,0,29,0,0,0,2024-12-04,0,0,0,0,0,1,0,0,0,0,0,0,0
Ollie Watkins,Aston Villa,11,ENG,28,64.0,1,1,1,1,5,3,0,0,28,1,0,0,1.2,0.4,0.1,5,2,17,19,89.5,3,20,2,1,1,2024-12-04,0,0,0,0,1,0,0,0,0,0,0,0,0
Jhon Durán,Aston Villa,9,COL,20,26.0,0,0,0,0,3,2,1,0,19,0,0,0,0.5,0.5,0.1,3,0,12,13,92.3,3,8,0,0,0,2024-12-04,0,0,0,0,1,0,0,0,0,0,0,0,0
Morgan Rogers,Aston Villa,27,ENG,22,86.0,1,0,0,0,3,1,0,0,52,1,0,1,0.2,0.2,0.4,4,1,33,41,80.5,9,29,8,3,2,2024-12-04,0,0,0,0,0,0,0,0,1,0,0,0,0
Emi Buendía,Aston Villa,10,ARG,27,4.0,0,0,0,0,0,0,0,0,7,0,0,0,0.0,0.0,0.0,0,0,4,6,66.7,1,5,0,0,0,2024-12-04,1,0,0,0,0,0,0,0,1,0,0,0,0
Leon Bailey,Aston Villa,31,JAM,27,64.0,0,0,0,0,1,1,0,0,28,1,1,0,0.1,0.1,0.0,2,1,10,18,55.6,1,19,5,3,0,2024-12-04,0,0,0,0,0,0,0,0,0,0,0,1,0
Jaden Philogene Bidace,Aston Villa,19,ENG,22,26.0,0,0,0,0,0,0,0,0,11,0,0,0,0.0,0.0,0.0,0,0,8,9,88.9,0,6,1,3,2,2024-12-04,0,0,0,0,0,0,0,0,0,0,0,1,0
John McGinn,Aston Villa,7,SCO,30,87.0,0,0,0,0,1,0,0,0,25,0,0,0,0.1,0.1,0.0,3,1,13,15,86.7,2,13,0,1,0,2024-12-04,1,0,0,0,0,0,0,0,0,0,0,0,0
Ian Maatsen,Aston Villa,22,NED,22,3.0,0,0,0,0,0,0,0,0,4,0,0,0,0.0,0.0,0.0,1,0,3,3,100.0,0,2,0,0,0,2024-12-04,0,0,0,0,0,0,0,0,1,0,0,0,0
Youri Tielemans,Aston Villa,8,BEL,27,90.0,0,0,0,0,1,0,0,0,61,2,1,1,0.0,0.0,0.3,7,0,40,48,83.3,8,24,0,2,1,2024-12-04,0,0,0,1,0,0,0,0,0,0,0,0,0
Boubacar Kamara,Aston Villa,44,FRA,25,70.0,0,0,0,0,0,0,0,0,39,2,0,1,0.0,0.0,0.0,1,1,32,32,100.0,1,16,1,0,0,2024-12-04,0,0,0,1,0,0,0,0,0,0,0,0,0
Ross Barkley,Aston Villa,6,ENG,30,20.0,0,0,0,0,1,0,0,0,16,0,1,1,0.0,0.0,0.0,1,0,9,12,75.0,0,5,1,1,0,2024-12-04,0,0,0,1,0,0,0,0,0,0,0,0,0
Lucas Digne,Aston Villa,12,FRA,31,90.0,0,0,0,0,1,1,0,0,60,2,2,0,0.0,0.0,0.3,7,0,37,51,72.5,0,25,3,1,1,2024-12-04,0,0,0,0,0,0,1,0,0,0,0,0,0
Tyrone Mings,Aston Villa,5,ENG,31,90.0,0,0,0,0,2,0,0,0,50,1,0,1,0.2,0.2,0.0,1,0,36,40,90.0,2,20,0,0,0,2024-12-04,0,1,0,0,0,0,0,0,0,0,0,0,0
Ezri Konsa,Aston Villa,4,ENG,27,90.0,0,0,0,0,0,0,0,0,48,1,1,0,0.0,0.0,0.0,0,0,40,42,95.2,1,25,0,0,0,2024-12-04,0,1,0,0,0,0,0,0,0,0,0,0,0
Matty Cash,Aston Villa,2,POL,27,90.0,1,0,0,0,1,1,1,0,50,5,2,2,0.0,0.0,0.0,1,0,30,40,75.0,1,21,1,2,2,2024-12-04,0,0,0,0,0,0,0,0,0,1,0,0,0
Emiliano Martínez,Aston Villa,23,ARG,32,90.0,0,0,0,0,0,0,0,0,39,0,0,0,0.0,0.0,0.0,1,0,26,38,68.4,0,22,0,0,0,2024-12-04,0,0,0,0,0,1,0,0,0,0,0,0,0
Yoane Wissa,Brentford,11,COD,28,70.0,0,0,0,0,1,0,0,0,15,0,0,1,0.0,0.0,0.2,1,0,9,11,81.8,0,10,0,0,0,2024-12-04,0,0,0,0,1,0,0,0,0,0,0,0,0
Thiago,Brentford,9,BRA,23,20.0,0,0,0,0,1,0,0,0,6,0,0,0,0.1,0.1,0.0,0,0,2,4,50.0,0,6,2,0,0,2024-12-04,0,0,0,0,1,0,0,0,0,0,0,0,0
Kevin Schade,Brentford,7,GER,23,70.0,0,0,0,0,3,0,0,0,22,0,0,2,0.3,0.3,0.0,1,1,9,13,69.2,1,17,2,0,0,2024-12-04,0,0,0,0,0,0,0,0,1,0,0,0,0
Fabio Carvalho,Brentford,14,POR,22,20.0,0,0,0,0,1,0,0,0,7,0,0,0,0.1,0.1,0.0,0,0,2,3,66.7,1,3,0,1,0,2024-12-04,0,0,0,0,0,0,0,0,1,0,0,0,0
Bryan Mbeumo,Brentford,19,CMR,25,90.0,0,0,0,0,0,0,0,0,41,0,1,2,0.0,0.0,0.1,2,0,22,29,75.9,3,29,3,3,2,2024-12-04,0,0,0,0,0,0,0,0,0,0,0,1,0
Mikkel Damsgaard,Brentford,24,DEN,24,90.0,1,0,0,0,1,1,0,0,70,8,1,0,0.3,0.3,0.2,3,0,46,59,78.0,9,45,0,1,0,2024-12-04,0,0,0,0,0,0,0,1,0,0,0,0,0
Vitaly Janelt,Brentford,27,GER,26,90.0,0,0,0,0,1,0,0,0,50,0,1,0,0.1,0.1,0.0,0,0,37,47,78.7,4,37,0,0,0,2024-12-04,0,0,1,0,0,0,0,0,0,0,0,0,0
Yehor Yarmoliuk,Brentford,18,UKR,20,63.0,0,0,0,0,1,0,0,0,48,3,0,0,0.1,0.1,0.0,2,0,33,36,91.7,3,33,2,2,1,2024-12-04,0,0,0,0,0,0,0,0,0,0,1,0,0
Edmond-Paris Maghoma,Brentford,32,ENG,23,27.0,0,0,0,0,0,0,0,0,14,0,1,1,0.0,0.0,0.0,0,0,10,11,90.9,3,9,0,0,0,2024-12-04,0,0,0,0,0,0,0,0,0,0,1,0,0
Keane Lewis-Potter,Brentford,23,ENG,23,79.0,0,0,0,0,0,0,0,0,50,0,0,0,0.0,0.0,0.0,1,0,33,44,75.0,4,40,4,2,0,2024-12-04,0,0,0,0,0,0,1,0,0,0,0,0,0
Mads Roerslev,Brentford,30,DEN,25,11.0,0,0,0,0,0,0,0,0,4,1,0,0,0.0,0.0,0.0,0,0,2,2,100.0,0,2,0,1,0,2024-12-04,0,0,0,0,0,0,1,0,0,0,0,0,0
Ethan Pinnock,Brentford,5,JAM,31,90.0,0,0,0,0,0,0,1,0,61,0,1,0,0.0,0.0,0.1,1,0,41,51,80.4,2,31,1,0,0,2024-12-04,0,1,0,0,0,0,0,0,0,0,0,0,0
Nathan Collins,Brentford,22,IRL,23,90.0,0,0,0,0,0,0,1,0,58,1,2,1,0.0,0.0,0.0,0,0,47,52,90.4,0,37,2,0,0,2024-12-04,0,1,0,0,0,0,0,0,0,0,0,0,0
Sepp van den Berg,Brentford,4,NED,22,90.0,0,0,0,0,0,0,0,0,59,1,1,2,0.0,0.0,0.0,2,0,41,48,85.4,6,32,1,2,1,2024-12-04,0,0,0,0,0,0,0,0,0,1,0,0,0
Mark Flekken,Brentford,1,NED,31,90.0,0,0,0,0,0,0,0,0,42,0,0,0,0.0,0.0,0.0,0,0,26,33,78.8,0,27,0,1,1,2024-12-04,0,0,0,0,0,1,0,0,0,0,0,0,0
Rodrigo Muniz,Fulham,9,BRA,23,79.0,0,0,0,0,2,0,0,0,25,2,2,1,0.2,0.2,0.0,0,0,7,12,58.3,2,11,0,0,0,2024-12-05,0,0,0,0,1,0,0,0,0,0,0,0,0
Raúl Jiménez,Fulham,7,MEX,33,11.0,0,0,0,0,0,0,0,0,7,1,0,0,0.0,0.0,0.0,0,0,2,3,66.7,0,2,0,1,0,2024-12-05,0,0,0,0,1,0,0,0,0,0,0,0,0
Reiss Nelson,Fulham,19,ENG,24,70.0,0,0,0,0,0,0,0,0,33,1,1,0,0.0,0.0,0.0,0,0,21,24,87.5,2,23,2,6,2,2024-12-05,0,0,0,0,0,0,0,0,1,0,0,0,0
Adama Traoré,Fulham,11,ESP,28,20.0,0,0,0,0,0,0,0,0,11,0,0,0,0.0,0.0,0.0,0,0,4,6,66.7,1,5,0,1,0,2024-12-05,0,0,0,0,0,0,0,0,1,0,0,1,0
Harry Wilson,Fulham,8,WAL,27,79.0,0,0,0,0,1,0,0,0,33,1,1,2,0.2,0.2,0.0,1,0,16,25,64.0,3,19,0,1,1,2024-12-05,0,0,0,0,0,0,0,0,0,0,0,1,0
Joshua King,Fulham,24,ENG,17,11.0,0,0,0,0,0,0,0,0,6,2,1,0,0.0,0.0,0.0,0,0,3,3,100.0,0,2,0,0,0,2024-12-05,1,0,0,0,0,0,0,0,0,0,0,0,0
Emile Smith Rowe,Fulham,32,ENG,24,70.0,0,0,0,0,0,0,0,0,39,2,0,1,0.0,0.0,0.0,1,0,29,33,87.9,2,21,0,1,1,2024-12-05,1,0,0,0,0,0,0,0,0,0,0,0,0
Andreas Pereira,Fulham,18,BRA,28,20.0,0,0,0,0,0,0,1,0,9,0,0,1,0.0,0.0,0.0,0,0,5,8,62.5,2,2,0,0,0,2024-12-05,0,0,0,1,0,0,0,0,0,0,0,0,0
Sander Berge,Fulham,16,NOR,26,89.0,0,0,0,0,0,0,1,0,36,2,0,1,0.0,0.0,0.0,0,0,24,28,85.7,1,18,0,0,0,2024-12-05,0,0,0,1,0,0,0,0,0,0,0,0,0
Jorge Cuenca,Fulham,15,ESP,25,1.0,0,0,0,0,0,0,0,0,3,0,0,0,0.0,0.0,0.0,0,0,2,3,66.7,0,1,0,0,0,2024-12-05,0,0,0,1,0,0,0,0,0,0,0,0,0
Alex Iwobi,Fulham,17,NGA,28,90.0,2,0,0,0,3,2,0,0,49,1,1,1,0.7,0.7,0.2,4,2,24,35,68.6,6,27,2,4,3,2024-12-05,1,0,0,1,0,0,0,0,1,0,0,0,0
Antonee Robinson,Fulham,33,USA,27,90.0,0,1,0,0,0,0,0,0,64,1,2,1,0.0,0.0,0.2,2,1,36,51,70.6,4,26,4,6,4,2024-12-05,0,0,0,0,0,0,1,0,0,0,0,0,0
Calvin Bassey,Fulham,3,NGA,24,90.0,0,0,0,0,0,0,0,0,49,3,0,4,0.0,0.0,0.0,0,0,35,38,92.1,0,21,0,1,0,2024-12-05,0,1,0,0,0,0,0,0,0,0,0,0,0
Issa Diop,Fulham,31,FRA,27,90.0,0,0,0,0,0,0,0,0,61,0,0,0,0.0,0.0,0.0,1,0,47,55,85.5,0,37,0,0,0,2024-12-05,0,1,0,0,0,0,0,0,0,0,0,0,0
Timothy Castagne,Fulham,21,BEL,29,90.0,0,0,0,0,0,0,0,0,58,0,0,0,0.0,0.0,0.0,0,0,41,48,85.4,2,21,0,1,0,2024-12-05,0,0,0,0,0,0,0,0,0,1,0,0,0
Bernd Leno,Fulham,1,GER,32,90.0,0,0,0,0,0,0,0,0,48,0,0,0,0.0,0.0,0.0,1,0,34,47,72.3,0,28,0,0,0,2024-12-05,0,0,0,0,0,1,0,0,0,0,0,0,0
João Pedro,Brighton & Hove Albion,9,BRA,23,79.0,0,1,0,0,2,1,0,0,28,0,1,0,0.4,0.4,0.1,1,1,12,20,60.0,1,17,4,2,1,2024-12-05,0,0,0,0,1,0,0,0,0,0,0,0,0
Evan Ferguson,Brighton & Hove Albion,28,IRL,20,11.0,0,0,0,0,1,0,0,0,8,0,0,0,0.1,0.1,0.0,0,0,5,6,83.3,0,0,0,0,0,2024-12-05,0,0,0,0,1,0,0,0,0,0,0,0,0
Kaoru Mitoma,Brighton & Hove Albion,22,JPN,27,90.0,0,0,0,0,1,0,0,0,36,0,1,1,0.0,0.0,0.2,2,0,25,31,80.6,4,26,5,1,1,2024-12-05,1,0,0,0,0,0,0,0,1,0,0,0,0
Matt O'Riley,Brighton & Hove Albion,33,DEN,24,80.0,0,0,0,0,1,0,0,0,45,1,3,0,0.1,0.1,0.4,3,0,28,35,80.0,3,21,1,2,1,2024-12-05,1,0,0,0,0,0,0,0,0,0,0,0,0
Georginio Rutter,Brighton & Hove Albion,14,FRA,22,10.0,0,0,0,0,0,0,0,0,7,0,1,0,0.0,0.0,0.0,1,0,2,3,66.7,0,4,1,1,0,2024-12-05,1,0,0,0,0,0,0,0,0,0,0,0,0
Mats Wieffer,Brighton & Hove Albion,27,NED,25,85.0,0,0,0,0,1,0,0,0,60,2,1,1,0.0,0.0,0.0,2,0,45,49,91.8,1,40,0,0,0,2024-12-05,0,0,1,1,0,0,0,0,0,0,0,0,0
Brajan Gruda,Brighton & Hove Albion,8,GER,20,5.0,0,0,0,0,0,0,0,0,9,0,0,1,0.0,0.0,0.0,0,0,3,6,50.0,0,4,0,1,1,2024-12-05,0,0,0,1,0,0,0,0,0,0,0,0,0
Carlos Baleba,Brighton & Hove Albion,20,CMR,20,90.0,1,0,0,0,2,1,0,0,51,1,2,3,0.1,0.1,0.0,0,0,27,33,81.8,2,29,1,4,1,2024-12-05,0,0,1,1,0,0,0,0,0,0,0,0,0
Pervis Estupiñán,Brighton & Hove Albion,30,ECU,26,90.0,0,0,0,0,2,0,0,0,67,1,1,1,0.2,0.2,0.0,3,0,46,56,82.1,5,39,4,1,1,2024-12-05,0,0,0,0,0,0,1,0,0,0,0,0,1
Simon Adingra,Brighton & Hove Albion,11,CIV,22,79.0,0,0,0,0,2,1,0,0,43,1,1,2,0.3,0.3,0.0,2,0,25,30,83.3,1,32,3,6,3,2024-12-05,0,0,0,0,0,0,0,0,0,0,0,1,1
Yankuba Minteh,Brighton & Hove Albion,17,GAM,20,11.0,0,0,0,0,0,0,0,0,4,0,0,1,0.0,0.0,0.0,0,0,1,1,100.0,0,3,1,1,1,2024-12-05,0,0,0,0,0,0,0,0,0,0,0,1,0
Igor,Brighton & Hove Albion,3,BRA,26,90.0,0,0,0,0,0,0,0,0,79,1,0,1,0.0,0.0,0.0,4,0,69,73,94.5,6,58,2,0,0,2024-12-05,0,1,0,0,0,0,0,0,0,0,0,0,0
Lewis Dunk,Brighton & Hove Albion,5,ENG,33,90.0,0,0,0,0,0,0,1,0,102,2,0,0,0.0,0.0,0.0,0,0,86,95,90.5,6,75,0,0,0,2024-12-05,0,1,0,0,0,0,0,0,0,0,0,0,0
Jan Paul van Hecke,Brighton & Hove Albion,29,NED,24,71.0,0,0,0,0,1,0,1,0,80,2,0,0,0.3,0.3,0.2,4,1,57,67,85.1,8,60,1,1,0,2024-12-05,0,1,0,0,0,0,0,0,0,0,0,0,0
Tariq Lamptey,Brighton & Hove Albion,2,GHA,24,19.0,0,0,0,0,0,0,0,0,16,0,0,0,0.0,0.0,0.0,0,0,11,13,84.6,1,9,2,1,1,2024-12-05,0,0,0,0,0,0,0,0,0,1,0,0,0
Bart Verbruggen,Brighton & Hove Albion,1,NED,22,90.0,0,0,0,0,0,0,0,0,30,0,0,0,0.0,0.0,0.0,0,0,26,30,86.7,0,24,0,0,0,2024-12-05,0,0,0,0,0,1,0,0,0,0,0,0,0
Evanilson,Bournemouth,9,BRA,25,84.0,0,0,0,0,3,2,0,0,22,0,0,0,0.6,0.6,0.1,4,1,6,11,54.5,1,14,3,1,0,2024-12-05,0,0,0,0,1,0,0,0,0,0,0,0,0
Enes Ünal,Bournemouth,26,TUR,27,6.0,0,0,0,0,2,2,0,0,10,0,0,0,0.3,0.3,0.0,0,0,4,5,80.0,0,8,0,2,0,2024-12-05,0,0,0,0,1,0,0,0,0,0,0,0,0
Marcus Tavernier,Bournemouth,16,ENG,25,84.0,0,1,0,0,4,1,0,0,42,3,0,1,0.4,0.4,0.6,4,1,21,30,70.0,2,23,1,4,1,2024-12-05,1,0,0,0,1,0,0,0,1,0,0,0,0
Philip Billing,Bournemouth,29,DEN,28,6.0,0,0,0,0,0,0,0,0,10,1,0,0,0.0,0.0,0.3,2,0,7,8,87.5,2,6,1,1,1,2024-12-05,1,0,0,0,0,0,0,0,0,0,0,0,0
Antoine Semenyo,Bournemouth,24,GHA,24,84.0,0,0,0,0,2,0,0,0,33,1,1,3,0.1,0.1,0.3,6,0,20,23,87.0,5,18,2,2,2,2024-12-05,0,0,0,0,0,0,0,0,0,0,1,1,0
David Brooks,Bournemouth,7,WAL,27,6.0,0,0,0,0,0,0,0,0,7,0,0,0,0.0,0.0,0.0,0,0,2,5,40.0,1,2,1,0,0,2024-12-05,0,0,0,0,0,0,0,0,0,0,0,1,0
Justin Kluivert,Bournemouth,19,NED,25,63.0,0,0,0,0,1,1,0,0,20,2,0,0,0.2,0.2,0.0,3,0,7,8,87.5,2,10,1,3,1,2024-12-05,1,0,0,0,0,0,0,0,0,0,0,0,0
Dango Ouattara,Bournemouth,11,BFA,22,27.0,0,0,0,0,5,0,0,0,20,0,1,1,0.8,0.8,0.5,4,0,6,12,50.0,2,11,2,1,1,2024-12-05,0,0,0,0,0,0,0,1,1,0,0,0,0
Ryan Christie,Bournemouth,10,SCO,29,76.0,0,0,0,0,1,0,0,0,35,2,5,3,0.1,0.1,0.1,4,0,12,20,60.0,3,14,0,2,0,2024-12-05,0,0,1,1,0,0,0,0,0,0,0,0,0
Lewis Cook,Bournemouth,4,ENG,27,14.0,0,0,0,0,0,0,0,0,10,1,1,1,0.0,0.0,0.0,1,0,5,5,100.0,0,4,1,0,0,2024-12-05,0,0,0,1,0,0,0,0,0,0,0,0,0
Tyler Adams,Bournemouth,12,USA,25,90.0,0,0,0,0,2,1,1,0,43,7,3,2,0.9,0.9,0.3,4,0,18,23,78.3,5,18,1,0,0,2024-12-05,0,0,1,1,0,0,0,0,0,0,0,0,0
Milos Kerkez,Bournemouth,3,HUN,21,90.0,0,0,0,0,0,0,0,0,51,2,3,0,0.0,0.0,0.1,2,0,23,38,60.5,3,17,0,1,1,2024-12-05,0,0,0,0,0,0,1,0,0,0,0,0,0
Dean Huijsen,Bournemouth,2,ESP,19,90.0,1,0,0,0,1,1,0,0,42,4,1,1,0.4,0.4,0.0,0,0,16,24,66.7,3,16,0,0,0,2024-12-05,0,1,0,0,0,0,0,0,0,0,0,0,0
Illia Zabarnyi,Bournemouth,27,UKR,22,90.0,0,0,0,0,0,0,0,0,25,0,3,0,0.0,0.0,0.0,0,0,15,20,75.0,0,15,0,1,1,2024-12-05,0,1,0,0,0,0,0,0,0,0,0,0,0
Adam Smith,Bournemouth,15,ENG,33,90.0,0,0,0,0,0,0,0,0,38,2,0,1,0.0,0.0,0.0,1,0,20,33,60.6,3,9,0,0,0,2024-12-05,0,0,0,0,0,0,0,0,0,1,0,0,0
Kepa Arrizabalaga,Bournemouth,13,ESP,30,90.0,0,0,0,0,0,0,1,0,28,0,0,0,0.0,0.0,0.0,0,0,12,25,48.0,0,7,0,0,0,2024-12-05,0,0,0,0,0,1,0,0,0,0,0,0,0
Dominic Solanke,Tottenham Hotspur,19,ENG,27,90.0,0,0,0,0,3,0,0,0,29,1,0,0,0.2,0.2,0.1,2,0,12,16,75.0,4,25,3,1,1,2024-12-05,0,0,0,0,1,0,0,0,0,0,0,0,0
Brennan Johnson,Tottenham Hotspur,22,WAL,23,90.0,0,0,0,0,0,0,0,0,43,1,0,0,0.0,0.0,0.0,3,0,28,39,71.8,4,34,1,2,2,2024-12-05,0,0,0,0,1,0,0,0,1,0,1,0,0
Dejan Kulusevski,Tottenham Hotspur,21,SWE,24,90.0,0,0,0,0,3,2,0,0,77,2,0,0,0.1,0.1,0.0,6,0,36,53,67.9,6,57,14,3,0,2024-12-05,0,0,1,0,0,0,0,0,0,0,1,1,0
James Maddison,Tottenham Hotspur,10,ENG,28,79.0,0,0,0,0,1,0,0,0,65,1,1,1,0.4,0.4,0.2,3,0,40,53,75.5,8,46,1,4,0,2024-12-05,0,0,1,0,0,0,0,1,0,0,0,0,0
Timo Werner,Tottenham Hotspur,16,GER,28,11.0,0,0,0,0,1,0,0,0,7,0,0,0,0.0,0.0,0.0,0,0,2,5,40.0,1,6,2,0,0,2024-12-05,0,0,0,0,0,0,0,1,0,0,0,0,0
Yves Bissouma,Tottenham Hotspur,8,MLI,28,79.0,0,0,0,0,1,0,1,0,74,5,1,0,0.0,0.0,0.0,3,0,49,62,79.0,11,49,3,2,1,2024-12-05,0,0,1,1,0,0,0,0,0,0,0,0,0
Lucas Bergvall,Tottenham Hotspur,15,SWE,18,11.0,0,0,0,0,0,0,0,0,14,0,1,1,0.0,0.0,0.0,1,0,10,11,90.9,3,12,2,0,0,2024-12-05,0,0,0,1,0,0,0,0,0,0,0,0,0
Pape Matar Sarr,Tottenham Hotspur,29,SEN,22,56.0,0,0,0,0,0,0,0,0,43,2,2,0,0.0,0.0,0.0,1,0,26,31,83.9,3,23,0,0,0,2024-12-05,0,0,0,0,0,0,0,0,0,0,1,0,0
Son Heung-min,Tottenham Hotspur,7,KOR,32,34.0,0,0,0,0,1,0,0,0,16,1,0,0,0.0,0.0,0.4,1,0,8,9,88.9,1,9,1,2,1,2024-12-05,0,0,1,0,0,0,0,1,0,0,0,0,0
Destiny Udogie,Tottenham Hotspur,13,ITA,22,90.0,0,0,0,0,0,0,0,0,70,6,1,1,0.0,0.0,0.0,1,0,54,60,90.0,6,35,2,2,2,2024-12-05,0,0,0,0,0,0,1,0,0,0,0,0,0
Ben Davies,Tottenham Hotspur,33,WAL,31,61.0,0,0,0,0,0,0,1,0,38,0,0,1,0.0,0.0,0.0,0,0,30,33,90.9,4,27,1,0,0,2024-12-05,0,1,0,0,0,0,0,0,0,0,0,0,0
Pedro Porro,Tottenham Hotspur,23,ESP,25,29.0,0,0,0,0,1,1,0,0,25,0,1,1,0.1,0.1,0.0,0,0,11,17,64.7,0,11,0,0,0,2024-12-05,0,0,0,0,0,0,0,0,0,1,0,0,0
Radu Drăgușin,Tottenham Hotspur,6,ROU,22,90.0,0,0,0,0,0,0,0,0,69,2,1,1,0.0,0.0,0.0,0,0,48,60,80.0,5,46,0,0,0,2024-12-05,0,1,0,0,0,0,0,0,0,0,0,0,0
Archie Gray,Tottenham Hotspur,14,ENG,18,90.0,0,0,0,0,1,1,0,0,70,3,1,2,0.0,0.0,0.0,1,0,45,57,78.9,3,40,1,3,2,2024-12-05,0,1,0,0,0,0,0,0,0,1,0,0,0
Fraser Forster,Tottenham Hotspur,20,ENG,36,90.0,0,0,0,0,0,0,0,0,39,0,0,0,0.0,0.0,0.0,0,0,29,32,90.6,0,13,0,1,1,2024-12-05,0,0,0,0,0,1,0,0,0,0,0,0,0
