Player,Team,#,Nation,Position,Age,Minutes,Goals,Assists,Penalty Shoot on Goal,Penalty Shoot,Total Shoot,Shoot on Target,Yellow Cards,Red Cards,Touches,Dribbles,Tackles,Blocks,Expected Goals (xG),Non-Penalty xG (npxG),Expected Assists (xAG),Shot-Creating Actions,Goal-Creating Actions,Passes Completed,Passes Attempted,Pass Completion %,Progressive Passes,Carries,Progressive Carries,Dribble Attempts,Successful Dribbles,Date,PositionList,POS_AM,POS_CB,POS_CM,POS_DM,POS_FW,POS_GK,POS_LB,POS_LM,POS_LW,POS_RB,POS_RM,POS_RW,POS_WB
Bruno Fernandes,Manchester United,8,POR,"FW,AM",29,90.0,0,0,0,0,6,3,0,0,70,2,0,0,1.2,1.2,0.0,2,0,43,60,71.7,6,50,7,1,1,2024-08-16,"['FW', 'AM']",1,0,0,0,1,0,0,0,0,0,0,0,0
Marcus Rashford,Manchester United,10,ENG,LW,26,90.0,0,0,0,0,0,0,0,0,43,0,1,1,0.0,0.0,0.7,1,0,22,30,73.3,2,34,2,6,0,2024-08-16,['LW'],0,0,0,0,0,0,0,0,1,0,0,0,0
Amad Diallo,Manchester United,16,CIV,RW,22,82.5,0,0,0,0,0,0,0,0,36,1,2,0,0.0,0.0,0.1,1,0,28,33,84.8,1,22,0,1,1,2024-08-16,['RW'],0,0,0,0,0,0,0,0,0,0,0,1,0
Alejandro Garnacho,Manchester United,17,ARG,RW,20,30.0,0,1,0,0,2,0,0,0,19,1,0,0,0.7,0.7,0.2,3,1,10,11,90.9,0,11,2,2,0,2024-08-16,['RW'],0,0,0,0,0,0,0,0,0,0,0,1,0
Mason Mount,Manchester United,7,ENG,AM,25,60.0,0,0,0,0,1,1,1,0,23,3,0,0,0.3,0.3,0.1,3,0,11,15,73.3,1,16,0,2,0,2024-08-16,['AM'],1,0,0,0,0,0,0,0,0,0,0,0,0
Joshua Zirkzee,Manchester United,11,NED,FW,23,30.0,1,0,0,0,1,1,0,0,12,0,0,1,0.1,0.1,0.0,1,0,8,9,88.9,1,6,0,0,0,2024-08-16,['FW'],0,0,0,0,1,0,0,0,0,0,0,0,0
Kobbie Mainoo,Manchester United,37,ENG,DM,19,83.0,0,0,0,0,1,0,0,0,55,3,5,0,0.0,0.0,0.0,1,0,37,41,90.2,5,39,0,5,4,2024-08-16,['DM'],0,0,0,1,0,0,0,0,0,0,0,0,0
Scott McTominay,Manchester United,39,SCO,DM,27,7.0,0,0,0,0,0,0,0,0,4,0,0,0,0.0,0.0,0.0,0,0,4,4,100.0,0,3,0,0,0,2024-08-16,['DM'],0,0,0,1,0,0,0,0,0,0,0,0,0
Casemiro,Manchester United,18,BRA,DM,32,90.0,0,0,0,0,3,0,0,0,77,4,1,5,0.2,0.2,1.0,5,1,44,57,77.2,4,46,0,1,0,2024-08-16,['DM'],0,0,0,1,0,0,0,0,0,0,0,0,0
Diogo Dalot,Manchester United,20,POR,"LB,RB",25,90.0,0,0,0,0,0,0,0,0,67,2,1,1,0.0,0.0,0.0,1,0,49,60,81.7,3,40,1,1,1,2024-08-16,"['LB', 'RB']",0,0,0,0,0,0,1,0,0,1,0,0,0
Lisandro Martínez,Manchester United,6,ARG,"CB,LB",26,90.0,0,0,0,0,0,0,0,0,70,3,3,0,0.0,0.0,0.0,3,0,55,62,88.7,9,51,1,0,0,2024-08-16,"['CB', 'LB']",0,1,0,0,0,0,1,0,0,0,0,0,0
Harry Maguire,Manchester United,5,ENG,CB,31,80.0,0,0,0,0,0,0,1,0,68,0,3,1,0.0,0.0,0.0,2,0,50,60,83.3,8,40,1,2,1,2024-08-16,['CB'],0,1,0,0,0,0,0,0,0,0,0,0,0
Jonny Evans,Manchester United,35,NIR,CB,36,10.0,0,0,0,0,0,0,0,0,8,0,0,1,0.0,0.0,0.0,0,0,4,6,66.7,0,2,0,0,0,2024-08-16,['CB'],0,1,0,0,0,0,0,0,0,0,0,0,0
Noussair Mazraoui,Manchester United,3,MAR,RB,26,80.0,0,0,0,0,0,0,0,0,54,2,3,1,0.0,0.0,0.0,0,0,41,45,91.1,3,34,1,0,0,2024-08-16,['RB'],0,0,0,0,0,0,0,0,0,1,0,0,0
Matthijs de Ligt,Manchester United,4,NED,CB,25,10.0,0,0,0,0,0,0,0,0,2,0,0,0,0.0,0.0,0.0,0,0,2,2,100.0,0,2,0,0,0,2024-08-16,['CB'],0,1,0,0,0,0,0,0,0,0,0,0,0
André Onana,Manchester United,24,CMR,GK,28,90.0,0,0,0,0,0,0,0,0,32,0,0,0,0.0,0.0,0.0,1,0,22,29,75.9,0,24,0,0,0,2024-08-16,['GK'],0,0,0,0,0,1,0,0,0,0,0,0,0
Rodrigo Muniz,Fulham,9,BRA,FW,23,77.0,0,0,0,0,2,1,0,0,17,0,1,0,0.1,0.1,0.1,2,0,5,6,83.3,1,11,0,1,1,2024-08-16,['FW'],0,0,0,0,1,0,0,0,0,0,0,0,0
Raúl Jiménez,Fulham,7,MEX,FW,33,13.0,0,0,0,0,0,0,0,0,5,0,0,0,0.0,0.0,0.0,0,0,2,4,50.0,0,2,1,0,0,2024-08-16,['FW'],0,0,0,0,1,0,0,0,0,0,0,0,0
Alex Iwobi,Fulham,17,NGA,LW,28,90.0,0,0,0,0,1,0,0,0,42,4,0,0,0.0,0.0,0.0,0,0,19,29,65.5,2,31,1,5,1,2024-08-16,['LW'],0,0,0,0,0,0,0,0,1,0,0,0,0
Adama Traoré,Fulham,11,ESP,RW,28,77.0,0,0,0,0,3,0,0,0,36,1,0,1,0.1,0.1,0.0,4,0,14,21,66.7,0,25,5,9,4,2024-08-16,['RW'],0,0,0,0,0,0,0,0,0,0,0,1,0
Harry Wilson,Fulham,8,WAL,RW,27,13.0,0,0,0,0,0,0,0,0,7,0,0,0,0.0,0.0,0.0,0,0,5,6,83.3,0,6,1,0,0,2024-08-16,['RW'],0,0,0,0,0,0,0,0,0,0,0,1,0
Emile Smith Rowe,Fulham,32,ENG,AM,24,63.0,0,0,0,0,0,0,0,0,35,1,2,1,0.0,0.0,0.0,0,0,20,27,74.1,1,23,0,0,0,2024-08-16,['AM'],1,0,0,0,0,0,0,0,0,0,0,0,0
Tom Cairney,Fulham,10,SCO,"DM,AM",33,27.0,0,0,0,0,0,0,1,0,18,0,0,0,0.0,0.0,0.0,1,0,15,17,88.2,4,14,2,3,2,2024-08-16,"['DM', 'AM']",1,0,0,1,0,0,0,0,0,0,0,0,0
Saša Lukić,Fulham,20,SRB,DM,28,89.0,0,0,0,0,0,0,0,0,53,3,1,1,0.0,0.0,0.0,0,0,40,45,88.9,4,30,1,0,0,2024-08-16,['DM'],0,0,0,1,0,0,0,0,0,0,0,0,0
Jay Stansfield,Fulham,28,ENG,"AM,DM",21,1.0,0,0,0,0,0,0,0,0,0,0,0,0,0.0,0.0,0.0,0,0,0,0,80.8,0,0,0,0,0,2024-08-16,"['AM', 'DM']",1,0,0,1,0,0,0,0,0,0,0,0,0
Andreas Pereira,Fulham,18,BRA,"DM,AM",28,89.0,0,0,0,0,0,0,1,0,59,0,0,1,0.0,0.0,0.3,9,0,37,55,67.3,5,28,1,2,0,2024-08-16,"['DM', 'AM']",1,0,0,1,0,0,0,0,0,0,0,0,0
Harrison Reed,Fulham,6,ENG,DM,29,1.0,0,0,0,0,0,0,0,0,3,1,0,0,0.0,0.0,0.0,0,0,1,1,100.0,0,1,0,0,0,2024-08-16,['DM'],0,0,0,1,0,0,0,0,0,0,0,0,0
Antonee Robinson,Fulham,33,USA,LB,27,90.0,0,0,0,0,0,0,0,0,59,8,2,0,0.0,0.0,0.0,0,0,32,42,76.2,2,31,2,2,0,2024-08-16,['LB'],0,0,0,0,0,0,1,0,0,0,0,0,0
Calvin Bassey,Fulham,3,NGA,CB,24,90.0,0,0,0,0,2,0,1,0,72,1,0,2,0.1,0.1,0.0,1,0,57,62,91.9,5,51,1,0,0,2024-08-16,['CB'],0,1,0,0,0,0,0,0,0,0,0,0,0
Issa Diop,Fulham,31,FRA,CB,27,90.0,0,0,0,0,0,0,0,0,45,4,0,1,0.0,0.0,0.0,0,0,28,35,80.0,2,26,0,0,0,2024-08-16,['CB'],0,1,0,0,0,0,0,0,0,0,0,0,0
Kenny Tete,Fulham,2,NED,RB,28,90.0,0,0,0,0,2,1,0,0,44,1,3,2,0.1,0.1,0.0,2,0,24,32,75.0,2,22,2,0,0,2024-08-16,['RB'],0,0,0,0,0,0,0,0,0,1,0,0,0
Bernd Leno,Fulham,1,GER,GK,32,90.0,0,0,0,0,0,0,0,0,45,0,0,0,0.0,0.0,0.0,0,0,30,42,71.4,0,28,0,0,0,2024-08-16,['GK'],0,0,0,0,0,1,0,0,0,0,0,0,0
Liam Delap,Ipswich Town,19,ENG,FW,21,82.5,0,0,0,0,0,0,0,0,18,0,0,0,0.0,0.0,0.2,1,0,6,12,50.0,0,14,2,0,0,2024-08-17,['FW'],0,0,0,0,1,0,0,0,0,0,0,0,0
Ali Al Hamadi,Ipswich Town,16,IRQ,FW,22,17.0,0,0,0,0,0,0,0,0,3,0,0,0,0.0,0.0,0.0,0,0,1,1,100.0,0,1,0,0,0,2024-08-17,['FW'],0,0,0,0,1,0,0,0,0,0,0,0,0
Omari Hutchinson,Ipswich Town,20,ENG,"LW,RW",20,90.0,0,0,0,0,3,1,1,0,29,0,0,1,0.3,0.3,0.0,2,0,10,20,50.0,1,23,7,6,3,2024-08-17,"['LW', 'RW']",0,0,0,0,0,0,0,0,1,0,0,1,0
Wes Burns,Ipswich Town,7,WAL,RW,29,56.0,0,0,0,0,0,0,1,0,20,0,0,1,0.0,0.0,0.0,1,0,9,15,60.0,0,12,1,1,0,2024-08-17,['RW'],0,0,0,0,0,0,0,0,0,0,0,1,0
Ben Johnson,Ipswich Town,18,ENG,"RB,RW",24,34.0,0,0,0,0,0,0,0,0,19,4,1,0,0.0,0.0,0.0,0,0,9,12,75.0,0,6,0,1,0,2024-08-17,"['RB', 'RW']",0,0,0,0,0,0,0,0,0,1,0,1,0
Conor Chaplin,Ipswich Town,10,ENG,AM,27,64.0,0,0,0,0,0,0,0,0,28,2,0,2,0.0,0.0,0.0,1,0,16,23,69.6,2,16,0,0,0,2024-08-17,['AM'],1,0,0,0,0,0,0,0,0,0,0,0,0
Marcus Harness,Ipswich Town,11,ENG,AM,28,26.0,0,0,0,0,0,0,0,0,16,0,0,1,0.0,0.0,0.0,2,0,9,14,64.3,2,9,0,1,0,2024-08-17,['AM'],1,0,0,0,0,0,0,0,0,0,0,0,0
Massimo Luongo,Ipswich Town,25,AUS,DM,31,64.0,0,0,0,0,0,0,0,0,26,2,0,2,0.0,0.0,0.0,0,0,16,19,84.2,3,13,0,0,0,2024-08-17,['DM'],0,0,0,1,0,0,0,0,0,0,0,0,0
Jack Taylor,Ipswich Town,14,IRL,DM,26,26.0,0,0,0,0,1,0,0,0,23,0,0,0,0.0,0.0,0.0,0,0,15,19,78.9,3,13,0,0,0,2024-08-17,['DM'],0,0,0,1,0,0,0,0,0,0,0,0,0
Sam Morsy,Ipswich Town,5,EGY,DM,32,90.0,0,0,0,0,0,0,0,0,55,5,0,0,0.0,0.0,0.1,1,0,37,47,78.7,1,27,0,0,0,2024-08-17,['DM'],0,0,0,1,0,0,0,0,0,0,0,0,0
Leif Davis,Ipswich Town,3,ENG,LB,24,90.0,0,0,0,0,0,0,0,0,50,4,0,0,0.0,0.0,0.0,3,0,29,41,70.7,2,20,5,0,0,2024-08-17,['LB'],0,0,0,0,0,0,1,0,0,0,0,0,0
Jacob Greaves,Ipswich Town,24,ENG,CB,23,90.0,0,0,0,0,2,1,0,0,45,0,2,2,0.1,0.1,0.0,0,0,25,30,83.3,2,17,0,0,0,2024-08-17,['CB'],0,1,0,0,0,0,0,0,0,0,0,0,0
Luke Woolfenden,Ipswich Town,6,ENG,CB,25,90.0,0,0,0,0,0,0,1,0,73,0,4,5,0.0,0.0,0.0,0,0,48,55,87.3,2,35,0,0,0,2024-08-17,['CB'],0,1,0,0,0,0,0,0,0,0,0,0,0
Axel Tuanzebe,Ipswich Town,40,COD,RB,26,82.5,0,0,0,0,1,0,0,0,39,3,1,1,0.1,0.1,0.0,0,0,23,27,85.2,1,13,0,0,0,2024-08-17,['RB'],0,0,0,0,0,0,0,0,0,1,0,0,0
Sammie Szmodics,Ipswich Town,23,IRL,LW,28,17.0,0,0,0,0,0,0,0,0,8,0,1,0,0.0,0.0,0.0,1,0,4,4,100.0,2,9,1,1,0,2024-08-17,['LW'],0,0,0,0,0,0,0,0,1,0,0,0,0
Christian Walton,Ipswich Town,28,ENG,GK,28,90.0,0,0,0,0,0,0,0,0,45,0,0,0,0.0,0.0,0.0,0,0,33,42,78.6,0,26,0,0,0,2024-08-17,['GK'],0,0,0,0,0,1,0,0,0,0,0,0,0
Diogo Jota,Liverpool,20,POR,FW,27,78.0,1,0,0,0,3,1,0,0,27,1,1,0,0.9,0.9,0.0,1,0,9,15,60.0,2,16,2,2,1,2024-08-17,['FW'],0,0,0,0,1,0,0,0,0,0,0,0,0
Cody Gakpo,Liverpool,18,NED,FW,25,12.0,0,0,0,0,0,0,1,0,11,0,0,0,0.0,0.0,0.0,0,0,7,10,70.0,0,5,1,0,0,2024-08-17,['FW'],0,0,0,0,1,0,0,0,0,0,0,0,0
Luis Díaz,Liverpool,7,COL,LW,27,90.0,0,0,0,0,3,0,0,0,44,1,0,1,0.5,0.5,0.3,7,0,31,36,86.1,2,28,9,5,5,2024-08-17,['LW'],0,0,0,0,0,0,0,0,1,0,0,0,0
Mohamed Salah,Liverpool,11,EGY,RW,32,90.0,1,1,0,0,4,3,0,0,44,0,0,0,0.7,0.7,0.5,3,1,25,34,73.5,1,26,2,2,0,2024-08-17,['RW'],0,0,0,0,0,0,0,0,0,0,0,1,0
Dominik Szoboszlai,Liverpool,8,HUN,AM,23,90.0,0,0,0,0,3,0,0,0,59,1,0,1,0.2,0.2,0.4,4,0,44,50,88.0,6,33,4,1,1,2024-08-17,['AM'],1,0,0,0,0,0,0,0,0,0,0,0,0
Alexis Mac Allister,Liverpool,10,ARG,DM,25,90.0,0,0,0,0,2,0,0,0,66,0,0,3,0.1,0.1,0.0,3,0,42,50,84.0,7,34,0,7,1,2024-08-17,['DM'],0,0,0,1,0,0,0,0,0,0,0,0,0
Ryan Gravenberch,Liverpool,38,NED,DM,22,90.0,0,0,0,0,0,0,0,0,68,3,0,3,0.0,0.0,0.0,1,1,51,59,86.4,5,40,2,2,1,2024-08-17,['DM'],0,0,0,1,0,0,0,0,0,0,0,0,0
Andrew Robertson,Liverpool,26,SCO,LB,30,78.0,0,0,0,0,0,0,0,0,87,1,1,0,0.0,0.0,0.2,2,0,61,79,77.2,3,38,1,1,0,2024-08-17,['LB'],0,0,0,0,0,0,1,0,0,0,0,0,0
Kostas Tsimikas,Liverpool,21,GRE,LB,28,12.0,0,0,0,0,0,0,0,0,14,0,0,1,0.0,0.0,0.0,1,0,12,13,92.3,5,9,1,0,0,2024-08-17,['LB'],0,0,0,0,0,0,1,0,0,0,0,0,0
Virgil van Dijk,Liverpool,4,NED,CB,33,90.0,0,0,0,0,0,0,0,0,89,0,1,0,0.0,0.0,0.0,1,1,81,86,94.2,2,54,0,0,0,2024-08-17,['CB'],0,1,0,0,0,0,0,0,0,0,0,0,0
Jarell Quansah,Liverpool,78,ENG,CB,21,45.0,0,0,0,0,0,0,0,0,35,2,1,1,0.0,0.0,0.0,0,0,25,28,89.3,0,16,0,0,0,2024-08-17,['CB'],0,1,0,0,0,0,0,0,0,0,0,0,0
Ibrahima Konaté,Liverpool,5,FRA,CB,25,45.0,0,0,0,0,0,0,0,0,35,0,1,1,0.0,0.0,0.0,0,0,28,30,93.3,0,22,0,1,1,2024-08-17,['CB'],0,1,0,0,0,0,0,0,0,0,0,0,0
Trent Alexander-Arnold,Liverpool,66,ENG,RB,25,76.0,0,0,0,0,1,0,0,0,58,0,0,3,0.1,0.1,0.7,4,1,38,54,70.4,5,33,2,1,0,2024-08-17,['RB'],0,0,0,0,0,0,0,0,0,1,0,0,0
Conor Bradley,Liverpool,84,NIR,RB,21,14.0,0,0,0,0,2,1,0,0,31,0,0,0,0.2,0.2,0.0,1,0,22,25,88.0,1,16,1,1,1,2024-08-17,['RB'],0,0,0,0,0,0,0,0,0,1,0,0,0
Alisson,Liverpool,1,BRA,GK,31,90.0,0,0,0,0,0,0,0,0,52,0,0,0,0.0,0.0,0.0,1,0,44,51,86.3,0,37,0,0,0,2024-08-17,['GK'],0,0,0,0,0,1,0,0,0,0,0,0,0
Alexander Isak,Newcastle United,14,SWE,FW,24,90.0,0,1,0,0,0,0,0,0,19,1,1,1,0.0,0.0,0.2,2,2,8,10,80.0,1,6,0,1,0,2024-08-17,['FW'],0,0,0,0,1,0,0,0,0,0,0,0,0
Anthony Gordon,Newcastle United,10,ENG,LW,23,69.0,0,0,0,0,0,0,0,0,24,0,0,0,0.0,0.0,0.0,2,0,11,18,61.1,2,11,4,2,1,2024-08-17,['LW'],0,0,0,0,0,0,0,0,1,0,0,0,0
Harvey Barnes,Newcastle United,11,ENG,LW,26,21.0,0,0,0,0,0,0,0,0,5,0,0,0,0.0,0.0,0.0,0,0,1,2,50.0,0,2,0,1,0,2024-08-17,['LW'],0,0,0,0,0,0,0,0,1,0,0,0,0
Jacob Murphy,Newcastle United,23,ENG,RW,29,29.0,0,0,0,0,0,0,0,0,12,3,0,0,0.0,0.0,0.0,1,0,6,7,85.7,3,6,0,1,0,2024-08-17,['RW'],0,0,0,0,0,0,0,0,0,0,0,1,0
Emil Krafth,Newcastle United,17,SWE,CB,30,61.0,0,0,0,0,0,0,0,0,12,0,0,2,0.0,0.0,0.0,0,0,2,3,66.7,0,0,0,0,0,2024-08-17,['CB'],0,1,0,0,0,0,0,0,0,0,0,0,0
Joelinton,Newcastle United,7,BRA,LM,28,90.0,1,0,0,0,2,1,0,0,34,1,1,4,0.2,0.2,0.0,0,0,10,17,58.8,2,13,1,1,0,2024-08-17,['LM'],0,0,0,0,0,0,0,1,0,0,0,0,0
Bruno Guimarães,Newcastle United,39,BRA,CM,26,90.0,0,0,0,0,0,0,0,0,42,6,1,4,0.0,0.0,0.0,0,0,18,28,64.3,1,17,0,0,0,2024-08-17,['CM'],0,0,1,0,0,0,0,0,0,0,0,0,0
Sean Longstaff,Newcastle United,36,ENG,RM,26,90.0,0,0,0,0,0,0,0,0,22,3,0,2,0.0,0.0,0.0,0,0,11,15,73.3,2,5,0,0,0,2024-08-17,['RM'],0,0,0,0,0,0,0,0,0,0,1,0,0
Lewis Hall,Newcastle United,20,ENG,LB,19,69.0,0,0,0,0,0,0,1,0,38,0,1,4,0.0,0.0,0.0,1,0,17,30,56.7,3,13,2,1,0,2024-08-17,['LB'],0,0,0,0,0,0,1,0,0,0,0,0,0
Lloyd Kelly,Newcastle United,25,ENG,LB,25,21.0,0,0,0,0,0,0,0,0,5,0,0,1,0.0,0.0,0.0,0,0,1,2,50.0,0,0,0,0,0,2024-08-17,['LB'],0,0,0,0,0,0,1,0,0,0,0,0,0
Dan Burn,Newcastle United,33,ENG,CB,32,90.0,0,0,0,0,0,0,1,0,30,0,0,1,0.0,0.0,0.0,0,0,13,18,72.2,0,11,0,0,0,2024-08-17,['CB'],0,1,0,0,0,0,0,0,0,0,0,0,0
Fabian Schär,Newcastle United,5,SUI,CB,32,27.0,0,0,0,0,1,0,0,1,13,0,0,0,0.0,0.0,0.0,0,0,9,11,81.8,1,6,0,0,0,2024-08-17,['CB'],0,1,0,0,0,0,0,0,0,0,0,0,0
Valentino Livramento,Newcastle United,21,ENG,RB,21,90.0,0,0,0,0,0,0,0,0,34,2,0,5,0.0,0.0,0.0,0,0,11,20,55.0,0,8,1,0,0,2024-08-17,['RB'],0,0,0,0,0,0,0,0,0,1,0,0,0
Nick Pope,Newcastle United,22,ENG,GK,32,90.0,0,0,0,0,0,0,0,0,27,0,0,0,0.0,0.0,0.0,0,0,10,26,38.5,0,10,0,0,0,2024-08-17,['GK'],0,0,0,0,0,1,0,0,0,0,0,0,0
Ben Brereton,Southampton,17,CHI,FW,25,69.0,0,0,0,0,2,0,1,0,32,1,0,0,0.3,0.3,0.1,1,0,20,26,76.9,0,18,1,1,0,2024-08-17,['FW'],0,0,0,0,1,0,0,0,0,0,0,0,0
Cameron Archer,Southampton,19,ENG,FW,23,21.0,0,0,0,0,2,1,0,0,7,0,0,0,0.2,0.2,0.0,0,0,2,4,50.0,0,4,1,0,0,2024-08-17,['FW'],0,0,0,0,1,0,0,0,0,0,0,0,0
Adam Armstrong,Southampton,9,ENG,FW,27,90.0,0,0,0,0,5,1,0,0,33,2,0,0,0.7,0.7,0.1,2,0,20,25,80.0,2,26,4,0,0,2024-08-17,['FW'],0,0,0,0,1,0,0,0,0,0,0,0,0
Joe Aribo,Southampton,7,NGA,CM,28,69.0,0,0,0,0,1,0,0,0,46,2,1,0,0.1,0.1,0.6,2,0,33,40,82.5,4,27,3,1,1,2024-08-17,['CM'],0,0,1,0,0,0,0,0,0,0,0,0,0
Tyler Dibling,Southampton,33,ENG,CM,18,21.0,0,0,0,0,0,0,0,0,16,0,0,0,0.0,0.0,0.0,2,0,14,15,93.3,1,13,1,0,0,2024-08-17,['CM'],0,0,1,0,0,0,0,0,0,0,0,0,0
Flynn Downes,Southampton,4,ENG,"CM,CB",25,90.0,0,0,0,0,1,0,0,0,98,2,0,1,0.1,0.1,0.1,5,0,83,90,92.2,8,44,1,0,0,2024-08-17,"['CM', 'CB']",0,1,1,0,0,0,0,0,0,0,0,0,0
William Smallbone,Southampton,8,IRL,CM,24,90.0,0,0,0,0,4,0,0,0,75,2,0,1,0.3,0.3,0.0,6,0,45,63,71.4,5,31,1,1,1,2024-08-17,['CM'],0,0,1,0,0,0,0,0,0,0,0,0,0
Kyle Walker-Peters,Southampton,2,ENG,WB,27,80.0,0,0,0,0,2,0,0,0,82,0,0,2,0.1,0.1,0.0,2,0,65,75,86.7,11,59,5,4,2,2024-08-17,['WB'],0,0,0,0,0,0,0,0,0,0,0,0,1
Carlos Alcaraz,Southampton,22,ARG,CM,21,10.0,0,0,0,0,1,1,0,0,17,0,1,0,0.1,0.1,0.1,1,0,13,13,100.0,6,12,4,2,0,2024-08-17,['CM'],0,0,1,0,0,0,0,0,0,0,0,0,0
Yukinari Sugawara,Southampton,16,JPN,WB,24,45.0,0,0,0,0,0,0,0,0,40,0,0,1,0.0,0.0,0.2,1,0,22,35,62.9,1,22,1,2,1,2024-08-17,['WB'],0,0,0,0,0,0,0,0,0,0,0,0,1
Samuel Edozie,Southampton,23,ENG,WB,21,45.0,0,0,0,0,0,0,1,0,30,2,0,0,0.0,0.0,0.1,4,0,20,23,87.0,4,28,5,3,1,2024-08-17,['WB'],0,0,0,0,0,0,0,0,0,0,0,0,1
Jack Stephens,Southampton,5,ENG,CB,30,90.0,0,0,0,0,0,0,1,0,98,1,0,2,0.0,0.0,0.0,3,0,85,91,93.4,11,64,1,0,0,2024-08-17,['CB'],0,1,0,0,0,0,0,0,0,0,0,0,0
Jan Bednarek,Southampton,35,POL,CB,28,80.0,0,0,0,0,0,0,0,0,86,0,1,0,0.0,0.0,0.0,2,0,77,82,93.9,6,49,1,0,0,2024-08-17,['CB'],0,1,0,0,0,0,0,0,0,0,0,0,0
Samuel Amo-Ameyaw,Southampton,27,ENG,WB,18,10.0,0,0,0,0,1,0,0,0,6,0,0,0,0.0,0.0,0.1,2,0,5,5,100.0,0,6,0,0,0,2024-08-17,['WB'],0,0,0,0,0,0,0,0,0,0,0,0,1
Taylor Harwood-Bellis,Southampton,6,ENG,CB,22,90.0,0,0,0,0,0,0,1,0,100,1,0,1,0.0,0.0,0.0,1,0,82,93,88.2,3,58,2,0,0,2024-08-17,['CB'],0,1,0,0,0,0,0,0,0,0,0,0,0
Alex McCarthy,Southampton,1,ENG,GK,34,90.0,0,0,0,0,0,0,0,0,22,0,0,0,0.0,0.0,0.0,0,0,18,22,81.8,0,15,0,0,0,2024-08-17,['GK'],0,0,0,0,0,1,0,0,0,0,0,0,0
Chris Wood,Nottingham Forest,11,NZL,FW,32,71.0,1,0,0,0,1,1,0,0,32,0,0,0,0.7,0.7,0.0,0,0,16,26,61.5,1,10,1,0,0,2024-08-17,['FW'],0,0,0,0,1,0,0,0,0,0,0,0,0
Taiwo Awoniyi,Nottingham Forest,9,NGA,FW,27,19.0,0,0,0,0,1,1,0,0,8,0,0,0,0.1,0.1,0.0,1,0,4,5,80.0,1,4,0,1,1,2024-08-17,['FW'],0,0,0,0,1,0,0,0,0,0,0,0,0
Callum Hudson-Odoi,Nottingham Forest,14,ENG,LW,23,71.0,0,0,0,0,2,2,0,0,45,0,0,0,0.1,0.1,0.1,5,0,33,39,84.6,1,23,6,2,0,2024-08-17,['LW'],0,0,0,0,0,0,0,0,1,0,0,0,0
Elliot Anderson,Nottingham Forest,8,ENG,LW,21,19.0,0,0,0,0,0,0,0,0,21,0,1,1,0.0,0.0,0.0,0,0,6,13,46.2,0,7,1,1,0,2024-08-17,['LW'],0,0,0,0,0,0,0,0,1,0,0,0,0
Anthony Elanga,Nottingham Forest,21,SWE,RW,22,53.0,0,0,0,0,1,1,0,0,38,0,0,0,0.0,0.0,0.1,5,0,26,31,83.9,3,21,1,4,2,2024-08-17,['RW'],0,0,0,0,0,0,0,0,0,0,0,1,0
Nicolás Domínguez,Nottingham Forest,16,ARG,RW,26,37.0,0,0,0,0,0,0,0,0,32,2,0,0,0.0,0.0,0.0,2,0,24,29,82.8,3,11,0,0,0,2024-08-17,['RW'],0,0,0,0,0,0,0,0,0,0,0,1,0
Morgan Gibbs-White,Nottingham Forest,10,ENG,AM,24,90.0,0,0,0,0,2,0,0,0,75,1,1,0,0.1,0.1,0.1,6,0,46,63,73.0,6,44,2,4,1,2024-08-17,['AM'],1,0,0,0,0,0,0,0,0,0,0,0,0
Danilo,Nottingham Forest,28,BRA,DM,23,14.0,0,0,0,0,0,0,0,0,6,0,0,0,0.0,0.0,0.0,0,0,3,3,100.0,0,4,0,3,1,2024-08-17,['DM'],0,0,0,1,0,0,0,0,0,0,0,0,0
Ryan Yates,Nottingham Forest,22,ENG,DM,26,76.0,0,0,0,0,3,2,0,0,53,1,0,1,0.2,0.2,0.0,4,1,35,37,94.6,7,32,5,3,1,2024-08-17,['DM'],0,0,0,1,0,0,0,0,0,0,0,0,0
Ibrahim Sangaré,Nottingham Forest,6,CIV,DM,26,90.0,0,0,0,0,0,0,0,0,64,5,1,2,0.0,0.0,0.0,0,0,38,54,70.4,5,16,0,0,0,2024-08-17,['DM'],0,0,0,1,0,0,0,0,0,0,0,0,0
Ola Aina,Nottingham Forest,34,NGA,LB,27,53.0,0,0,0,0,1,0,0,0,42,2,1,1,0.0,0.0,0.0,1,0,22,33,66.7,4,13,2,1,0,2024-08-17,['LB'],0,0,0,0,0,0,1,0,0,0,0,0,0
Harry Toffolo,Nottingham Forest,15,ENG,LB,28,37.0,0,0,0,0,1,0,0,0,36,2,0,0,0.0,0.0,0.0,0,0,22,30,73.3,1,8,0,0,0,2024-08-17,['LB'],0,0,0,0,0,0,1,0,0,0,0,0,0
Murillo,Nottingham Forest,5,BRA,CB,22,90.0,0,0,0,0,0,0,0,0,50,1,0,2,0.0,0.0,0.0,0,0,36,39,92.3,1,17,0,1,1,2024-08-17,['CB'],0,1,0,0,0,0,0,0,0,0,0,0,0
Willy Boly,Nottingham Forest,30,CIV,CB,33,90.0,0,0,0,0,1,1,0,0,70,4,1,3,0.1,0.1,0.0,0,0,42,53,79.2,2,32,0,0,0,2024-08-17,['CB'],0,1,0,0,0,0,0,0,0,0,0,0,0
Neco Williams,Nottingham Forest,7,WAL,RB,23,90.0,0,0,0,0,1,0,1,0,55,5,2,2,0.0,0.0,0.2,2,0,31,40,77.5,2,21,0,3,2,2024-08-17,['RB'],0,0,0,0,0,0,0,0,0,1,0,0,0
Matz Sels,Nottingham Forest,26,BEL,GK,32,90.0,0,0,0,0,0,0,0,0,50,1,0,0,0.0,0.0,0.0,0,0,36,48,75.0,0,36,0,0,0,2024-08-17,['GK'],0,0,0,0,0,1,0,0,0,0,0,0,0
Antoine Semenyo,Bournemouth,24,GHA,"LW,RW,FW",24,90.0,1,0,0,0,5,2,0,0,48,0,0,1,0.4,0.4,0.0,2,0,22,33,66.7,1,29,2,3,1,2024-08-17,"['LW', 'RW', 'FW']",0,0,0,0,1,0,0,0,1,0,0,1,0
Luis Sinisterra,Bournemouth,17,COL,"FW,LW",25,62.0,0,0,0,0,2,1,0,0,26,1,0,1,0.2,0.2,0.0,0,0,12,15,80.0,1,16,2,3,1,2024-08-17,"['FW', 'LW']",0,0,0,0,1,0,0,0,1,0,0,0,0
Justin Kluivert,Bournemouth,19,NED,"LW,FW",25,28.0,0,0,0,0,0,0,1,0,17,0,1,0,0.0,0.0,0.0,1,1,11,14,78.6,5,13,2,2,1,2024-08-17,"['LW', 'FW']",0,0,0,0,1,0,0,0,1,0,0,0,0
Dango Ouattara,Bournemouth,11,BFA,RW,22,68.0,0,0,0,0,1,0,0,0,39,3,0,1,0.2,0.2,0.0,2,0,8,21,38.1,0,14,3,3,1,2024-08-17,['RW'],0,0,0,0,0,0,0,0,0,0,0,1,0
Daniel Jebbison,Bournemouth,21,ENG,FW,21,22.0,0,0,0,0,0,0,0,0,7,0,0,0,0.0,0.0,0.0,2,0,3,5,60.0,0,6,1,0,0,2024-08-17,['FW'],0,0,0,0,1,0,0,0,0,0,0,0,0
Marcus Tavernier,Bournemouth,16,ENG,"AM,DM",25,90.0,0,0,0,0,5,1,0,0,58,0,0,0,0.4,0.4,0.2,6,0,35,49,71.4,13,28,2,2,0,2024-08-17,"['AM', 'DM']",1,0,0,1,0,0,0,0,0,0,0,0,0
Lewis Cook,Bournemouth,4,ENG,DM,27,83.0,0,0,0,0,0,0,1,0,54,1,2,2,0.0,0.0,0.2,1,0,29,40,72.5,5,20,1,0,0,2024-08-17,['DM'],0,0,0,1,0,0,0,0,0,0,0,0,0
Philip Billing,Bournemouth,29,DEN,AM,28,7.0,0,0,0,0,0,0,0,0,4,1,0,0,0.0,0.0,0.0,0,0,1,2,50.0,0,2,0,0,0,2024-08-17,['AM'],1,0,0,0,0,0,0,0,0,0,0,0,0
Alex Scott,Bournemouth,14,ENG,DM,20,62.0,0,0,0,0,0,0,0,0,41,8,3,3,0.0,0.0,0.1,2,0,19,21,90.5,6,20,0,2,0,2024-08-17,['DM'],0,0,0,1,0,0,0,0,0,0,0,0,0
Ryan Christie,Bournemouth,10,SCO,DM,29,28.0,0,0,0,0,0,0,0,0,32,0,1,0,0.0,0.0,0.0,1,0,18,26,69.2,2,18,1,2,1,2024-08-17,['DM'],0,0,0,1,0,0,0,0,0,0,0,0,0
Milos Kerkez,Bournemouth,3,HUN,LB,20,90.0,0,0,0,0,0,0,1,0,62,2,1,1,0.0,0.0,0.0,4,1,46,56,82.1,8,33,4,0,0,2024-08-17,['LB'],0,0,0,0,0,0,1,0,0,0,0,0,0
Dean Huijsen,Bournemouth,2,ESP,CB,19,90.0,0,0,0,0,0,0,0,0,78,0,2,2,0.0,0.0,0.0,1,0,56,68,82.4,4,46,0,0,0,2024-08-17,['CB'],0,1,0,0,0,0,0,0,0,0,0,0,0
Illia Zabarnyi,Bournemouth,27,UKR,CB,21,90.0,0,0,0,0,0,0,0,0,70,0,2,2,0.0,0.0,0.0,1,0,45,57,78.9,2,39,0,1,0,2024-08-17,['CB'],0,1,0,0,0,0,0,0,0,0,0,0,0
Adam Smith,Bournemouth,15,ENG,RB,33,62.0,0,0,0,0,0,0,0,0,27,1,2,0,0.0,0.0,0.0,0,0,18,21,85.7,0,13,0,2,0,2024-08-17,['RB'],0,0,0,0,0,0,0,0,0,1,0,0,0
Julian Araujo,Bournemouth,28,MEX,RB,23,28.0,0,0,0,0,0,0,0,0,26,1,0,0,0.0,0.0,0.0,1,0,17,23,73.9,2,11,0,0,0,2024-08-17,['RB'],0,0,0,0,0,0,0,0,0,1,0,0,0
Neto,Bournemouth,1,BRA,GK,35,90.0,0,0,0,0,0,0,0,0,39,0,0,0,0.0,0.0,0.0,0,0,23,34,67.6,0,19,0,0,0,2024-08-17,['GK'],0,0,0,0,0,1,0,0,0,0,0,0,0
Dominic Calvert-Lewin,Everton,9,ENG,FW,27,75.0,0,0,0,0,0,0,0,0,19,0,0,0,0.0,0.0,0.0,1,0,12,14,85.7,4,12,1,0,0,2024-08-17,['FW'],0,0,0,0,1,0,0,0,0,0,0,0,0
Beto,Everton,14,GNB,FW,26,15.0,0,0,0,0,0,0,0,0,8,0,0,1,0.0,0.0,0.0,0,0,1,4,25.0,0,5,0,1,0,2024-08-17,['FW'],0,0,0,0,1,0,0,0,0,0,0,0,0
Dwight McNeil,Everton,7,ENG,"LW,RB,RW",24,90.0,0,0,0,0,0,0,0,0,37,2,2,0,0.0,0.0,0.0,1,0,24,32,75.0,1,22,0,0,0,2024-08-17,"['LW', 'RB', 'RW']",0,0,0,0,0,0,0,0,1,1,0,1,0
Jack Harrison,Everton,11,ENG,RW,27,84.0,0,0,0,0,3,1,0,0,36,0,0,1,0.1,0.1,0.1,2,0,17,26,65.4,2,25,4,5,3,2024-08-17,['RW'],0,0,0,0,0,0,0,0,0,0,0,1,0
Mason Holgate,Everton,4,ENG,"RW,RB",27,6.0,0,0,0,0,0,0,0,0,3,0,0,0,0.0,0.0,0.0,0,0,2,2,100.0,0,1,0,0,0,2024-08-17,"['RW', 'RB']",0,0,0,0,0,0,0,0,0,1,0,1,0
Abdoulaye Doucouré,Everton,16,MLI,AM,31,62.0,0,0,0,0,1,0,0,0,21,1,0,0,0.1,0.1,0.0,1,0,12,19,63.2,0,10,2,1,1,2024-08-17,['AM'],1,0,0,0,0,0,0,0,0,0,0,0,0
Iliman Ndiaye,Everton,10,SEN,"LW,AM",24,28.0,0,0,0,0,0,0,0,0,9,3,0,0,0.0,0.0,0.0,0,0,3,4,75.0,0,5,1,1,0,2024-08-17,"['LW', 'AM']",1,0,0,0,0,0,0,0,1,0,0,0,0
Idrissa Gana Gueye,Everton,27,SEN,DM,34,90.0,0,0,0,0,1,0,0,0,45,2,0,3,0.0,0.0,0.0,1,0,29,35,82.9,4,22,1,2,0,2024-08-17,['DM'],0,0,0,1,0,0,0,0,0,0,0,0,0
Tim Iroegbunam,Everton,42,ENG,DM,21,90.0,0,0,0,0,2,0,0,0,47,9,4,1,0.1,0.1,0.0,3,0,17,29,58.6,3,26,1,2,1,2024-08-17,['DM'],0,0,0,1,0,0,0,0,0,0,0,0,0
Vitaliy Mykolenko,Everton,19,UKR,LB,25,90.0,0,0,0,0,0,0,0,0,52,0,1,1,0.0,0.0,0.0,1,0,33,42,78.6,2,23,1,3,0,2024-08-17,['LB'],0,0,0,0,0,0,1,0,0,0,0,0,0
Michael Keane,Everton,5,ENG,CB,31,90.0,0,0,0,0,1,0,0,0,57,0,0,1,0.0,0.0,0.0,2,0,44,53,83.0,3,31,0,0,0,2024-08-17,['CB'],0,1,0,0,0,0,0,0,0,0,0,0,0
James Tarkowski,Everton,6,ENG,CB,31,90.0,0,0,0,0,1,0,1,0,68,2,4,3,0.0,0.0,0.0,1,0,45,54,83.3,3,33,1,1,0,2024-08-17,['CB'],0,1,0,0,0,0,0,0,0,0,0,0,0
Ashley Young,Everton,18,ENG,RB,39,65.0,0,0,0,0,0,0,0,1,46,4,2,1,0.0,0.0,0.1,2,0,26,38,68.4,7,15,0,0,0,2024-08-17,['RB'],0,0,0,0,0,0,0,0,0,1,0,0,0
Jordan Pickford,Everton,1,ENG,GK,30,90.0,0,0,0,0,0,0,0,0,51,0,0,0,0.0,0.0,0.0,0,0,33,47,70.2,0,33,0,0,0,2024-08-17,['GK'],0,0,0,0,0,1,0,0,0,0,0,0,0
Danny Welbeck,Brighton & Hove Albion,18,ENG,FW,33,90.0,1,1,0,0,2,1,0,0,26,2,1,3,0.2,0.2,0.1,3,1,16,18,88.9,4,17,2,1,1,2024-08-17,['FW'],0,0,0,0,1,0,0,0,0,0,0,0,0
Kaoru Mitoma,Brighton & Hove Albion,22,JPN,LW,27,88.0,1,0,0,0,4,3,0,0,51,3,0,2,1.0,1.0,0.0,2,0,24,29,82.8,3,29,5,10,4,2024-08-17,['LW'],0,0,0,0,0,0,0,0,1,0,0,0,0
Yasin Ayari,Brighton & Hove Albion,26,SWE,LW,20,2.0,0,0,0,0,0,0,0,0,3,0,0,0,0.0,0.0,0.0,0,0,1,2,50.0,0,3,0,1,0,2024-08-17,['LW'],0,0,0,0,0,0,0,0,1,0,0,0,0
Yankuba Minteh,Brighton & Hove Albion,17,GAM,RW,20,44.0,0,1,0,0,0,0,0,0,17,1,1,1,0.0,0.0,1.0,4,2,9,13,69.2,2,9,3,1,1,2024-08-17,['RW'],0,0,0,0,0,0,0,0,0,0,0,1,0
Simon Adingra,Brighton & Hove Albion,24,CIV,RW,22,46.0,1,0,0,0,2,1,0,0,31,1,2,0,0.2,0.2,0.0,1,0,13,21,61.9,0,20,2,1,0,2024-08-17,['RW'],0,0,0,0,0,0,0,0,0,0,0,1,0
João Pedro,Brighton & Hove Albion,9,BRA,AM,22,81.0,0,0,0,0,1,0,0,0,26,2,1,0,0.0,0.0,0.1,1,0,9,16,56.3,2,20,3,1,0,2024-08-17,['AM'],1,0,0,0,0,0,0,0,0,0,0,0,0
Jeremy Sarmiento,Brighton & Hove Albion,16,ECU,AM,22,9.0,0,0,0,0,0,0,0,0,8,0,0,0,0.0,0.0,0.0,0,0,6,6,100.0,0,6,0,0,0,2024-08-17,['AM'],1,0,0,0,0,0,0,0,0,0,0,0,0
Mats Wieffer,Brighton & Hove Albion,27,NED,DM,24,90.0,0,1,0,0,0,0,0,0,82,4,0,1,0.0,0.0,0.1,2,1,63,72,87.5,3,49,0,2,0,2024-08-17,['DM'],0,0,0,1,0,0,0,0,0,0,0,0,0
James Milner,Brighton & Hove Albion,6,ENG,DM,38,81.0,0,0,0,0,0,0,1,0,47,4,0,3,0.0,0.0,0.2,5,0,30,40,75.0,4,19,1,0,0,2024-08-17,['DM'],0,0,0,1,0,0,0,0,0,0,0,0,0
Billy Gilmour,Brighton & Hove Albion,11,SCO,DM,23,9.0,0,0,0,0,0,0,0,0,12,0,0,0,0.0,0.0,0.0,0,0,10,12,83.3,1,10,0,0,0,2024-08-17,['DM'],0,0,0,1,0,0,0,0,0,0,0,0,0
Jack Hinshelwood,Brighton & Hove Albion,41,ENG,LB,19,90.0,0,0,0,0,0,0,0,0,81,0,1,0,0.0,0.0,0.0,1,1,60,72,83.3,6,47,1,0,0,2024-08-17,['LB'],0,0,0,0,0,0,1,0,0,0,0,0,0
Lewis Dunk,Brighton & Hove Albion,5,ENG,CB,32,75.0,0,0,0,0,1,0,0,0,75,0,0,0,0.1,0.1,0.0,0,0,60,70,85.7,2,43,0,0,0,2024-08-17,['CB'],0,1,0,0,0,0,0,0,0,0,0,0,0
Adam Webster,Brighton & Hove Albion,4,ENG,CB,29,15.0,0,0,0,0,0,0,0,0,34,0,0,0,0.0,0.0,0.0,0,0,30,33,90.9,5,22,0,0,0,2024-08-17,['CB'],0,1,0,0,0,0,0,0,0,0,0,0,0
Jan Paul van Hecke,Brighton & Hove Albion,29,NED,CB,24,90.0,0,0,0,0,0,0,0,0,94,2,0,0,0.0,0.0,0.0,0,0,81,87,93.1,4,74,0,1,0,2024-08-17,['CB'],0,1,0,0,0,0,0,0,0,0,0,0,0
Joël Veltman,Brighton & Hove Albion,34,NED,RB,32,90.0,0,0,0,0,0,0,0,0,61,2,2,1,0.0,0.0,0.0,0,0,42,52,80.8,2,37,1,0,0,2024-08-17,['RB'],0,0,0,0,0,0,0,0,0,1,0,0,0
Jason Steele,Brighton & Hove Albion,23,ENG,GK,33,90.0,0,0,0,0,0,0,0,0,63,0,0,0,0.0,0.0,0.0,0,0,56,62,90.3,0,51,0,0,0,2024-08-17,['GK'],0,0,0,0,0,1,0,0,0,0,0,0,0
Kai Havertz,Arsenal,29,GER,"FW,LM",25,90.0,1,1,0,0,5,1,0,0,40,1,1,2,0.4,0.4,0.1,3,1,14,18,77.8,5,22,3,3,1,2024-08-17,"['FW', 'LM']",0,0,0,0,1,0,0,1,0,0,0,0,0
Gabriel Martinelli,Arsenal,11,BRA,"LW,RW",23,90.0,0,0,0,0,1,0,0,0,34,2,0,0,0.1,0.1,0.4,5,0,18,23,78.3,2,22,4,7,2,2024-08-17,"['LW', 'RW']",0,0,0,0,0,0,0,0,1,0,0,1,0
Bukayo Saka,Arsenal,7,ENG,RW,22,79.0,1,1,0,0,5,3,1,0,38,2,0,1,0.4,0.4,0.4,7,1,20,25,80.0,5,25,4,1,0,2024-08-17,['RW'],0,0,0,0,0,0,0,0,0,0,0,1,0
Leandro Trossard,Arsenal,19,BEL,LW,29,11.0,0,0,0,0,0,0,0,0,7,2,0,0,0.0,0.0,0.0,0,0,3,4,75.0,0,2,0,1,0,2024-08-17,['LW'],0,0,0,0,0,0,0,0,1,0,0,0,0
Declan Rice,Arsenal,41,ENG,LM,25,84.0,0,0,0,0,1,0,0,0,39,0,2,0,0.1,0.1,0.1,5,0,26,31,83.9,8,20,1,0,0,2024-08-17,['LM'],0,0,0,0,0,0,0,1,0,0,0,0,0
Gabriel Jesus,Arsenal,9,BRA,FW,27,6.0,0,0,0,0,0,0,1,0,7,1,0,0,0.0,0.0,0.0,0,0,4,4,100.0,0,3,1,0,0,2024-08-17,['FW'],0,0,0,0,1,0,0,0,0,0,0,0,0
Thomas Partey,Arsenal,5,GHA,CM,31,90.0,0,0,0,0,1,0,0,0,45,3,0,0,0.1,0.1,0.1,5,1,33,37,89.2,6,30,0,0,0,2024-08-17,['CM'],0,0,1,0,0,0,0,0,0,0,0,0,0
Martin Ødegaard,Arsenal,8,NOR,RM,25,90.0,0,0,0,0,1,1,0,0,41,1,0,0,0.0,0.0,0.1,4,0,29,34,85.3,8,28,3,5,3,2024-08-17,['RM'],0,0,0,0,0,0,0,0,0,0,1,0,0
Oleksandr Zinchenko,Arsenal,17,UKR,LB,27,68.0,0,0,0,0,0,0,0,0,66,0,2,1,0.0,0.0,0.0,2,1,52,61,85.2,6,32,1,1,1,2024-08-17,['LB'],0,0,0,0,0,0,1,0,0,0,0,0,0
Jurriën Timber,Arsenal,12,NED,LB,23,22.0,0,0,0,0,1,0,0,0,14,0,0,0,0.0,0.0,0.0,0,0,9,10,90.0,0,6,1,3,2,2024-08-17,['LB'],0,0,0,0,0,0,1,0,0,0,0,0,0
Gabriel Magalhães,Arsenal,6,BRA,CB,26,90.0,0,0,0,0,1,0,0,0,75,1,1,2,0.1,0.1,0.0,1,0,54,66,81.8,3,47,0,0,0,2024-08-17,['CB'],0,1,0,0,0,0,0,0,0,0,0,0,0
William Saliba,Arsenal,2,FRA,CB,23,90.0,0,0,0,0,0,0,0,0,72,4,1,0,0.0,0.0,0.0,0,0,54,62,87.1,4,44,0,0,0,2024-08-17,['CB'],0,1,0,0,0,0,0,0,0,0,0,0,0
Ben White,Arsenal,4,ENG,RB,26,90.0,0,0,0,0,2,1,0,0,53,1,1,0,0.1,0.1,0.0,3,0,38,46,82.6,6,33,0,1,0,2024-08-17,['RB'],0,0,0,0,0,0,0,0,0,1,0,0,0
David Raya,Arsenal,22,ESP,GK,28,90.0,0,0,0,0,0,0,0,0,38,0,0,0,0.0,0.0,0.0,0,0,28,37,75.7,0,26,0,0,0,2024-08-17,['GK'],0,0,0,0,0,1,0,0,0,0,0,0,0
Jørgen Strand Larsen,Wolverhampton Wanderers,9,NOR,FW,24,83.0,0,0,0,0,1,1,0,0,19,0,0,1,0.1,0.1,0.0,0,0,8,12,66.7,0,9,1,0,0,2024-08-17,['FW'],0,0,0,0,1,0,0,0,0,0,0,0,0
Chiquinho,Wolverhampton Wanderers,23,POR,LM,24,7.0,0,0,0,0,0,0,0,0,3,0,0,0,0.0,0.0,0.0,2,0,3,3,100.0,0,1,0,0,0,2024-08-17,['LM'],0,0,0,0,0,0,0,1,0,0,0,0,0
Rodrigo Gomes,Wolverhampton Wanderers,19,POR,"LW,LM",21,74.0,0,0,0,0,1,0,0,0,24,0,0,1,0.1,0.1,0.0,0,0,11,20,55.0,1,15,4,1,1,2024-08-17,"['LW', 'LM']",0,0,0,0,0,0,0,1,1,0,0,0,0
Daniel Podence,Wolverhampton Wanderers,10,POR,RM,28,16.0,0,0,0,0,1,0,0,0,6,0,0,0,0.0,0.0,0.0,0,0,2,4,50.0,0,2,0,0,0,2024-08-17,['RM'],0,0,0,0,0,0,0,0,0,0,1,0,0
Hwang Hee-chan,Wolverhampton Wanderers,11,KOR,"RW,RM,FW,LM",28,90.0,0,0,0,0,0,0,0,0,31,0,0,2,0.0,0.0,0.1,1,0,18,23,78.3,2,25,2,3,1,2024-08-17,"['RW', 'RM', 'FW', 'LM']",0,0,0,0,1,0,0,1,0,0,1,1,0
Jean-Ricner Bellegarde,Wolverhampton Wanderers,27,FRA,AM,26,56.0,0,0,0,0,1,0,0,0,25,1,0,1,0.1,0.1,0.0,1,0,14,17,82.4,1,18,0,3,0,2024-08-17,['AM'],1,0,0,0,0,0,0,0,0,0,0,0,0
Matheus Cunha,Wolverhampton Wanderers,12,BRA,FW,25,34.0,0,0,0,0,1,1,0,0,14,2,0,0,0.1,0.1,0.1,2,0,9,9,100.0,0,9,2,1,0,2024-08-17,['FW'],0,0,0,0,1,0,0,0,0,0,0,0,0
Mario Lemina,Wolverhampton Wanderers,5,GAB,"DM,CM",30,90.0,0,0,0,0,0,0,0,0,51,2,5,3,0.0,0.0,0.0,0,0,32,40,80.0,1,26,0,0,0,2024-08-17,"['DM', 'CM']",0,0,1,1,0,0,0,0,0,0,0,0,0
João Gomes,Wolverhampton Wanderers,8,BRA,"DM,CM",23,83.0,0,0,0,0,0,0,1,0,42,2,0,1,0.0,0.0,0.0,2,0,33,40,82.5,5,27,2,2,2,2024-08-17,"['DM', 'CM']",0,0,1,1,0,0,0,0,0,0,0,0,0
Pablo Sarabia,Wolverhampton Wanderers,21,ESP,CM,32,7.0,0,0,0,0,1,1,0,0,10,1,0,0,0.1,0.1,0.0,0,0,5,7,71.4,2,8,0,3,2,2024-08-17,['CM'],0,0,1,0,0,0,0,0,0,0,0,0,0
Rayan Aït-Nouri,Wolverhampton Wanderers,3,ALG,LB,23,83.0,0,0,0,0,1,0,0,0,55,4,1,1,0.0,0.0,0.0,1,0,42,45,93.3,7,34,0,2,0,2024-08-17,['LB'],0,0,0,0,0,0,1,0,0,0,0,0,0
Craig Dawson,Wolverhampton Wanderers,15,ENG,CB,34,7.0,0,0,0,0,0,0,0,0,5,0,0,0,0.0,0.0,0.0,0,0,3,3,100.0,0,0,0,1,0,2024-08-17,['CB'],0,1,0,0,0,0,0,0,0,0,0,0,0
Toti Gomes,Wolverhampton Wanderers,24,POR,"CB,LB",25,90.0,0,0,0,0,0,0,1,0,60,2,0,0,0.0,0.0,0.0,1,0,52,58,89.7,1,43,1,0,0,2024-08-17,"['CB', 'LB']",0,1,0,0,0,0,1,0,0,0,0,0,0
Yerson Mosquera,Wolverhampton Wanderers,14,COL,CB,23,90.0,0,0,0,0,0,0,0,0,53,3,0,2,0.0,0.0,0.1,1,0,40,47,85.1,2,32,0,0,0,2024-08-17,['CB'],0,1,0,0,0,0,0,0,0,0,0,0,0
Matt Doherty,Wolverhampton Wanderers,2,IRL,RB,32,90.0,0,0,0,0,2,0,0,0,53,2,1,1,0.1,0.1,0.0,1,0,29,38,76.3,2,27,0,1,1,2024-08-17,['RB'],0,0,0,0,0,0,0,0,0,1,0,0,0
José Sá,Wolverhampton Wanderers,1,POR,GK,31,90.0,0,0,0,0,0,0,0,0,42,0,0,0,0.0,0.0,0.0,1,0,23,40,57.5,0,30,0,1,1,2024-08-17,['GK'],0,0,0,0,0,1,0,0,0,0,0,0,0
Michail Antonio,West Ham United,9,JAM,FW,34,72.0,0,0,0,0,2,0,0,0,20,0,0,1,0.2,0.2,0.0,0,0,6,11,54.5,1,11,3,0,0,2024-08-17,['FW'],0,0,0,0,1,0,0,0,0,0,0,0,0
Niclas Füllkrug,West Ham United,11,GER,FW,31,18.0,0,0,0,0,0,0,0,0,6,0,0,0,0.0,0.0,0.0,0,0,4,4,100.0,0,2,0,0,0,2024-08-17,['FW'],0,0,0,0,1,0,0,0,0,0,0,0,0
Mohammed Kudus,West Ham United,14,GHA,"LM,WB,RM",24,90.0,0,0,0,0,2,0,0,0,46,1,0,2,0.1,0.1,0.5,4,0,24,36,66.7,2,31,5,6,3,2024-08-17,"['LM', 'WB', 'RM']",0,0,0,0,0,0,0,1,0,0,1,0,1
Lucas Paquetá,West Ham United,10,BRA,CM,26,72.0,1,0,1,1,0,0,1,0,66,0,0,2,0.8,0.0,0.0,4,1,47,58,81.0,8,38,0,0,0,2024-08-17,['CM'],0,0,1,0,0,0,0,0,0,0,0,0,0
James Ward-Prowse,West Ham United,8,ENG,CM,29,18.0,0,0,0,0,0,0,0,0,16,1,0,1,0.0,0.0,0.0,0,0,11,15,73.3,4,6,1,0,0,2024-08-17,['CM'],0,0,1,0,0,0,0,0,0,0,0,0,0
Tomáš Souček,West Ham United,28,CZE,CM,29,90.0,0,0,0,0,5,0,0,0,24,2,1,0,0.9,0.9,0.1,5,1,10,16,62.5,0,7,0,0,0,2024-08-17,['CM'],0,0,1,0,0,0,0,0,0,0,0,0,0
Jarrod Bowen,West Ham United,20,ENG,RM,27,72.0,0,0,0,0,0,0,0,0,24,0,0,1,0.0,0.0,0.0,2,0,10,15,66.7,1,10,0,2,0,2024-08-17,['RM'],0,0,0,0,0,0,0,0,0,0,1,0,0
Crysencio Summerville,West Ham United,7,NED,"CM,LM",22,18.0,0,0,0,0,0,0,0,0,15,0,0,0,0.0,0.0,0.3,3,0,11,12,91.7,0,12,3,1,0,2024-08-17,"['CM', 'LM']",0,0,1,0,0,0,0,1,0,0,0,0,0
Guido Rodríguez,West Ham United,24,ARG,DM,30,84.0,0,0,0,0,1,0,0,0,53,3,1,0,0.0,0.0,0.0,1,0,40,46,87.0,3,26,0,0,0,2024-08-17,['DM'],0,0,0,1,0,0,0,0,0,0,0,0,0
Danny Ings,West Ham United,18,ENG,FW,32,6.0,0,0,0,0,1,1,0,0,5,0,0,0,0.3,0.3,0.0,1,0,2,4,50.0,0,4,0,0,0,2024-08-17,['FW'],0,0,0,0,1,0,0,0,0,0,0,0,0
Emerson Palmieri,West Ham United,33,ITA,"LB,WB",30,90.0,0,0,0,0,1,1,0,0,59,0,0,1,0.0,0.0,0.0,3,0,46,51,90.2,4,27,4,0,0,2024-08-17,"['LB', 'WB']",0,0,0,0,0,0,1,0,0,0,0,0,1
Max Kilman,West Ham United,26,ENG,CB,27,90.0,0,0,0,0,0,0,0,0,86,2,2,2,0.0,0.0,0.0,1,0,62,73,84.9,5,59,2,0,0,2024-08-17,['CB'],0,1,0,0,0,0,0,0,0,0,0,0,0
Konstantinos Mavropanos,West Ham United,15,GRE,CB,26,90.0,0,0,0,0,1,0,0,0,63,3,0,2,0.0,0.0,0.0,0,0,42,51,82.4,1,40,1,0,0,2024-08-17,['CB'],0,1,0,0,0,0,0,0,0,0,0,0,0
Vladimír Coufal,West Ham United,5,CZE,RB,31,84.0,0,0,0,0,0,0,0,0,42,0,2,2,0.0,0.0,0.1,2,0,25,31,80.6,1,23,1,0,0,2024-08-17,['RB'],0,0,0,0,0,0,0,0,0,1,0,0,0
Jean-Clair Todibo,West Ham United,25,FRA,CB,24,6.0,0,0,0,0,0,0,0,0,11,1,0,0,0.0,0.0,0.0,0,0,7,7,100.0,0,9,0,2,1,2024-08-17,['CB'],0,1,0,0,0,0,0,0,0,0,0,0,0
Alphonse Areola,West Ham United,23,FRA,GK,31,90.0,0,0,0,0,0,0,0,0,35,1,0,0,0.0,0.0,0.0,0,0,30,34,88.2,0,22,0,0,0,2024-08-17,['GK'],0,0,0,0,0,1,0,0,0,0,0,0,0
Ollie Watkins,Aston Villa,11,ENG,FW,28,61.0,0,0,0,0,0,0,0,0,13,0,0,2,0.0,0.0,0.0,0,0,4,5,80.0,0,9,1,3,0,2024-08-17,['FW'],0,0,0,0,1,0,0,0,0,0,0,0,0
Jhon Durán,Aston Villa,9,COL,FW,20,29.0,1,0,0,0,2,1,0,0,21,1,0,0,0.4,0.4,0.0,0,0,9,12,75.0,0,12,0,3,1,2024-08-17,['FW'],0,0,0,0,1,0,0,0,0,0,0,0,0
John McGinn,Aston Villa,7,SCO,LW,29,61.0,0,0,0,0,2,0,0,0,24,2,0,0,0.3,0.3,0.0,2,0,12,14,85.7,1,7,2,0,0,2024-08-17,['LW'],0,0,0,0,0,0,0,0,1,0,0,0,0
Jacob Ramsey,Aston Villa,41,ENG,LW,23,29.0,0,1,0,0,1,0,0,0,16,0,0,0,0.1,0.1,0.1,3,1,12,13,92.3,1,11,2,1,1,2024-08-17,['LW'],0,0,0,0,0,0,0,0,1,0,0,0,0
Leon Bailey,Aston Villa,31,JAM,RW,27,73.0,0,0,0,0,3,0,1,0,35,0,0,1,0.2,0.2,0.1,4,0,15,28,53.6,2,24,5,2,2,2024-08-17,['RW'],0,0,0,0,0,0,0,0,0,0,0,1,0
Jaden Philogene Bidace,Aston Villa,19,ENG,RW,22,17.0,0,0,0,0,1,0,1,0,12,1,0,0,0.1,0.1,0.0,0,0,7,9,77.8,0,3,0,0,0,2024-08-17,['RW'],0,0,0,0,0,0,0,0,0,0,0,1,0
Morgan Rogers,Aston Villa,27,ENG,AM,22,90.0,0,0,0,0,2,1,0,0,35,1,0,3,0.2,0.2,0.2,4,0,19,24,79.2,3,13,4,2,1,2024-08-17,['AM'],1,0,0,0,0,0,0,0,0,0,0,0,0
Youri Tielemans,Aston Villa,8,BEL,DM,27,90.0,0,1,0,0,2,0,0,0,64,2,2,1,0.2,0.2,0.7,4,1,47,53,88.7,4,43,2,2,1,2024-08-17,['DM'],0,0,0,1,0,0,0,0,0,0,0,0,0
Amadou Onana,Aston Villa,24,BEL,DM,23,90.0,1,0,0,0,1,1,0,0,48,3,2,1,0.6,0.6,0.0,0,0,30,31,96.8,2,25,2,1,1,2024-08-17,['DM'],0,0,0,1,0,0,0,0,0,0,0,0,0
Lucas Digne,Aston Villa,12,FRA,LB,31,73.0,0,0,0,0,0,0,0,0,52,2,1,1,0.0,0.0,0.2,1,0,32,45,71.1,1,27,0,0,0,2024-08-17,['LB'],0,0,0,0,0,0,1,0,0,0,0,0,0
Ian Maatsen,Aston Villa,22,NED,LB,22,17.0,0,0,0,0,0,0,0,0,13,3,0,0,0.0,0.0,0.1,2,1,7,9,77.8,2,5,1,0,0,2024-08-17,['LB'],0,0,0,0,0,0,1,0,0,0,0,0,0
Pau Torres,Aston Villa,14,ESP,CB,27,90.0,0,0,0,0,0,0,0,0,68,4,0,2,0.0,0.0,0.0,1,0,48,58,82.8,3,43,3,1,1,2024-08-17,['CB'],0,1,0,0,0,0,0,0,0,0,0,0,0
Ezri Konsa,Aston Villa,4,ENG,CB,26,90.0,0,0,0,0,1,0,0,0,54,1,1,0,0.1,0.1,0.0,1,0,41,45,91.1,2,32,0,0,0,2024-08-17,['CB'],0,1,0,0,0,0,0,0,0,0,0,0,0
Matty Cash,Aston Villa,2,POL,RB,27,81.0,0,0,0,0,0,0,0,0,55,3,1,1,0.0,0.0,0.1,1,0,33,43,76.7,3,24,1,0,0,2024-08-17,['RB'],0,0,0,0,0,0,0,0,0,1,0,0,0
Kosta Nedeljković,Aston Villa,20,SRB,RB,18,9.0,0,0,0,0,0,0,0,0,11,1,0,1,0.0,0.0,0.0,0,0,6,7,85.7,1,4,0,0,0,2024-08-17,['RB'],0,0,0,0,0,0,0,0,0,1,0,0,0
Emiliano Martínez,Aston Villa,23,ARG,GK,31,90.0,0,0,0,0,0,0,0,0,40,0,0,0,0.0,0.0,0.0,0,0,26,37,70.3,0,28,0,0,0,2024-08-17,['GK'],0,0,0,0,0,1,0,0,0,0,0,0,0
Yoane Wissa,Brentford,11,COD,FW,27,83.0,1,1,0,0,2,1,1,0,32,0,0,1,1.0,1.0,0.1,1,1,22,26,84.6,2,23,1,2,1,2024-08-18,['FW'],0,0,0,0,1,0,0,0,0,0,0,0,0
Fabio Carvalho,Brentford,14,POR,FW,21,7.0,0,0,0,0,0,0,0,0,8,1,0,1,0.0,0.0,0.0,0,0,2,5,40.0,0,1,0,0,0,2024-08-18,['FW'],0,0,0,0,1,0,0,0,0,0,0,0,0
Kevin Schade,Brentford,7,GER,LW,22,73.0,0,0,0,0,1,0,0,0,28,3,0,0,0.1,0.1,0.0,1,0,8,17,47.1,1,18,4,6,2,2024-08-18,['LW'],0,0,0,0,0,0,0,0,1,0,0,0,0
Keane Lewis-Potter,Brentford,23,ENG,"LW,LM,FW",23,17.0,0,0,0,0,0,0,0,0,6,1,0,0,0.0,0.0,0.0,0,0,2,4,50.0,0,3,0,0,0,2024-08-18,"['LW', 'LM', 'FW']",0,0,0,0,1,0,0,1,1,0,0,0,0
Bryan Mbeumo,Brentford,19,CMR,"RW,FW",25,89.0,1,0,0,0,1,1,0,0,37,0,0,1,0.1,0.1,0.4,6,0,16,32,50.0,1,23,3,1,1,2024-08-18,"['RW', 'FW']",0,0,0,0,1,0,0,0,0,0,0,1,0
Ben Mee,Brentford,16,ENG,CB,34,1.0,0,0,0,0,0,0,0,0,2,0,0,0,0.0,0.0,0.0,0,0,1,2,50.0,0,2,0,0,0,2024-08-18,['CB'],0,1,0,0,0,0,0,0,0,0,0,0,0
Mathias Jensen,Brentford,8,DEN,LM,28,83.0,0,0,0,0,0,0,0,0,47,0,2,3,0.0,0.0,0.0,2,0,29,41,70.7,4,26,1,1,0,2024-08-18,['LM'],0,0,0,0,0,0,0,1,0,0,0,0,0
Frank Onyeka,Brentford,15,NGA,CM,26,7.0,0,0,0,0,0,0,0,0,2,0,0,0,0.0,0.0,0.0,0,0,1,1,100.0,0,1,0,0,0,2024-08-18,['CM'],0,0,1,0,0,0,0,0,0,0,0,0,0
Vitaly Janelt,Brentford,27,GER,CM,26,73.0,0,0,0,0,2,0,0,0,41,3,2,0,0.1,0.1,0.0,1,0,28,30,93.3,4,28,1,2,0,2024-08-18,['CM'],0,0,1,0,0,0,0,0,0,0,0,0,0
Mikkel Damsgaard,Brentford,24,DEN,"RM,CM",24,17.0,0,0,0,0,0,0,0,0,9,0,1,0,0.0,0.0,0.0,0,0,7,9,77.8,1,4,1,1,0,2024-08-18,"['RM', 'CM']",0,0,1,0,0,0,0,0,0,0,1,0,0
Christian Nørgaard,Brentford,6,DEN,"RM,CM",30,90.0,0,0,0,0,0,0,0,0,56,3,3,2,0.0,0.0,0.1,3,1,31,43,72.1,7,28,1,0,0,2024-08-18,"['RM', 'CM']",0,0,1,0,0,0,0,0,0,0,1,0,0
Kristoffer Ajer,Brentford,20,NOR,LB,26,90.0,0,0,0,0,1,1,0,0,43,0,1,0,0.3,0.3,0.0,0,0,28,38,73.7,2,30,2,1,1,2024-08-18,['LB'],0,0,0,0,0,0,1,0,0,0,0,0,0
Ethan Pinnock,Brentford,5,JAM,CB,31,90.0,0,0,0,0,1,1,0,0,58,2,1,2,0.0,0.0,0.0,0,0,34,42,81.0,2,28,0,2,0,2024-08-18,['CB'],0,1,0,0,0,0,0,0,0,0,0,0,0
Nathan Collins,Brentford,22,IRL,CB,23,90.0,0,0,0,0,1,1,0,0,67,5,0,3,0.2,0.2,0.0,1,1,46,52,88.5,2,31,2,0,0,2024-08-18,['CB'],0,1,0,0,0,0,0,0,0,0,0,0,0
Mads Roerslev,Brentford,30,DEN,RB,25,90.0,0,0,0,0,0,0,0,0,48,0,1,0,0.0,0.0,0.0,0,0,34,43,79.1,5,34,0,0,0,2024-08-18,['RB'],0,0,0,0,0,0,0,0,0,1,0,0,0
Mark Flekken,Brentford,1,NED,GK,31,90.0,0,0,0,0,0,0,0,0,58,1,0,0,0.0,0.0,0.0,0,0,42,55,76.4,0,38,0,0,0,2024-08-18,['GK'],0,0,0,0,0,1,0,0,0,0,0,0,0
Jean-Philippe Mateta,Crystal Palace,14,FRA,FW,27,45.0,0,0,0,0,0,0,0,0,15,0,0,1,0.0,0.0,0.0,0,0,7,10,70.0,2,6,1,2,0,2024-08-18,['FW'],0,0,0,0,1,0,0,0,0,0,0,0,0
Odsonne Édouard,Crystal Palace,22,FRA,"FW,AM",26,45.0,0,0,0,0,1,0,0,0,17,0,0,1,0.0,0.0,0.0,1,0,7,12,58.3,1,9,0,0,0,2024-08-18,"['FW', 'AM']",1,0,0,0,1,0,0,0,0,0,0,0,0
Eberechi Eze,Crystal Palace,10,ENG,"AM,LM",26,90.0,0,0,0,0,7,3,0,0,58,1,0,0,0.4,0.4,0.0,6,0,31,43,72.1,5,41,7,6,2,2024-08-18,"['AM', 'LM']",1,0,0,0,0,0,0,1,0,0,0,0,0
Daichi Kamada,Crystal Palace,18,JPN,AM,28,69.0,0,0,0,0,0,0,1,0,36,1,1,0,0.0,0.0,0.1,3,0,23,28,82.1,3,16,1,3,1,2024-08-18,['AM'],1,0,0,0,0,0,0,0,0,0,0,0,0
Jordan Ayew,Crystal Palace,9,GHA,"FW,AM",32,21.0,0,0,0,0,1,0,1,0,12,1,0,0,0.5,0.5,0.0,1,0,8,10,80.0,0,6,0,0,0,2024-08-18,"['FW', 'AM']",1,0,0,0,1,0,0,0,0,0,0,0,0
Will Hughes,Crystal Palace,19,ENG,CM,29,83.0,0,0,0,0,0,0,0,0,56,5,1,1,0.0,0.0,0.0,3,0,43,49,87.8,4,29,1,0,0,2024-08-18,['CM'],0,0,1,0,0,0,0,0,0,0,0,0,0
Cheick Doucouré,Crystal Palace,28,MLI,CM,24,7.0,0,0,0,0,0,0,0,0,11,0,0,1,0.0,0.0,0.0,0,0,8,10,80.0,1,6,0,0,0,2024-08-18,['CM'],0,0,1,0,0,0,0,0,0,0,0,0,0
Adam Wharton,Crystal Palace,20,ENG,CM,20,73.0,0,0,0,0,3,2,0,0,43,3,0,0,0.1,0.1,0.0,0,0,24,35,68.6,4,26,1,1,0,2024-08-18,['CM'],0,0,1,0,0,0,0,0,0,0,0,0,0
Jefferson Lerma,Crystal Palace,8,COL,CM,29,17.0,0,0,0,0,0,0,0,0,24,0,0,0,0.0,0.0,0.5,1,0,20,22,90.9,1,13,0,0,0,2024-08-18,['CM'],0,0,1,0,0,0,0,0,0,0,0,0,0
Tyrick Mitchell,Crystal Palace,3,ENG,"WB,LB",24,90.0,0,0,0,0,1,0,0,0,70,1,0,1,0.1,0.1,0.1,5,0,39,49,79.6,2,28,1,3,0,2024-08-18,"['WB', 'LB']",0,0,0,0,0,0,1,0,0,0,0,0,1
Daniel Muñoz,Crystal Palace,12,COL,"WB,RB",28,90.0,0,0,0,0,0,0,0,0,68,4,1,3,0.0,0.0,0.0,1,0,42,55,76.4,1,25,0,3,0,2024-08-18,"['WB', 'RB']",0,0,0,0,0,0,0,0,0,1,0,0,1
Marc Guéhi,Crystal Palace,6,ENG,CB,24,90.0,0,0,0,0,0,0,1,0,57,1,1,0,0.0,0.0,0.0,1,0,42,45,93.3,4,27,0,0,0,2024-08-18,['CB'],0,1,0,0,0,0,0,0,0,0,0,0,0
Joachim Andersen,Crystal Palace,5,DEN,CB,28,90.0,0,0,0,0,1,1,1,0,93,1,0,0,0.0,0.0,0.0,1,0,61,83,73.5,4,49,1,0,0,2024-08-18,['CB'],0,1,0,0,0,0,0,0,0,0,0,0,0
Chris Richards,Crystal Palace,26,USA,CB,24,83.0,0,0,0,0,0,0,1,0,50,4,1,2,0.0,0.0,0.0,0,0,37,41,90.2,0,20,1,0,0,2024-08-18,['CB'],0,1,0,0,0,0,0,0,0,0,0,0,0
Ismaila Sarr,Crystal Palace,7,SEN,RM,26,7.0,0,0,0,0,0,0,0,0,2,0,0,0,0.0,0.0,0.0,0,0,2,2,100.0,0,1,0,0,0,2024-08-18,['RM'],0,0,0,0,0,0,0,0,0,0,1,0,0
Dean Henderson,Crystal Palace,1,ENG,GK,27,90.0,0,0,0,0,0,0,0,0,28,0,0,0,0.0,0.0,0.0,0,0,16,25,64.0,0,14,0,0,0,2024-08-18,['GK'],0,0,0,0,0,1,0,0,0,0,0,0,0
Nicolas Jackson,Chelsea,15,SEN,FW,23,66.0,0,0,0,0,1,1,0,0,21,0,0,0,0.5,0.5,0.2,3,0,11,16,68.8,2,10,0,0,0,2024-08-18,['FW'],0,0,0,0,1,0,0,0,0,0,0,0,0
Marc Guiu,Chelsea,38,ESP,FW,18,24.0,0,0,0,0,0,0,0,0,5,0,0,0,0.0,0.0,0.0,0,0,3,4,75.0,0,2,0,1,0,2024-08-18,['FW'],0,0,0,0,1,0,0,0,0,0,0,0,0
Christopher Nkunku,Chelsea,18,FRA,LW,26,57.0,0,0,0,0,1,0,0,0,38,3,1,2,0.1,0.1,0.0,2,0,26,26,100.0,2,24,2,3,0,2024-08-18,['LW'],0,0,0,0,0,0,0,0,1,0,0,0,0
Pedro Neto,Chelsea,19,POR,LW,24,33.0,0,0,0,0,1,0,0,0,23,0,0,0,0.0,0.0,0.2,2,0,17,19,89.5,0,20,3,2,1,2024-08-18,['LW'],0,0,0,0,0,0,0,0,1,0,0,0,0
Cole Palmer,Chelsea,20,ENG,RW,22,90.0,0,0,0,0,2,1,0,0,57,2,0,0,0.1,0.1,0.1,5,0,37,47,78.7,6,41,6,3,1,2024-08-18,['RW'],0,0,0,0,0,0,0,0,0,0,0,1,0
Enzo Fernández,Chelsea,8,ARG,"AM,DM",23,90.0,0,0,0,0,3,1,0,0,67,2,0,0,0.2,0.2,0.0,3,0,47,56,83.9,4,44,0,0,0,2024-08-18,"['AM', 'DM']",1,0,0,1,0,0,0,0,0,0,0,0,0
Roméo Lavia,Chelsea,45,BEL,DM,20,66.0,0,0,0,0,0,0,0,0,48,3,3,0,0.0,0.0,0.5,1,0,38,39,97.4,2,26,0,0,0,2024-08-18,['DM'],0,0,0,1,0,0,0,0,0,0,0,0,0
Kiernan Dewsbury-Hall,Chelsea,22,ENG,AM,25,24.0,0,0,0,0,0,0,0,0,19,0,1,1,0.0,0.0,0.0,0,0,13,17,76.5,0,13,1,0,0,2024-08-18,['AM'],1,0,0,0,0,0,0,0,0,0,0,0,0
Moisés Caicedo,Chelsea,25,ECU,DM,22,90.0,0,0,0,0,1,0,1,0,61,2,2,2,0.0,0.0,0.0,1,0,47,53,88.7,3,34,0,1,1,2024-08-18,['DM'],0,0,0,1,0,0,0,0,0,0,0,0,0
Marc Cucurella,Chelsea,3,ESP,LB,26,79.0,0,0,0,0,0,0,0,0,77,2,0,1,0.0,0.0,0.0,1,0,58,68,85.3,3,30,1,0,0,2024-08-18,['LB'],0,0,0,0,0,0,1,0,0,0,0,0,0
Renato Veiga,Chelsea,40,POR,LB,21,11.0,0,0,0,0,0,0,0,0,10,0,0,1,0.0,0.0,0.0,0,0,8,9,88.9,0,4,1,0,0,2024-08-18,['LB'],0,0,0,0,0,0,1,0,0,0,0,0,0
Levi Colwill,Chelsea,6,ENG,CB,21,90.0,0,0,0,0,0,0,0,0,56,1,2,1,0.0,0.0,0.0,1,0,47,48,97.9,2,33,0,0,0,2024-08-18,['CB'],0,1,0,0,0,0,0,0,0,0,0,0,0
Wesley Fofana,Chelsea,29,FRA,CB,23,90.0,0,0,0,0,1,0,0,0,64,1,1,2,0.0,0.0,0.0,0,0,49,56,87.5,1,49,0,0,0,2024-08-18,['CB'],0,1,0,0,0,0,0,0,0,0,0,0,0
Malo Gusto,Chelsea,27,FRA,RB,21,90.0,0,0,0,0,0,0,0,0,51,4,0,0,0.0,0.0,0.0,1,0,36,44,81.8,1,23,2,1,1,2024-08-18,['RB'],0,0,0,0,0,0,0,0,0,1,0,0,0
Robert Sánchez,Chelsea,1,ESP,GK,26,90.0,0,0,0,0,0,0,0,0,32,0,0,0,0.0,0.0,0.0,0,0,24,29,82.8,0,17,0,0,0,2024-08-18,['GK'],0,0,0,0,0,1,0,0,0,0,0,0,0
Erling Haaland,Manchester City,9,NOR,FW,24,90.0,1,0,0,0,2,2,1,0,12,0,0,0,0.3,0.3,0.0,1,1,3,8,37.5,2,8,0,1,1,2024-08-18,['FW'],0,0,0,0,1,0,0,0,0,0,0,0,0
Sávio,Manchester City,26,BRA,"RW,LW",20,45.0,0,0,0,0,0,0,0,0,19,2,0,0,0.0,0.0,0.2,6,0,12,16,75.0,2,13,5,3,3,2024-08-18,"['RW', 'LW']",0,0,0,0,0,0,0,0,1,0,0,1,0
Phil Foden,Manchester City,47,ENG,RW,24,45.0,0,0,0,0,0,0,0,0,32,0,2,1,0.0,0.0,0.0,0,0,24,28,85.7,1,20,2,0,0,2024-08-18,['RW'],0,0,0,0,0,0,0,0,0,0,0,1,0
Jeremy Doku,Manchester City,11,BEL,"LW,RW",22,90.0,0,0,0,0,2,1,0,0,51,1,0,1,0.1,0.1,0.0,2,0,28,36,77.8,4,39,18,15,6,2024-08-18,"['LW', 'RW']",0,0,0,0,0,0,0,0,1,0,0,1,0
Kevin De Bruyne,Manchester City,17,BEL,CM,33,90.0,0,0,0,0,2,0,0,0,67,1,1,0,0.1,0.1,0.0,1,0,46,58,79.3,5,33,4,2,1,2024-08-18,['CM'],0,0,1,0,0,0,0,0,0,0,0,0,0
Bernardo Silva,Manchester City,20,POR,CM,30,90.0,0,1,0,0,2,1,0,0,63,0,0,2,0.1,0.1,0.3,3,1,51,55,92.7,5,34,3,1,0,2024-08-18,['CM'],0,0,1,0,0,0,0,0,0,0,0,0,0
Mateo Kovačić,Manchester City,8,CRO,DM,30,90.0,1,0,0,0,2,1,0,0,79,6,0,0,0.1,0.1,0.0,2,1,63,66,95.5,3,52,2,4,2,2024-08-18,['DM'],0,0,0,1,0,0,0,0,0,0,0,0,0
Rico Lewis,Manchester City,82,ENG,DM,19,90.0,0,0,0,0,0,0,0,0,58,2,1,1,0.0,0.0,0.0,1,0,38,50,76.0,2,29,3,3,1,2024-08-18,['DM'],0,0,0,1,0,0,0,0,0,0,0,0,0
Joško Gvardiol,Manchester City,24,CRO,LB,22,90.0,0,0,0,0,1,0,0,0,81,2,4,0,0.0,0.0,0.0,3,0,64,69,92.8,5,46,3,1,1,2024-08-18,['LB'],0,0,0,0,0,0,1,0,0,0,0,0,0
Rúben Dias,Manchester City,3,POR,CB,27,90.0,0,0,0,0,0,0,0,0,80,1,2,0,0.0,0.0,0.0,0,0,69,71,97.2,0,42,0,0,0,2024-08-18,['CB'],0,1,0,0,0,0,0,0,0,0,0,0,0
Manuel Akanji,Manchester City,25,SUI,RB,29,90.0,0,0,0,0,0,0,0,0,80,1,0,1,0.0,0.0,0.0,0,0,70,74,94.6,3,41,1,0,0,2024-08-18,['RB'],0,0,0,0,0,0,0,0,0,1,0,0,0
Ederson,Manchester City,31,BRA,GK,31,90.0,0,0,0,0,0,0,0,0,42,0,0,0,0.0,0.0,0.0,0,0,33,39,84.6,0,28,0,0,0,2024-08-18,['GK'],0,0,0,0,0,1,0,0,0,0,0,0,0
Jamie Vardy,Leicester City,9,ENG,FW,37,78.0,1,0,0,0,2,2,0,0,18,1,1,0,0.8,0.8,0.0,0,0,4,10,40.0,1,9,0,0,0,2024-08-19,['FW'],0,0,0,0,1,0,0,0,0,0,0,0,0
Stephy Mavididi,Leicester City,10,ENG,FW,26,12.0,0,0,0,0,0,0,0,0,6,1,0,0,0.0,0.0,0.0,2,0,2,3,66.7,2,6,2,3,1,2024-08-19,['FW'],0,0,0,0,1,0,0,0,0,0,0,0,0
Bobby Reid,Leicester City,14,JAM,LW,31,85.0,0,0,0,0,1,0,0,0,31,0,0,1,0.1,0.1,0.0,1,0,15,24,62.5,0,17,1,0,0,2024-08-19,['LW'],0,0,0,0,0,0,0,0,1,0,0,0,0
Kasey McAteer,Leicester City,35,IRL,LW,22,5.0,0,0,0,0,1,0,0,0,12,2,0,4,0.0,0.0,0.0,0,0,2,4,50.0,0,3,0,0,0,2024-08-19,['LW'],0,0,0,0,0,0,0,0,1,0,0,0,0
Abdul Fatawu Issahaku,Leicester City,7,GHA,RW,20,90.0,0,1,0,0,0,0,0,0,49,6,0,1,0.0,0.0,0.5,3,1,18,25,72.0,2,27,5,8,3,2024-08-19,['RW'],0,0,0,0,0,0,0,0,0,0,0,1,0
Facundo Buonanotte,Leicester City,40,ARG,AM,19,78.0,0,0,0,0,0,0,0,0,35,3,0,1,0.0,0.0,0.4,2,0,20,25,80.0,5,18,2,4,1,2024-08-19,['AM'],1,0,0,0,0,0,0,0,0,0,0,0,0
Boubakary Soumaré,Leicester City,24,FRA,AM,25,12.0,0,0,0,0,0,0,0,0,4,0,0,0,0.0,0.0,0.0,0,0,3,3,100.0,0,2,0,0,0,2024-08-19,['AM'],1,0,0,0,0,0,0,0,0,0,0,0,0
Wilfred Ndidi,Leicester City,6,NGA,DM,27,90.0,0,0,0,0,2,1,0,0,55,2,0,5,0.1,0.1,0.0,1,0,27,35,77.1,2,21,0,2,1,2024-08-19,['DM'],0,0,0,1,0,0,0,0,0,0,0,0,0
Harry Winks,Leicester City,8,ENG,DM,28,90.0,0,0,0,0,0,0,0,0,43,3,1,1,0.0,0.0,0.0,1,0,34,41,82.9,6,16,1,1,1,2024-08-19,['DM'],0,0,0,1,0,0,0,0,0,0,0,0,0
Victor Bernth Kristiansen,Leicester City,16,DEN,LB,21,90.0,0,0,0,0,0,0,0,0,54,2,2,2,0.0,0.0,0.0,2,1,28,36,77.8,2,23,0,1,0,2024-08-19,['LB'],0,0,0,0,0,0,1,0,0,0,0,0,0
Wout Faes,Leicester City,3,BEL,CB,26,90.0,0,0,0,0,0,0,1,0,40,1,1,1,0.0,0.0,0.0,1,0,27,30,90.0,0,20,0,0,0,2024-08-19,['CB'],0,1,0,0,0,0,0,0,0,0,0,0,0
Jannik Vestergaard,Leicester City,23,DEN,CB,32,90.0,0,0,0,0,0,0,0,0,29,0,2,2,0.0,0.0,0.0,0,0,15,16,93.8,2,11,0,0,0,2024-08-19,['CB'],0,1,0,0,0,0,0,0,0,0,0,0,0
James Justin,Leicester City,2,ENG,RB,26,90.0,0,0,0,0,1,0,0,0,46,1,3,2,0.1,0.1,0.0,0,0,28,33,84.8,1,18,1,0,0,2024-08-19,['RB'],0,0,0,0,0,0,0,0,0,1,0,0,0
Mads Hermansen,Leicester City,30,DEN,GK,24,90.0,0,0,0,0,0,0,0,0,32,0,0,0,0.0,0.0,0.0,0,0,14,28,50.0,0,21,0,0,0,2024-08-19,['GK'],0,0,0,0,0,1,0,0,0,0,0,0,0
Dominic Solanke,Tottenham Hotspur,19,ENG,FW,26,90.0,0,0,0,0,3,3,0,0,29,2,0,0,0.3,0.3,0.1,1,0,15,19,78.9,1,19,3,3,3,2024-08-19,['FW'],0,0,0,0,1,0,0,0,0,0,0,0,0
Son Heung-min,Tottenham Hotspur,7,KOR,"LW,LM",32,89.0,0,0,0,0,1,0,0,0,58,0,1,0,0.0,0.0,0.1,5,1,43,52,82.7,5,42,5,6,4,2024-08-19,"['LW', 'LM']",0,0,0,0,0,0,0,1,1,0,0,0,0
Richarlison,Tottenham Hotspur,9,BRA,LM,27,1.0,0,0,0,0,1,0,0,0,7,0,0,0,0.2,0.2,0.0,0,0,3,5,60.0,0,1,0,0,0,2024-08-19,['LM'],0,0,0,0,0,0,0,1,0,0,0,0,0
Brennan Johnson,Tottenham Hotspur,22,WAL,RW,23,77.0,0,0,0,0,2,1,0,0,43,6,0,0,0.1,0.1,0.2,1,0,21,29,72.4,1,19,3,1,0,2024-08-19,['RW'],0,0,0,0,0,0,0,0,0,0,0,1,0
Timo Werner,Tottenham Hotspur,16,GER,RM,28,13.0,0,0,0,0,0,0,0,0,22,0,0,0,0.0,0.0,0.0,0,0,14,19,73.7,1,11,1,1,0,2024-08-19,['RM'],0,0,0,0,0,0,0,0,0,0,1,0,0
James Maddison,Tottenham Hotspur,10,ENG,LM,27,78.0,0,1,0,0,1,0,0,0,78,0,1,0,0.0,0.0,0.2,8,1,55,71,77.5,15,46,3,2,2,2024-08-19,['LM'],0,0,0,0,0,0,0,1,0,0,0,0,0
Dejan Kulusevski,Tottenham Hotspur,21,SWE,CM,24,12.0,0,0,0,0,0,0,0,0,19,1,0,3,0.0,0.0,0.0,2,0,7,9,77.8,1,7,0,2,0,2024-08-19,['CM'],0,0,1,0,0,0,0,0,0,0,0,0,0
Rodrigo Bentancur,Tottenham Hotspur,30,URU,CM,27,77.0,0,0,0,0,3,1,1,0,60,3,2,0,0.3,0.3,0.0,3,0,46,47,97.9,4,27,2,1,0,2024-08-19,['CM'],0,0,1,0,0,0,0,0,0,0,0,0,0
Archie Gray,Tottenham Hotspur,14,ENG,DM,18,13.0,0,0,0,0,0,0,0,0,23,2,0,0,0.0,0.0,0.0,0,0,18,21,85.7,2,13,0,0,0,2024-08-19,['DM'],0,0,0,1,0,0,0,0,0,0,0,0,0
Pape Matar Sarr,Tottenham Hotspur,29,SEN,RM,21,77.0,0,0,0,0,1,0,0,0,56,1,0,1,0.0,0.0,0.1,1,0,42,48,87.5,8,30,1,0,0,2024-08-19,['RM'],0,0,0,0,0,0,0,0,0,0,1,0,0
Lucas Bergvall,Tottenham Hotspur,15,SWE,CM,18,13.0,0,0,0,0,1,0,0,0,35,3,0,0,0.1,0.1,0.2,1,0,27,29,93.1,2,13,0,3,2,2024-08-19,['CM'],0,0,1,0,0,0,0,0,0,0,0,0,0
Destiny Udogie,Tottenham Hotspur,13,ITA,LB,21,90.0,0,0,0,0,0,0,0,0,82,4,0,3,0.0,0.0,0.0,0,0,61,71,85.9,7,37,2,2,0,2024-08-19,['LB'],0,0,0,0,0,0,1,0,0,0,0,0,0
Micky van de Ven,Tottenham Hotspur,37,NED,CB,23,90.0,0,0,0,0,0,0,0,0,104,0,1,1,0.0,0.0,0.0,2,0,90,96,93.8,5,68,1,0,0,2024-08-19,['CB'],0,1,0,0,0,0,0,0,0,0,0,0,0
Cristian Romero,Tottenham Hotspur,17,ARG,CB,26,90.0,0,0,0,0,1,0,0,0,102,1,0,0,0.1,0.1,0.0,1,0,89,97,91.8,9,61,0,0,0,2024-08-19,['CB'],0,1,0,0,0,0,0,0,0,0,0,0,0
Pedro Porro,Tottenham Hotspur,23,ESP,RB,24,89.0,1,0,0,0,1,1,0,0,65,0,1,0,0.1,0.1,0.2,5,0,49,57,86.0,6,29,3,2,0,2024-08-19,['RB'],0,0,0,0,0,0,0,0,0,1,0,0,0
Djed Spence,Tottenham Hotspur,24,ENG,RB,24,1.0,0,0,0,0,0,0,0,0,10,0,0,0,0.0,0.0,0.0,0,0,9,9,100.0,2,7,0,2,1,2024-08-19,['RB'],0,0,0,0,0,0,0,0,0,1,0,0,0
Guglielmo Vicario,Tottenham Hotspur,1,ITA,GK,27,90.0,0,0,0,0,0,0,0,0,47,0,0,0,0.0,0.0,0.0,0,0,42,45,93.3,0,35,0,1,1,2024-08-19,['GK'],0,0,0,0,0,1,0,0,0,0,0,0,0
Danny Welbeck,Brighton & Hove Albion,18,ENG,FW,33,78.0,1,0,0,0,3,2,0,0,24,1,1,0,1.1,1.1,0.1,4,0,15,18,83.3,1,10,1,0,0,2024-08-24,['FW'],0,0,0,0,1,0,0,0,0,0,0,0,0
Julio Enciso,Brighton & Hove Albion,10,PAR,AM,20,12.0,0,0,0,0,1,0,0,0,11,0,0,0,0.0,0.0,0.0,1,0,4,8,50.0,0,4,0,2,1,2024-08-24,['AM'],1,0,0,0,0,0,0,0,0,0,0,0,0
Kaoru Mitoma,Brighton & Hove Albion,22,JPN,LW,27,89.0,0,1,0,0,0,0,0,0,21,0,0,2,0.0,0.0,0.8,1,1,13,16,81.3,1,13,3,2,1,2024-08-24,['LW'],0,0,0,0,0,0,0,0,1,0,0,0,0
Simon Adingra,Brighton & Hove Albion,24,CIV,LW,22,1.0,0,1,0,0,1,0,0,0,8,0,0,0,0.1,0.1,0.5,2,1,3,4,75.0,0,3,0,1,0,2024-08-24,['LW'],0,0,0,0,0,0,0,0,1,0,0,0,0
Yankuba Minteh,Brighton & Hove Albion,17,GAM,RW,20,89.0,0,0,0,0,2,0,0,0,46,2,1,5,0.1,0.1,0.4,2,0,13,27,48.1,3,24,6,6,1,2024-08-24,['RW'],0,0,0,0,0,0,0,0,0,0,0,1,0
Georginio Rutter,Brighton & Hove Albion,14,FRA,RW,22,1.0,0,0,0,0,0,0,0,0,4,0,0,0,0.0,0.0,0.0,1,0,3,3,100.0,2,4,1,1,1,2024-08-24,['RW'],0,0,0,0,0,0,0,0,0,0,0,1,0
João Pedro,Brighton & Hove Albion,9,BRA,"AM,FW",22,82.5,1,0,0,0,3,2,0,0,36,2,0,0,0.5,0.5,0.1,4,1,19,24,79.2,6,24,3,5,1,2024-08-24,"['AM', 'FW']",1,0,0,0,1,0,0,0,0,0,0,0,0
Billy Gilmour,Brighton & Hove Albion,11,SCO,DM,23,89.0,0,0,0,0,1,0,0,0,61,3,0,1,0.1,0.1,0.0,3,0,48,55,87.3,10,34,2,2,1,2024-08-24,['DM'],0,0,0,1,0,0,0,0,0,0,0,0,0
Yasin Ayari,Brighton & Hove Albion,26,SWE,DM,20,1.0,0,0,0,0,1,0,0,0,7,0,0,2,0.0,0.0,0.0,1,1,3,4,75.0,2,3,0,0,0,2024-08-24,['DM'],0,0,0,1,0,0,0,0,0,0,0,0,0
James Milner,Brighton & Hove Albion,6,ENG,DM,38,72.0,0,0,0,0,2,0,0,0,41,1,1,1,0.2,0.2,0.0,3,0,23,31,74.2,5,25,0,1,1,2024-08-24,['DM'],0,0,0,1,0,0,0,0,0,0,0,0,0
Carlos Baleba,Brighton & Hove Albion,20,CMR,DM,20,18.0,0,0,0,0,0,0,0,0,9,1,0,0,0.0,0.0,0.0,0,0,8,8,100.0,0,5,1,1,1,2024-08-24,['DM'],0,0,0,1,0,0,0,0,0,0,0,0,0
Jack Hinshelwood,Brighton & Hove Albion,41,ENG,LB,19,90.0,0,0,0,0,0,0,0,0,52,0,0,0,0.0,0.0,0.0,2,0,39,48,81.3,3,25,1,1,1,2024-08-24,['LB'],0,0,0,0,0,0,1,0,0,0,0,0,0
Lewis Dunk,Brighton & Hove Albion,5,ENG,CB,32,90.0,0,0,0,0,0,0,0,0,86,0,1,1,0.0,0.0,0.0,1,0,76,79,96.2,4,55,1,1,0,2024-08-24,['CB'],0,1,0,0,0,0,0,0,0,0,0,0,0
Jan Paul van Hecke,Brighton & Hove Albion,29,NED,CB,24,90.0,0,0,0,0,0,0,1,0,96,4,3,0,0.0,0.0,0.0,0,0,76,86,88.4,6,77,0,1,1,2024-08-24,['CB'],0,1,0,0,0,0,0,0,0,0,0,0,0
Joël Veltman,Brighton & Hove Albion,34,NED,RB,32,90.0,0,0,0,0,0,0,0,0,63,3,0,1,0.0,0.0,0.1,2,0,47,53,88.7,3,23,5,0,0,2024-08-24,['RB'],0,0,0,0,0,0,0,0,0,1,0,0,0
Jason Steele,Brighton & Hove Albion,23,ENG,GK,34,90.0,0,0,0,0,0,0,0,0,51,0,0,0,0.0,0.0,0.0,0,0,45,50,90.0,0,40,0,0,0,2024-08-24,['GK'],0,0,0,0,0,1,0,0,0,0,0,0,0
Bruno Fernandes,Manchester United,8,POR,"FW,AM",29,78.0,0,0,0,0,1,0,0,0,48,1,0,0,0.1,0.1,0.8,4,0,32,45,71.1,6,30,1,0,0,2024-08-24,"['FW', 'AM']",1,0,0,0,1,0,0,0,0,0,0,0,0
Scott McTominay,Manchester United,39,SCO,AM,27,12.0,0,0,0,0,1,0,0,0,10,0,0,0,0.1,0.1,0.0,1,0,6,6,100.0,1,7,0,1,0,2024-08-24,['AM'],1,0,0,0,0,0,0,0,0,0,0,0,0
Marcus Rashford,Manchester United,10,ENG,"LW,FW",26,64.0,0,0,0,0,0,0,0,0,22,0,0,1,0.0,0.0,0.0,0,0,13,18,72.2,0,14,2,4,1,2024-08-24,"['LW', 'FW']",0,0,0,0,1,0,0,0,1,0,0,0,0
Alejandro Garnacho,Manchester United,17,ARG,LW,20,26.0,0,0,0,0,1,0,0,0,19,0,0,0,0.7,0.7,0.0,1,0,11,16,68.8,2,19,3,3,1,2024-08-24,['LW'],0,0,0,0,0,0,0,0,1,0,0,0,0
Amad Diallo,Manchester United,16,CIV,RW,22,89.0,1,0,0,0,2,1,1,0,51,2,0,0,0.3,0.3,0.0,3,0,33,45,73.3,4,37,7,3,1,2024-08-24,['RW'],0,0,0,0,0,0,0,0,0,0,0,1,0
Antony,Manchester United,21,BRA,RW,24,1.0,0,0,0,0,0,0,0,0,3,1,0,0,0.0,0.0,0.1,1,0,1,2,50.0,0,1,0,0,0,2024-08-24,['RW'],0,0,0,0,0,0,0,0,0,0,0,1,0
Mason Mount,Manchester United,7,ENG,AM,25,45.0,0,0,0,0,1,1,0,0,21,0,0,1,0.1,0.1,0.0,0,0,15,18,83.3,2,14,0,0,0,2024-08-24,['AM'],1,0,0,0,0,0,0,0,0,0,0,0,0
Joshua Zirkzee,Manchester United,11,NED,"FW,LW",23,45.0,0,0,0,0,0,0,0,0,17,1,0,2,0.0,0.0,0.1,1,0,7,10,70.0,0,6,0,3,2,2024-08-24,"['FW', 'LW']",0,0,0,0,1,0,0,0,1,0,0,0,0
Kobbie Mainoo,Manchester United,37,ENG,DM,19,90.0,0,0,0,0,0,0,1,0,57,2,5,1,0.0,0.0,0.0,1,1,41,45,91.1,3,35,0,4,4,2024-08-24,['DM'],0,0,0,1,0,0,0,0,0,0,0,0,0
Casemiro,Manchester United,18,BRA,DM,32,90.0,0,0,0,0,3,1,0,0,67,5,0,1,0.1,0.1,0.0,2,0,44,54,81.5,2,35,0,0,0,2024-08-24,['DM'],0,0,0,1,0,0,0,0,0,0,0,0,0
Diogo Dalot,Manchester United,20,POR,LB,25,90.0,0,0,0,0,1,0,0,0,78,2,2,2,0.0,0.0,0.2,2,0,60,66,90.9,4,46,1,3,1,2024-08-24,['LB'],0,0,0,0,0,0,1,0,0,0,0,0,0
Lisandro Martínez,Manchester United,6,ARG,CB,26,90.0,0,0,0,0,0,0,0,0,79,1,1,1,0.0,0.0,0.0,1,0,70,73,95.9,4,66,0,0,0,2024-08-24,['CB'],0,1,0,0,0,0,0,0,0,0,0,0,0
Harry Maguire,Manchester United,5,ENG,CB,31,78.0,0,0,0,0,1,0,0,0,54,1,2,1,0.0,0.0,0.0,1,0,41,45,91.1,0,39,0,0,0,2024-08-24,['CB'],0,1,0,0,0,0,0,0,0,0,0,0,0
Matthijs de Ligt,Manchester United,4,NED,CB,25,12.0,0,0,0,0,0,0,0,0,12,0,1,1,0.0,0.0,0.0,0,0,8,8,100.0,1,5,0,0,0,2024-08-24,['CB'],0,1,0,0,0,0,0,0,0,0,0,0,0
Noussair Mazraoui,Manchester United,3,MAR,RB,26,90.0,0,1,0,0,0,0,0,0,45,2,1,1,0.0,0.0,0.1,2,1,34,42,81.0,5,26,1,1,0,2024-08-24,['RB'],0,0,0,0,0,0,0,0,0,1,0,0,0
André Onana,Manchester United,24,CMR,GK,28,90.0,0,0,0,0,0,0,0,0,60,1,0,0,0.0,0.0,0.0,1,0,54,59,91.5,0,53,0,0,0,2024-08-24,['GK'],0,0,0,0,0,1,0,0,0,0,0,0,0
Son Heung-min,Tottenham Hotspur,7,KOR,"FW,LW",32,90.0,2,0,0,0,3,3,0,0,46,0,0,0,1.1,1.1,0.2,4,0,27,35,77.1,4,28,1,4,1,2024-08-24,"['FW', 'LW']",0,0,0,0,1,0,0,0,1,0,0,0,0
Wilson Odobert,Tottenham Hotspur,28,FRA,LW,19,66.0,0,0,0,0,1,0,0,0,53,3,0,0,0.0,0.0,0.0,1,0,32,39,82.1,5,39,7,6,2,2024-08-24,['LW'],0,0,0,0,0,0,0,0,1,0,0,0,0
Richarlison,Tottenham Hotspur,9,BRA,FW,27,24.0,0,0,0,0,0,0,0,0,11,0,0,0,0.0,0.0,0.0,0,0,6,8,75.0,1,6,1,1,1,2024-08-24,['FW'],0,0,0,0,1,0,0,0,0,0,0,0,0
Brennan Johnson,Tottenham Hotspur,22,WAL,RW,23,90.0,0,0,0,0,1,0,0,0,29,2,0,0,0.2,0.2,0.0,0,0,15,22,68.2,1,20,3,3,0,2024-08-24,['RW'],0,0,0,0,0,0,0,0,0,0,0,1,0
James Maddison,Tottenham Hotspur,10,ENG,LM,27,78.0,0,1,0,0,3,1,0,0,80,1,0,2,0.4,0.4,0.4,2,1,57,68,83.8,10,56,1,2,0,2024-08-24,['LM'],0,0,0,0,0,0,0,1,0,0,0,0,0
Lucas Bergvall,Tottenham Hotspur,15,SWE,LM,18,12.0,0,0,0,0,0,0,0,0,7,1,0,0,0.0,0.0,0.0,0,0,3,5,60.0,0,6,0,0,0,2024-08-24,['LM'],0,0,0,0,0,0,0,1,0,0,0,0,0
Yves Bissouma,Tottenham Hotspur,8,MLI,CM,27,72.0,1,0,0,0,1,1,0,0,86,2,1,0,0.1,0.1,0.0,2,0,74,80,92.5,6,62,1,0,0,2024-08-24,['CM'],0,0,1,0,0,0,0,0,0,0,0,0,0
Archie Gray,Tottenham Hotspur,14,ENG,CM,18,18.0,0,0,0,0,0,0,0,0,15,0,0,0,0.0,0.0,0.0,0,0,14,15,93.3,0,11,0,1,0,2024-08-24,['CM'],0,0,1,0,0,0,0,0,0,0,0,0,0
Dejan Kulusevski,Tottenham Hotspur,21,SWE,RM,24,66.0,0,1,0,0,0,0,0,0,29,0,0,0,0.0,0.0,0.2,6,2,20,23,87.0,3,15,4,4,2,2024-08-24,['RM'],0,0,0,0,0,0,0,0,0,0,1,0,0
Pape Matar Sarr,Tottenham Hotspur,29,SEN,RM,21,24.0,0,0,0,0,0,0,0,0,18,2,0,1,0.0,0.0,0.0,0,0,10,12,83.3,0,12,1,1,0,2024-08-24,['RM'],0,0,0,0,0,0,0,0,0,0,1,0,0
Destiny Udogie,Tottenham Hotspur,13,ITA,LB,21,72.0,0,0,0,0,0,0,0,0,54,1,0,0,0.0,0.0,0.0,0,0,47,51,92.2,4,31,2,1,1,2024-08-24,['LB'],0,0,0,0,0,0,1,0,0,0,0,0,0
Djed Spence,Tottenham Hotspur,24,ENG,LB,24,18.0,0,0,0,0,0,0,0,0,9,1,0,0,0.0,0.0,0.0,0,0,7,8,87.5,0,7,0,0,0,2024-08-24,['LB'],0,0,0,0,0,0,1,0,0,0,0,0,0
Micky van de Ven,Tottenham Hotspur,37,NED,CB,23,90.0,0,1,0,0,0,0,0,0,73,0,2,1,0.0,0.0,0.3,1,1,65,70,92.9,7,53,0,0,0,2024-08-24,['CB'],0,1,0,0,0,0,0,0,0,0,0,0,0
Cristian Romero,Tottenham Hotspur,17,ARG,CB,26,90.0,1,0,0,0,3,2,0,0,115,6,0,2,0.5,0.5,0.2,2,0,91,98,92.9,5,81,0,0,0,2024-08-24,['CB'],0,1,0,0,0,0,0,0,0,0,0,0,0
Pedro Porro,Tottenham Hotspur,23,ESP,RB,24,90.0,0,0,0,0,1,0,0,0,94,3,1,4,0.0,0.0,0.0,3,0,61,79,77.2,6,57,1,1,0,2024-08-24,['RB'],0,0,0,0,0,0,0,0,0,1,0,0,0
Guglielmo Vicario,Tottenham Hotspur,1,ITA,GK,27,90.0,0,0,0,0,0,0,0,0,46,0,0,0,0.0,0.0,0.0,0,0,45,45,100.0,0,41,0,0,0,2024-08-24,['GK'],0,0,0,0,0,1,0,0,0,0,0,0,0
Dominic Calvert-Lewin,Everton,9,ENG,FW,27,71.0,0,0,0,0,1,0,0,0,19,2,2,0,0.1,0.1,0.0,0,0,6,11,54.5,0,9,0,1,0,2024-08-24,['FW'],0,0,0,0,1,0,0,0,0,0,0,0,0
Beto,Everton,14,GNB,FW,26,19.0,0,0,0,0,0,0,0,0,4,1,0,0,0.0,0.0,0.0,0,0,0,0,80.8,0,2,1,0,0,2024-08-24,['FW'],0,0,0,0,1,0,0,0,0,0,0,0,0
Dwight McNeil,Everton,7,ENG,"LW,AM",24,90.0,0,0,0,0,1,0,0,0,49,1,1,1,0.0,0.0,0.6,9,0,33,44,75.0,6,32,1,3,2,2024-08-24,"['LW', 'AM']",1,0,0,0,0,0,0,0,1,0,0,0,0
Jack Harrison,Everton,11,ENG,RW,27,56.0,0,0,0,0,2,0,0,0,11,0,1,0,0.5,0.5,0.0,0,0,3,7,42.9,1,9,1,1,0,2024-08-24,['RW'],0,0,0,0,0,0,0,0,0,0,0,1,0
Jesper Lindstrøm,Everton,29,DEN,RW,24,34.0,0,0,0,0,1,1,0,0,11,2,0,0,0.0,0.0,0.0,1,0,5,7,71.4,0,4,0,2,0,2024-08-24,['RW'],0,0,0,0,0,0,0,0,0,0,0,1,0
Abdoulaye Doucouré,Everton,16,MLI,AM,31,56.0,0,0,0,0,1,0,0,0,13,0,0,0,0.1,0.1,0.0,0,0,7,9,77.8,0,7,1,1,0,2024-08-24,['AM'],1,0,0,0,0,0,0,0,0,0,0,0,0
Iliman Ndiaye,Everton,10,SEN,LW,24,34.0,0,0,0,0,1,0,0,0,22,4,1,2,0.0,0.0,0.0,0,0,7,10,70.0,0,14,5,5,2,2024-08-24,['LW'],0,0,0,0,0,0,0,0,1,0,0,0,0
Idrissa Gana Gueye,Everton,27,SEN,DM,34,89.0,0,0,0,0,0,0,0,0,39,8,1,1,0.0,0.0,0.0,2,0,24,28,85.7,4,16,1,1,0,2024-08-24,['DM'],0,0,0,1,0,0,0,0,0,0,0,0,0
Harrison Armstrong,Everton,45,ENG,DM,17,1.0,0,0,0,0,0,0,0,0,4,0,0,0,0.0,0.0,0.0,0,0,1,4,25.0,0,3,0,0,0,2024-08-24,['DM'],0,0,0,1,0,0,0,0,0,0,0,0,0
Tim Iroegbunam,Everton,42,ENG,DM,21,90.0,0,0,0,0,0,0,0,0,19,1,0,0,0.0,0.0,0.0,0,0,10,14,71.4,1,14,0,4,1,2024-08-24,['DM'],0,0,0,1,0,0,0,0,0,0,0,0,0
Vitaliy Mykolenko,Everton,19,UKR,LB,25,90.0,0,0,0,0,0,0,0,0,45,2,2,1,0.0,0.0,0.0,0,0,29,34,85.3,4,19,0,1,0,2024-08-24,['LB'],0,0,0,0,0,0,1,0,0,0,0,0,0
Michael Keane,Everton,5,ENG,CB,31,90.0,0,0,0,0,0,0,0,0,45,2,5,0,0.0,0.0,0.1,1,0,28,33,84.8,4,23,0,0,0,2024-08-24,['CB'],0,1,0,0,0,0,0,0,0,0,0,0,0
James Tarkowski,Everton,6,ENG,CB,31,90.0,0,0,0,0,3,0,0,0,44,1,1,2,0.2,0.2,0.3,4,0,24,33,72.7,2,20,0,0,0,2024-08-24,['CB'],0,1,0,0,0,0,0,0,0,0,0,0,0
Roman Dixon,Everton,75,ENG,RB,19,90.0,0,0,0,0,0,0,0,0,36,5,1,1,0.0,0.0,0.0,0,0,11,19,57.9,0,16,0,3,0,2024-08-24,['RB'],0,0,0,0,0,0,0,0,0,1,0,0,0
Jordan Pickford,Everton,1,ENG,GK,30,90.0,0,0,0,0,0,0,0,0,40,0,0,0,0.0,0.0,0.0,0,0,23,34,67.6,0,21,0,0,0,2024-08-24,['GK'],0,0,0,0,0,1,0,0,0,0,0,0,0
Rodrigo Muniz,Fulham,9,BRA,FW,23,79.0,0,0,0,0,7,2,0,0,22,0,0,1,0.6,0.6,0.2,2,0,5,8,62.5,2,12,0,1,0,2024-08-24,['FW'],0,0,0,0,1,0,0,0,0,0,0,0,0
Raúl Jiménez,Fulham,7,MEX,FW,33,11.0,0,0,0,0,0,0,0,0,6,0,0,0,0.0,0.0,0.0,0,0,2,3,66.7,1,3,0,0,0,2024-08-24,['FW'],0,0,0,0,1,0,0,0,0,0,0,0,0
Alex Iwobi,Fulham,17,NGA,LW,28,90.0,1,0,0,0,2,2,0,0,55,0,0,0,0.2,0.2,0.0,3,0,34,46,73.9,8,39,7,3,0,2024-08-24,['LW'],0,0,0,0,0,0,0,0,1,0,0,0,0
Adama Traoré,Fulham,11,ESP,RW,28,68.0,0,1,0,0,3,1,0,0,42,0,1,0,0.2,0.2,0.9,7,1,24,34,70.6,6,25,2,3,2,2024-08-24,['RW'],0,0,0,0,0,0,0,0,0,0,0,1,0
Tom Cairney,Fulham,10,SCO,AM,33,22.0,0,0,0,0,0,0,1,0,12,2,0,0,0.0,0.0,0.0,1,1,10,10,100.0,1,7,0,1,0,2024-08-24,['AM'],1,0,0,0,0,0,0,0,0,0,0,0,0
Emile Smith Rowe,Fulham,32,ENG,AM,24,68.0,1,0,0,0,2,1,0,0,62,1,0,1,0.5,0.5,0.0,1,0,48,53,90.6,5,37,2,3,0,2024-08-24,['AM'],1,0,0,0,0,0,0,0,0,0,0,0,0
Harry Wilson,Fulham,8,WAL,RW,27,22.0,0,0,0,0,0,0,1,0,14,0,0,0,0.0,0.0,0.0,1,0,9,11,81.8,1,8,1,0,0,2024-08-24,['RW'],0,0,0,0,0,0,0,0,0,0,0,1,0
Saša Lukić,Fulham,20,SRB,DM,28,90.0,0,0,0,0,0,0,0,0,70,2,1,0,0.0,0.0,0.0,3,0,61,65,93.8,4,39,0,0,0,2024-08-24,['DM'],0,0,0,1,0,0,0,0,0,0,0,0,0
Andreas Pereira,Fulham,18,BRA,DM,28,85.0,0,0,0,0,2,0,0,0,76,0,0,1,0.1,0.1,0.4,11,0,52,65,80.0,11,36,1,2,1,2024-08-24,['DM'],0,0,0,1,0,0,0,0,0,0,0,0,0
Harrison Reed,Fulham,6,ENG,DM,29,5.0,0,0,0,0,0,0,0,0,4,0,0,0,0.0,0.0,0.0,0,0,3,3,100.0,2,3,0,1,0,2024-08-24,['DM'],0,0,0,1,0,0,0,0,0,0,0,0,0
Antonee Robinson,Fulham,33,USA,LB,27,90.0,0,1,0,0,0,0,0,0,69,5,3,1,0.0,0.0,0.2,2,1,41,49,83.7,3,34,1,1,0,2024-08-24,['LB'],0,0,0,0,0,0,1,0,0,0,0,0,0
Calvin Bassey,Fulham,3,NGA,CB,24,90.0,0,0,0,0,0,0,0,0,80,0,0,2,0.0,0.0,0.0,0,0,68,75,90.7,3,60,0,1,0,2024-08-24,['CB'],0,1,0,0,0,0,0,0,0,0,0,0,0
Issa Diop,Fulham,31,FRA,CB,27,90.0,0,0,0,0,0,0,0,0,64,0,0,0,0.0,0.0,0.0,1,0,48,61,78.7,3,36,0,0,0,2024-08-24,['CB'],0,1,0,0,0,0,0,0,0,0,0,0,0
Kenny Tete,Fulham,2,NED,RB,28,90.0,0,0,0,0,2,0,0,0,74,4,3,1,0.2,0.2,0.0,2,1,53,61,86.9,8,37,2,3,1,2024-08-24,['RB'],0,0,0,0,0,0,0,0,0,1,0,0,0
Bernd Leno,Fulham,1,GER,GK,32,90.0,0,0,0,0,0,0,0,0,39,0,0,0,0.0,0.0,0.0,0,0,31,38,81.6,0,28,0,0,0,2024-08-24,['GK'],0,0,0,0,0,1,0,0,0,0,0,0,0
Jamie Vardy,Leicester City,9,ENG,FW,37,70.0,0,0,0,0,0,0,0,0,12,0,0,0,0.0,0.0,0.0,1,1,6,11,54.5,2,6,0,0,0,2024-08-24,['FW'],0,0,0,0,1,0,0,0,0,0,0,0,0
Stephy Mavididi,Leicester City,10,ENG,FW,26,20.0,0,0,0,0,0,0,0,0,8,1,0,0,0.0,0.0,0.0,0,0,6,6,100.0,0,6,0,0,0,2024-08-24,['FW'],0,0,0,0,1,0,0,0,0,0,0,0,0
Bobby Reid,Leicester City,14,JAM,LW,31,62.0,0,0,0,0,1,1,0,0,25,1,0,3,0.0,0.0,0.0,1,0,14,16,87.5,2,14,1,1,0,2024-08-24,['LW'],0,0,0,0,0,0,0,0,1,0,0,0,0
Jordan Ayew,Leicester City,18,GHA,LW,32,28.0,0,0,0,0,1,0,0,0,11,0,0,0,0.1,0.1,0.0,1,0,7,8,87.5,1,9,0,1,1,2024-08-24,['LW'],0,0,0,0,0,0,0,0,1,0,0,0,0
Facundo Buonanotte,Leicester City,40,ARG,RW,19,70.0,0,1,0,0,0,0,0,0,28,3,1,2,0.0,0.0,0.2,3,1,12,17,70.6,1,16,0,3,1,2024-08-24,['RW'],0,0,0,0,0,0,0,0,0,0,0,1,0
Oliver Skipp,Leicester City,22,ENG,RW,23,20.0,0,0,0,0,0,0,0,0,16,0,0,0,0.0,0.0,0.0,0,0,15,16,93.8,1,13,1,1,1,2024-08-24,['RW'],0,0,0,0,0,0,0,0,0,0,0,1,0
Victor Bernth Kristiansen,Leicester City,16,DEN,LM,21,84.0,0,0,0,0,0,0,1,0,59,3,1,1,0.0,0.0,0.0,0,0,29,49,59.2,1,32,1,1,1,2024-08-24,['LM'],0,0,0,0,0,0,0,1,0,0,0,0,0
Kasey McAteer,Leicester City,35,IRL,LM,22,6.0,0,0,0,0,0,0,0,0,9,0,0,0,0.0,0.0,0.0,1,0,4,7,57.1,0,2,0,0,0,2024-08-24,['LM'],0,0,0,0,0,0,0,1,0,0,0,0,0
Wilfred Ndidi,Leicester City,6,NGA,CM,27,90.0,0,0,0,0,1,1,0,0,56,3,0,2,0.1,0.1,0.0,3,0,41,46,89.1,6,33,1,3,2,2024-08-24,['CM'],0,0,1,0,0,0,0,0,0,0,0,0,0
Harry Winks,Leicester City,8,ENG,CM,28,90.0,0,0,0,0,0,0,0,0,68,0,0,2,0.0,0.0,0.1,2,0,57,62,91.9,4,34,0,0,0,2024-08-24,['CM'],0,0,1,0,0,0,0,0,0,0,0,0,0
Abdul Fatawu Issahaku,Leicester City,7,GHA,RM,20,90.0,0,0,0,0,3,1,0,0,44,5,2,2,0.1,0.1,0.0,2,0,12,24,50.0,2,27,3,6,1,2024-08-24,['RM'],0,0,0,0,0,0,0,0,0,0,1,0,0
Wout Faes,Leicester City,3,BEL,CB,26,90.0,1,0,0,0,3,1,0,0,85,0,2,7,0.3,0.3,0.0,0,0,58,65,89.2,1,41,0,0,0,2024-08-24,['CB'],0,1,0,0,0,0,0,0,0,0,0,0,0
Jannik Vestergaard,Leicester City,23,DEN,CB,32,90.0,0,0,0,0,1,0,1,0,79,2,0,0,0.0,0.0,0.0,0,0,61,68,89.7,1,51,0,0,0,2024-08-24,['CB'],0,1,0,0,0,0,0,0,0,0,0,0,0
James Justin,Leicester City,2,ENG,CB,26,90.0,0,0,0,0,0,0,0,0,58,3,1,1,0.0,0.0,0.0,2,0,41,47,87.2,0,25,1,2,0,2024-08-24,['CB'],0,1,0,0,0,0,0,0,0,0,0,0,0
Mads Hermansen,Leicester City,30,DEN,GK,24,90.0,0,0,0,0,0,0,0,0,48,0,0,0,0.0,0.0,0.0,0,0,39,47,83.0,0,28,0,0,0,2024-08-24,['GK'],0,0,0,0,0,1,0,0,0,0,0,0,0
Jean-Philippe Mateta,Crystal Palace,14,FRA,FW,27,90.0,0,0,0,0,1,0,0,0,20,1,0,1,0.3,0.3,0.3,4,0,12,15,80.0,2,5,0,0,0,2024-08-24,['FW'],0,0,0,0,1,0,0,0,0,0,0,0,0
Eberechi Eze,Crystal Palace,10,ENG,AM,26,90.0,0,0,0,0,5,1,0,0,64,2,0,1,0.4,0.4,0.3,6,0,36,44,81.8,5,41,6,7,2,2024-08-24,['AM'],1,0,0,0,0,0,0,0,0,0,0,0,0
Odsonne Édouard,Crystal Palace,22,FRA,AM,26,70.0,0,0,0,0,4,1,0,0,28,1,0,0,0.3,0.3,0.0,0,0,10,16,62.5,3,14,2,1,0,2024-08-24,['AM'],1,0,0,0,0,0,0,0,0,0,0,0,0
Ismaila Sarr,Crystal Palace,7,SEN,AM,26,20.0,0,0,0,0,1,0,0,0,15,0,0,0,0.1,0.1,0.3,1,0,10,11,90.9,0,10,0,1,0,2024-08-24,['AM'],1,0,0,0,0,0,0,0,0,0,0,0,0
Jefferson Lerma,Crystal Palace,8,COL,CM,29,62.0,0,0,0,0,1,0,1,0,46,1,3,1,0.0,0.0,0.0,2,0,30,39,76.9,6,20,1,0,0,2024-08-24,['CM'],0,0,1,0,0,0,0,0,0,0,0,0,0
Daichi Kamada,Crystal Palace,18,JPN,CM,28,28.0,0,0,0,0,0,0,0,0,34,2,0,0,0.0,0.0,0.0,3,0,28,32,87.5,6,27,2,0,0,2024-08-24,['CM'],0,0,1,0,0,0,0,0,0,0,0,0,0
Adam Wharton,Crystal Palace,20,ENG,CM,20,90.0,0,0,0,0,1,0,0,0,79,3,2,0,0.0,0.0,0.3,5,0,57,70,81.4,10,36,0,2,0,2024-08-24,['CM'],0,0,1,0,0,0,0,0,0,0,0,0,0
Tyrick Mitchell,Crystal Palace,3,ENG,WB,24,90.0,0,0,0,0,0,0,0,0,68,3,1,3,0.0,0.0,0.1,3,0,43,59,72.9,5,34,2,0,0,2024-08-24,['WB'],0,0,0,0,0,0,0,0,0,0,0,0,1
Daniel Muñoz,Crystal Palace,12,COL,WB,28,90.0,0,0,0,0,0,0,0,0,72,3,1,0,0.0,0.0,0.0,2,0,48,59,81.4,2,34,1,2,1,2024-08-24,['WB'],0,0,0,0,0,0,0,0,0,0,0,0,1
Chadi Riad,Crystal Palace,34,MAR,CB,21,90.0,0,0,0,0,0,0,0,0,90,5,2,0,0.0,0.0,0.0,0,0,70,82,85.4,7,58,2,0,0,2024-08-24,['CB'],0,1,0,0,0,0,0,0,0,0,0,0,0
Marc Guéhi,Crystal Palace,6,ENG,CB,24,90.0,0,0,0,0,0,0,0,0,98,2,0,3,0.0,0.0,0.0,0,0,71,85,83.5,2,56,0,0,0,2024-08-24,['CB'],0,1,0,0,0,0,0,0,0,0,0,0,0
Chris Richards,Crystal Palace,26,USA,CB,24,81.0,0,0,0,0,1,0,0,0,53,0,0,1,0.1,0.1,0.0,0,0,38,46,82.6,1,32,0,1,0,2024-08-24,['CB'],0,1,0,0,0,0,0,0,0,0,0,0,0
Jeffrey Schlupp,Crystal Palace,15,GHA,CB,31,9.0,0,0,0,0,0,0,0,0,9,0,0,1,0.0,0.0,0.0,0,0,4,6,66.7,0,3,0,0,0,2024-08-24,['CB'],0,1,0,0,0,0,0,0,0,0,0,0,0
Dean Henderson,Crystal Palace,1,ENG,GK,27,90.0,0,0,0,0,0,0,0,0,33,0,0,0,0.0,0.0,0.0,0,0,21,32,65.6,0,16,0,0,0,2024-08-24,['GK'],0,0,0,0,0,1,0,0,0,0,0,0,0
Michail Antonio,West Ham United,9,JAM,FW,34,61.0,0,0,0,0,2,0,0,0,18,0,0,0,0.6,0.6,0.0,1,0,6,11,54.5,1,11,0,0,0,2024-08-24,['FW'],0,0,0,0,1,0,0,0,0,0,0,0,0
Aaron Wan-Bissaka,West Ham United,29,ENG,RB,26,29.0,0,0,0,0,0,0,0,0,12,0,1,0,0.0,0.0,0.0,2,0,3,7,42.9,0,4,2,2,2,2024-08-24,['RB'],0,0,0,0,0,0,0,0,0,1,0,0,0
Mohammed Kudus,West Ham United,14,GHA,LM,24,88.0,0,0,0,0,2,0,0,0,29,2,0,1,0.1,0.1,0.0,2,0,14,16,87.5,2,22,6,9,6,2024-08-24,['LM'],0,0,0,0,0,0,0,1,0,0,0,0,0
Jean-Clair Todibo,West Ham United,25,FRA,CB,24,2.0,0,0,0,0,0,0,0,0,2,0,0,0,0.0,0.0,0.0,0,0,0,0,80.8,0,0,0,0,0,2024-08-24,['CB'],0,1,0,0,0,0,0,0,0,0,0,0,0
Lucas Paquetá,West Ham United,10,BRA,"CM,LM",26,90.0,0,0,0,0,3,0,0,0,59,5,1,1,0.1,0.1,0.0,5,1,35,46,76.1,3,19,2,1,1,2024-08-24,"['CM', 'LM']",0,0,1,0,0,0,0,1,0,0,0,0,0
Tomáš Souček,West Ham United,28,CZE,CM,29,77.0,1,0,0,0,3,1,1,0,32,3,0,1,0.2,0.2,0.0,4,0,13,21,61.9,3,7,1,0,0,2024-08-24,['CM'],0,0,1,0,0,0,0,0,0,0,0,0,0
Edson Álvarez,West Ham United,19,MEX,"CM,DM",26,13.0,0,0,0,0,1,0,0,0,12,1,0,1,0.0,0.0,0.0,0,0,6,7,85.7,1,3,0,1,0,2024-08-24,"['CM', 'DM']",0,0,1,1,0,0,0,0,0,0,0,0,0
Jarrod Bowen,West Ham United,20,ENG,RM,27,90.0,1,0,0,0,1,1,0,0,34,1,0,1,0.1,0.1,0.4,6,0,14,21,66.7,3,20,3,5,1,2024-08-24,['RM'],0,0,0,0,0,0,0,0,0,0,1,0,0
Guido Rodríguez,West Ham United,24,ARG,"DM,CM",30,90.0,0,0,0,0,2,0,0,0,53,2,4,1,0.0,0.0,0.0,1,0,31,40,77.5,3,19,1,1,1,2024-08-24,"['DM', 'CM']",0,0,1,1,0,0,0,0,0,0,0,0,0
Emerson Palmieri,West Ham United,33,ITA,LB,30,88.0,0,0,0,0,0,0,0,0,58,4,2,1,0.0,0.0,0.0,1,0,38,46,82.6,1,14,1,2,2,2024-08-24,['LB'],0,0,0,0,0,0,1,0,0,0,0,0,0
Aaron Cresswell,West Ham United,3,ENG,LB,34,2.0,0,0,0,0,0,0,0,0,2,0,0,0,0.0,0.0,0.0,0,0,0,2,0.0,0,0,0,0,0,2024-08-24,['LB'],0,0,0,0,0,0,1,0,0,0,0,0,0
Max Kilman,West Ham United,26,ENG,CB,27,90.0,0,1,0,0,1,0,0,0,77,1,3,0,0.1,0.1,0.1,4,2,57,64,89.1,5,40,1,2,1,2024-08-24,['CB'],0,1,0,0,0,0,0,0,0,0,0,0,0
Konstantinos Mavropanos,West Ham United,15,GRE,CB,26,90.0,0,0,0,0,0,0,0,0,69,1,4,3,0.0,0.0,0.0,0,0,42,55,76.4,3,30,0,0,0,2024-08-24,['CB'],0,1,0,0,0,0,0,0,0,0,0,0,0
Vladimír Coufal,West Ham United,5,CZE,RB,32,62.0,0,0,0,0,1,0,0,0,43,0,0,0,0.0,0.0,0.0,0,0,28,38,73.7,3,10,0,1,0,2024-08-24,['RB'],0,0,0,0,0,0,0,0,0,1,0,0,0
Niclas Füllkrug,West Ham United,11,GER,FW,31,28.0,0,0,0,0,2,1,0,0,12,0,0,0,0.3,0.3,0.0,0,0,4,5,80.0,0,4,2,2,0,2024-08-24,['FW'],0,0,0,0,1,0,0,0,0,0,0,0,0
Alphonse Areola,West Ham United,23,FRA,GK,31,90.0,0,0,0,0,0,0,0,0,46,0,0,0,0.0,0.0,0.0,0,0,29,46,63.0,0,22,0,0,0,2024-08-24,['GK'],0,0,0,0,0,1,0,0,0,0,0,0,0
Erling Haaland,Manchester City,9,NOR,FW,24,89.0,3,0,1,1,6,3,0,0,20,0,0,0,1.8,1.0,0.0,1,1,7,10,70.0,0,6,2,3,2,2024-08-24,['FW'],0,0,0,0,1,0,0,0,0,0,0,0,0
James Mcatee,Manchester City,87,ENG,FW,21,1.0,0,0,0,0,0,0,0,0,6,0,0,1,0.0,0.0,0.0,0,0,4,4,100.0,0,2,0,0,0,2024-08-24,['FW'],0,0,0,0,1,0,0,0,0,0,0,0,0
Jeremy Doku,Manchester City,11,BEL,LW,22,70.0,0,0,0,0,0,0,0,0,47,2,0,1,0.0,0.0,0.9,2,0,33,36,91.7,2,33,4,5,2,2024-08-24,['LW'],0,0,0,0,0,0,0,0,1,0,0,0,0
İlkay Gündoğan,Manchester City,19,GER,DM,33,20.0,0,0,0,0,0,0,0,0,18,0,0,0,0.0,0.0,0.0,1,1,15,18,83.3,1,9,1,0,0,2024-08-24,['DM'],0,0,0,1,0,0,0,0,0,0,0,0,0
Sávio,Manchester City,26,BRA,RW,20,70.0,0,1,0,0,0,0,0,0,66,4,0,1,0.0,0.0,0.7,6,3,45,56,80.4,2,45,6,4,1,2024-08-24,['RW'],0,0,0,0,0,0,0,0,0,0,0,1,0
Jack Grealish,Manchester City,10,ENG,LW,28,20.0,0,0,0,0,1,0,1,0,19,1,0,1,0.1,0.1,0.0,0,0,12,14,85.7,0,14,1,0,0,2024-08-24,['LW'],0,0,0,0,0,0,0,0,1,0,0,0,0
Kevin De Bruyne,Manchester City,17,BEL,"CM,AM",33,89.0,1,1,0,0,4,1,0,0,111,0,0,0,0.8,0.8,0.7,6,1,86,104,82.7,16,61,4,1,1,2024-08-24,"['CM', 'AM']",1,0,1,0,0,0,0,0,0,0,0,0,0
Matheus Nunes,Manchester City,27,POR,AM,25,1.0,0,0,0,0,0,0,0,0,4,0,0,0,0.0,0.0,0.0,0,0,3,4,75.0,0,1,0,0,0,2024-08-24,['AM'],1,0,0,0,0,0,0,0,0,0,0,0,0
Bernardo Silva,Manchester City,20,POR,"CM,RW",30,90.0,0,0,0,0,1,0,0,0,58,0,0,0,0.1,0.1,0.0,1,1,50,54,92.6,3,29,1,0,0,2024-08-24,"['CM', 'RW']",0,0,1,0,0,0,0,0,0,0,0,1,0
Mateo Kovačić,Manchester City,8,CRO,DM,30,49.0,0,0,0,0,0,0,0,0,34,1,1,0,0.0,0.0,0.0,3,0,29,32,90.6,3,19,0,3,3,2024-08-24,['DM'],0,0,0,1,0,0,0,0,0,0,0,0,0
John Stones,Manchester City,5,ENG,DM,30,41.0,0,0,0,0,0,0,0,0,27,1,1,1,0.0,0.0,0.0,1,0,20,22,90.9,0,14,1,0,0,2024-08-24,['DM'],0,0,0,1,0,0,0,0,0,0,0,0,0
Rico Lewis,Manchester City,82,ENG,"DM,RB",19,90.0,0,0,0,0,1,0,0,0,86,0,1,1,0.5,0.5,0.0,1,0,67,75,89.3,4,40,2,2,1,2024-08-24,"['DM', 'RB']",0,0,0,1,0,0,0,0,0,1,0,0,0
Joško Gvardiol,Manchester City,24,CRO,LB,22,90.0,0,0,0,0,0,0,0,0,103,3,0,1,0.0,0.0,0.0,3,0,92,99,92.9,10,65,3,2,1,2024-08-24,['LB'],0,0,0,0,0,0,1,0,0,0,0,0,0
Rúben Dias,Manchester City,3,POR,CB,27,90.0,0,0,0,0,0,0,1,0,126,1,3,0,0.0,0.0,0.0,0,0,114,116,98.3,5,82,1,0,0,2024-08-24,['CB'],0,1,0,0,0,0,0,0,0,0,0,0,0
Manuel Akanji,Manchester City,25,SUI,"RB,CB",29,90.0,0,0,0,0,0,0,0,0,134,1,0,1,0.0,0.0,0.1,3,1,125,128,97.7,14,64,1,0,0,2024-08-24,"['RB', 'CB']",0,1,0,0,0,0,0,0,0,1,0,0,0
Ederson,Manchester City,31,BRA,GK,31,90.0,0,0,0,0,0,0,0,0,25,0,0,0,0.0,0.0,0.0,0,0,24,24,100.0,0,17,0,0,0,2024-08-24,['GK'],0,0,0,0,0,1,0,0,0,0,0,0,0
Liam Delap,Ipswich Town,19,ENG,FW,21,82.0,0,0,0,0,0,0,0,0,22,1,0,1,0.0,0.0,0.0,0,0,7,10,70.0,1,15,1,2,0,2024-08-24,['FW'],0,0,0,0,1,0,0,0,0,0,0,0,0
Ali Al Hamadi,Ipswich Town,16,IRQ,FW,22,8.0,0,0,0,0,0,0,1,0,2,0,0,0,0.0,0.0,0.0,0,0,0,0,80.8,0,0,0,0,0,2024-08-24,['FW'],0,0,0,0,1,0,0,0,0,0,0,0,0
Sammie Szmodics,Ipswich Town,23,IRL,LM,28,71.0,1,0,0,0,1,1,1,0,17,2,1,0,0.3,0.3,0.0,0,0,9,11,81.8,1,12,0,0,0,2024-08-24,['LM'],0,0,0,0,0,0,0,1,0,0,0,0,0
Marcus Harness,Ipswich Town,11,ENG,LM,28,19.0,0,0,0,0,0,0,0,0,6,1,0,1,0.0,0.0,0.0,0,0,1,2,50.0,0,0,0,0,0,2024-08-24,['LM'],0,0,0,0,0,0,0,1,0,0,0,0,0
Massimo Luongo,Ipswich Town,25,AUS,CM,31,71.0,0,0,0,0,0,0,0,0,27,2,1,0,0.0,0.0,0.0,0,0,14,21,66.7,1,15,0,0,0,2024-08-24,['CM'],0,0,1,0,0,0,0,0,0,0,0,0,0
Jack Taylor,Ipswich Town,14,IRL,CM,26,19.0,0,0,0,0,0,0,0,0,13,0,1,0,0.0,0.0,0.0,0,0,5,6,83.3,0,5,0,0,0,2024-08-24,['CM'],0,0,1,0,0,0,0,0,0,0,0,0,0
Sam Morsy,Ipswich Town,5,EGY,CM,32,90.0,0,0,0,0,0,0,1,0,48,6,0,4,0.0,0.0,0.0,0,0,31,34,91.2,1,25,0,1,1,2024-08-24,['CM'],0,0,1,0,0,0,0,0,0,0,0,0,0
Omari Hutchinson,Ipswich Town,20,ENG,RM,20,88.0,0,0,0,0,0,0,0,0,25,0,0,2,0.0,0.0,0.0,1,1,14,17,82.4,0,12,1,2,1,2024-08-24,['RM'],0,0,0,0,0,0,0,0,0,0,1,0,0
Conor Chaplin,Ipswich Town,10,ENG,RM,27,2.0,0,0,0,0,0,0,0,0,1,0,0,0,0.0,0.0,0.0,0,0,1,1,100.0,0,0,0,0,0,2024-08-24,['RM'],0,0,0,0,0,0,0,0,0,0,1,0,0
Leif Davis,Ipswich Town,3,ENG,LB,24,90.0,0,0,0,0,0,0,0,0,33,1,1,2,0.0,0.0,0.0,0,0,15,23,65.2,2,16,0,0,0,2024-08-24,['LB'],0,0,0,0,0,0,1,0,0,0,0,0,0
Jacob Greaves,Ipswich Town,24,ENG,CB,23,90.0,0,0,0,0,0,0,0,0,43,0,0,0,0.0,0.0,0.0,0,0,30,34,88.2,0,25,0,0,0,2024-08-24,['CB'],0,1,0,0,0,0,0,0,0,0,0,0,0
Luke Woolfenden,Ipswich Town,6,ENG,CB,25,90.0,0,0,0,0,0,0,0,0,40,0,2,2,0.0,0.0,0.0,0,0,26,30,86.7,1,26,0,0,0,2024-08-24,['CB'],0,1,0,0,0,0,0,0,0,0,0,0,0
Axel Tuanzebe,Ipswich Town,40,COD,CB,26,88.0,0,0,0,0,0,0,0,0,31,1,2,2,0.0,0.0,0.0,0,0,20,21,95.2,0,14,0,0,0,2024-08-24,['CB'],0,1,0,0,0,0,0,0,0,0,0,0,0
George Edmundson,Ipswich Town,4,ENG,CB,26,82.5,0,0,0,0,0,0,0,0,3,0,0,0,0.0,0.0,0.0,0,0,1,2,50.0,0,1,0,0,0,2024-08-24,['CB'],0,1,0,0,0,0,0,0,0,0,0,0,0
Ben Johnson,Ipswich Town,18,ENG,RB,24,90.0,0,1,0,0,0,0,0,0,36,3,2,2,0.0,0.0,0.3,1,1,11,18,61.1,2,18,1,3,0,2024-08-24,['RB'],0,0,0,0,0,0,0,0,0,1,0,0,0
Arijanet Muric,Ipswich Town,1,KVX,GK,25,90.0,0,0,0,0,0,0,0,0,40,0,0,0,0.0,0.0,0.0,0,0,26,36,72.2,0,26,0,0,0,2024-08-24,['GK'],0,0,0,0,0,1,0,0,0,0,0,0,0
Ben Brereton,Southampton,17,CHI,"FW,LW",25,90.0,0,0,0,0,0,0,0,0,43,0,0,0,0.0,0.0,0.0,3,0,32,38,84.2,2,36,3,3,1,2024-08-24,"['FW', 'LW']",0,0,0,0,1,0,0,0,1,0,0,0,0
Adam Armstrong,Southampton,9,ENG,FW,27,70.0,0,0,0,0,1,0,1,0,37,1,0,0,0.0,0.0,0.0,0,0,22,25,88.0,3,21,1,4,0,2024-08-24,['FW'],0,0,0,0,1,0,0,0,0,0,0,0,0
Samuel Edozie,Southampton,23,ENG,"WB,RW",21,20.0,0,0,0,0,0,0,0,0,13,1,0,0,0.0,0.0,0.0,0,0,5,10,50.0,0,6,1,1,1,2024-08-24,"['WB', 'RW']",0,0,0,0,0,0,0,0,0,0,0,1,1
Joe Aribo,Southampton,7,NGA,"CM,LM",28,75.0,0,0,0,0,0,0,0,0,37,0,0,2,0.0,0.0,0.0,1,0,31,33,93.9,1,22,3,1,0,2024-08-24,"['CM', 'LM']",0,0,1,0,0,0,0,1,0,0,0,0,0
Charlie Taylor,Southampton,21,ENG,"WB,LM",30,15.0,0,0,0,0,0,0,0,0,10,0,0,0,0.0,0.0,0.0,0,0,8,10,80.0,2,6,1,0,0,2024-08-24,"['WB', 'LM']",0,0,0,0,0,0,0,1,0,0,0,0,1
Flynn Downes,Southampton,4,ENG,CM,25,90.0,0,0,0,0,0,0,1,0,71,4,2,3,0.0,0.0,0.0,2,0,52,56,92.9,4,33,3,0,0,2024-08-24,['CM'],0,0,1,0,0,0,0,0,0,0,0,0,0
William Smallbone,Southampton,8,IRL,"CM,RM",24,83.0,0,0,0,0,0,0,0,0,45,1,0,2,0.0,0.0,0.0,0,0,28,38,73.7,3,17,1,0,0,2024-08-24,"['CM', 'RM']",0,0,1,0,0,0,0,0,0,0,1,0,0
Tyler Dibling,Southampton,33,ENG,CM,18,7.0,0,0,0,0,0,0,0,0,10,1,0,0,0.0,0.0,0.0,0,0,4,6,66.7,0,7,2,5,3,2024-08-24,['CM'],0,0,1,0,0,0,0,0,0,0,0,0,0
Kyle Walker-Peters,Southampton,2,ENG,"WB,CB,RB",27,90.0,0,0,0,0,3,1,0,0,87,3,0,0,0.1,0.1,0.0,2,0,62,68,91.2,7,54,9,5,1,2024-08-24,"['WB', 'CB', 'RB']",0,1,0,0,0,0,0,0,0,1,0,0,1
Yukinari Sugawara,Southampton,16,JPN,WB,24,70.0,0,0,0,0,1,0,0,0,59,3,0,2,0.0,0.0,0.0,0,0,35,46,76.1,4,32,2,2,1,2024-08-24,['WB'],0,0,0,0,0,0,0,0,0,0,0,0,1
Cameron Archer,Southampton,19,ENG,FW,23,20.0,0,0,0,0,0,0,0,0,7,0,0,0,0.0,0.0,0.0,0,0,4,5,80.0,1,4,0,0,0,2024-08-24,['FW'],0,0,0,0,1,0,0,0,0,0,0,0,0
Jack Stephens,Southampton,5,ENG,"CB,LB",30,90.0,0,0,0,0,0,0,0,0,104,3,0,1,0.0,0.0,0.0,0,0,94,99,94.9,9,73,3,1,0,2024-08-24,"['CB', 'LB']",0,1,0,0,0,0,1,0,0,0,0,0,0
Jan Bednarek,Southampton,35,POL,CB,28,90.0,0,0,0,0,0,0,1,0,131,1,0,1,0.0,0.0,0.0,1,0,121,122,99.2,4,82,0,0,0,2024-08-24,['CB'],0,1,0,0,0,0,0,0,0,0,0,0,0
Taylor Harwood-Bellis,Southampton,6,ENG,CB,22,75.0,0,0,0,0,0,0,0,0,96,0,0,2,0.0,0.0,0.0,0,0,81,92,88.0,7,59,0,0,0,2024-08-24,['CB'],0,1,0,0,0,0,0,0,0,0,0,0,0
Mateus Fernandes,Southampton,18,POR,"CM,CB",20,15.0,0,0,0,0,0,0,0,0,15,0,0,2,0.0,0.0,0.0,0,0,11,12,91.7,2,7,0,0,0,2024-08-24,"['CM', 'CB']",0,1,1,0,0,0,0,0,0,0,0,0,0
Alex McCarthy,Southampton,1,ENG,GK,34,90.0,0,0,0,0,0,0,0,0,35,0,0,0,0.0,0.0,0.0,0,0,28,31,90.3,0,22,0,0,0,2024-08-24,['GK'],0,0,0,0,0,1,0,0,0,0,0,0,0
Chris Wood,Nottingham Forest,11,NZL,FW,32,75.0,0,0,0,0,3,2,1,0,18,0,1,0,0.2,0.2,0.7,2,0,7,12,58.3,0,13,0,0,0,2024-08-24,['FW'],0,0,0,0,1,0,0,0,0,0,0,0,0
Taiwo Awoniyi,Nottingham Forest,9,NGA,FW,27,15.0,0,0,0,0,0,0,0,0,7,1,0,0,0.0,0.0,0.0,0,0,3,3,100.0,0,5,1,0,0,2024-08-24,['FW'],0,0,0,0,1,0,0,0,0,0,0,0,0
Callum Hudson-Odoi,Nottingham Forest,14,ENG,LW,23,89.0,0,0,0,0,1,1,0,0,42,2,0,0,0.0,0.0,0.4,6,0,32,38,84.2,7,27,7,1,1,2024-08-24,['LW'],0,0,0,0,0,0,0,0,1,0,0,0,0
Willy Boly,Nottingham Forest,30,CIV,CB,33,1.0,0,0,0,0,0,0,0,0,1,0,0,0,0.0,0.0,0.0,0,0,1,1,100.0,0,0,0,0,0,2024-08-24,['CB'],0,1,0,0,0,0,0,0,0,0,0,0,0
Anthony Elanga,Nottingham Forest,21,SWE,"RW,LM",22,90.0,0,0,0,0,2,1,0,0,44,2,1,0,0.2,0.2,0.3,4,0,19,28,67.9,2,24,2,8,1,2024-08-24,"['RW', 'LM']",0,0,0,0,0,0,0,1,0,0,0,1,0
Morgan Gibbs-White,Nottingham Forest,10,ENG,AM,24,89.0,1,0,0,0,4,2,0,0,48,3,1,0,0.4,0.4,0.2,5,1,26,34,76.5,6,31,3,6,4,2024-08-24,['AM'],1,0,0,0,0,0,0,0,0,0,0,0,0
Jota Silva,Nottingham Forest,20,POR,RM,25,1.0,0,0,0,0,0,0,0,0,2,0,0,0,0.0,0.0,0.0,0,0,1,1,100.0,0,0,0,0,0,2024-08-24,['RM'],0,0,0,0,0,0,0,0,0,0,1,0,0
Elliot Anderson,Nottingham Forest,8,ENG,DM,21,74.0,0,0,0,0,2,0,0,0,50,4,1,2,0.1,0.1,0.0,2,0,33,39,84.6,4,29,3,0,0,2024-08-24,['DM'],0,0,0,1,0,0,0,0,0,0,0,0,0
Nicolás Domínguez,Nottingham Forest,16,ARG,"DM,CM",26,16.0,0,0,0,0,1,0,1,0,14,3,0,0,0.1,0.1,0.0,1,0,5,6,83.3,0,3,0,1,0,2024-08-24,"['DM', 'CM']",0,0,1,1,0,0,0,0,0,0,0,0,0
Ibrahim Sangaré,Nottingham Forest,6,CIV,DM,26,65.0,0,0,0,0,1,1,1,0,44,3,0,1,0.0,0.0,0.0,2,0,27,35,77.1,1,26,0,0,0,2024-08-24,['DM'],0,0,0,1,0,0,0,0,0,0,0,0,0
Ryan Yates,Nottingham Forest,22,ENG,"DM,CM",26,25.0,0,0,0,0,1,0,0,0,21,2,0,0,0.0,0.0,0.1,2,0,15,17,88.2,0,9,0,0,0,2024-08-24,"['DM', 'CM']",0,0,1,1,0,0,0,0,0,0,0,0,0
Ola Aina,Nottingham Forest,34,NGA,LB,27,90.0,0,0,0,0,0,0,0,0,68,0,3,2,0.0,0.0,0.0,5,0,52,59,88.1,5,36,3,3,1,2024-08-24,['LB'],0,0,0,0,0,0,1,0,0,0,0,0,0
Murillo,Nottingham Forest,5,BRA,CB,22,90.0,0,0,0,0,0,0,0,0,41,2,0,0,0.0,0.0,0.1,2,0,28,33,84.8,1,19,0,1,0,2024-08-24,['CB'],0,1,0,0,0,0,0,0,0,0,0,0,0
Nikola Milenković,Nottingham Forest,31,SRB,CB,26,90.0,0,0,0,0,3,0,0,0,41,0,2,1,1.0,1.0,0.0,2,0,28,29,96.6,2,22,0,0,0,2024-08-24,['CB'],0,1,0,0,0,0,0,0,0,0,0,0,0
Neco Williams,Nottingham Forest,7,WAL,RB,23,90.0,0,0,0,0,5,1,0,0,44,2,2,2,0.3,0.3,0.0,4,0,23,30,76.7,1,26,4,0,0,2024-08-24,['RB'],0,0,0,0,0,0,0,0,0,1,0,0,0
Matz Sels,Nottingham Forest,26,BEL,GK,32,90.0,0,0,0,0,0,0,0,0,18,0,0,0,0.0,0.0,0.0,0,0,6,18,33.3,0,10,0,0,0,2024-08-24,['GK'],0,0,0,0,0,1,0,0,0,0,0,0,0
Ollie Watkins,Aston Villa,11,ENG,FW,28,64.0,0,0,0,0,2,1,0,0,12,0,0,0,0.9,0.9,0.1,1,0,2,6,33.3,0,5,0,0,0,2024-08-24,['FW'],0,0,0,0,1,0,0,0,0,0,0,0,0
Jhon Durán,Aston Villa,9,COL,FW,20,26.0,0,0,0,0,1,0,0,0,13,0,0,0,0.1,0.1,0.0,1,0,6,9,66.7,1,5,0,0,0,2024-08-24,['FW'],0,0,0,0,1,0,0,0,0,0,0,0,0
Morgan Rogers,Aston Villa,27,ENG,FW,22,90.0,0,0,0,0,3,0,0,0,43,2,0,1,0.1,0.1,0.4,6,0,20,30,66.7,0,26,7,7,5,2024-08-24,['FW'],0,0,0,0,1,0,0,0,0,0,0,0,0
John McGinn,Aston Villa,7,SCO,LM,29,64.0,0,0,0,0,0,0,0,0,20,0,0,0,0.0,0.0,0.0,1,0,13,14,92.9,3,10,1,2,0,2024-08-24,['LM'],0,0,0,0,0,0,0,1,0,0,0,0,0
Jacob Ramsey,Aston Villa,41,ENG,LM,23,26.0,0,0,0,0,1,1,0,0,16,0,0,0,0.0,0.0,0.0,2,0,12,13,92.3,0,9,2,2,2,2024-08-24,['LM'],0,0,0,0,0,0,0,1,0,0,0,0,0
Youri Tielemans,Aston Villa,8,BEL,CM,27,90.0,0,0,0,0,0,0,0,0,49,5,0,2,0.0,0.0,0.1,2,0,28,33,84.8,3,20,0,3,1,2024-08-24,['CM'],0,0,1,0,0,0,0,0,0,0,0,0,0
Amadou Onana,Aston Villa,24,BEL,CM,23,75.0,0,0,0,0,2,0,1,0,26,1,1,0,0.1,0.1,0.0,2,0,18,20,90.0,1,16,3,1,0,2024-08-24,['CM'],0,0,1,0,0,0,0,0,0,0,0,0,0
Ross Barkley,Aston Villa,6,ENG,CM,30,15.0,0,0,0,0,1,0,0,0,14,0,0,0,0.0,0.0,0.0,0,0,10,13,76.9,0,6,0,0,0,2024-08-24,['CM'],0,0,1,0,0,0,0,0,0,0,0,0,0
Leon Bailey,Aston Villa,31,JAM,RM,27,90.0,0,0,0,0,1,1,0,0,31,2,0,0,0.0,0.0,0.0,1,0,10,21,47.6,3,16,1,2,1,2024-08-24,['RM'],0,0,0,0,0,0,0,0,0,0,1,0,0
Lucas Digne,Aston Villa,12,FRA,LB,31,75.0,0,0,0,0,0,0,0,0,38,4,2,0,0.0,0.0,0.0,0,0,20,27,74.1,0,11,0,1,0,2024-08-24,['LB'],0,0,0,0,0,0,1,0,0,0,0,0,0
Ian Maatsen,Aston Villa,22,NED,LB,22,15.0,0,0,0,0,0,0,0,0,13,0,0,0,0.0,0.0,0.1,2,0,10,11,90.9,1,9,1,1,1,2024-08-24,['LB'],0,0,0,0,0,0,1,0,0,0,0,0,0
Pau Torres,Aston Villa,14,ESP,CB,27,90.0,0,0,0,0,0,0,0,0,49,1,0,0,0.0,0.0,0.0,0,0,36,45,80.0,2,30,0,0,0,2024-08-24,['CB'],0,1,0,0,0,0,0,0,0,0,0,0,0
Ezri Konsa,Aston Villa,4,ENG,CB,26,90.0,0,0,0,0,0,0,0,0,53,2,1,1,0.0,0.0,0.0,1,0,44,47,93.6,1,31,0,0,0,2024-08-24,['CB'],0,1,0,0,0,0,0,0,0,0,0,0,0
Matty Cash,Aston Villa,2,POL,RB,27,15.0,0,0,0,0,0,0,0,0,7,0,0,0,0.0,0.0,0.0,0,0,5,6,83.3,1,2,0,0,0,2024-08-24,['RB'],0,0,0,0,0,0,0,0,0,1,0,0,0
Kosta Nedeljković,Aston Villa,20,SRB,RB,18,75.0,0,0,0,0,0,0,0,0,31,5,0,0,0.0,0.0,0.0,0,0,20,23,87.0,1,14,1,2,1,2024-08-24,['RB'],0,0,0,0,0,0,0,0,0,1,0,0,0
Emiliano Martínez,Aston Villa,23,ARG,GK,31,90.0,0,0,0,0,0,0,0,0,42,0,0,0,0.0,0.0,0.0,0,0,33,40,82.5,0,27,0,0,0,2024-08-24,['GK'],0,0,0,0,0,1,0,0,0,0,0,0,0
Kai Havertz,Arsenal,29,GER,FW,25,90.0,0,0,0,0,1,0,0,0,31,1,1,0,0.2,0.2,0.0,2,0,20,23,87.0,2,20,1,2,0,2024-08-24,['FW'],0,0,0,0,1,0,0,0,0,0,0,0,0
Gabriel Martinelli,Arsenal,11,BRA,LW,23,64.0,0,0,0,0,0,0,0,0,24,0,0,0,0.0,0.0,0.2,3,0,15,21,71.4,0,18,6,4,1,2024-08-24,['LW'],0,0,0,0,0,0,0,0,1,0,0,0,0
Leandro Trossard,Arsenal,19,BEL,LW,29,26.0,1,0,0,0,3,1,0,0,13,1,0,0,0.2,0.2,0.0,1,1,4,6,66.7,2,8,3,1,0,2024-08-24,['LW'],0,0,0,0,0,0,0,0,1,0,0,0,0
Bukayo Saka,Arsenal,7,ENG,RW,22,87.0,0,1,0,0,1,1,0,0,42,3,0,2,0.0,0.0,0.1,4,2,28,32,87.5,3,35,2,1,0,2024-08-24,['RW'],0,0,0,0,0,0,0,0,0,0,0,1,0
Reiss Nelson,Arsenal,24,ENG,RW,24,3.0,0,0,0,0,0,0,0,0,2,1,0,0,0.0,0.0,0.0,0,0,0,0,80.8,0,1,0,0,0,2024-08-24,['RW'],0,0,0,0,0,0,0,0,0,0,0,1,0
Declan Rice,Arsenal,41,ENG,LM,25,90.0,0,0,0,0,1,1,1,0,41,1,1,1,0.1,0.1,0.3,4,0,28,33,84.8,8,22,2,3,1,2024-08-24,['LM'],0,0,0,0,0,0,0,1,0,0,0,0,0
Thomas Partey,Arsenal,5,GHA,CM,31,90.0,1,0,0,0,2,1,0,0,69,2,1,0,0.1,0.1,0.0,0,0,54,61,88.5,7,48,1,0,0,2024-08-24,['CM'],0,0,1,0,0,0,0,0,0,0,0,0,0
Martin Ødegaard,Arsenal,8,NOR,RM,25,90.0,0,0,0,0,1,0,1,0,62,2,1,0,0.3,0.3,0.1,4,1,44,53,83.0,8,39,3,3,1,2024-08-24,['RM'],0,0,0,0,0,0,0,0,0,0,1,0,0
Jurriën Timber,Arsenal,12,NED,LB,23,78.0,0,0,0,0,0,0,0,0,46,1,0,0,0.0,0.0,0.0,0,0,33,40,82.5,2,28,1,1,1,2024-08-24,['LB'],0,0,0,0,0,0,1,0,0,0,0,0,0
Riccardo Calafiori,Arsenal,33,ITA,LB,22,12.0,0,0,0,0,0,0,0,0,9,0,1,1,0.0,0.0,0.0,0,0,5,6,83.3,0,1,0,0,0,2024-08-24,['LB'],0,0,0,0,0,0,1,0,0,0,0,0,0
Gabriel Magalhães,Arsenal,6,BRA,CB,26,90.0,0,0,0,0,0,0,1,0,94,0,1,5,0.0,0.0,0.0,0,0,77,83,92.8,6,60,0,1,1,2024-08-24,['CB'],0,1,0,0,0,0,0,0,0,0,0,0,0
William Saliba,Arsenal,2,FRA,CB,23,90.0,0,0,0,0,0,0,0,0,100,5,1,1,0.0,0.0,0.0,0,0,89,90,98.9,3,56,0,1,1,2024-08-24,['CB'],0,1,0,0,0,0,0,0,0,0,0,0,0
Ben White,Arsenal,4,ENG,RB,26,90.0,0,0,0,0,0,0,0,0,71,0,0,0,0.0,0.0,0.0,0,0,61,67,91.0,8,45,1,0,0,2024-08-24,['RB'],0,0,0,0,0,0,0,0,0,1,0,0,0
David Raya,Arsenal,22,ESP,GK,28,90.0,0,0,0,0,0,0,0,0,31,0,1,0,0.0,0.0,0.0,0,0,25,29,86.2,0,20,0,0,0,2024-08-24,['GK'],0,0,0,0,0,1,0,0,0,0,0,0,0
Evanilson,Bournemouth,9,BRA,FW,24,71.0,0,0,0,0,3,2,0,0,23,1,0,2,0.8,0.8,0.0,1,0,6,11,54.5,1,10,1,2,1,2024-08-25,['FW'],0,0,0,0,1,0,0,0,0,0,0,0,0
Luis Sinisterra,Bournemouth,17,COL,"FW,AM",25,19.0,0,0,0,0,1,1,0,0,15,0,0,2,0.0,0.0,0.0,1,0,3,6,50.0,0,6,1,0,0,2024-08-25,"['FW', 'AM']",1,0,0,0,1,0,0,0,0,0,0,0,0
Marcus Tavernier,Bournemouth,16,ENG,"LW,AM",25,84.0,1,0,0,0,2,1,0,0,51,3,0,3,0.9,0.9,0.2,3,0,25,32,78.1,3,20,1,2,0,2024-08-25,"['LW', 'AM']",1,0,0,0,0,0,0,0,1,0,0,0,0
Daniel Jebbison,Bournemouth,21,ENG,FW,21,6.0,0,0,0,0,0,0,0,0,0,0,0,0,0.0,0.0,0.0,0,0,0,0,80.8,0,0,0,0,0,2024-08-25,['FW'],0,0,0,0,1,0,0,0,0,0,0,0,0
Antoine Semenyo,Bournemouth,24,GHA,RW,24,90.0,0,1,0,0,7,0,0,0,45,2,0,4,0.3,0.3,1.6,6,1,24,25,96.0,2,23,6,3,0,2024-08-25,['RW'],0,0,0,0,0,0,0,0,0,0,0,1,0
Justin Kluivert,Bournemouth,19,NED,AM,25,71.0,0,0,0,0,1,0,0,0,31,1,1,2,0.0,0.0,0.1,2,0,15,21,71.4,2,16,1,3,1,2024-08-25,['AM'],1,0,0,0,0,0,0,0,0,0,0,0,0
Dango Ouattara,Bournemouth,11,BFA,LW,22,19.0,0,0,0,0,1,0,0,0,14,1,1,1,0.1,0.1,0.0,2,0,2,6,33.3,0,4,2,0,0,2024-08-25,['LW'],0,0,0,0,0,0,0,0,1,0,0,0,0
Ryan Christie,Bournemouth,10,SCO,DM,29,63.0,0,0,0,0,0,0,1,0,31,1,0,2,0.0,0.0,0.1,5,0,19,21,90.5,6,14,1,2,0,2024-08-25,['DM'],0,0,0,1,0,0,0,0,0,0,0,0,0
Alex Scott,Bournemouth,14,ENG,DM,21,27.0,0,0,0,0,1,0,0,0,16,1,0,0,0.0,0.0,0.0,1,0,5,5,100.0,1,6,0,2,0,2024-08-25,['DM'],0,0,0,1,0,0,0,0,0,0,0,0,0
Lewis Cook,Bournemouth,4,ENG,DM,27,90.0,0,0,0,0,0,0,0,0,60,5,1,1,0.0,0.0,0.1,4,0,35,50,70.0,5,19,2,0,0,2024-08-25,['DM'],0,0,0,1,0,0,0,0,0,0,0,0,0
Milos Kerkez,Bournemouth,3,HUN,LB,20,90.0,0,0,0,0,0,0,0,0,49,2,1,3,0.0,0.0,0.0,1,0,25,37,67.6,3,16,0,0,0,2024-08-25,['LB'],0,0,0,0,0,0,1,0,0,0,0,0,0
Marcos Senesi,Bournemouth,5,ARG,CB,27,90.0,0,0,0,0,0,0,1,0,56,3,1,3,0.0,0.0,0.0,2,0,28,39,71.8,3,23,0,0,0,2024-08-25,['CB'],0,1,0,0,0,0,0,0,0,0,0,0,0
Illia Zabarnyi,Bournemouth,27,UKR,CB,21,90.0,0,0,0,0,0,0,0,0,52,1,1,0,0.0,0.0,0.0,1,0,32,42,76.2,3,26,1,0,0,2024-08-25,['CB'],0,1,0,0,0,0,0,0,0,0,0,0,0
Julian Araujo,Bournemouth,28,MEX,RB,23,85.0,0,0,0,0,0,0,0,0,40,0,0,1,0.0,0.0,0.0,0,0,27,36,75.0,2,12,0,0,0,2024-08-25,['RB'],0,0,0,0,0,0,0,0,0,1,0,0,0
Adam Smith,Bournemouth,15,ENG,RB,33,5.0,0,0,0,0,0,0,0,0,1,0,0,0,0.0,0.0,0.0,0,0,0,0,80.8,0,0,0,0,0,2024-08-25,['RB'],0,0,0,0,0,0,0,0,0,1,0,0,0
Neto,Bournemouth,1,BRA,GK,35,90.0,0,0,0,0,0,0,0,0,31,0,0,0,0.0,0.0,0.0,0,0,17,28,60.7,0,16,0,0,0,2024-08-25,['GK'],0,0,0,0,0,1,0,0,0,0,0,0,0
Alexander Isak,Newcastle United,14,SWE,FW,24,90.0,0,0,0,0,5,1,0,0,34,0,0,1,0.3,0.3,0.2,2,0,11,19,57.9,1,27,5,4,1,2024-08-25,['FW'],0,0,0,0,1,0,0,0,0,0,0,0,0
Anthony Gordon,Newcastle United,10,ENG,"LW,RW",23,88.0,1,0,0,0,2,1,0,0,44,1,0,0,0.5,0.5,0.4,3,0,27,36,75.0,1,28,2,1,0,2024-08-25,"['LW', 'RW']",0,0,0,0,0,0,0,0,1,0,0,1,0
Miguel Almirón,Newcastle United,24,PAR,RW,30,2.0,0,0,0,0,0,0,0,0,4,0,0,0,0.0,0.0,0.0,0,0,4,4,100.0,2,0,0,0,0,2024-08-25,['RW'],0,0,0,0,0,0,0,0,0,0,0,1,0
Jacob Murphy,Newcastle United,23,ENG,RW,29,57.0,0,0,0,0,0,0,0,0,36,0,0,2,0.0,0.0,0.0,3,0,19,30,63.3,5,15,1,1,0,2024-08-25,['RW'],0,0,0,0,0,0,0,0,0,0,0,1,0
Harvey Barnes,Newcastle United,11,ENG,LW,26,33.0,0,1,0,0,1,0,0,0,17,0,0,0,0.2,0.2,0.8,3,1,13,15,86.7,2,13,3,1,0,2024-08-25,['LW'],0,0,0,0,0,0,0,0,1,0,0,0,0
Joelinton,Newcastle United,7,BRA,LM,28,90.0,0,0,0,0,1,1,1,0,74,5,0,0,0.3,0.3,0.0,1,0,44,59,74.6,5,47,1,2,1,2024-08-25,['LM'],0,0,0,0,0,0,0,1,0,0,0,0,0
Bruno Guimarães,Newcastle United,39,BRA,CM,26,90.0,0,0,0,0,2,1,0,0,88,4,0,0,0.1,0.1,0.1,5,0,59,75,78.7,16,56,4,1,1,2024-08-25,['CM'],0,0,1,0,0,0,0,0,0,0,0,0,0
Sean Longstaff,Newcastle United,36,ENG,RM,26,69.0,0,0,0,0,0,0,0,0,38,1,0,2,0.0,0.0,0.0,1,0,30,34,88.2,2,26,1,1,0,2024-08-25,['RM'],0,0,0,0,0,0,0,0,0,0,1,0,0
Joe Willock,Newcastle United,28,ENG,RM,25,21.0,0,0,0,0,1,0,0,0,12,1,0,0,0.1,0.1,0.0,1,0,5,7,71.4,0,11,2,1,1,2024-08-25,['RM'],0,0,0,0,0,0,0,0,0,0,1,0,0
Lloyd Kelly,Newcastle United,25,ENG,LB,25,68.0,0,0,0,0,0,0,0,0,40,2,0,0,0.0,0.0,0.0,0,0,29,35,82.9,2,19,0,2,1,2024-08-25,['LB'],0,0,0,0,0,0,1,0,0,0,0,0,0
Lewis Hall,Newcastle United,20,ENG,LB,19,82.5,0,0,0,0,0,0,0,0,20,0,0,2,0.0,0.0,0.1,2,1,15,17,88.2,2,13,0,0,0,2024-08-25,['LB'],0,0,0,0,0,0,1,0,0,0,0,0,0
Dan Burn,Newcastle United,33,ENG,CB,32,90.0,0,0,0,0,2,1,1,0,73,2,2,2,0.3,0.3,0.0,1,0,56,64,87.5,2,46,0,0,0,2024-08-25,['CB'],0,1,0,0,0,0,0,0,0,0,0,0,0
Emil Krafth,Newcastle United,17,SWE,CB,30,90.0,0,0,0,0,0,0,0,0,53,1,2,1,0.0,0.0,0.1,2,0,37,46,80.4,1,29,0,0,0,2024-08-25,['CB'],0,1,0,0,0,0,0,0,0,0,0,0,0
Valentino Livramento,Newcastle United,21,ENG,RB,21,57.0,0,0,0,0,0,0,0,0,51,2,0,0,0.0,0.0,0.0,0,0,34,44,77.3,1,25,0,0,0,2024-08-25,['RB'],0,0,0,0,0,0,0,0,0,1,0,0,0
Kieran Trippier,Newcastle United,2,ENG,RB,33,33.0,0,0,0,0,0,0,0,0,33,2,0,0,0.0,0.0,0.0,2,0,18,31,58.1,3,12,0,1,1,2024-08-25,['RB'],0,0,0,0,0,0,0,0,0,1,0,0,0
Nick Pope,Newcastle United,22,ENG,GK,32,90.0,0,0,0,0,0,0,0,0,41,0,0,0,0.0,0.0,0.0,0,0,27,36,75.0,0,21,0,0,0,2024-08-25,['GK'],0,0,0,0,0,1,0,0,0,0,0,0,0
Jørgen Strand Larsen,Wolverhampton Wanderers,9,NOR,FW,24,90.0,1,0,0,0,2,1,0,0,25,1,0,2,0.6,0.6,0.3,1,0,7,13,53.8,1,7,0,3,2,2024-08-25,['FW'],0,0,0,0,1,0,0,0,0,0,0,0,0
Jean-Ricner Bellegarde,Wolverhampton Wanderers,27,FRA,LW,26,67.0,0,0,0,0,0,0,0,0,14,2,0,1,0.0,0.0,0.0,3,1,3,7,42.9,2,7,3,4,0,2024-08-25,['LW'],0,0,0,0,0,0,0,0,1,0,0,0,0
Rodrigo Gomes,Wolverhampton Wanderers,19,POR,LW,21,23.0,0,0,0,0,1,0,0,0,9,0,0,0,0.0,0.0,0.0,0,0,2,5,40.0,0,5,2,1,0,2024-08-25,['LW'],0,0,0,0,0,0,0,0,1,0,0,0,0
Hwang Hee-chan,Wolverhampton Wanderers,11,KOR,RW,28,58.0,0,0,0,0,0,0,0,0,19,0,1,0,0.0,0.0,0.0,1,0,10,13,76.9,1,7,1,2,0,2024-08-25,['RW'],0,0,0,0,0,0,0,0,0,0,0,1,0
Daniel Podence,Wolverhampton Wanderers,10,POR,"AM,RW",28,32.0,0,0,0,0,0,0,0,0,14,0,0,0,0.0,0.0,0.0,0,0,9,12,75.0,2,11,1,2,2,2024-08-25,"['AM', 'RW']",1,0,0,0,0,0,0,0,0,0,0,1,0
Matheus Cunha,Wolverhampton Wanderers,12,BRA,AM,25,67.0,1,0,0,0,4,2,0,0,31,0,1,0,0.9,0.9,0.3,3,0,14,23,60.9,1,16,3,1,0,2024-08-25,['AM'],1,0,0,0,0,0,0,0,0,0,0,0,0
Pablo Sarabia,Wolverhampton Wanderers,21,ESP,RW,32,23.0,0,0,0,0,1,1,0,0,26,1,1,2,0.0,0.0,0.0,0,0,12,20,60.0,4,10,2,1,1,2024-08-25,['RW'],0,0,0,0,0,0,0,0,0,0,0,1,0
Mario Lemina,Wolverhampton Wanderers,5,GAB,DM,30,89.0,0,0,0,0,1,0,0,0,31,2,1,0,0.1,0.1,0.0,1,0,22,23,95.7,4,17,0,2,2,2024-08-25,['DM'],0,0,0,1,0,0,0,0,0,0,0,0,0
Tommy Doyle,Wolverhampton Wanderers,20,ENG,DM,22,1.0,0,0,0,0,0,0,0,0,9,0,0,0,0.0,0.0,0.0,1,0,9,9,100.0,2,6,1,0,0,2024-08-25,['DM'],0,0,0,1,0,0,0,0,0,0,0,0,0
João Gomes,Wolverhampton Wanderers,8,BRA,DM,23,90.0,0,0,0,0,1,0,0,0,56,5,1,2,0.0,0.0,0.0,3,0,33,39,84.6,6,25,1,2,1,2024-08-25,['DM'],0,0,0,1,0,0,0,0,0,0,0,0,0
Rayan Aït-Nouri,Wolverhampton Wanderers,3,ALG,LB,23,66.0,0,1,0,0,1,0,1,0,28,1,0,1,0.1,0.1,0.5,2,2,22,25,88.0,2,12,1,0,0,2024-08-25,['LB'],0,0,0,0,0,0,1,0,0,0,0,0,0
Craig Dawson,Wolverhampton Wanderers,15,ENG,CB,34,24.0,0,0,0,0,0,0,0,0,10,0,2,0,0.0,0.0,0.0,0,0,9,9,100.0,0,8,0,0,0,2024-08-25,['CB'],0,1,0,0,0,0,0,0,0,0,0,0,0
Toti Gomes,Wolverhampton Wanderers,24,POR,"CB,LB",25,90.0,0,1,0,0,0,0,0,0,44,1,0,0,0.0,0.0,0.5,1,1,34,40,85.0,0,24,1,0,0,2024-08-25,"['CB', 'LB']",0,1,0,0,0,0,1,0,0,0,0,0,0
Yerson Mosquera,Wolverhampton Wanderers,14,COL,CB,23,90.0,0,0,0,0,1,0,1,0,60,2,1,3,0.3,0.3,0.0,1,0,37,48,77.1,0,38,0,0,0,2024-08-25,['CB'],0,1,0,0,0,0,0,0,0,0,0,0,0
Matt Doherty,Wolverhampton Wanderers,2,IRL,RB,32,90.0,0,0,0,0,0,0,0,0,53,4,1,2,0.0,0.0,0.1,1,0,30,41,73.2,2,17,1,0,0,2024-08-25,['RB'],0,0,0,0,0,0,0,0,0,1,0,0,0
José Sá,Wolverhampton Wanderers,1,POR,GK,31,90.0,0,0,0,0,0,0,0,0,34,0,0,0,0.0,0.0,0.1,1,0,19,30,63.3,0,20,0,0,0,2024-08-25,['GK'],0,0,0,0,0,1,0,0,0,0,0,0,0
Nicolas Jackson,Chelsea,15,SEN,FW,23,67.0,1,1,0,0,1,1,0,0,33,0,0,1,0.2,0.2,0.1,3,2,18,21,85.7,2,22,0,1,0,2024-08-25,['FW'],0,0,0,0,1,0,0,0,0,0,0,0,0
João Félix,Chelsea,14,POR,"RM,FW",24,23.0,1,0,0,0,2,1,0,0,17,0,0,1,0.3,0.3,0.0,0,0,10,13,76.9,1,14,3,1,1,2024-08-25,"['RM', 'FW']",0,0,0,0,1,0,0,0,0,0,1,0,0
Mykhailo Mudryk,Chelsea,10,UKR,LW,23,45.0,0,0,0,0,0,0,0,0,12,0,0,0,0.0,0.0,0.0,0,0,5,9,55.6,1,10,1,2,1,2024-08-25,['LW'],0,0,0,0,0,0,0,0,1,0,0,0,0
Pedro Neto,Chelsea,7,POR,LW,24,45.0,0,1,0,0,0,0,0,0,27,1,1,0,0.0,0.0,0.2,2,1,20,21,95.2,1,18,3,5,1,2024-08-25,['LW'],0,0,0,0,0,0,0,0,1,0,0,0,0
Noni Madueke,Chelsea,11,ENG,RW,22,90.0,3,0,0,0,6,5,0,0,32,1,0,0,0.6,0.6,0.4,3,1,16,21,76.2,1,29,5,0,0,2024-08-25,['RW'],0,0,0,0,0,0,0,0,0,0,0,1,0
Cole Palmer,Chelsea,20,ENG,AM,22,82.0,1,3,0,0,5,1,1,0,45,0,1,1,0.7,0.7,0.4,8,5,24,37,64.9,9,34,3,2,1,2024-08-25,['AM'],1,0,0,0,0,0,0,0,0,0,0,0,0
Christopher Nkunku,Chelsea,18,FRA,"FW,AM",26,8.0,0,0,0,0,0,0,0,0,1,0,0,0,0.0,0.0,0.1,2,0,1,1,100.0,0,1,0,2,2,2024-08-25,"['FW', 'AM']",1,0,0,0,1,0,0,0,0,0,0,0,0
Enzo Fernández,Chelsea,8,ARG,"DM,CM",23,90.0,0,0,0,0,0,0,0,0,65,4,0,1,0.0,0.0,0.1,4,0,43,59,72.9,4,39,2,2,1,2024-08-25,"['DM', 'CM']",0,0,1,1,0,0,0,0,0,0,0,0,0
Moisés Caicedo,Chelsea,25,ECU,DM,22,75.0,0,0,0,0,0,0,0,0,43,2,1,1,0.0,0.0,0.0,1,1,32,37,86.5,3,23,1,2,1,2024-08-25,['DM'],0,0,0,1,0,0,0,0,0,0,0,0,0
Kiernan Dewsbury-Hall,Chelsea,22,ENG,"LM,DM",25,15.0,0,0,0,0,0,0,0,0,12,0,0,0,0.0,0.0,0.0,0,0,10,12,83.3,1,8,1,0,0,2024-08-25,"['LM', 'DM']",0,0,0,1,0,0,0,1,0,0,0,0,0
Marc Cucurella,Chelsea,3,ESP,LB,26,82.0,0,0,0,0,0,0,1,0,63,1,2,0,0.0,0.0,0.0,1,0,52,55,94.5,3,35,2,0,0,2024-08-25,['LB'],0,0,0,0,0,0,1,0,0,0,0,0,0
Renato Veiga,Chelsea,40,POR,LB,21,8.0,0,0,0,0,0,0,0,0,18,0,1,1,0.0,0.0,0.0,0,0,15,15,100.0,1,15,1,1,1,2024-08-25,['LB'],0,0,0,0,0,0,1,0,0,0,0,0,0
Levi Colwill,Chelsea,6,ENG,CB,21,90.0,0,0,0,0,0,0,0,0,85,1,1,2,0.0,0.0,0.0,0,0,71,77,92.2,1,54,0,0,0,2024-08-25,['CB'],0,1,0,0,0,0,0,0,0,0,0,0,0
Wesley Fofana,Chelsea,29,FRA,CB,23,90.0,0,0,0,0,0,0,0,0,54,0,1,0,0.0,0.0,0.0,0,0,42,47,89.4,2,42,2,1,0,2024-08-25,['CB'],0,1,0,0,0,0,0,0,0,0,0,0,0
Malo Gusto,Chelsea,27,FRA,RB,21,90.0,0,0,0,0,0,0,1,0,66,4,1,3,0.0,0.0,0.1,2,0,46,52,88.5,2,29,2,0,0,2024-08-25,['RB'],0,0,0,0,0,0,0,0,0,1,0,0,0
Robert Sánchez,Chelsea,1,ESP,GK,26,90.0,0,0,0,0,0,0,0,0,50,0,0,0,0.0,0.0,0.0,1,1,40,48,83.3,0,33,0,0,0,2024-08-25,['GK'],0,0,0,0,0,1,0,0,0,0,0,0,0
Diogo Jota,Liverpool,20,POR,FW,27,71.0,0,1,0,0,4,0,0,0,22,1,0,0,0.6,0.6,0.7,3,1,13,15,86.7,1,16,2,1,0,2024-08-25,['FW'],0,0,0,0,1,0,0,0,0,0,0,0,0
Darwin Núñez,Liverpool,9,URU,FW,25,19.0,0,0,0,0,0,0,0,0,11,0,0,0,0.0,0.0,0.0,0,0,8,8,100.0,1,4,0,0,0,2024-08-25,['FW'],0,0,0,0,1,0,0,0,0,0,0,0,0
Luis Díaz,Liverpool,7,COL,LW,27,71.0,1,1,0,0,3,2,0,0,37,3,0,0,0.7,0.7,0.7,7,1,28,28,100.0,4,29,3,6,1,2024-08-25,['LW'],0,0,0,0,0,0,0,0,1,0,0,0,0
Cody Gakpo,Liverpool,18,NED,LW,25,19.0,0,0,0,0,1,0,0,0,10,1,0,0,0.0,0.0,0.0,1,0,6,8,75.0,1,8,0,1,1,2024-08-25,['LW'],0,0,0,0,0,0,0,0,1,0,0,0,0
Mohamed Salah,Liverpool,11,EGY,RW,32,82.0,1,0,0,0,3,2,0,0,46,1,0,0,0.5,0.5,0.0,3,0,30,35,85.7,10,40,6,2,2,2024-08-25,['RW'],0,0,0,0,0,0,0,0,0,0,0,1,0
Harvey Elliott,Liverpool,19,ENG,RW,21,8.0,0,0,0,0,0,0,0,0,14,0,0,0,0.0,0.0,0.0,0,0,12,14,85.7,0,10,1,0,0,2024-08-25,['RW'],0,0,0,0,0,0,0,0,0,0,0,1,0
Dominik Szoboszlai,Liverpool,8,HUN,AM,23,90.0,0,0,0,0,1,0,1,0,78,0,0,5,0.1,0.1,0.2,5,0,62,65,95.4,5,50,4,0,0,2024-08-25,['AM'],1,0,0,0,0,0,0,0,0,0,0,0,0
Alexis Mac Allister,Liverpool,10,ARG,DM,25,90.0,0,0,0,0,0,0,0,0,61,2,2,4,0.0,0.0,0.2,4,1,43,49,87.8,5,41,0,1,0,2024-08-25,['DM'],0,0,0,1,0,0,0,0,0,0,0,0,0
Ryan Gravenberch,Liverpool,38,NED,DM,22,89.0,0,0,0,0,0,0,1,0,89,3,3,2,0.0,0.0,0.0,1,0,71,76,93.4,6,60,1,2,1,2024-08-25,['DM'],0,0,0,1,0,0,0,0,0,0,0,0,0
Wataru Endo,Liverpool,3,JPN,DM,31,1.0,0,0,0,0,0,0,0,0,1,0,0,0,0.0,0.0,0.0,0,0,1,1,100.0,0,1,0,0,0,2024-08-25,['DM'],0,0,0,1,0,0,0,0,0,0,0,0,0
Andrew Robertson,Liverpool,26,SCO,LB,30,90.0,0,0,0,0,2,2,0,0,85,1,0,0,0.3,0.3,0.2,5,0,69,80,86.3,7,52,3,1,1,2024-08-25,['LB'],0,0,0,0,0,0,1,0,0,0,0,0,0
Virgil van Dijk,Liverpool,4,NED,CB,33,90.0,0,0,0,0,1,1,0,0,69,1,1,0,0.0,0.0,0.0,0,0,60,63,95.2,4,46,0,0,0,2024-08-25,['CB'],0,1,0,0,0,0,0,0,0,0,0,0,0
Ibrahima Konaté,Liverpool,5,FRA,CB,25,90.0,0,0,0,0,2,1,0,0,86,2,0,2,0.2,0.2,0.0,0,0,73,76,96.1,6,70,1,0,0,2024-08-25,['CB'],0,1,0,0,0,0,0,0,0,0,0,0,0
Trent Alexander-Arnold,Liverpool,66,ENG,RB,25,71.0,0,0,0,0,2,0,0,0,71,2,0,1,0.1,0.1,0.6,6,0,46,62,74.2,8,40,3,2,2,2024-08-25,['RB'],0,0,0,0,0,0,0,0,0,1,0,0,0
Conor Bradley,Liverpool,84,NIR,RB,21,19.0,0,0,0,0,0,0,0,0,23,0,1,0,0.0,0.0,0.0,0,0,20,21,95.2,1,18,1,0,0,2024-08-25,['RB'],0,0,0,0,0,0,0,0,0,1,0,0,0
Alisson,Liverpool,1,BRA,GK,31,90.0,0,0,0,0,0,0,0,0,38,0,0,0,0.0,0.0,0.0,0,0,29,37,78.4,0,29,0,0,0,2024-08-25,['GK'],0,0,0,0,0,1,0,0,0,0,0,0,0
Yoane Wissa,Brentford,11,COD,FW,27,72.0,0,0,0,0,0,0,0,0,18,0,1,0,0.0,0.0,0.0,1,0,12,14,85.7,1,14,2,1,0,2024-08-25,['FW'],0,0,0,0,1,0,0,0,0,0,0,0,0
Kevin Schade,Brentford,7,GER,FW,22,18.0,0,0,0,0,0,0,0,0,7,0,0,0,0.0,0.0,0.0,0,0,2,4,50.0,0,5,0,0,0,2024-08-25,['FW'],0,0,0,0,1,0,0,0,0,0,0,0,0
Bryan Mbeumo,Brentford,19,CMR,FW,25,90.0,0,0,0,0,1,0,1,0,33,1,0,0,0.0,0.0,0.2,3,0,16,20,80.0,2,16,4,4,1,2024-08-25,['FW'],0,0,0,0,1,0,0,0,0,0,0,0,0
Keane Lewis-Potter,Brentford,23,ENG,LM,23,65.0,0,0,0,0,2,1,0,0,27,1,0,0,0.1,0.1,0.0,2,0,14,20,70.0,2,17,0,4,1,2024-08-25,['LM'],0,0,0,0,0,0,0,1,0,0,0,0,0
Mikkel Damsgaard,Brentford,24,DEN,RM,24,25.0,0,0,0,0,0,0,0,0,16,0,0,2,0.0,0.0,0.0,0,0,9,14,64.3,2,11,0,2,1,2024-08-25,['RM'],0,0,0,0,0,0,0,0,0,0,1,0,0
Vitaly Janelt,Brentford,27,GER,CM,26,72.0,0,0,0,0,0,0,0,0,23,1,0,1,0.0,0.0,0.0,1,0,16,20,80.0,4,10,0,1,0,2024-08-25,['CM'],0,0,1,0,0,0,0,0,0,0,0,0,0
Frank Onyeka,Brentford,15,NGA,CM,26,18.0,0,0,0,0,0,0,0,0,8,0,0,0,0.0,0.0,0.0,0,0,5,6,83.3,1,5,0,0,0,2024-08-25,['CM'],0,0,1,0,0,0,0,0,0,0,0,0,0
Christian Nørgaard,Brentford,6,DEN,CM,30,90.0,0,0,0,0,1,0,1,0,50,4,1,0,0.2,0.2,0.0,1,0,34,37,91.9,1,23,1,0,0,2024-08-25,['CM'],0,0,1,0,0,0,0,0,0,0,0,0,0
Mathias Jensen,Brentford,8,DEN,RM,28,65.0,0,0,0,0,1,0,1,0,24,0,0,0,0.0,0.0,0.2,2,0,13,20,65.0,2,13,0,2,1,2024-08-25,['RM'],0,0,0,0,0,0,0,0,0,0,1,0,0
Fabio Carvalho,Brentford,14,POR,LM,21,25.0,0,0,0,0,0,0,0,0,13,0,0,1,0.0,0.0,0.0,0,0,7,9,77.8,1,9,2,1,0,2024-08-25,['LM'],0,0,0,0,0,0,0,1,0,0,0,0,0
Kristoffer Ajer,Brentford,20,NOR,LB,26,90.0,0,0,0,0,0,0,0,0,52,1,0,0,0.0,0.0,0.0,2,0,35,43,81.4,5,24,1,1,0,2024-08-25,['LB'],0,0,0,0,0,0,1,0,0,0,0,0,0
Ethan Pinnock,Brentford,5,JAM,CB,31,90.0,0,0,0,0,0,0,0,0,45,1,2,1,0.0,0.0,0.0,0,0,34,39,87.2,0,28,0,0,0,2024-08-25,['CB'],0,1,0,0,0,0,0,0,0,0,0,0,0
Nathan Collins,Brentford,22,IRL,CB,23,90.0,0,0,0,0,2,1,0,0,65,0,1,6,0.2,0.2,0.0,2,0,48,54,88.9,2,37,0,1,1,2024-08-25,['CB'],0,1,0,0,0,0,0,0,0,0,0,0,0
Mads Roerslev,Brentford,30,DEN,RB,25,90.0,0,0,0,0,1,0,0,0,54,1,0,0,0.0,0.0,0.0,1,0,36,45,80.0,3,32,1,5,1,2024-08-25,['RB'],0,0,0,0,0,0,0,0,0,1,0,0,0
Mark Flekken,Brentford,1,NED,GK,31,90.0,0,0,0,0,0,0,0,0,58,0,0,0,0.0,0.0,0.0,0,0,41,54,75.9,0,38,0,0,0,2024-08-25,['GK'],0,0,0,0,0,1,0,0,0,0,0,0,0
Kai Havertz,Arsenal,29,GER,FW,25,90.0,1,0,0,0,2,2,0,0,26,0,0,1,0.8,0.8,0.7,3,0,11,13,84.6,3,13,3,2,0,2024-08-31,['FW'],0,0,0,0,1,0,0,0,0,0,0,0,0
Leandro Trossard,Arsenal,19,BEL,"LW,LM",29,58.0,0,0,0,0,1,1,0,0,23,1,1,2,0.0,0.0,0.2,2,0,8,14,57.1,1,16,3,2,0,2024-08-31,"['LW', 'LM']",0,0,0,0,0,0,0,1,1,0,0,0,0
Riccardo Calafiori,Arsenal,33,ITA,"LB,CB",22,32.0,0,0,0,0,0,0,0,0,8,0,0,0,0.0,0.0,0.0,0,0,3,4,75.0,0,2,0,0,0,2024-08-31,"['LB', 'CB']",0,1,0,0,0,0,1,0,0,0,0,0,0
Bukayo Saka,Arsenal,7,ENG,"RW,CM,RM",22,90.0,0,1,0,0,4,3,0,0,41,2,0,3,1.0,1.0,0.6,5,1,13,25,52.0,1,25,3,7,4,2024-08-31,"['RW', 'CM', 'RM']",0,0,1,0,0,0,0,0,0,0,1,1,0
Declan Rice,Arsenal,41,ENG,LM,25,48.0,0,0,0,0,1,0,2,1,19,0,0,1,0.0,0.0,0.0,1,0,13,15,86.7,2,11,1,1,1,2024-08-31,['LM'],0,0,0,0,0,0,0,1,0,0,0,0,0
Thomas Partey,Arsenal,5,GHA,CM,31,90.0,0,0,0,0,0,0,1,0,34,1,5,3,0.0,0.0,0.0,1,0,19,25,76.0,1,16,0,1,1,2024-08-31,['CM'],0,0,1,0,0,0,0,0,0,0,0,0,0
Martin Ødegaard,Arsenal,8,NOR,"RM,CM",25,73.0,0,0,0,0,1,1,0,0,24,2,0,0,0.2,0.2,0.1,1,0,9,19,47.4,3,16,2,1,1,2024-08-31,"['RM', 'CM']",0,0,1,0,0,0,0,0,0,0,1,0,0
Gabriel Martinelli,Arsenal,11,BRA,CM,23,17.0,0,0,0,0,0,0,0,0,5,0,0,0,0.0,0.0,0.0,0,0,3,4,75.0,0,4,0,0,0,2024-08-31,['CM'],0,0,1,0,0,0,0,0,0,0,0,0,0
Jurriën Timber,Arsenal,12,NED,"LB,CB,RB",23,79.0,0,0,0,0,0,0,1,0,31,2,1,1,0.0,0.0,0.0,2,1,17,21,81.0,1,12,0,1,0,2024-08-31,"['LB', 'CB', 'RB']",0,1,0,0,0,0,1,0,0,1,0,0,0
Oleksandr Zinchenko,Arsenal,17,UKR,LB,27,11.0,0,0,0,0,0,0,0,0,3,0,0,0,0.0,0.0,0.0,0,0,1,3,33.3,0,1,0,0,0,2024-08-31,['LB'],0,0,0,0,0,0,1,0,0,0,0,0,0
Gabriel Magalhães,Arsenal,6,BRA,CB,26,90.0,0,0,0,0,1,0,0,0,45,1,1,2,0.1,0.1,0.3,2,0,31,33,93.9,1,28,0,1,1,2024-08-31,['CB'],0,1,0,0,0,0,0,0,0,0,0,0,0
William Saliba,Arsenal,2,FRA,CB,23,90.0,0,0,0,0,0,0,0,0,62,5,2,1,0.0,0.0,0.0,2,0,48,51,94.1,2,45,1,0,0,2024-08-31,['CB'],0,1,0,0,0,0,0,0,0,0,0,0,0
Ben White,Arsenal,4,ENG,"RB,CB",26,90.0,0,0,0,0,1,0,0,0,44,3,2,2,0.0,0.0,0.0,1,0,20,28,71.4,3,18,0,0,0,2024-08-31,"['RB', 'CB']",0,1,0,0,0,0,0,0,0,1,0,0,0
David Raya,Arsenal,22,ESP,GK,28,90.0,0,0,0,0,0,0,1,0,43,0,0,0,0.0,0.0,0.0,0,0,19,41,46.3,1,26,0,0,0,2024-08-31,['GK'],0,0,0,0,0,1,0,0,0,0,0,0,0
Danny Welbeck,Brighton & Hove Albion,18,ENG,FW,33,84.0,0,0,0,0,1,0,0,0,21,2,0,1,0.1,0.1,0.0,0,0,7,10,70.0,1,9,0,2,0,2024-08-31,['FW'],0,0,0,0,1,0,0,0,0,0,0,0,0
Julio Enciso,Brighton & Hove Albion,10,PAR,AM,20,6.0,0,0,0,0,0,0,0,0,9,0,0,0,0.0,0.0,0.1,3,0,5,9,55.6,0,4,1,0,0,2024-08-31,['AM'],1,0,0,0,0,0,0,0,0,0,0,0,0
Kaoru Mitoma,Brighton & Hove Albion,22,JPN,LW,27,84.0,0,0,0,0,1,0,0,0,43,0,0,0,0.0,0.0,0.3,3,0,28,36,77.8,1,26,6,7,4,2024-08-31,['LW'],0,0,0,0,0,0,0,0,1,0,0,0,0
Simon Adingra,Brighton & Hove Albion,24,CIV,LW,22,6.0,0,0,0,0,0,0,0,0,8,0,0,0,0.0,0.0,0.0,1,0,4,5,80.0,0,5,0,2,0,2024-08-31,['LW'],0,0,0,0,0,0,0,0,1,0,0,0,0
Yankuba Minteh,Brighton & Hove Albion,17,GAM,RW,20,71.0,0,0,0,0,2,1,1,0,19,1,0,0,0.4,0.4,0.0,3,1,6,12,50.0,0,11,0,3,1,2024-08-31,['RW'],0,0,0,0,0,0,0,0,0,0,0,1,0
Georginio Rutter,Brighton & Hove Albion,14,FRA,RW,22,19.0,0,0,0,0,3,0,0,0,6,0,0,0,0.1,0.1,0.0,1,0,0,3,0.0,0,3,0,0,0,2024-08-31,['RW'],0,0,0,0,0,0,0,0,0,0,0,1,0
João Pedro,Brighton & Hove Albion,9,BRA,"AM,FW",22,90.0,1,0,0,0,1,1,1,0,60,1,0,2,0.3,0.3,0.0,4,0,37,46,80.4,5,43,7,7,4,2024-08-31,"['AM', 'FW']",1,0,0,0,1,0,0,0,0,0,0,0,0
Carlos Baleba,Brighton & Hove Albion,20,CMR,DM,20,90.0,0,0,0,0,4,0,0,0,49,3,2,0,0.2,0.2,0.0,4,0,32,38,84.2,4,26,2,1,0,2024-08-31,['DM'],0,0,0,1,0,0,0,0,0,0,0,0,0
James Milner,Brighton & Hove Albion,6,ENG,DM,38,16.0,0,0,0,0,0,0,0,0,4,0,1,0,0.0,0.0,0.0,0,0,2,2,100.0,1,2,0,0,0,2024-08-31,['DM'],0,0,0,1,0,0,0,0,0,0,0,0,0
Yasin Ayari,Brighton & Hove Albion,26,SWE,DM,20,74.0,0,0,0,0,2,1,0,0,36,3,0,0,0.4,0.4,0.0,3,0,20,27,74.1,1,15,0,1,0,2024-08-31,['DM'],0,0,0,1,0,0,0,0,0,0,0,0,0
Jack Hinshelwood,Brighton & Hove Albion,41,ENG,"LB,RB",19,90.0,0,0,0,0,3,1,0,0,70,2,1,0,0.2,0.2,0.1,3,0,47,62,75.8,5,33,2,0,0,2024-08-31,"['LB', 'RB']",0,0,0,0,0,0,1,0,0,1,0,0,0
Lewis Dunk,Brighton & Hove Albion,5,ENG,CB,32,90.0,0,0,0,0,0,0,0,0,111,1,1,2,0.0,0.0,0.4,3,0,100,104,96.2,12,71,2,0,0,2024-08-31,['CB'],0,1,0,0,0,0,0,0,0,0,0,0,0
Jan Paul van Hecke,Brighton & Hove Albion,29,NED,CB,24,90.0,0,0,0,0,2,0,0,0,79,2,0,1,0.1,0.1,0.0,4,0,65,68,95.6,12,49,3,0,0,2024-08-31,['CB'],0,1,0,0,0,0,0,0,0,0,0,0,0
Joël Veltman,Brighton & Hove Albion,34,NED,RB,32,71.0,0,0,0,0,1,0,0,0,45,3,0,0,0.1,0.1,0.0,2,0,27,39,69.2,1,18,2,1,1,2024-08-31,['RB'],0,0,0,0,0,0,0,0,0,1,0,0,0
Pervis Estupiñán,Brighton & Hove Albion,30,ECU,LB,26,19.0,0,0,0,0,2,0,0,0,24,0,0,0,0.0,0.0,0.1,3,0,20,23,87.0,7,16,3,0,0,2024-08-31,['LB'],0,0,0,0,0,0,1,0,0,0,0,0,0
Bart Verbruggen,Brighton & Hove Albion,1,NED,GK,22,90.0,0,0,0,0,0,0,0,0,36,0,0,0,0.0,0.0,0.0,1,0,29,34,85.3,0,27,0,0,0,2024-08-31,['GK'],0,0,0,0,0,1,0,0,0,0,0,0,0
Dominic Calvert-Lewin,Everton,9,ENG,FW,27,87.0,1,1,0,0,2,1,0,0,33,1,0,1,0.4,0.4,0.2,2,1,11,18,61.1,0,15,1,2,0,2024-08-31,['FW'],0,0,0,0,1,0,0,0,0,0,0,0,0
Beto,Everton,14,GNB,FW,26,3.0,0,0,0,0,0,0,0,0,5,0,0,0,0.0,0.0,0.0,0,0,2,3,66.7,1,1,0,0,0,2024-08-31,['FW'],0,0,0,0,1,0,0,0,0,0,0,0,0
Iliman Ndiaye,Everton,10,SEN,LW,24,82.0,0,0,0,0,3,2,0,0,35,4,1,1,0.3,0.3,0.0,4,1,18,24,75.0,3,16,2,4,1,2024-08-31,['LW'],0,0,0,0,0,0,0,0,1,0,0,0,0
Abdoulaye Doucouré,Everton,16,MLI,AM,31,8.0,0,0,0,0,0,0,0,0,9,0,0,0,0.0,0.0,0.0,0,0,7,9,77.8,0,3,0,1,1,2024-08-31,['AM'],1,0,0,0,0,0,0,0,0,0,0,0,0
Jack Harrison,Everton,11,ENG,RW,27,90.0,0,0,0,0,2,1,0,0,50,2,2,0,0.1,0.1,0.7,8,1,32,39,82.1,5,37,3,4,2,2024-08-31,['RW'],0,0,0,0,0,0,0,0,0,0,0,1,0
Dwight McNeil,Everton,7,ENG,"AM,LW",24,90.0,0,1,0,0,2,1,0,0,55,0,0,0,0.1,0.1,0.8,8,1,33,49,67.3,6,29,0,2,2,2024-08-31,"['AM', 'LW']",1,0,0,0,0,0,0,0,1,0,0,0,0
Idrissa Gana Gueye,Everton,27,SEN,DM,34,90.0,0,0,0,0,2,1,0,0,54,2,3,2,0.1,0.1,0.0,2,0,38,42,90.5,5,25,0,1,0,2024-08-31,['DM'],0,0,0,1,0,0,0,0,0,0,0,0,0
Tim Iroegbunam,Everton,42,ENG,DM,21,90.0,0,0,0,0,2,0,1,0,51,2,3,3,0.1,0.1,0.1,5,0,24,32,75.0,5,30,4,4,2,2024-08-31,['DM'],0,0,0,1,0,0,0,0,0,0,0,0,0
Vitaliy Mykolenko,Everton,19,UKR,LB,25,90.0,0,0,0,0,0,0,0,0,39,0,1,1,0.0,0.0,0.0,1,0,19,29,65.5,1,8,1,0,0,2024-08-31,['LB'],0,0,0,0,0,0,1,0,0,0,0,0,0
Michael Keane,Everton,5,ENG,CB,31,90.0,1,0,0,0,3,1,1,0,42,0,1,1,0.2,0.2,0.0,1,0,23,32,71.9,1,18,0,0,0,2024-08-31,['CB'],0,1,0,0,0,0,0,0,0,0,0,0,0
James Tarkowski,Everton,6,ENG,CB,31,90.0,0,0,0,0,1,0,0,0,50,5,1,1,0.1,0.1,0.1,1,0,25,35,71.4,2,23,0,1,0,2024-08-31,['CB'],0,1,0,0,0,0,0,0,0,0,0,0,0
Séamus Coleman,Everton,23,IRL,RB,35,90.0,0,0,0,0,1,1,0,0,52,1,0,2,0.6,0.6,0.0,1,0,32,43,74.4,6,22,0,2,2,2024-08-31,['RB'],0,0,0,0,0,0,0,0,0,1,0,0,0
Jordan Pickford,Everton,1,ENG,GK,30,90.0,0,0,0,0,0,0,0,0,43,0,0,0,0.0,0.0,0.0,0,0,16,38,42.1,0,22,0,0,0,2024-08-31,['GK'],0,0,0,0,0,1,0,0,0,0,0,0,0
Evanilson,Bournemouth,9,BRA,FW,24,65.0,0,0,0,0,1,0,0,0,14,0,0,0,0.2,0.2,0.0,2,0,7,9,77.8,1,9,0,1,0,2024-08-31,['FW'],0,0,0,0,1,0,0,0,0,0,0,0,0
Luis Sinisterra,Bournemouth,17,COL,LW,25,25.0,1,1,0,0,2,1,0,0,16,0,0,0,0.4,0.4,0.2,3,1,11,13,84.6,2,13,3,2,1,2024-08-31,['LW'],0,0,0,0,0,0,0,0,1,0,0,0,0
Marcus Tavernier,Bournemouth,16,ENG,"LW,AM",25,90.0,0,0,0,0,5,3,0,0,47,4,0,0,0.7,0.7,0.2,6,2,16,29,55.2,4,26,2,3,1,2024-08-31,"['LW', 'AM']",1,0,0,0,0,0,0,0,1,0,0,0,0
Antoine Semenyo,Bournemouth,24,GHA,RW,24,90.0,1,0,0,0,5,2,1,0,41,2,0,0,0.6,0.6,0.1,3,0,13,25,52.0,1,29,6,5,1,2024-08-31,['RW'],0,0,0,0,0,0,0,0,0,0,0,1,0
Justin Kluivert,Bournemouth,19,NED,"AM,FW",25,90.0,0,1,0,0,1,0,0,0,43,3,0,0,0.1,0.1,0.6,5,2,21,30,70.0,2,23,2,3,1,2024-08-31,"['AM', 'FW']",1,0,0,0,1,0,0,0,0,0,0,0,0
Ryan Christie,Bournemouth,10,SCO,DM,29,65.0,0,0,0,0,0,0,0,0,29,1,0,1,0.0,0.0,0.0,3,0,20,24,83.3,1,18,1,0,0,2024-08-31,['DM'],0,0,0,1,0,0,0,0,0,0,0,0,0
Alex Scott,Bournemouth,8,ENG,DM,21,25.0,0,0,0,0,0,0,0,0,21,3,0,1,0.0,0.0,0.0,1,0,14,18,77.8,3,15,0,0,0,2024-08-31,['DM'],0,0,0,1,0,0,0,0,0,0,0,0,0
Lewis Cook,Bournemouth,4,ENG,DM,27,90.0,1,0,0,0,1,1,0,0,63,3,2,2,0.2,0.2,0.0,0,0,37,47,78.7,7,26,1,1,0,2024-08-31,['DM'],0,0,0,1,0,0,0,0,0,0,0,0,0
Milos Kerkez,Bournemouth,3,HUN,LB,20,65.0,0,0,0,0,1,0,0,0,37,1,0,1,0.0,0.0,0.1,2,0,20,30,66.7,3,13,3,0,0,2024-08-31,['LB'],0,0,0,0,0,0,1,0,0,0,0,0,0
Dango Ouattara,Bournemouth,11,BFA,LB,22,25.0,0,1,0,0,0,0,0,0,21,0,0,1,0.0,0.0,1.0,3,1,13,17,76.5,0,11,1,1,0,2024-08-31,['LB'],0,0,0,0,0,0,1,0,0,0,0,0,0
Marcos Senesi,Bournemouth,5,ARG,CB,27,76.0,0,0,0,0,0,0,0,0,64,3,1,1,0.0,0.0,0.0,2,0,38,54,70.4,3,39,1,1,1,2024-08-31,['CB'],0,1,0,0,0,0,0,0,0,0,0,0,0
Dean Huijsen,Bournemouth,2,ESP,CB,19,14.0,0,0,0,0,0,0,0,0,20,1,1,0,0.0,0.0,0.0,1,0,14,16,87.5,1,12,0,1,0,2024-08-31,['CB'],0,1,0,0,0,0,0,0,0,0,0,0,0
Illia Zabarnyi,Bournemouth,27,UKR,CB,21,90.0,0,0,0,0,1,0,0,0,69,1,2,2,0.2,0.2,0.0,0,0,44,55,80.0,6,40,0,0,0,2024-08-31,['CB'],0,1,0,0,0,0,0,0,0,0,0,0,0
Julian Araujo,Bournemouth,22,MEX,RB,23,76.0,0,0,0,0,0,0,0,0,32,3,1,0,0.0,0.0,0.0,0,0,23,27,85.2,1,19,1,0,0,2024-08-31,['RB'],0,0,0,0,0,0,0,0,0,1,0,0,0
Adam Smith,Bournemouth,15,ENG,RB,33,14.0,0,0,0,0,0,0,0,0,18,1,0,1,0.0,0.0,0.1,2,0,9,15,60.0,1,5,1,0,0,2024-08-31,['RB'],0,0,0,0,0,0,0,0,0,1,0,0,0
Kepa Arrizabalaga,Bournemouth,13,ESP,GK,29,90.0,0,0,0,0,0,0,0,0,34,0,0,0,0.0,0.0,0.0,0,0,27,32,84.4,0,19,0,0,0,2024-08-31,['GK'],0,0,0,0,0,1,0,0,0,0,0,0,0
Jamie Vardy,Leicester City,9,ENG,FW,37,90.0,0,0,0,0,0,0,1,0,19,0,0,1,0.0,0.0,0.0,2,0,9,12,75.0,1,8,1,2,0,2024-08-31,['FW'],0,0,0,0,1,0,0,0,0,0,0,0,0
Jordan Ayew,Leicester City,18,GHA,LW,32,67.0,0,0,0,0,1,0,0,0,37,3,0,2,0.0,0.0,0.0,2,0,22,28,78.6,3,26,2,2,2,2024-08-31,['LW'],0,0,0,0,0,0,0,0,1,0,0,0,0
Stephy Mavididi,Leicester City,10,ENG,"LM,WB",26,23.0,0,0,0,0,0,0,0,0,10,2,0,0,0.0,0.0,0.0,2,2,6,7,85.7,0,7,1,4,2,2024-08-31,"['LM', 'WB']",0,0,0,0,0,0,0,1,0,0,0,0,1
Abdul Fatawu Issahaku,Leicester City,7,GHA,RW,20,67.0,0,0,0,0,2,1,0,0,32,3,1,0,0.0,0.0,0.0,0,0,14,18,77.8,4,24,1,6,1,2024-08-31,['RW'],0,0,0,0,0,0,0,0,0,0,0,1,0
Facundo Buonanotte,Leicester City,40,ARG,"RM,AM",19,23.0,1,0,0,0,2,1,0,0,24,1,0,0,0.2,0.2,0.0,1,0,17,20,85.0,0,15,1,0,0,2024-08-31,"['RM', 'AM']",1,0,0,0,0,0,0,0,0,0,1,0,0
Wilfred Ndidi,Leicester City,6,NGA,"AM,CM",27,88.0,0,1,0,0,0,0,0,0,51,2,1,1,0.0,0.0,0.2,0,0,29,37,78.4,1,32,0,2,0,2024-08-31,"['AM', 'CM']",1,0,1,0,0,0,0,0,0,0,0,0,0
Bobby Reid,Leicester City,14,JAM,"AM,CM",31,2.0,0,0,0,0,0,0,0,0,2,0,0,0,0.0,0.0,0.0,0,0,1,2,50.0,0,1,0,0,0,2024-08-31,"['AM', 'CM']",1,0,1,0,0,0,0,0,0,0,0,0,0
Oliver Skipp,Leicester City,22,ENG,DM,23,67.0,0,0,0,0,1,1,1,0,50,2,1,1,0.0,0.0,0.0,1,0,38,43,88.4,5,34,1,1,1,2024-08-31,['DM'],0,0,0,1,0,0,0,0,0,0,0,0,0
Bilal El Khannouss,Leicester City,11,MAR,CM,20,23.0,0,0,0,0,1,0,0,0,17,0,0,0,0.0,0.0,0.0,0,0,15,16,93.8,1,11,0,0,0,2024-08-31,['CM'],0,0,1,0,0,0,0,0,0,0,0,0,0
Harry Winks,Leicester City,8,ENG,"DM,CM",28,90.0,0,0,0,0,0,0,1,0,87,1,1,1,0.0,0.0,0.0,2,0,76,84,90.5,4,59,0,0,0,2024-08-31,"['DM', 'CM']",0,0,1,1,0,0,0,0,0,0,0,0,0
Victor Bernth Kristiansen,Leicester City,16,DEN,"LB,CB",21,90.0,0,0,0,0,0,0,0,0,63,2,3,2,0.0,0.0,0.1,4,0,41,50,82.0,3,39,5,0,0,2024-08-31,"['LB', 'CB']",0,1,0,0,0,0,1,0,0,0,0,0,0
Caleb Okoli,Leicester City,5,ITA,CB,23,89.0,0,0,0,0,1,0,1,0,81,3,1,2,0.0,0.0,0.0,0,0,62,68,91.2,2,53,1,0,0,2024-08-31,['CB'],0,1,0,0,0,0,0,0,0,0,0,0,0
Kasey McAteer,Leicester City,35,IRL,"WB,CB",22,1.0,0,0,0,0,0,0,0,0,2,0,0,0,0.0,0.0,0.0,0,0,1,2,50.0,0,0,0,0,0,2024-08-31,"['WB', 'CB']",0,1,0,0,0,0,0,0,0,0,0,0,1
Wout Faes,Leicester City,3,BEL,CB,26,90.0,0,0,0,0,0,0,0,0,83,0,1,0,0.0,0.0,0.0,0,0,69,76,90.8,5,56,0,0,0,2024-08-31,['CB'],0,1,0,0,0,0,0,0,0,0,0,0,0
James Justin,Leicester City,2,ENG,"RB,CB",26,90.0,0,0,0,0,1,0,0,0,63,2,2,0,0.1,0.1,0.0,0,0,45,53,84.9,2,33,0,0,0,2024-08-31,"['RB', 'CB']",0,1,0,0,0,0,0,0,0,1,0,0,0
Mads Hermansen,Leicester City,30,DEN,GK,24,90.0,0,0,0,0,0,0,0,0,32,1,0,0,0.0,0.0,0.0,1,0,26,29,89.7,0,22,0,0,0,2024-08-31,['GK'],0,0,0,0,0,1,0,0,0,0,0,0,0
Ollie Watkins,Aston Villa,11,ENG,FW,28,60.0,0,1,0,0,2,1,0,0,13,1,0,2,0.7,0.7,0.4,2,1,5,5,100.0,1,6,0,1,0,2024-08-31,['FW'],0,0,0,0,1,0,0,0,0,0,0,0,0
Jhon Durán,Aston Villa,9,COL,FW,20,30.0,1,0,0,0,2,2,1,0,15,0,0,0,0.2,0.2,0.0,0,0,3,9,33.3,0,7,0,1,0,2024-08-31,['FW'],0,0,0,0,1,0,0,0,0,0,0,0,0
Morgan Rogers,Aston Villa,27,ENG,FW,22,90.0,0,0,0,0,0,0,0,0,33,0,0,1,0.0,0.0,0.3,1,0,13,17,76.5,1,17,0,6,1,2024-08-31,['FW'],0,0,0,0,1,0,0,0,0,0,0,0,0
John McGinn,Aston Villa,7,SCO,"RM,LM",29,90.0,0,0,0,0,1,0,1,0,42,1,1,0,0.1,0.1,0.0,1,0,21,33,63.6,1,16,4,2,2,2024-08-31,"['RM', 'LM']",0,0,0,0,0,0,0,1,0,0,1,0,0
Youri Tielemans,Aston Villa,8,BEL,CM,27,90.0,0,0,0,0,0,0,1,0,71,2,1,1,0.0,0.0,0.1,3,0,52,63,82.5,4,32,2,2,2,2024-08-31,['CM'],0,0,1,0,0,0,0,0,0,0,0,0,0
Amadou Onana,Aston Villa,24,BEL,CM,23,60.0,1,0,0,0,3,1,1,0,36,0,2,0,0.4,0.4,0.1,2,0,23,25,92.0,1,13,1,1,1,2024-08-31,['CM'],0,0,1,0,0,0,0,0,0,0,0,0,0
Ross Barkley,Aston Villa,6,ENG,CM,30,30.0,0,0,0,0,0,0,0,0,22,0,0,2,0.0,0.0,0.1,1,0,18,18,100.0,2,10,0,0,0,2024-08-31,['CM'],0,0,1,0,0,0,0,0,0,0,0,0,0
Leon Bailey,Aston Villa,31,JAM,RM,27,15.0,0,0,0,0,0,0,0,0,6,0,0,0,0.0,0.0,0.0,0,0,4,4,100.0,0,3,1,1,0,2024-08-31,['RM'],0,0,0,0,0,0,0,0,0,0,1,0,0
Jacob Ramsey,Aston Villa,41,ENG,LM,23,63.0,0,0,0,0,1,1,0,0,33,2,0,0,0.1,0.1,0.4,3,1,24,28,85.7,2,22,6,3,3,2024-08-31,['LM'],0,0,0,0,0,0,0,1,0,0,0,0,0
Ian Maatsen,Aston Villa,22,NED,LM,22,12.0,0,0,0,0,1,0,0,0,2,2,0,0,0.0,0.0,0.0,1,0,0,1,0.0,0,1,0,0,0,2024-08-31,['LM'],0,0,0,0,0,0,0,1,0,0,0,0,0
Lucas Digne,Aston Villa,12,FRA,LB,31,90.0,0,1,0,0,0,0,0,0,57,5,2,0,0.0,0.0,0.1,1,1,33,45,73.3,1,26,0,0,0,2024-08-31,['LB'],0,0,0,0,0,0,1,0,0,0,0,0,0
Pau Torres,Aston Villa,14,ESP,CB,27,90.0,0,0,0,0,0,0,0,0,54,0,1,0,0.0,0.0,0.0,0,0,41,49,83.7,2,28,0,2,2,2024-08-31,['CB'],0,1,0,0,0,0,0,0,0,0,0,0,0
Ezri Konsa,Aston Villa,4,ENG,CB,26,90.0,0,0,0,0,0,0,0,0,46,0,0,1,0.0,0.0,0.0,0,0,30,33,90.9,1,20,0,1,0,2024-08-31,['CB'],0,1,0,0,0,0,0,0,0,0,0,0,0
Lamare Bogarde,Aston Villa,26,NED,RB,20,78.0,0,0,0,0,0,0,1,0,44,3,0,0,0.0,0.0,0.0,2,0,30,37,81.1,2,25,3,1,1,2024-08-31,['RB'],0,0,0,0,0,0,0,0,0,1,0,0,0
Kosta Nedeljković,Aston Villa,20,SRB,RB,18,12.0,0,0,0,0,0,0,0,0,7,1,0,0,0.0,0.0,0.0,0,0,5,6,83.3,1,2,0,0,0,2024-08-31,['RB'],0,0,0,0,0,0,0,0,0,1,0,0,0
Emiliano Martínez,Aston Villa,23,ARG,GK,31,90.0,0,0,0,0,0,0,0,0,39,0,0,0,0.0,0.0,0.0,0,0,31,38,81.6,0,23,0,1,1,2024-08-31,['GK'],0,0,0,0,0,1,0,0,0,0,0,0,0
Chris Wood,Nottingham Forest,11,NZL,FW,32,90.0,1,0,0,0,5,3,0,0,35,0,1,0,0.5,0.5,0.0,2,0,15,19,78.9,3,25,2,2,1,2024-08-31,['FW'],0,0,0,0,1,0,0,0,0,0,0,0,0
Callum Hudson-Odoi,Nottingham Forest,14,ENG,LW,23,79.0,0,0,0,0,3,0,0,0,28,1,1,2,0.1,0.1,0.0,5,1,16,21,76.2,3,17,3,1,1,2024-08-31,['LW'],0,0,0,0,0,0,0,0,1,0,0,0,0
Ramón Sosa,Nottingham Forest,24,PAR,LW,25,11.0,0,0,0,0,1,0,0,0,13,0,0,0,0.1,0.1,0.2,3,0,3,7,42.9,0,7,2,2,1,2024-08-31,['LW'],0,0,0,0,0,0,0,0,1,0,0,0,0
Anthony Elanga,Nottingham Forest,21,SWE,RW,22,89.0,0,0,0,0,1,0,0,0,29,0,0,0,0.0,0.0,0.1,2,0,17,23,73.9,1,17,4,1,0,2024-08-31,['RW'],0,0,0,0,0,0,0,0,0,0,0,1,0
Jota Silva,Nottingham Forest,20,POR,RW,25,1.0,0,0,0,0,0,0,0,0,6,0,1,0,0.0,0.0,0.0,0,0,1,2,50.0,0,2,0,2,0,2024-08-31,['RW'],0,0,0,0,0,0,0,0,0,0,0,1,0
Morgan Gibbs-White,Nottingham Forest,10,ENG,AM,24,90.0,0,0,0,0,3,2,1,0,49,0,0,0,0.1,0.1,0.4,5,0,30,38,78.9,9,29,2,3,1,2024-08-31,['AM'],1,0,0,0,0,0,0,0,0,0,0,0,0
Elliot Anderson,Nottingham Forest,8,ENG,DM,21,89.0,0,1,0,0,1,0,1,0,58,4,0,1,0.0,0.0,0.1,4,1,37,47,78.7,2,34,1,5,2,2024-08-31,['DM'],0,0,0,1,0,0,0,0,0,0,0,0,0
Taiwo Awoniyi,Nottingham Forest,9,NGA,DM,27,1.0,0,0,0,0,0,0,0,0,2,0,0,1,0.0,0.0,0.0,0,0,0,0,80.8,0,0,0,0,0,2024-08-31,['DM'],0,0,0,1,0,0,0,0,0,0,0,0,0
Ibrahim Sangaré,Nottingham Forest,6,CIV,DM,26,57.0,0,0,0,0,0,0,1,0,38,7,1,1,0.0,0.0,0.0,2,0,21,24,87.5,2,18,0,0,0,2024-08-31,['DM'],0,0,0,1,0,0,0,0,0,0,0,0,0
Ryan Yates,Nottingham Forest,22,ENG,DM,26,33.0,0,0,0,0,0,0,0,0,21,0,0,1,0.0,0.0,0.1,2,0,12,15,80.0,0,9,0,2,1,2024-08-31,['DM'],0,0,0,1,0,0,0,0,0,0,0,0,0
Ola Aina,Nottingham Forest,34,NGA,LB,27,90.0,0,0,0,0,1,0,0,0,67,0,5,0,0.0,0.0,0.1,2,0,41,56,73.2,9,33,6,2,1,2024-08-31,['LB'],0,0,0,0,0,0,1,0,0,0,0,0,0
Murillo,Nottingham Forest,5,BRA,CB,22,90.0,0,0,0,0,0,0,0,0,71,2,0,3,0.0,0.0,0.0,1,0,50,63,79.4,5,32,2,0,0,2024-08-31,['CB'],0,1,0,0,0,0,0,0,0,0,0,0,0
Nikola Milenković,Nottingham Forest,31,SRB,CB,26,90.0,0,0,0,0,0,0,0,0,46,1,1,0,0.0,0.0,0.0,1,0,38,42,90.5,2,21,0,0,0,2024-08-31,['CB'],0,1,0,0,0,0,0,0,0,0,0,0,0
Neco Williams,Nottingham Forest,7,WAL,RB,23,90.0,0,0,0,0,1,0,0,0,39,2,0,0,0.1,0.1,0.0,1,0,21,33,63.6,2,18,3,1,0,2024-08-31,['RB'],0,0,0,0,0,0,0,0,0,1,0,0,0
Matz Sels,Nottingham Forest,26,BEL,GK,32,90.0,0,0,0,0,0,0,0,0,23,0,0,0,0.0,0.0,0.0,0,0,10,22,45.5,0,13,0,0,0,2024-08-31,['GK'],0,0,0,0,0,1,0,0,0,0,0,0,0
Jørgen Strand Larsen,Wolverhampton Wanderers,9,NOR,FW,24,85.0,0,0,0,0,0,0,0,0,22,0,1,0,0.0,0.0,0.1,1,0,9,13,69.2,1,10,0,0,0,2024-08-31,['FW'],0,0,0,0,1,0,0,0,0,0,0,0,0
André,Wolverhampton Wanderers,7,BRA,FW,23,5.0,0,0,0,0,0,0,0,0,6,1,0,0,0.0,0.0,0.0,0,0,4,5,80.0,0,0,0,0,0,2024-08-31,['FW'],0,0,0,0,1,0,0,0,0,0,0,0,0
Matheus Cunha,Wolverhampton Wanderers,12,BRA,FW,25,90.0,0,0,0,0,4,0,0,0,51,1,0,0,0.2,0.2,0.2,4,0,28,35,80.0,4,28,6,7,4,2024-08-31,['FW'],0,0,0,0,1,0,0,0,0,0,0,0,0
Rayan Aït-Nouri,Wolverhampton Wanderers,3,ALG,LM,23,59.0,0,0,0,0,2,1,0,0,25,1,0,0,0.3,0.3,0.2,3,0,15,18,83.3,1,15,0,3,1,2024-08-31,['LM'],0,0,0,0,0,0,0,1,0,0,0,0,0
Hwang Hee-chan,Wolverhampton Wanderers,11,KOR,LM,28,31.0,0,0,0,0,0,0,0,0,10,1,0,2,0.0,0.0,0.0,2,0,5,7,71.4,0,6,1,0,0,2024-08-31,['LM'],0,0,0,0,0,0,0,1,0,0,0,0,0
Mario Lemina,Wolverhampton Wanderers,5,GAB,CM,30,90.0,0,1,0,0,0,0,1,0,51,8,2,1,0.0,0.0,0.0,3,1,26,33,78.8,4,24,1,2,1,2024-08-31,['CM'],0,0,1,0,0,0,0,0,0,0,0,0,0
João Gomes,Wolverhampton Wanderers,8,BRA,CM,23,59.0,0,0,0,0,1,0,1,0,28,4,0,0,0.1,0.1,0.0,0,0,18,20,90.0,2,15,1,0,0,2024-08-31,['CM'],0,0,1,0,0,0,0,0,0,0,0,0,0
Tommy Doyle,Wolverhampton Wanderers,20,ENG,CM,22,31.0,0,0,0,0,2,0,0,0,26,0,0,0,0.0,0.0,0.0,2,0,14,23,60.9,2,13,0,0,0,2024-08-31,['CM'],0,0,1,0,0,0,0,0,0,0,0,0,0
Jean-Ricner Bellegarde,Wolverhampton Wanderers,27,FRA,RM,26,74.0,1,0,0,0,2,1,1,0,34,0,1,2,0.1,0.1,0.0,1,0,18,21,85.7,1,23,1,2,0,2024-08-31,['RM'],0,0,0,0,0,0,0,0,0,0,1,0,0
Gonçalo Guedes,Wolverhampton Wanderers,29,POR,RM,27,16.0,0,0,0,0,0,0,0,0,10,0,2,2,0.0,0.0,0.0,1,0,1,1,100.0,0,6,0,1,0,2024-08-31,['RM'],0,0,0,0,0,0,0,0,0,0,1,0,0
Toti Gomes,Wolverhampton Wanderers,24,POR,LB,25,90.0,0,0,0,0,0,0,1,0,50,1,1,0,0.0,0.0,0.0,1,0,29,37,78.4,4,25,0,2,2,2024-08-31,['LB'],0,0,0,0,0,0,1,0,0,0,0,0,0
Craig Dawson,Wolverhampton Wanderers,15,ENG,CB,34,90.0,0,0,0,0,0,0,0,0,64,2,0,2,0.0,0.0,0.0,0,0,42,52,80.8,1,31,0,1,0,2024-08-31,['CB'],0,1,0,0,0,0,0,0,0,0,0,0,0
Yerson Mosquera,Wolverhampton Wanderers,14,COL,CB,23,90.0,0,0,0,0,0,0,0,0,48,0,3,3,0.0,0.0,0.0,0,0,34,39,87.2,0,28,0,0,0,2024-08-31,['CB'],0,1,0,0,0,0,0,0,0,0,0,0,0
Nélson Semedo,Wolverhampton Wanderers,22,POR,RB,30,74.0,0,0,0,0,0,0,0,0,45,3,0,1,0.0,0.0,0.0,0,0,27,34,79.4,1,24,1,1,0,2024-08-31,['RB'],0,0,0,0,0,0,0,0,0,1,0,0,0
Matt Doherty,Wolverhampton Wanderers,2,IRL,RB,32,16.0,0,0,0,0,0,0,0,0,15,1,0,1,0.0,0.0,0.0,0,0,6,13,46.2,0,2,0,0,0,2024-08-31,['RB'],0,0,0,0,0,0,0,0,0,1,0,0,0
Sam Johnstone,Wolverhampton Wanderers,31,ENG,GK,31,90.0,0,0,0,0,0,0,0,0,35,0,0,0,0.0,0.0,0.0,0,0,16,32,50.0,0,25,0,0,0,2024-08-31,['GK'],0,0,0,0,0,1,0,0,0,0,0,0,0
Liam Delap,Ipswich Town,19,ENG,FW,21,80.0,1,0,0,0,4,2,0,0,18,1,0,0,0.2,0.2,0.0,2,0,3,5,60.0,0,7,2,1,1,2024-08-31,['FW'],0,0,0,0,1,0,0,0,0,0,0,0,0
Ali Al Hamadi,Ipswich Town,16,IRQ,FW,22,10.0,0,0,0,0,0,0,1,0,5,1,0,0,0.0,0.0,0.0,1,0,2,3,66.7,0,1,0,0,0,2024-08-31,['FW'],0,0,0,0,1,0,0,0,0,0,0,0,0
Sammie Szmodics,Ipswich Town,23,IRL,LW,28,80.0,0,0,0,0,0,0,0,0,21,0,1,2,0.0,0.0,0.0,0,0,10,16,62.5,3,10,2,1,1,2024-08-31,['LW'],0,0,0,0,0,0,0,0,1,0,0,0,0
Jack Clarke,Ipswich Town,47,ENG,LW,23,10.0,0,0,0,0,2,0,0,0,7,0,0,0,0.1,0.1,0.0,0,0,1,4,25.0,0,5,0,0,0,2024-08-31,['LW'],0,0,0,0,0,0,0,0,1,0,0,0,0
Chiedozie Ogbene,Ipswich Town,21,IRL,RW,27,87.0,0,0,0,0,0,0,0,0,24,4,0,0,0.0,0.0,0.0,2,0,12,16,75.0,0,12,1,1,0,2024-08-31,['RW'],0,0,0,0,0,0,0,0,0,0,0,1,0
Conor Chaplin,Ipswich Town,10,ENG,"AM,RW",27,3.0,0,0,0,0,0,0,0,0,4,0,0,0,0.0,0.0,0.0,1,0,4,4,100.0,1,1,0,0,0,2024-08-31,"['AM', 'RW']",1,0,0,0,0,0,0,0,0,0,0,1,0
Omari Hutchinson,Ipswich Town,20,ENG,"AM,RW",20,90.0,0,0,0,0,2,1,0,0,44,1,0,3,0.1,0.1,0.0,0,0,29,32,90.6,3,25,0,3,2,2024-08-31,"['AM', 'RW']",1,0,0,0,0,0,0,0,0,0,0,1,0
Kalvin Phillips,Ipswich Town,8,ENG,DM,28,70.0,0,0,0,0,0,0,0,0,42,0,0,2,0.0,0.0,0.0,1,0,27,35,77.1,3,21,0,0,0,2024-08-31,['DM'],0,0,0,1,0,0,0,0,0,0,0,0,0
Jens Cajuste,Ipswich Town,12,SWE,DM,25,20.0,0,0,0,0,0,0,0,0,12,0,0,0,0.0,0.0,0.0,3,0,8,9,88.9,1,5,2,1,1,2024-08-31,['DM'],0,0,0,1,0,0,0,0,0,0,0,0,0
Sam Morsy,Ipswich Town,5,EGY,DM,32,90.0,0,0,0,0,0,0,1,0,64,1,0,1,0.0,0.0,0.0,2,0,53,60,88.3,7,33,1,2,2,2024-08-31,['DM'],0,0,0,1,0,0,0,0,0,0,0,0,0
Leif Davis,Ipswich Town,3,ENG,LB,24,90.0,0,1,0,0,1,0,0,0,58,2,0,1,0.1,0.1,0.2,6,2,40,48,83.3,2,30,1,4,2,2024-08-31,['LB'],0,0,0,0,0,0,1,0,0,0,0,0,0
Jacob Greaves,Ipswich Town,24,ENG,CB,23,90.0,0,0,0,0,1,1,0,0,60,0,2,1,0.0,0.0,0.0,0,0,41,49,83.7,1,27,0,0,0,2024-08-31,['CB'],0,1,0,0,0,0,0,0,0,0,0,0,0
Luke Woolfenden,Ipswich Town,6,ENG,CB,25,90.0,0,0,0,0,1,0,0,0,70,0,0,1,0.0,0.0,0.0,0,0,53,60,88.3,3,44,2,0,0,2024-08-31,['CB'],0,1,0,0,0,0,0,0,0,0,0,0,0
Axel Tuanzebe,Ipswich Town,40,COD,RB,26,90.0,0,0,0,0,0,0,0,0,58,3,1,0,0.0,0.0,0.0,1,0,45,52,86.5,2,27,2,1,1,2024-08-31,['RB'],0,0,0,0,0,0,0,0,0,1,0,0,0
Arijanet Muric,Ipswich Town,1,KVX,GK,25,90.0,0,0,0,0,0,0,0,0,42,0,0,0,0.0,0.0,0.0,1,0,32,41,78.0,0,25,0,0,0,2024-08-31,['GK'],0,0,0,0,0,1,0,0,0,0,0,0,0
Rodrigo Muniz,Fulham,9,BRA,FW,23,78.0,0,0,0,0,2,1,0,0,14,0,0,0,0.3,0.3,0.0,0,0,6,8,75.0,3,8,0,0,0,2024-08-31,['FW'],0,0,0,0,1,0,0,0,0,0,0,0,0
Raúl Jiménez,Fulham,7,MEX,FW,33,12.0,0,0,0,0,1,1,0,0,3,0,0,0,0.0,0.0,0.0,0,0,1,1,100.0,1,3,1,0,0,2024-08-31,['FW'],0,0,0,0,1,0,0,0,0,0,0,0,0
Alex Iwobi,Fulham,17,NGA,LW,28,86.0,0,0,0,0,1,1,0,0,40,0,1,0,0.0,0.0,0.2,6,1,30,34,88.2,4,29,2,3,2,2024-08-31,['LW'],0,0,0,0,0,0,0,0,1,0,0,0,0
Harry Wilson,Fulham,8,WAL,"RW,LW",27,4.0,0,0,0,0,0,0,0,0,3,0,0,0,0.0,0.0,0.0,0,0,1,1,100.0,0,0,0,0,0,2024-08-31,"['RW', 'LW']",0,0,0,0,0,0,0,0,1,0,0,1,0
Adama Traoré,Fulham,11,ESP,"RW,LW",28,90.0,1,0,0,0,1,1,1,0,35,0,0,2,0.2,0.2,0.3,3,0,21,27,77.8,2,28,6,6,5,2024-08-31,"['RW', 'LW']",0,0,0,0,0,0,0,0,1,0,0,1,0
Emile Smith Rowe,Fulham,32,ENG,LM,24,71.0,0,0,0,0,2,0,0,0,40,1,1,0,0.2,0.2,0.0,2,0,35,37,94.6,3,25,0,0,0,2024-08-31,['LM'],0,0,0,0,0,0,0,1,0,0,0,0,0
Sander Berge,Fulham,16,NOR,DM,26,19.0,0,0,0,0,0,0,0,0,12,2,0,0,0.0,0.0,0.1,1,0,10,10,100.0,1,6,0,0,0,2024-08-31,['DM'],0,0,0,1,0,0,0,0,0,0,0,0,0
Saša Lukić,Fulham,20,SRB,"CM,DM",28,86.0,0,0,0,0,0,0,1,0,45,1,3,1,0.0,0.0,0.0,0,0,36,38,94.7,3,25,2,1,0,2024-08-31,"['CM', 'DM']",0,0,1,1,0,0,0,0,0,0,0,0,0
Harrison Reed,Fulham,6,ENG,DM,29,4.0,0,0,0,0,0,0,0,0,0,0,0,0,0.0,0.0,0.0,0,0,0,0,80.8,0,0,0,0,0,2024-08-31,['DM'],0,0,0,1,0,0,0,0,0,0,0,0,0
Andreas Pereira,Fulham,18,BRA,"RM,AM",28,86.0,0,0,0,0,0,0,0,0,58,0,1,0,0.0,0.0,0.2,3,0,30,54,55.6,3,29,0,2,1,2024-08-31,"['RM', 'AM']",1,0,0,0,0,0,0,0,0,0,1,0,0
Tom Cairney,Fulham,10,SCO,AM,33,4.0,0,0,0,0,0,0,0,0,4,0,0,0,0.0,0.0,0.0,0,0,3,4,75.0,0,2,0,0,0,2024-08-31,['AM'],1,0,0,0,0,0,0,0,0,0,0,0,0
Antonee Robinson,Fulham,33,USA,LB,27,90.0,0,1,0,0,0,0,1,0,49,1,0,0,0.0,0.0,0.2,1,1,32,41,78.0,1,25,1,5,4,2024-08-31,['LB'],0,0,0,0,0,0,1,0,0,0,0,0,0
Calvin Bassey,Fulham,3,NGA,CB,24,90.0,0,0,0,0,0,0,0,0,77,1,0,1,0.0,0.0,0.0,1,0,59,71,83.1,5,58,1,3,2,2024-08-31,['CB'],0,1,0,0,0,0,0,0,0,0,0,0,0
Issa Diop,Fulham,31,FRA,CB,27,90.0,0,0,0,0,1,0,0,0,56,2,0,2,0.2,0.2,0.0,0,0,42,47,89.4,2,34,0,0,0,2024-08-31,['CB'],0,1,0,0,0,0,0,0,0,0,0,0,0
Kenny Tete,Fulham,2,NED,RB,28,90.0,0,0,0,0,1,0,0,0,60,3,0,2,0.0,0.0,0.0,0,0,40,51,78.4,1,25,1,0,0,2024-08-31,['RB'],0,0,0,0,0,0,0,0,0,1,0,0,0
Bernd Leno,Fulham,1,GER,GK,32,90.0,0,0,0,0,0,0,0,0,49,0,0,1,0.0,0.0,0.0,0,0,37,45,82.2,0,30,0,0,0,2024-08-31,['GK'],0,0,0,0,0,1,0,0,0,0,0,0,0
Yoane Wissa,Brentford,11,COD,FW,27,90.0,1,0,0,0,6,2,0,0,34,1,0,1,1.1,1.1,0.2,8,1,18,21,85.7,3,22,3,1,1,2024-08-31,['FW'],0,0,0,0,1,0,0,0,0,0,0,0,0
Kevin Schade,Brentford,7,GER,LW,22,74.0,0,0,0,0,2,1,0,0,24,1,0,0,0.2,0.2,0.1,3,1,10,14,71.4,0,16,2,2,1,2024-08-31,['LW'],0,0,0,0,0,0,0,0,1,0,0,0,0
Sepp van den Berg,Brentford,4,NED,RB,22,16.0,0,0,0,0,0,0,0,0,12,0,0,0,0.0,0.0,0.0,0,0,7,8,87.5,1,6,0,1,0,2024-08-31,['RB'],0,0,0,0,0,0,0,0,0,1,0,0,0
Bryan Mbeumo,Brentford,19,CMR,"RW,LW",25,90.0,2,0,0,0,4,3,1,0,48,0,1,1,0.8,0.8,0.3,9,1,29,37,78.4,5,28,4,1,1,2024-08-31,"['RW', 'LW']",0,0,0,0,0,0,0,0,1,0,0,1,0
Mikkel Damsgaard,Brentford,24,DEN,LM,24,81.0,0,0,0,0,2,1,0,0,46,4,2,1,0.2,0.2,0.2,4,0,25,31,80.6,9,25,6,2,2,2024-08-31,['LM'],0,0,0,0,0,0,0,1,0,0,0,0,0
Fabio Carvalho,Brentford,14,POR,LM,22,9.0,0,0,0,0,1,0,0,0,8,1,0,0,0.1,0.1,0.0,0,0,4,5,80.0,0,2,0,1,0,2024-08-31,['LM'],0,0,0,0,0,0,0,1,0,0,0,0,0
Christian Nørgaard,Brentford,6,DEN,CM,30,90.0,0,0,0,0,3,0,0,0,50,2,1,4,0.3,0.3,0.0,2,0,32,36,88.9,3,22,0,0,0,2024-08-31,['CM'],0,0,1,0,0,0,0,0,0,0,0,0,0
Mathias Jensen,Brentford,8,DEN,RM,28,90.0,0,1,0,0,1,0,0,0,57,1,0,0,0.1,0.1,0.5,5,2,38,52,73.1,6,33,0,0,0,2024-08-31,['RM'],0,0,0,0,0,0,0,0,0,0,1,0,0
Vitaly Janelt,Brentford,27,GER,LB,26,74.0,0,0,0,0,0,0,0,0,50,1,0,2,0.0,0.0,0.1,3,0,39,44,88.6,2,27,0,0,0,2024-08-31,['LB'],0,0,0,0,0,0,1,0,0,0,0,0,0
Keane Lewis-Potter,Brentford,23,ENG,RW,23,16.0,0,0,0,0,0,0,0,0,7,0,0,0,0.0,0.0,0.0,0,0,4,5,80.0,2,3,1,0,0,2024-08-31,['RW'],0,0,0,0,0,0,0,0,0,0,0,1,0
Ethan Pinnock,Brentford,5,JAM,CB,31,90.0,0,0,0,0,0,0,1,0,48,2,3,1,0.0,0.0,0.0,0,0,30,34,88.2,2,27,1,1,0,2024-08-31,['CB'],0,1,0,0,0,0,0,0,0,0,0,0,0
Nathan Collins,Brentford,22,IRL,CB,23,90.0,0,0,0,0,1,0,0,0,53,2,2,4,0.0,0.0,0.0,1,0,38,41,92.7,2,28,0,0,0,2024-08-31,['CB'],0,1,0,0,0,0,0,0,0,0,0,0,0
Kristoffer Ajer,Brentford,20,NOR,RB,26,38.0,0,0,0,0,0,0,0,0,11,1,1,0,0.0,0.0,0.0,0,0,5,8,62.5,2,7,1,0,0,2024-08-31,['RB'],0,0,0,0,0,0,0,0,0,1,0,0,0
Mads Roerslev,Brentford,30,DEN,"RB,LB",25,52.0,0,0,0,0,0,0,0,0,32,1,1,2,0.0,0.0,0.2,2,0,21,25,84.0,1,18,2,2,1,2024-08-31,"['RB', 'LB']",0,0,0,0,0,0,1,0,0,1,0,0,0
Mark Flekken,Brentford,1,NED,GK,31,90.0,0,0,0,0,0,0,0,0,41,0,0,0,0.0,0.0,0.0,0,0,31,37,83.8,0,27,0,0,0,2024-08-31,['GK'],0,0,0,0,0,1,0,0,0,0,0,0,0
Ben Brereton,Southampton,17,CHI,"FW,LW",25,90.0,0,0,0,0,5,1,0,0,36,0,0,0,0.2,0.2,0.0,2,0,25,29,86.2,2,24,4,0,0,2024-08-31,"['FW', 'LW']",0,0,0,0,1,0,0,0,1,0,0,0,0
Adam Armstrong,Southampton,9,ENG,FW,27,45.0,0,0,0,0,1,0,0,0,10,0,0,0,0.0,0.0,0.0,2,0,7,8,87.5,0,5,0,0,0,2024-08-31,['FW'],0,0,0,0,1,0,0,0,0,0,0,0,0
Cameron Archer,Southampton,19,ENG,FW,23,45.0,0,0,0,0,0,0,0,0,6,2,0,1,0.0,0.0,0.0,0,0,3,3,100.0,0,1,0,0,0,2024-08-31,['FW'],0,0,0,0,1,0,0,0,0,0,0,0,0
Joe Aribo,Southampton,7,NGA,"CM,RM",28,81.0,0,0,0,0,1,0,0,0,56,0,1,0,0.5,0.5,0.0,2,0,44,52,84.6,6,44,6,2,1,2024-08-31,"['CM', 'RM']",0,0,1,0,0,0,0,0,0,0,1,0,0
Adam Lallana,Southampton,10,ENG,RM,36,9.0,0,1,0,0,1,0,0,0,14,0,0,0,0.1,0.1,0.1,2,1,9,10,90.0,2,4,1,0,0,2024-08-31,['RM'],0,0,0,0,0,0,0,0,0,0,1,0,0
Flynn Downes,Southampton,4,ENG,CM,25,90.0,0,0,0,0,1,0,0,0,69,3,3,1,0.1,0.1,0.2,5,0,51,59,86.4,7,30,3,2,1,2024-08-31,['CM'],0,0,1,0,0,0,0,0,0,0,0,0,0
William Smallbone,Southampton,8,IRL,CM,24,45.0,0,0,0,0,0,0,0,0,32,4,0,0,0.0,0.0,0.3,3,0,16,23,69.6,0,13,0,0,0,2024-08-31,['CM'],0,0,1,0,0,0,0,0,0,0,0,0,0
Mateus Fernandes,Southampton,18,POR,"LM,CM",20,45.0,0,0,0,0,2,1,0,0,39,3,0,0,0.2,0.2,0.0,2,0,26,34,76.5,7,18,2,0,0,2024-08-31,"['LM', 'CM']",0,0,1,0,0,0,0,1,0,0,0,0,0
Kyle Walker-Peters,Southampton,2,ENG,"WB,LB",27,90.0,0,0,0,0,1,1,0,0,85,0,0,1,0.0,0.0,0.0,2,0,73,78,93.6,5,54,3,2,1,2024-08-31,"['WB', 'LB']",0,0,0,0,0,0,1,0,0,0,0,0,1
Yukinari Sugawara,Southampton,16,JPN,"WB,RB",24,90.0,1,0,0,0,3,2,0,0,96,2,2,1,0.2,0.2,0.5,4,0,70,84,83.3,4,46,1,1,0,2024-08-31,"['WB', 'RB']",0,0,0,0,0,0,0,0,0,1,0,0,1
Jack Stephens,Southampton,5,ENG,CB,30,90.0,0,0,0,0,1,0,0,0,71,0,0,0,0.2,0.2,0.0,0,0,64,67,95.5,1,31,0,1,0,2024-08-31,['CB'],0,1,0,0,0,0,0,0,0,0,0,0,0
Jan Bednarek,Southampton,35,POL,CB,28,90.0,0,0,0,0,0,0,0,0,96,0,1,3,0.0,0.0,0.0,1,0,80,86,93.0,1,45,0,0,0,2024-08-31,['CB'],0,1,0,0,0,0,0,0,0,0,0,0,0
Taylor Harwood-Bellis,Southampton,6,ENG,CB,22,55.0,0,0,0,0,0,0,1,0,69,0,1,1,0.0,0.0,0.0,2,0,57,64,89.1,4,46,1,1,1,2024-08-31,['CB'],0,1,0,0,0,0,0,0,0,0,0,0,0
Tyler Dibling,Southampton,33,ENG,RW,18,35.0,0,0,0,0,2,1,0,0,30,1,1,0,0.1,0.1,0.1,7,1,20,26,76.9,4,20,5,4,3,2024-08-31,['RW'],0,0,0,0,0,0,0,0,0,0,0,1,0
Aaron Ramsdale,Southampton,30,ENG,GK,26,90.0,0,0,0,0,0,0,0,0,43,0,0,0,0.0,0.0,0.0,0,0,28,41,68.3,0,33,0,0,0,2024-08-31,['GK'],0,0,0,0,0,1,0,0,0,0,0,0,0
Michail Antonio,West Ham United,9,JAM,FW,34,70.0,0,0,0,0,1,0,0,0,15,0,0,0,0.1,0.1,0.0,1,0,3,8,37.5,0,7,2,4,2,2024-08-31,['FW'],0,0,0,0,1,0,0,0,0,0,0,0,0
Niclas Füllkrug,West Ham United,11,GER,FW,31,20.0,0,0,0,0,0,0,0,0,6,0,0,0,0.0,0.0,0.0,1,0,5,5,100.0,0,4,0,0,0,2024-08-31,['FW'],0,0,0,0,1,0,0,0,0,0,0,0,0
Mohammed Kudus,West Ham United,14,GHA,"LW,RW",24,90.0,0,0,0,0,3,0,0,0,36,2,0,1,0.1,0.1,0.0,2,0,19,24,79.2,1,21,5,4,2,2024-08-31,"['LW', 'RW']",0,0,0,0,0,0,0,0,1,0,0,1,0
Jarrod Bowen,West Ham United,20,ENG,RW,27,85.0,0,0,0,0,2,1,0,0,31,2,0,0,0.1,0.1,0.3,2,0,12,23,52.2,2,21,2,3,1,2024-08-31,['RW'],0,0,0,0,0,0,0,0,0,0,0,1,0
Crysencio Summerville,West Ham United,7,NED,LW,22,5.0,0,0,0,0,1,1,0,0,4,0,0,1,0.1,0.1,0.0,0,0,1,2,50.0,0,2,0,0,0,2024-08-31,['LW'],0,0,0,0,0,0,0,0,1,0,0,0,0
Lucas Paquetá,West Ham United,10,BRA,AM,27,90.0,0,0,0,0,0,0,0,0,76,2,1,2,0.0,0.0,0.0,2,0,58,68,85.3,8,53,0,2,2,2024-08-31,['AM'],1,0,0,0,0,0,0,0,0,0,0,0,0
Edson Álvarez,West Ham United,19,MEX,DM,26,76.0,0,0,0,0,0,0,0,0,43,1,0,1,0.0,0.0,0.0,1,0,33,36,91.7,4,28,0,0,0,2024-08-31,['DM'],0,0,0,1,0,0,0,0,0,0,0,0,0
Tomáš Souček,West Ham United,28,CZE,DM,29,14.0,0,0,0,0,1,0,0,0,9,0,0,0,0.1,0.1,0.0,0,0,6,8,75.0,1,5,0,0,0,2024-08-31,['DM'],0,0,0,1,0,0,0,0,0,0,0,0,0
Guido Rodríguez,West Ham United,24,ARG,DM,30,90.0,0,0,0,0,1,0,1,0,46,0,3,3,0.0,0.0,0.0,0,0,31,37,83.8,0,24,0,0,0,2024-08-31,['DM'],0,0,0,1,0,0,0,0,0,0,0,0,0
Emerson Palmieri,West Ham United,33,ITA,LB,30,70.0,0,0,0,0,0,0,1,0,35,2,0,0,0.0,0.0,0.1,1,0,24,28,85.7,2,15,1,0,0,2024-08-31,['LB'],0,0,0,0,0,0,1,0,0,0,0,0,0
Vladimír Coufal,West Ham United,5,CZE,RB,32,20.0,0,0,0,0,0,0,0,0,7,0,0,0,0.0,0.0,0.0,0,0,3,6,50.0,1,2,2,0,0,2024-08-31,['RB'],0,0,0,0,0,0,0,0,0,1,0,0,0
Max Kilman,West Ham United,26,ENG,CB,27,90.0,0,0,0,0,1,0,1,0,40,0,0,2,0.2,0.2,0.0,0,0,28,30,93.3,2,28,0,0,0,2024-08-31,['CB'],0,1,0,0,0,0,0,0,0,0,0,0,0
Konstantinos Mavropanos,West Ham United,15,GRE,CB,26,90.0,0,0,0,0,0,0,0,0,41,0,0,2,0.0,0.0,0.0,1,0,32,35,91.4,0,29,1,0,0,2024-08-31,['CB'],0,1,0,0,0,0,0,0,0,0,0,0,0
Aaron Wan-Bissaka,West Ham United,29,ENG,"RB,LB",26,90.0,0,0,0,0,0,0,0,0,51,2,2,1,0.0,0.0,0.0,6,0,34,42,81.0,2,29,4,4,3,2024-08-31,"['RB', 'LB']",0,0,0,0,0,0,1,0,0,1,0,0,0
Alphonse Areola,West Ham United,23,FRA,GK,31,45.0,0,0,0,0,0,0,0,0,20,0,0,0,0.0,0.0,0.0,0,0,16,19,84.2,0,9,0,0,0,2024-08-31,['GK'],0,0,0,0,0,1,0,0,0,0,0,0,0
Łukasz Fabiański,West Ham United,1,POL,GK,39,45.0,0,0,0,0,0,0,0,0,8,0,0,0,0.0,0.0,0.0,0,0,5,8,62.5,0,6,0,0,0,2024-08-31,['GK'],0,0,0,0,0,1,0,0,0,0,0,0,0
Erling Haaland,Manchester City,9,NOR,FW,24,90.0,3,0,0,0,5,4,0,0,19,2,0,0,1.7,1.7,0.1,3,0,8,12,66.7,1,12,3,1,0,2024-08-31,['FW'],0,0,0,0,1,0,0,0,0,0,0,0,0
Jack Grealish,Manchester City,10,ENG,LW,28,71.0,0,0,0,0,2,0,0,0,46,2,0,1,0.2,0.2,0.3,7,0,36,40,90.0,6,29,10,2,1,2024-08-31,['LW'],0,0,0,0,0,0,0,0,1,0,0,0,0
Matheus Nunes,Manchester City,27,POR,LW,26,19.0,0,1,0,0,0,0,0,0,17,0,0,2,0.0,0.0,0.5,2,2,12,14,85.7,1,10,2,1,1,2024-08-31,['LW'],0,0,0,0,0,0,0,0,1,0,0,0,0
Jeremy Doku,Manchester City,11,BEL,RW,22,67.0,0,0,0,0,1,0,0,0,44,1,0,0,0.0,0.0,0.1,3,0,32,38,84.2,3,33,9,7,4,2024-08-31,['RW'],0,0,0,0,0,0,0,0,0,0,0,1,0
İlkay Gündoğan,Manchester City,19,GER,"CM,AM",33,23.0,0,0,0,0,0,0,0,0,27,0,0,0,0.0,0.0,0.2,2,0,26,26,100.0,3,14,3,1,1,2024-08-31,"['CM', 'AM']",1,0,1,0,0,0,0,0,0,0,0,0,0
Kevin De Bruyne,Manchester City,17,BEL,CM,33,87.0,0,0,0,0,6,2,1,0,105,0,0,2,0.3,0.3,0.5,10,0,75,95,78.9,12,50,2,3,2,2024-08-31,['CM'],0,0,1,0,0,0,0,0,0,0,0,0,0
Nathan Aké,Manchester City,6,NED,LB,29,3.0,0,0,0,0,0,0,0,0,9,1,1,0,0.0,0.0,0.0,0,0,6,7,85.7,1,4,0,0,0,2024-08-31,['LB'],0,0,0,0,0,0,1,0,0,0,0,0,0
Bernardo Silva,Manchester City,20,POR,"CM,RW",30,90.0,0,1,0,0,3,1,0,0,87,0,1,2,0.3,0.3,0.9,6,1,71,77,92.2,10,42,1,1,1,2024-08-31,"['CM', 'RW']",0,0,1,0,0,0,0,0,0,0,0,1,0
Mateo Kovačić,Manchester City,8,CRO,DM,30,90.0,0,0,0,0,0,0,0,0,106,2,1,3,0.0,0.0,0.0,2,1,93,97,95.9,11,58,2,2,1,2024-08-31,['DM'],0,0,0,1,0,0,0,0,0,0,0,0,0
Rico Lewis,Manchester City,82,ENG,DM,19,90.0,0,1,0,0,1,0,0,0,69,4,1,0,0.1,0.1,0.1,2,1,57,62,91.9,3,37,4,0,0,2024-08-31,['DM'],0,0,0,1,0,0,0,0,0,0,0,0,0
Joško Gvardiol,Manchester City,24,CRO,LB,22,87.0,0,0,0,0,3,1,0,0,75,3,2,2,0.1,0.1,0.0,1,0,58,61,95.1,9,37,0,1,1,2024-08-31,['LB'],0,0,0,0,0,0,1,0,0,0,0,0,0
Kyle Walker,Manchester City,2,ENG,RB,34,3.0,0,0,0,0,0,0,0,0,12,0,0,0,0.0,0.0,0.0,0,0,10,11,90.9,0,3,0,0,0,2024-08-31,['RB'],0,0,0,0,0,0,0,0,0,1,0,0,0
Rúben Dias,Manchester City,3,POR,CB,27,90.0,0,0,0,0,2,0,0,0,95,0,1,1,0.3,0.3,0.0,3,0,76,82,92.7,6,54,2,0,0,2024-08-31,['CB'],0,1,0,0,0,0,0,0,0,0,0,0,0
Manuel Akanji,Manchester City,25,SUI,"RB,CB",29,90.0,0,0,0,0,0,0,1,0,105,0,0,1,0.0,0.0,0.0,1,0,98,102,96.1,11,59,1,0,0,2024-08-31,"['RB', 'CB']",0,1,0,0,0,0,0,0,0,1,0,0,0
Ederson,Manchester City,31,BRA,GK,31,90.0,0,0,0,0,0,0,0,0,41,0,0,0,0.0,0.0,0.0,0,0,33,38,86.8,0,19,0,0,0,2024-08-31,['GK'],0,0,0,0,0,1,0,0,0,0,0,0,0
Alexander Isak,Newcastle United,14,SWE,FW,24,90.0,1,0,0,0,3,1,0,0,26,1,0,2,1.0,1.0,0.0,2,0,9,12,75.0,0,14,2,3,1,2024-09-01,['FW'],0,0,0,0,1,0,0,0,0,0,0,0,0
Harvey Barnes,Newcastle United,11,ENG,LW,26,60.0,1,0,0,0,2,1,0,0,14,1,1,0,0.5,0.5,0.0,0,0,4,7,57.1,1,11,1,1,1,2024-09-01,['LW'],0,0,0,0,0,0,0,0,1,0,0,0,0
Jacob Murphy,Newcastle United,23,ENG,RW,29,30.0,0,1,0,0,2,1,0,0,20,0,0,0,0.1,0.1,0.9,1,1,8,14,57.1,1,13,1,1,0,2024-09-01,['RW'],0,0,0,0,0,0,0,0,0,0,0,1,0
Anthony Gordon,Newcastle United,10,ENG,"RW,LW",23,89.0,0,0,0,0,0,0,0,0,50,3,1,2,0.0,0.0,0.3,4,0,19,36,52.8,0,22,3,5,1,2024-09-01,"['RW', 'LW']",0,0,0,0,0,0,0,0,1,0,0,1,0
Miguel Almirón,Newcastle United,24,PAR,LW,30,1.0,0,0,0,0,0,0,0,0,0,0,0,0,0.0,0.0,0.0,0,0,0,0,80.8,0,0,0,0,0,2024-09-01,['LW'],0,0,0,0,0,0,0,0,1,0,0,0,0
Joelinton,Newcastle United,7,BRA,LM,28,90.0,0,0,0,0,0,0,1,0,40,2,0,4,0.0,0.0,0.0,1,1,21,26,80.8,3,22,1,2,0,2024-09-01,['LM'],0,0,0,0,0,0,0,1,0,0,0,0,0
Bruno Guimarães,Newcastle United,39,BRA,CM,26,90.0,0,0,0,0,0,0,1,0,40,1,3,1,0.0,0.0,0.0,1,0,18,24,75.0,2,21,0,4,2,2024-09-01,['CM'],0,0,1,0,0,0,0,0,0,0,0,0,0
Sean Longstaff,Newcastle United,36,ENG,RM,26,67.0,0,0,0,0,0,0,1,0,38,6,3,2,0.0,0.0,0.0,1,0,20,26,76.9,2,18,0,0,0,2024-09-01,['RM'],0,0,0,0,0,0,0,0,0,0,1,0,0
Sandro Tonali,Newcastle United,8,ITA,RM,24,23.0,0,0,0,0,0,0,0,0,10,1,1,0,0.0,0.0,0.0,0,0,5,5,100.0,1,5,0,0,0,2024-09-01,['RM'],0,0,0,0,0,0,0,0,0,0,1,0,0
Lloyd Kelly,Newcastle United,25,ENG,LB,25,67.0,0,1,0,0,1,0,1,0,31,0,1,1,0.2,0.2,0.5,1,1,17,22,77.3,1,16,0,1,1,2024-09-01,['LB'],0,0,0,0,0,0,1,0,0,0,0,0,0
Lewis Hall,Newcastle United,20,ENG,LB,19,23.0,0,0,0,0,0,0,0,0,10,0,0,1,0.0,0.0,0.0,0,0,7,9,77.8,0,4,0,0,0,2024-09-01,['LB'],0,0,0,0,0,0,1,0,0,0,0,0,0
Dan Burn,Newcastle United,33,ENG,CB,32,90.0,0,0,0,0,0,0,0,0,37,1,2,3,0.0,0.0,0.0,1,1,18,22,81.8,2,14,0,0,0,2024-09-01,['CB'],0,1,0,0,0,0,0,0,0,0,0,0,0
Emil Krafth,Newcastle United,17,SWE,CB,30,90.0,0,0,0,0,1,0,0,0,35,1,0,2,0.0,0.0,0.0,1,0,20,25,80.0,0,20,0,0,0,2024-09-01,['CB'],0,1,0,0,0,0,0,0,0,0,0,0,0
Valentino Livramento,Newcastle United,21,ENG,RB,21,90.0,0,0,0,0,0,0,0,0,54,0,2,4,0.0,0.0,0.1,1,0,27,37,73.0,0,22,1,3,2,2024-09-01,['RB'],0,0,0,0,0,0,0,0,0,1,0,0,0
Nick Pope,Newcastle United,22,ENG,GK,32,90.0,0,0,0,0,0,0,0,0,38,0,0,0,0.0,0.0,0.0,1,0,14,31,45.2,0,15,0,0,0,2024-09-01,['GK'],0,0,0,0,0,1,0,0,0,0,0,0,0
Dejan Kulusevski,Tottenham Hotspur,21,SWE,"RM,FW",24,90.0,0,0,0,0,2,0,0,0,57,0,2,2,0.1,0.1,0.1,7,0,31,41,75.6,3,25,8,4,1,2024-09-01,"['RM', 'FW']",0,0,0,0,1,0,0,0,0,0,1,0,0
Son Heung-min,Tottenham Hotspur,7,KOR,"FW,LW",32,90.0,0,0,0,0,1,0,0,0,46,2,0,1,0.1,0.1,0.2,7,0,36,39,92.3,8,26,6,4,1,2024-09-01,"['FW', 'LW']",0,0,0,0,1,0,0,0,1,0,0,0,0
Wilson Odobert,Tottenham Hotspur,28,FRA,"RW,LW",19,73.0,0,0,0,0,4,0,0,0,38,2,0,0,0.3,0.3,0.0,2,0,20,28,71.4,3,26,2,3,1,2024-09-01,"['RW', 'LW']",0,0,0,0,0,0,0,0,1,0,0,1,0
Timo Werner,Tottenham Hotspur,16,GER,LW,28,17.0,0,0,0,0,0,0,0,0,14,1,0,1,0.0,0.0,0.0,0,0,8,8,100.0,1,7,0,1,0,2024-09-01,['LW'],0,0,0,0,0,0,0,0,1,0,0,0,0
James Maddison,Tottenham Hotspur,10,ENG,"AM,LM",27,81.0,0,0,0,0,2,2,1,0,68,2,0,0,0.1,0.1,0.1,6,0,41,57,71.9,4,43,2,3,0,2024-09-01,"['AM', 'LM']",1,0,0,0,0,0,0,1,0,0,0,0,0
Lucas Bergvall,Tottenham Hotspur,15,SWE,LM,18,9.0,0,0,0,0,0,0,0,0,12,0,0,0,0.0,0.0,0.0,0,0,9,11,81.8,1,6,0,0,0,2024-09-01,['LM'],0,0,0,0,0,0,0,1,0,0,0,0,0
Yves Bissouma,Tottenham Hotspur,8,MLI,"DM,CM",28,81.0,0,0,0,0,0,0,1,0,73,1,1,2,0.0,0.0,0.2,3,0,56,61,91.8,9,47,4,6,4,2024-09-01,"['DM', 'CM']",0,0,1,1,0,0,0,0,0,0,0,0,0
Rodrigo Bentancur,Tottenham Hotspur,30,URU,CM,27,9.0,0,0,0,0,0,0,1,0,17,0,0,0,0.0,0.0,0.0,0,0,14,17,82.4,0,8,0,0,0,2024-09-01,['CM'],0,0,1,0,0,0,0,0,0,0,0,0,0
Pape Matar Sarr,Tottenham Hotspur,29,SEN,DM,21,45.0,0,0,0,0,2,2,1,0,43,5,0,2,0.1,0.1,0.0,1,0,32,35,91.4,0,22,0,0,0,2024-09-01,['DM'],0,0,0,1,0,0,0,0,0,0,0,0,0
Brennan Johnson,Tottenham Hotspur,22,WAL,RW,23,45.0,0,0,0,0,2,1,0,0,27,2,0,1,0.3,0.3,0.0,2,0,15,23,65.2,3,16,6,2,2,2024-09-01,['RW'],0,0,0,0,0,0,0,0,0,0,0,1,0
Destiny Udogie,Tottenham Hotspur,13,ITA,LB,21,90.0,0,0,0,0,0,0,0,0,56,2,0,2,0.0,0.0,0.0,2,0,43,49,87.8,5,28,0,0,0,2024-09-01,['LB'],0,0,0,0,0,0,1,0,0,0,0,0,0
Cristian Romero,Tottenham Hotspur,17,ARG,CB,26,90.0,0,0,0,0,0,0,0,0,60,2,0,2,0.0,0.0,0.0,0,0,47,54,87.0,4,34,1,0,0,2024-09-01,['CB'],0,1,0,0,0,0,0,0,0,0,0,0,0
Radu Drăgușin,Tottenham Hotspur,6,ROU,CB,22,90.0,0,0,0,0,1,0,0,0,60,1,1,2,0.0,0.0,0.0,0,0,41,48,85.4,1,28,0,1,0,2024-09-01,['CB'],0,1,0,0,0,0,0,0,0,0,0,0,0
Pedro Porro,Tottenham Hotspur,23,ESP,RB,24,90.0,0,0,0,0,6,1,0,0,80,2,3,1,0.2,0.2,0.1,5,0,43,63,68.3,6,42,0,2,1,2024-09-01,['RB'],0,0,0,0,0,0,0,0,0,1,0,0,0
Guglielmo Vicario,Tottenham Hotspur,1,ITA,GK,27,90.0,0,0,0,0,0,0,0,0,24,0,0,0,0.0,0.0,0.0,0,0,14,23,60.9,0,19,0,0,0,2024-09-01,['GK'],0,0,0,0,0,1,0,0,0,0,0,0,0
Nicolas Jackson,Chelsea,15,SEN,FW,23,90.0,1,0,0,0,4,3,1,0,17,0,0,0,1.6,1.6,0.0,1,0,3,5,60.0,0,10,3,4,2,2024-09-01,['FW'],0,0,0,0,1,0,0,0,0,0,0,0,0
Pedro Neto,Chelsea,7,POR,LW,24,57.0,0,0,0,0,0,0,1,0,20,0,0,0,0.0,0.0,0.0,2,0,13,18,72.2,1,15,4,3,1,2024-09-01,['LW'],0,0,0,0,0,0,0,0,1,0,0,0,0
João Félix,Chelsea,14,POR,"LM,LW",24,33.0,0,0,0,0,1,1,0,0,20,0,0,0,0.0,0.0,0.0,2,0,12,13,92.3,2,10,1,5,2,2024-09-01,"['LM', 'LW']",0,0,0,0,0,0,0,1,1,0,0,0,0
Noni Madueke,Chelsea,11,ENG,RW,22,85.0,0,0,0,0,3,1,0,0,37,2,0,1,0.5,0.5,0.0,2,1,24,27,88.9,5,19,5,4,2,2024-09-01,['RW'],0,0,0,0,0,0,0,0,0,0,0,1,0
Christopher Nkunku,Chelsea,18,FRA,RW,26,5.0,0,0,0,0,0,0,0,0,13,0,0,0,0.0,0.0,0.1,1,0,10,12,83.3,2,5,1,0,0,2024-09-01,['RW'],0,0,0,0,0,0,0,0,0,0,0,1,0
Cole Palmer,Chelsea,20,ENG,"AM,RM",22,90.0,0,1,0,0,2,1,1,0,57,0,1,0,0.1,0.1,1.2,8,1,36,47,76.6,5,32,1,3,1,2024-09-01,"['AM', 'RM']",1,0,0,0,0,0,0,0,0,0,1,0,0
Enzo Fernández,Chelsea,8,ARG,"DM,CM",23,90.0,0,0,0,0,0,0,0,0,92,3,0,1,0.0,0.0,0.0,1,0,65,79,82.3,3,43,0,0,0,2024-09-01,"['DM', 'CM']",0,0,1,1,0,0,0,0,0,0,0,0,0
Moisés Caicedo,Chelsea,25,ECU,"DM,RB",22,90.0,0,0,0,0,0,0,0,0,93,5,3,2,0.0,0.0,0.0,2,0,75,80,93.8,4,45,2,2,0,2024-09-01,"['DM', 'RB']",0,0,0,1,0,0,0,0,0,1,0,0,0
Marc Cucurella,Chelsea,3,ESP,LB,26,90.0,0,0,0,0,0,0,0,0,92,0,0,2,0.0,0.0,0.0,0,0,74,83,89.2,7,29,1,1,1,2024-09-01,['LB'],0,0,0,0,0,0,1,0,0,0,0,0,0
Levi Colwill,Chelsea,6,ENG,CB,21,90.0,0,0,0,0,2,1,0,0,124,1,1,1,0.2,0.2,0.0,1,0,106,112,94.6,10,69,1,1,0,2024-09-01,['CB'],0,1,0,0,0,0,0,0,0,0,0,0,0
Wesley Fofana,Chelsea,29,FRA,CB,23,90.0,0,0,0,0,0,0,1,0,87,1,2,4,0.0,0.0,0.3,3,0,64,68,94.1,6,45,1,2,1,2024-09-01,['CB'],0,1,0,0,0,0,0,0,0,0,0,0,0
Malo Gusto,Chelsea,27,FRA,RB,21,73.0,0,0,0,0,1,0,0,0,45,1,1,1,0.0,0.0,0.0,0,0,34,38,89.5,2,23,1,0,0,2024-09-01,['RB'],0,0,0,0,0,0,0,0,0,1,0,0,0
Mykhailo Mudryk,Chelsea,10,UKR,LW,23,17.0,0,0,0,0,0,0,0,0,13,0,0,1,0.0,0.0,0.5,2,0,5,10,50.0,3,6,2,2,1,2024-09-01,['LW'],0,0,0,0,0,0,0,0,1,0,0,0,0
Robert Sánchez,Chelsea,1,ESP,GK,26,90.0,0,0,0,0,0,0,0,0,39,0,0,0,0.0,0.0,0.0,0,0,32,36,88.9,0,27,0,0,0,2024-09-01,['GK'],0,0,0,0,0,1,0,0,0,0,0,0,0
Jean-Philippe Mateta,Crystal Palace,14,FRA,FW,27,68.0,0,0,0,0,1,0,0,0,8,0,0,0,0.0,0.0,0.0,1,0,3,5,60.0,0,4,0,0,0,2024-09-01,['FW'],0,0,0,0,1,0,0,0,0,0,0,0,0
Ismaila Sarr,Crystal Palace,7,SEN,FW,26,22.0,0,0,0,0,0,0,0,0,12,0,0,0,0.0,0.0,0.3,3,0,9,10,90.0,1,6,1,0,0,2024-09-01,['FW'],0,0,0,0,1,0,0,0,0,0,0,0,0
Eberechi Eze,Crystal Palace,10,ENG,AM,26,90.0,1,0,0,0,3,1,0,0,51,1,0,1,0.2,0.2,0.0,2,0,33,39,84.6,9,37,1,5,2,2024-09-01,['AM'],1,0,0,0,0,0,0,0,0,0,0,0,0
Daichi Kamada,Crystal Palace,18,JPN,AM,28,87.0,0,0,0,0,2,1,0,0,43,1,0,1,0.1,0.1,0.0,3,0,30,38,78.9,3,23,4,1,1,2024-09-01,['AM'],1,0,0,0,0,0,0,0,0,0,0,0,0
Jeffrey Schlupp,Crystal Palace,15,GHA,AM,31,3.0,0,0,0,0,0,0,0,0,7,0,0,0,0.0,0.0,0.0,0,0,4,4,100.0,1,3,0,0,0,2024-09-01,['AM'],1,0,0,0,0,0,0,0,0,0,0,0,0
Will Hughes,Crystal Palace,19,ENG,CM,29,49.0,0,0,0,0,0,0,1,0,28,1,0,0,0.0,0.0,0.0,0,0,22,26,84.6,1,10,0,0,0,2024-09-01,['CM'],0,0,1,0,0,0,0,0,0,0,0,0,0
Cheick Doucouré,Crystal Palace,28,MLI,CM,24,41.0,0,0,0,0,1,0,0,0,19,2,1,0,0.0,0.0,0.0,1,1,11,12,91.7,2,6,1,1,1,2024-09-01,['CM'],0,0,1,0,0,0,0,0,0,0,0,0,0
Adam Wharton,Crystal Palace,20,ENG,CM,20,90.0,0,0,0,0,1,1,0,0,58,1,2,1,0.0,0.0,0.0,3,0,34,44,77.3,7,27,2,2,0,2024-09-01,['CM'],0,0,1,0,0,0,0,0,0,0,0,0,0
Tyrick Mitchell,Crystal Palace,3,ENG,WB,25,90.0,0,0,0,0,1,0,0,0,44,4,1,0,0.1,0.1,0.0,2,0,23,33,69.7,1,18,1,0,0,2024-09-01,['WB'],0,0,0,0,0,0,0,0,0,0,0,0,1
Daniel Muñoz,Crystal Palace,12,COL,WB,28,90.0,0,0,0,0,0,0,1,0,57,5,1,0,0.0,0.0,0.1,2,0,34,43,79.1,4,21,3,3,1,2024-09-01,['WB'],0,0,0,0,0,0,0,0,0,0,0,0,1
Chris Richards,Crystal Palace,26,USA,CB,24,90.0,0,0,0,0,0,0,0,0,42,1,0,1,0.0,0.0,0.0,0,0,28,34,82.4,1,21,1,0,0,2024-09-01,['CB'],0,1,0,0,0,0,0,0,0,0,0,0,0
Marc Guéhi,Crystal Palace,6,ENG,CB,24,90.0,0,0,0,0,0,0,0,0,46,0,0,1,0.0,0.0,0.0,0,0,32,38,84.2,0,20,0,1,1,2024-09-01,['CB'],0,1,0,0,0,0,0,0,0,0,0,0,0
Nathaniel Clyne,Crystal Palace,17,ENG,CB,33,90.0,0,0,0,0,0,0,0,0,34,3,1,0,0.0,0.0,0.0,0,0,17,24,70.8,1,15,0,0,0,2024-09-01,['CB'],0,1,0,0,0,0,0,0,0,0,0,0,0
Dean Henderson,Crystal Palace,1,ENG,GK,27,90.0,0,0,0,0,0,0,0,0,36,0,0,0,0.0,0.0,0.0,0,0,20,32,62.5,0,19,0,0,0,2024-09-01,['GK'],0,0,0,0,0,1,0,0,0,0,0,0,0
Joshua Zirkzee,Manchester United,11,NED,FW,23,85.0,0,0,0,0,3,2,1,0,30,0,0,2,0.9,0.9,0.0,1,0,15,21,71.4,3,17,0,3,0,2024-09-01,['FW'],0,0,0,0,1,0,0,0,0,0,0,0,0
Christian Eriksen,Manchester United,14,DEN,AM,32,5.0,0,0,0,0,0,0,0,0,4,0,0,0,0.0,0.0,0.0,0,0,3,4,75.0,0,3,0,0,0,2024-09-01,['AM'],1,0,0,0,0,0,0,0,0,0,0,0,0
Marcus Rashford,Manchester United,10,ENG,LW,26,90.0,0,0,0,0,0,0,0,0,31,1,0,0,0.0,0.0,0.8,2,0,18,26,69.2,1,21,1,5,2,2024-09-01,['LW'],0,0,0,0,0,0,0,0,1,0,0,0,0
Alejandro Garnacho,Manchester United,17,ARG,RW,20,68.0,0,0,0,0,0,0,0,0,32,1,1,0,0.0,0.0,0.1,1,0,20,24,83.3,0,19,3,3,0,2024-09-01,['RW'],0,0,0,0,0,0,0,0,0,0,0,1,0
Amad Diallo,Manchester United,16,CIV,RW,22,22.0,0,0,0,0,1,0,0,0,21,2,0,1,0.0,0.0,0.4,2,0,12,15,80.0,0,15,3,2,0,2024-09-01,['RW'],0,0,0,0,0,0,0,0,0,0,0,1,0
Bruno Fernandes,Manchester United,8,POR,"AM,FW",29,90.0,0,0,0,0,1,0,0,0,58,4,0,1,0.0,0.0,0.0,2,0,38,49,77.6,5,36,0,1,0,2024-09-01,"['AM', 'FW']",1,0,0,0,1,0,0,0,0,0,0,0,0
Kobbie Mainoo,Manchester United,37,ENG,DM,19,90.0,0,0,0,0,0,0,1,0,50,3,1,0,0.0,0.0,0.0,1,0,36,41,87.8,3,33,2,3,2,2024-09-01,['DM'],0,0,0,1,0,0,0,0,0,0,0,0,0
Casemiro,Manchester United,18,BRA,DM,32,45.0,0,0,0,0,0,0,0,0,44,1,0,1,0.0,0.0,0.0,0,0,26,37,70.3,3,26,1,1,1,2024-09-01,['DM'],0,0,0,1,0,0,0,0,0,0,0,0,0
Toby Collyer,Manchester United,43,ENG,DM,20,45.0,0,0,0,0,0,0,0,0,31,4,0,0,0.0,0.0,0.1,2,0,15,19,78.9,2,20,0,1,1,2024-09-01,['DM'],0,0,0,1,0,0,0,0,0,0,0,0,0
Diogo Dalot,Manchester United,20,POR,LB,25,90.0,0,0,0,0,0,0,0,0,64,3,4,1,0.0,0.0,0.0,2,0,45,57,78.9,7,28,1,2,1,2024-09-01,['LB'],0,0,0,0,0,0,1,0,0,0,0,0,0
Lisandro Martínez,Manchester United,6,ARG,CB,26,90.0,0,0,0,0,1,0,1,0,76,3,0,0,0.3,0.3,0.0,1,0,61,65,93.8,3,54,0,0,0,2024-09-01,['CB'],0,1,0,0,0,0,0,0,0,0,0,0,0
Matthijs de Ligt,Manchester United,4,NED,CB,25,68.0,0,0,0,0,0,0,1,0,60,1,1,0,0.0,0.0,0.0,0,0,47,55,85.5,1,43,0,0,0,2024-09-01,['CB'],0,1,0,0,0,0,0,0,0,0,0,0,0
Harry Maguire,Manchester United,5,ENG,CB,31,22.0,0,0,0,0,0,0,0,0,23,1,0,0,0.0,0.0,0.0,0,0,18,22,81.8,0,14,0,0,0,2024-09-01,['CB'],0,1,0,0,0,0,0,0,0,0,0,0,0
Noussair Mazraoui,Manchester United,3,MAR,RB,26,90.0,0,0,0,0,2,1,0,0,82,8,0,0,0.1,0.1,0.0,2,0,53,66,80.3,5,39,1,1,1,2024-09-01,['RB'],0,0,0,0,0,0,0,0,0,1,0,0,0
André Onana,Manchester United,24,CMR,GK,28,90.0,0,0,0,0,0,0,0,0,55,0,0,0,0.0,0.0,0.0,0,0,46,55,83.6,0,39,0,0,0,2024-09-01,['GK'],0,0,0,0,0,1,0,0,0,0,0,0,0
Diogo Jota,Liverpool,20,POR,FW,27,75.0,0,0,0,0,1,0,0,0,25,0,1,1,0.0,0.0,0.0,0,0,7,11,63.6,1,14,1,5,0,2024-09-01,['FW'],0,0,0,0,1,0,0,0,0,0,0,0,0
Darwin Núñez,Liverpool,9,URU,FW,25,15.0,0,0,0,0,1,0,0,0,10,1,0,0,0.1,0.1,0.0,1,0,5,6,83.3,1,4,0,2,1,2024-09-01,['FW'],0,0,0,0,1,0,0,0,0,0,0,0,0
Luis Díaz,Liverpool,7,COL,LW,27,65.0,2,0,0,0,2,2,0,0,29,1,0,3,0.6,0.6,0.0,1,1,10,17,58.8,0,19,2,4,1,2024-09-01,['LW'],0,0,0,0,0,0,0,0,1,0,0,0,0
Cody Gakpo,Liverpool,18,NED,LW,25,25.0,0,0,0,0,2,0,0,0,9,2,0,0,0.3,0.3,0.0,0,0,3,4,75.0,0,4,0,0,0,2024-09-01,['LW'],0,0,0,0,0,0,0,0,1,0,0,0,0
Mohamed Salah,Liverpool,11,EGY,RW,32,90.0,1,2,0,0,3,1,0,0,46,1,1,0,0.6,0.6,0.9,7,2,27,35,77.1,2,32,5,4,2,2024-09-01,['RW'],0,0,0,0,0,0,0,0,0,0,0,1,0
Dominik Szoboszlai,Liverpool,8,HUN,AM,23,90.0,0,1,0,0,1,0,0,0,48,2,1,2,0.0,0.0,0.4,4,1,36,40,90.0,2,20,4,0,0,2024-09-01,['AM'],1,0,0,0,0,0,0,0,0,0,0,0,0
Alexis Mac Allister,Liverpool,10,ARG,DM,25,90.0,0,0,0,0,0,0,0,0,59,6,0,1,0.0,0.0,0.1,3,1,42,49,85.7,7,20,1,0,0,2024-09-01,['DM'],0,0,0,1,0,0,0,0,0,0,0,0,0
Ryan Gravenberch,Liverpool,38,NED,DM,22,90.0,0,0,0,0,0,0,0,0,57,2,4,1,0.0,0.0,0.0,1,1,37,44,84.1,4,29,3,3,1,2024-09-01,['DM'],0,0,0,1,0,0,0,0,0,0,0,0,0
Andrew Robertson,Liverpool,26,SCO,LB,30,82.0,0,0,0,0,0,0,0,0,52,1,0,1,0.0,0.0,0.0,1,0,40,49,81.6,1,23,0,0,0,2024-09-01,['LB'],0,0,0,0,0,0,1,0,0,0,0,0,0
Kostas Tsimikas,Liverpool,21,GRE,LB,28,8.0,0,0,0,0,0,0,0,0,7,1,0,0,0.0,0.0,0.0,0,0,4,6,66.7,0,3,0,0,0,2024-09-01,['LB'],0,0,0,0,0,0,1,0,0,0,0,0,0
Virgil van Dijk,Liverpool,4,NED,CB,33,90.0,0,0,0,0,0,0,1,0,89,2,3,1,0.0,0.0,0.0,2,0,69,73,94.5,3,37,0,0,0,2024-09-01,['CB'],0,1,0,0,0,0,0,0,0,0,0,0,0
Ibrahima Konaté,Liverpool,5,FRA,CB,25,90.0,0,0,0,0,1,0,0,0,74,2,0,2,0.0,0.0,0.0,0,0,58,65,89.2,4,35,0,0,0,2024-09-01,['CB'],0,1,0,0,0,0,0,0,0,0,0,0,0
Trent Alexander-Arnold,Liverpool,66,ENG,RB,25,75.0,0,0,0,0,0,0,0,0,51,3,0,1,0.0,0.0,0.0,0,0,32,46,69.6,3,14,2,2,0,2024-09-01,['RB'],0,0,0,0,0,0,0,0,0,1,0,0,0
Conor Bradley,Liverpool,84,NIR,RB,21,15.0,0,0,0,0,0,0,0,0,19,0,0,0,0.0,0.0,0.0,1,0,13,16,81.3,2,7,2,0,0,2024-09-01,['RB'],0,0,0,0,0,0,0,0,0,1,0,0,0
Alisson,Liverpool,1,BRA,GK,31,90.0,0,0,0,0,0,0,0,0,40,0,0,0,0.0,0.0,0.0,0,0,31,36,86.1,0,21,0,0,0,2024-09-01,['GK'],0,0,0,0,0,1,0,0,0,0,0,0,0
Cameron Archer,Southampton,19,ENG,FW,23,61.0,0,0,0,1,2,1,0,0,13,0,0,0,0.8,0.0,0.0,1,0,9,9,100.0,1,5,1,1,0,2024-09-14,['FW'],0,0,0,0,1,0,0,0,0,0,0,0,0
Ross Stewart,Southampton,11,SCO,FW,28,29.0,0,0,0,0,0,0,0,0,7,0,0,1,0.0,0.0,0.0,0,0,5,6,83.3,0,5,0,0,0,2024-09-14,['FW'],0,0,0,0,1,0,0,0,0,0,0,0,0
Ben Brereton,Southampton,17,CHI,LW,25,63.0,0,0,0,0,0,0,0,0,30,1,0,2,0.0,0.0,0.0,0,0,17,22,77.3,2,18,1,0,0,2024-09-14,['LW'],0,0,0,0,0,0,0,0,1,0,0,0,0
Ryan Fraser,Southampton,24,SCO,LW,30,27.0,0,0,0,0,0,0,0,0,7,1,0,0,0.0,0.0,0.0,0,0,5,5,100.0,0,5,1,0,0,2024-09-14,['LW'],0,0,0,0,0,0,0,0,1,0,0,0,0
Tyler Dibling,Southampton,33,ENG,RW,18,62.0,0,0,0,0,1,1,0,0,30,0,0,3,0.0,0.0,0.0,3,0,17,19,89.5,1,22,3,5,0,2024-09-14,['RW'],0,0,0,0,0,0,0,0,0,0,0,1,0
Adam Lallana,Southampton,10,ENG,DM,36,28.0,0,0,0,0,0,0,0,0,26,2,0,0,0.0,0.0,0.0,0,0,16,22,72.7,1,11,0,1,0,2024-09-14,['DM'],0,0,0,1,0,0,0,0,0,0,0,0,0
Mateus Fernandes,Southampton,18,POR,AM,20,80.0,0,0,0,0,0,0,0,0,38,2,2,0,0.0,0.0,0.0,0,0,20,27,74.1,0,22,2,1,0,2024-09-14,['AM'],1,0,0,0,0,0,0,0,0,0,0,0,0
Taylor Harwood-Bellis,Southampton,6,ENG,CB,22,10.0,0,0,0,0,0,0,0,0,12,0,0,1,0.0,0.0,0.0,0,0,10,11,90.9,0,4,0,0,0,2024-09-14,['CB'],0,1,0,0,0,0,0,0,0,0,0,0,0
Lesley Ugochukwu,Southampton,26,FRA,DM,20,63.0,0,0,0,0,1,0,0,0,31,2,0,2,0.2,0.2,0.0,1,0,23,25,92.0,1,16,1,1,0,2024-09-14,['DM'],0,0,0,1,0,0,0,0,0,0,0,0,0
Maxwel Cornet,Southampton,22,CIV,RW,27,27.0,0,0,0,0,0,0,1,0,14,2,0,0,0.0,0.0,0.0,0,0,8,10,80.0,0,8,1,1,0,2024-09-14,['RW'],0,0,0,0,0,0,0,0,0,0,0,1,0
Flynn Downes,Southampton,4,ENG,DM,25,90.0,0,0,0,0,0,0,0,0,76,2,3,1,0.0,0.0,0.0,0,0,58,59,98.3,3,32,2,3,0,2024-09-14,['DM'],0,0,0,1,0,0,0,0,0,0,0,0,0
Kyle Walker-Peters,Southampton,2,ENG,LB,27,90.0,0,0,0,0,0,0,0,0,54,3,3,0,0.0,0.0,0.0,0,0,36,42,85.7,2,30,4,6,3,2024-09-14,['LB'],0,0,0,0,0,0,1,0,0,0,0,0,0
Jan Bednarek,Southampton,35,POL,CB,28,90.0,0,0,0,0,0,0,0,0,93,0,2,4,0.0,0.0,0.0,0,0,70,80,87.5,1,57,0,0,0,2024-09-14,['CB'],0,1,0,0,0,0,0,0,0,0,0,0,0
Jack Stephens,Southampton,5,ENG,CB,30,78.0,0,0,0,0,0,0,0,1,74,4,0,1,0.0,0.0,0.0,1,0,64,70,91.4,2,38,2,0,0,2024-09-14,['CB'],0,1,0,0,0,0,0,0,0,0,0,0,0
Yukinari Sugawara,Southampton,16,JPN,RB,24,90.0,0,0,0,0,1,0,0,0,68,2,1,0,0.0,0.0,0.2,4,0,52,61,85.2,8,46,3,1,1,2024-09-14,['RB'],0,0,0,0,0,0,0,0,0,1,0,0,0
Aaron Ramsdale,Southampton,30,ENG,GK,26,90.0,0,0,0,0,0,0,0,0,43,0,0,0,0.0,0.0,0.0,0,0,29,37,78.4,0,30,0,0,0,2024-09-14,['GK'],0,0,0,0,0,1,0,0,0,0,0,0,0
Joshua Zirkzee,Manchester United,11,NED,FW,23,90.0,0,0,0,0,3,2,0,0,36,0,1,0,1.1,1.1,0.0,6,0,23,28,82.1,3,26,1,3,3,2024-09-14,['FW'],0,0,0,0,1,0,0,0,0,0,0,0,0
Marcus Rashford,Manchester United,10,ENG,LW,26,72.0,1,0,0,0,4,3,0,0,30,1,0,0,0.4,0.4,0.0,3,0,18,22,81.8,1,22,4,3,0,2024-09-14,['LW'],0,0,0,0,0,0,0,0,1,0,0,0,0
Alejandro Garnacho,Manchester United,17,ARG,LW,20,18.0,1,0,0,0,2,1,0,0,12,0,0,1,0.3,0.3,0.1,1,0,6,6,100.0,0,12,1,1,0,2024-09-14,['LW'],0,0,0,0,0,0,0,0,1,0,0,0,0
Amad Diallo,Manchester United,16,CIV,RW,22,90.0,0,1,0,0,1,1,0,0,68,4,0,0,0.0,0.0,0.5,10,1,55,62,88.7,9,42,13,1,0,2024-09-14,['RW'],0,0,0,0,0,0,0,0,0,0,0,1,0
Bruno Fernandes,Manchester United,8,POR,AM,30,90.0,0,1,0,0,5,0,1,0,61,4,0,2,0.2,0.2,0.3,3,1,36,42,85.7,10,35,4,5,3,2024-09-14,['AM'],1,0,0,0,0,0,0,0,0,0,0,0,0
Kobbie Mainoo,Manchester United,37,ENG,DM,19,90.0,0,0,0,0,1,0,1,0,72,4,2,0,0.0,0.0,0.4,1,0,50,58,86.2,2,39,0,4,2,2024-09-14,['DM'],0,0,0,1,0,0,0,0,0,0,0,0,0
Christian Eriksen,Manchester United,14,DEN,DM,32,72.0,0,0,0,0,0,0,1,0,52,1,0,2,0.0,0.0,0.8,5,2,42,47,89.4,6,24,2,0,0,2024-09-14,['DM'],0,0,0,1,0,0,0,0,0,0,0,0,0
Manuel Ugarte Ribeiro,Manchester United,25,URU,DM,23,18.0,0,0,0,0,0,0,0,0,15,2,0,0,0.0,0.0,0.0,1,0,13,13,100.0,0,9,0,1,0,2024-09-14,['DM'],0,0,0,1,0,0,0,0,0,0,0,0,0
Diogo Dalot,Manchester United,20,POR,"LB,RB",25,90.0,0,1,0,0,0,0,0,0,93,1,2,0,0.0,0.0,0.4,3,1,78,86,90.7,3,61,0,2,1,2024-09-14,"['LB', 'RB']",0,0,0,0,0,0,1,0,0,1,0,0,0
Lisandro Martínez,Manchester United,6,ARG,"CB,LB",26,76.0,0,0,0,0,0,0,0,0,66,2,5,1,0.0,0.0,0.0,0,0,58,60,96.7,3,43,1,1,1,2024-09-14,"['CB', 'LB']",0,1,0,0,0,0,1,0,0,0,0,0,0
Jonny Evans,Manchester United,35,NIR,LB,36,14.0,0,0,0,0,0,0,0,0,19,1,1,0,0.0,0.0,0.0,1,0,18,18,100.0,2,8,0,0,0,2024-09-14,['LB'],0,0,0,0,0,0,1,0,0,0,0,0,0
Matthijs de Ligt,Manchester United,4,NED,CB,25,86.0,1,0,0,0,2,2,0,0,75,2,1,1,0.4,0.4,0.0,1,0,59,64,92.2,3,50,0,0,0,2024-09-14,['CB'],0,1,0,0,0,0,0,0,0,0,0,0,0
Casemiro,Manchester United,18,BRA,CB,32,4.0,0,0,0,0,0,0,0,0,24,0,0,0,0.0,0.0,0.0,1,1,22,24,91.7,5,20,0,0,0,2024-09-14,['CB'],0,1,0,0,0,0,0,0,0,0,0,0,0
Noussair Mazraoui,Manchester United,3,MAR,RB,26,73.0,0,0,0,0,2,1,0,0,57,0,0,1,0.1,0.1,0.0,3,0,43,50,86.0,5,28,1,3,3,2024-09-14,['RB'],0,0,0,0,0,0,0,0,0,1,0,0,0
Harry Maguire,Manchester United,5,ENG,CB,31,17.0,0,0,0,0,0,0,1,0,25,0,0,0,0.0,0.0,0.0,0,0,25,25,100.0,2,18,0,1,1,2024-09-14,['CB'],0,1,0,0,0,0,0,0,0,0,0,0,0
André Onana,Manchester United,24,CMR,GK,28,90.0,0,0,0,0,0,0,0,0,39,0,0,0,0.0,0.0,0.0,0,0,30,35,85.7,0,29,0,0,0,2024-09-14,['GK'],0,0,0,0,0,1,0,0,0,0,0,0,0
Danny Welbeck,Brighton & Hove Albion,18,ENG,FW,33,84.0,0,0,0,0,4,1,0,0,30,0,0,0,0.2,0.2,0.0,2,0,17,20,85.0,2,18,0,3,1,2024-09-14,['FW'],0,0,0,0,1,0,0,0,0,0,0,0,0
Evan Ferguson,Brighton & Hove Albion,28,IRL,FW,19,6.0,0,0,0,0,1,0,0,0,2,0,0,0,0.1,0.1,0.0,0,0,1,1,100.0,0,1,0,0,0,2024-09-14,['FW'],0,0,0,0,1,0,0,0,0,0,0,0,0
Georginio Rutter,Brighton & Hove Albion,14,FRA,FW,22,66.0,0,0,0,0,3,1,0,0,30,1,0,0,0.4,0.4,0.1,6,0,15,23,65.2,6,17,1,2,1,2024-09-14,['FW'],0,0,0,0,1,0,0,0,0,0,0,0,0
Julio Enciso,Brighton & Hove Albion,10,PAR,FW,20,24.0,0,0,0,0,1,1,0,0,25,0,0,0,0.0,0.0,0.0,1,0,15,20,75.0,2,14,1,2,1,2024-09-14,['FW'],0,0,0,0,1,0,0,0,0,0,0,0,0
Kaoru Mitoma,Brighton & Hove Albion,22,JPN,LM,27,90.0,0,0,0,0,3,2,0,0,54,2,0,2,0.6,0.6,0.0,3,0,28,42,66.7,3,35,10,2,1,2024-09-14,['LM'],0,0,0,0,0,0,0,1,0,0,0,0,0
Yasin Ayari,Brighton & Hove Albion,26,SWE,CM,20,90.0,0,0,0,0,2,0,0,0,63,4,1,0,0.1,0.1,0.0,5,0,35,46,76.1,5,33,5,5,1,2024-09-14,['CM'],0,0,1,0,0,0,0,0,0,0,0,0,0
Carlos Baleba,Brighton & Hove Albion,20,CMR,CM,20,90.0,0,0,0,0,4,1,0,0,63,3,2,0,0.2,0.2,0.1,5,0,44,48,91.7,8,29,2,6,4,2024-09-14,['CM'],0,0,1,0,0,0,0,0,0,0,0,0,0
Yankuba Minteh,Brighton & Hove Albion,17,GAM,RM,20,67.0,0,0,0,0,0,0,1,0,42,0,0,1,0.0,0.0,0.2,4,0,23,33,69.7,3,23,3,7,1,2024-09-14,['RM'],0,0,0,0,0,0,0,0,0,0,1,0,0
Simon Adingra,Brighton & Hove Albion,11,CIV,RM,22,23.0,0,0,0,0,1,0,0,0,16,1,0,0,0.0,0.0,0.0,0,0,7,13,53.8,0,9,1,1,0,2024-09-14,['RM'],0,0,0,0,0,0,0,0,0,0,1,0,0
Jack Hinshelwood,Brighton & Hove Albion,41,ENG,LB,19,67.0,0,0,0,0,0,0,1,0,68,4,0,0,0.0,0.0,0.0,1,0,47,63,74.6,4,19,1,0,0,2024-09-14,['LB'],0,0,0,0,0,0,1,0,0,0,0,0,0
Ferdi Kadioglu,Brighton & Hove Albion,24,TUR,LB,24,23.0,0,0,0,0,1,0,0,0,26,0,2,0,0.0,0.0,0.1,3,0,16,20,80.0,2,12,1,0,0,2024-09-14,['LB'],0,0,0,0,0,0,1,0,0,0,0,0,0
Lewis Dunk,Brighton & Hove Albion,5,ENG,CB,32,90.0,0,0,0,0,1,0,0,0,96,0,1,0,0.1,0.1,0.0,0,0,83,93,89.2,6,49,0,0,0,2024-09-14,['CB'],0,1,0,0,0,0,0,0,0,0,0,0,0
Jan Paul van Hecke,Brighton & Hove Albion,29,NED,CB,24,90.0,0,0,0,0,0,0,0,0,94,1,1,1,0.0,0.0,0.0,3,0,80,86,93.0,8,66,0,0,0,2024-09-14,['CB'],0,1,0,0,0,0,0,0,0,0,0,0,0
Joël Veltman,Brighton & Hove Albion,34,NED,RB,32,90.0,0,0,0,0,0,0,1,0,82,3,2,1,0.0,0.0,0.0,1,0,64,71,90.1,9,36,3,2,0,2024-09-14,['RB'],0,0,0,0,0,0,0,0,0,1,0,0,0
Bart Verbruggen,Brighton & Hove Albion,1,NED,GK,22,90.0,0,0,0,0,0,0,1,0,38,0,0,0,0.0,0.0,0.0,0,0,37,38,97.4,0,21,0,0,0,2024-09-14,['GK'],0,0,0,0,0,1,0,0,0,0,0,0,0
Liam Delap,Ipswich Town,19,ENG,FW,21,58.0,0,0,0,0,1,0,0,0,13,0,1,0,0.2,0.2,0.0,0,0,1,3,33.3,0,10,1,2,1,2024-09-14,['FW'],0,0,0,0,1,0,0,0,0,0,0,0,0
George Hirst,Ipswich Town,27,ENG,FW,25,32.0,0,0,0,0,0,0,0,0,7,0,0,0,0.0,0.0,0.0,1,0,3,6,50.0,1,2,0,0,0,2024-09-14,['FW'],0,0,0,0,1,0,0,0,0,0,0,0,0
Sammie Szmodics,Ipswich Town,23,IRL,LW,28,58.0,0,0,0,0,0,0,0,0,8,0,0,0,0.0,0.0,0.0,0,0,3,4,75.0,2,6,0,0,0,2024-09-14,['LW'],0,0,0,0,0,0,0,0,1,0,0,0,0
Jack Clarke,Ipswich Town,47,ENG,LW,23,32.0,0,0,0,0,1,0,0,0,15,1,0,0,0.0,0.0,0.0,1,0,8,10,80.0,1,8,1,5,2,2024-09-14,['LW'],0,0,0,0,0,0,0,0,1,0,0,0,0
Wes Burns,Ipswich Town,7,WAL,RW,29,58.0,0,0,0,0,0,0,0,0,16,0,0,1,0.0,0.0,0.0,0,0,5,9,55.6,0,13,1,4,1,2024-09-14,['RW'],0,0,0,0,0,0,0,0,0,0,0,1,0
Chiedozie Ogbene,Ipswich Town,21,IRL,RW,27,32.0,0,0,0,0,0,0,0,0,12,1,1,1,0.0,0.0,0.0,0,0,4,6,66.7,0,7,3,1,0,2024-09-14,['RW'],0,0,0,0,0,0,0,0,0,0,0,1,0
Omari Hutchinson,Ipswich Town,20,ENG,AM,20,84.0,0,0,0,0,1,1,1,0,30,2,0,0,0.0,0.0,0.0,1,0,8,18,44.4,0,20,2,4,2,2024-09-14,['AM'],1,0,0,0,0,0,0,0,0,0,0,0,0
Conor Chaplin,Ipswich Town,10,ENG,AM,27,6.0,0,0,0,0,0,0,0,0,3,1,0,0,0.0,0.0,0.0,0,0,0,2,0.0,0,1,0,0,0,2024-09-14,['AM'],1,0,0,0,0,0,0,0,0,0,0,0,0
Kalvin Phillips,Ipswich Town,8,ENG,DM,28,90.0,0,0,0,0,0,0,1,0,48,3,3,4,0.0,0.0,0.0,1,0,23,28,82.1,3,18,0,0,0,2024-09-14,['DM'],0,0,0,1,0,0,0,0,0,0,0,0,0
Sam Morsy,Ipswich Town,5,EGY,DM,33,84.0,0,0,0,0,0,0,1,0,38,0,0,3,0.0,0.0,0.0,0,0,23,30,76.7,3,15,1,2,1,2024-09-14,['DM'],0,0,0,1,0,0,0,0,0,0,0,0,0
Massimo Luongo,Ipswich Town,25,AUS,DM,31,6.0,0,0,0,0,0,0,0,0,3,1,0,1,0.0,0.0,0.0,0,0,0,2,0.0,0,1,0,0,0,2024-09-14,['DM'],0,0,0,1,0,0,0,0,0,0,0,0,0
Leif Davis,Ipswich Town,3,ENG,LB,24,90.0,0,0,0,0,1,0,0,0,47,5,0,1,0.0,0.0,0.0,2,0,23,32,71.9,2,19,2,2,0,2024-09-14,['LB'],0,0,0,0,0,0,1,0,0,0,0,0,0
Jacob Greaves,Ipswich Town,24,ENG,CB,24,90.0,0,0,0,0,0,0,0,0,43,6,1,2,0.0,0.0,0.0,0,0,23,28,82.1,0,12,0,0,0,2024-09-14,['CB'],0,1,0,0,0,0,0,0,0,0,0,0,0
Dara O'Shea,Ipswich Town,26,IRL,CB,25,90.0,0,0,0,0,2,0,0,0,59,2,4,4,0.1,0.1,0.0,1,0,28,38,73.7,0,24,0,0,0,2024-09-14,['CB'],0,1,0,0,0,0,0,0,0,0,0,0,0
Axel Tuanzebe,Ipswich Town,40,COD,RB,26,90.0,0,0,0,0,0,0,0,0,47,3,1,1,0.0,0.0,0.2,0,0,26,31,83.9,3,14,0,1,1,2024-09-14,['RB'],0,0,0,0,0,0,0,0,0,1,0,0,0
Arijanet Muric,Ipswich Town,1,KVX,GK,25,90.0,0,0,0,0,0,0,0,0,48,0,0,0,0.0,0.0,0.0,0,0,27,46,58.7,0,27,0,0,0,2024-09-14,['GK'],0,0,0,0,0,1,0,0,0,0,0,0,0
Jean-Philippe Mateta,Crystal Palace,14,FRA,FW,27,90.0,2,0,1,1,3,1,0,0,29,0,0,0,1.4,0.6,0.0,0,0,12,18,66.7,2,19,0,1,0,2024-09-14,['FW'],0,0,0,0,1,0,0,0,0,0,0,0,0
Eberechi Eze,Crystal Palace,10,ENG,"AM,LW",26,90.0,0,0,0,0,3,0,0,0,73,2,0,2,0.5,0.5,0.2,10,1,54,61,88.5,12,51,3,2,1,2024-09-14,"['AM', 'LW']",1,0,0,0,0,0,0,0,1,0,0,0,0
Eddie Nketiah,Crystal Palace,9,ENG,AM,25,90.0,0,0,0,0,6,1,0,0,45,0,1,1,0.3,0.3,0.1,2,0,27,33,81.8,2,31,5,1,1,2024-09-14,['AM'],1,0,0,0,0,0,0,0,0,0,0,0,0
Cheick Doucouré,Crystal Palace,28,MLI,CM,24,45.0,0,0,0,0,1,0,0,0,33,4,1,1,0.0,0.0,0.0,1,0,26,27,96.3,3,23,0,1,1,2024-09-14,['CM'],0,0,1,0,0,0,0,0,0,0,0,0,0
Will Hughes,Crystal Palace,19,ENG,"DM,CM",29,45.0,0,0,0,0,0,0,0,0,39,2,1,0,0.0,0.0,0.0,1,0,30,36,83.3,6,29,1,0,0,2024-09-14,"['DM', 'CM']",0,0,1,1,0,0,0,0,0,0,0,0,0
Adam Wharton,Crystal Palace,20,ENG,"CM,DM",20,90.0,0,0,0,0,0,0,0,0,83,4,1,1,0.0,0.0,0.1,5,0,60,72,83.3,15,57,0,1,0,2024-09-14,"['CM', 'DM']",0,0,1,1,0,0,0,0,0,0,0,0,0
Tyrick Mitchell,Crystal Palace,3,ENG,"WB,LB",25,88.0,0,1,0,0,1,1,0,0,87,0,1,1,0.0,0.0,0.9,8,1,61,80,76.3,8,59,4,3,1,2024-09-14,"['WB', 'LB']",0,0,0,0,0,0,1,0,0,0,0,0,1
Jeffrey Schlupp,Crystal Palace,15,GHA,LB,31,2.0,0,0,0,0,0,0,0,0,7,0,0,0,0.0,0.0,0.0,0,0,3,6,50.0,0,1,0,0,0,2024-09-14,['LB'],0,0,0,0,0,0,1,0,0,0,0,0,0
Daniel Muñoz,Crystal Palace,12,COL,"WB,RB",28,80.0,0,0,0,0,2,0,0,0,79,3,1,2,0.2,0.2,0.1,3,0,50,60,83.3,5,39,2,0,0,2024-09-14,"['WB', 'RB']",0,0,0,0,0,0,0,0,0,1,0,0,1
Ismaila Sarr,Crystal Palace,7,SEN,RB,26,10.0,0,0,0,0,1,0,0,0,13,0,0,0,0.1,0.1,0.0,1,1,5,10,50.0,0,8,1,1,0,2024-09-14,['RB'],0,0,0,0,0,0,0,0,0,1,0,0,0
Maxence Lacroix,Crystal Palace,5,FRA,CB,24,90.0,0,0,0,0,0,0,0,0,81,3,1,1,0.0,0.0,0.1,3,0,64,76,84.2,2,56,0,0,0,2024-09-14,['CB'],0,1,0,0,0,0,0,0,0,0,0,0,0
Marc Guéhi,Crystal Palace,6,ENG,CB,24,90.0,0,0,0,0,0,0,0,0,85,0,1,1,0.0,0.0,0.0,1,0,65,76,85.5,4,50,2,0,0,2024-09-14,['CB'],0,1,0,0,0,0,0,0,0,0,0,0,0
Nathaniel Clyne,Crystal Palace,17,ENG,CB,33,63.0,0,0,0,0,0,0,0,0,58,4,0,0,0.0,0.0,0.0,0,0,40,50,80.0,3,46,1,0,0,2024-09-14,['CB'],0,1,0,0,0,0,0,0,0,0,0,0,0
Daichi Kamada,Crystal Palace,18,JPN,RW,28,27.0,0,0,0,0,2,0,0,0,21,1,0,0,0.1,0.1,0.0,2,0,8,16,50.0,4,11,1,0,0,2024-09-14,['RW'],0,0,0,0,0,0,0,0,0,0,0,1,0
Dean Henderson,Crystal Palace,1,ENG,GK,27,90.0,0,0,0,0,0,0,0,0,33,1,0,0,0.0,0.0,0.0,0,0,28,31,90.3,0,23,0,0,0,2024-09-14,['GK'],0,0,0,0,0,1,0,0,0,0,0,0,0
Jamie Vardy,Leicester City,9,ENG,FW,37,90.0,1,0,0,0,1,1,0,0,22,0,0,0,0.6,0.6,0.1,4,1,11,17,64.7,2,8,1,2,2,2024-09-14,['FW'],0,0,0,0,1,0,0,0,0,0,0,0,0
Stephy Mavididi,Leicester City,10,ENG,LW,26,71.0,1,0,0,0,3,1,0,0,28,1,0,5,0.4,0.4,0.0,1,0,12,17,70.6,1,18,2,2,1,2024-09-14,['LW'],0,0,0,0,0,0,0,0,1,0,0,0,0
Abdul Fatawu Issahaku,Leicester City,7,GHA,"FW,LW",20,19.0,0,0,0,0,1,0,0,0,8,1,0,0,0.0,0.0,0.0,1,0,2,4,50.0,0,3,0,2,1,2024-09-14,"['FW', 'LW']",0,0,0,0,1,0,0,0,1,0,0,0,0
Jordan Ayew,Leicester City,18,GHA,RW,33,82.0,0,0,0,0,2,1,1,0,37,2,1,1,0.1,0.1,0.0,0,0,11,13,84.6,1,21,1,7,4,2024-09-14,['RW'],0,0,0,0,0,0,0,0,0,0,0,1,0
Conor Coady,Leicester City,4,ENG,CB,31,8.0,0,0,0,0,0,0,1,0,8,0,1,2,0.0,0.0,0.0,0,0,1,2,50.0,0,2,0,0,0,2024-09-14,['CB'],0,1,0,0,0,0,0,0,0,0,0,0,0
Wilfred Ndidi,Leicester City,6,NGA,AM,27,75.0,0,2,0,0,0,0,1,0,39,3,1,2,0.0,0.0,1.0,4,2,20,28,71.4,3,17,1,2,2,2024-09-14,['AM'],1,0,0,0,0,0,0,0,0,0,0,0,0
Hamza Choudhury,Leicester City,17,ENG,"CM,AM",26,15.0,0,0,0,0,0,0,0,0,5,0,1,0,0.0,0.0,0.0,0,0,0,3,0.0,0,0,0,0,0,2024-09-14,"['CM', 'AM']",1,0,1,0,0,0,0,0,0,0,0,0,0
Oliver Skipp,Leicester City,22,ENG,"DM,CM",23,90.0,0,0,0,0,0,0,0,0,46,1,0,0,0.0,0.0,0.1,3,0,27,36,75.0,3,20,2,3,1,2024-09-14,"['DM', 'CM']",0,0,1,1,0,0,0,0,0,0,0,0,0
Harry Winks,Leicester City,8,ENG,"DM,CM",28,90.0,0,0,0,0,0,0,0,0,42,3,1,1,0.0,0.0,0.0,0,0,26,34,76.5,1,14,0,0,0,2024-09-14,"['DM', 'CM']",0,0,1,1,0,0,0,0,0,0,0,0,0
Victor Bernth Kristiansen,Leicester City,16,DEN,LB,21,90.0,0,0,0,0,0,0,0,0,60,2,0,3,0.0,0.0,0.0,3,0,36,51,70.6,0,27,1,0,0,2024-09-14,['LB'],0,0,0,0,0,0,1,0,0,0,0,0,0
Caleb Okoli,Leicester City,5,ITA,CB,23,90.0,0,0,0,0,1,1,0,0,45,3,1,5,0.0,0.0,0.0,0,0,26,31,83.9,2,23,0,0,0,2024-09-14,['CB'],0,1,0,0,0,0,0,0,0,0,0,0,0
Wout Faes,Leicester City,3,BEL,CB,26,90.0,0,0,0,0,0,0,0,0,38,0,1,6,0.0,0.0,0.0,0,0,19,26,73.1,1,11,0,0,0,2024-09-14,['CB'],0,1,0,0,0,0,0,0,0,0,0,0,0
James Justin,Leicester City,2,ENG,RB,26,90.0,0,0,0,0,1,0,0,0,44,3,1,1,0.0,0.0,0.0,0,0,22,35,62.9,2,12,1,1,0,2024-09-14,['RB'],0,0,0,0,0,0,0,0,0,1,0,0,0
Mads Hermansen,Leicester City,30,DEN,GK,24,90.0,0,0,0,0,0,0,0,0,38,0,0,0,0.0,0.0,0.0,0,0,16,36,44.4,0,24,0,0,0,2024-09-14,['GK'],0,0,0,0,0,1,0,0,0,0,0,0,0
Erling Haaland,Manchester City,9,NOR,FW,24,90.0,2,0,0,0,6,4,0,0,22,0,0,0,1.1,1.1,0.0,1,0,6,11,54.5,0,11,0,3,0,2024-09-14,['FW'],0,0,0,0,1,0,0,0,0,0,0,0,0
Jack Grealish,Manchester City,10,ENG,LW,29,83.0,0,0,0,0,2,1,0,0,54,1,0,2,0.2,0.2,0.2,4,0,36,44,81.8,2,30,7,1,1,2024-09-14,['LW'],0,0,0,0,0,0,0,0,1,0,0,0,0
Bernardo Silva,Manchester City,20,POR,LW,30,7.0,0,0,0,0,0,0,0,0,3,0,0,0,0.0,0.0,0.0,0,0,3,3,100.0,0,1,0,0,0,2024-09-14,['LW'],0,0,0,0,0,0,0,0,1,0,0,0,0
Sávio,Manchester City,26,BRA,RW,20,89.0,0,0,0,0,5,2,1,0,56,1,0,1,0.7,0.7,0.0,2,0,31,44,70.5,5,38,10,4,1,2024-09-14,['RW'],0,0,0,0,0,0,0,0,0,0,0,1,0
Matheus Nunes,Manchester City,27,POR,RW,26,1.0,0,0,0,0,0,0,0,0,1,0,0,0,0.0,0.0,0.0,0,0,0,0,80.8,0,1,0,2,1,2024-09-14,['RW'],0,0,0,0,0,0,0,0,0,0,0,1,0
Kevin De Bruyne,Manchester City,17,BEL,AM,33,90.0,0,0,0,0,2,0,0,0,74,1,1,0,0.1,0.1,0.5,11,0,52,64,81.3,14,33,0,2,0,2024-09-14,['AM'],1,0,0,0,0,0,0,0,0,0,0,0,0
İlkay Gündoğan,Manchester City,19,GER,DM,33,90.0,0,0,0,0,2,0,0,0,72,3,0,0,0.1,0.1,0.3,4,0,55,59,93.2,4,34,1,1,0,2024-09-14,['DM'],0,0,0,1,0,0,0,0,0,0,0,0,0
Mateo Kovačić,Manchester City,8,CRO,DM,30,45.0,0,0,0,0,0,0,1,0,35,0,0,0,0.0,0.0,0.0,0,0,33,34,97.1,2,21,1,0,0,2024-09-14,['DM'],0,0,0,1,0,0,0,0,0,0,0,0,0
Rodri,Manchester City,16,ESP,DM,28,45.0,0,0,0,0,0,0,0,0,51,1,0,1,0.0,0.0,0.0,1,0,45,48,93.8,4,24,0,1,0,2024-09-14,['DM'],0,0,0,1,0,0,0,0,0,0,0,0,0
Rico Lewis,Manchester City,82,ENG,LB,19,45.0,0,0,0,0,0,0,0,0,22,3,0,3,0.0,0.0,0.0,1,0,17,17,100.0,3,14,1,0,0,2024-09-14,['LB'],0,0,0,0,0,0,1,0,0,0,0,0,0
Joško Gvardiol,Manchester City,24,CRO,LB,22,45.0,0,0,0,0,0,0,0,0,39,0,2,0,0.0,0.0,0.5,2,0,32,36,88.9,1,16,3,0,0,2024-09-14,['LB'],0,0,0,0,0,0,1,0,0,0,0,0,0
Manuel Akanji,Manchester City,25,SUI,CB,29,90.0,0,0,0,0,0,0,0,0,69,0,1,1,0.0,0.0,0.0,0,0,63,64,98.4,9,41,1,0,0,2024-09-14,['CB'],0,1,0,0,0,0,0,0,0,0,0,0,0
John Stones,Manchester City,5,ENG,CB,30,83.0,0,0,0,0,0,0,1,0,50,0,0,0,0.0,0.0,0.0,3,1,41,47,87.2,2,25,0,0,0,2024-09-14,['CB'],0,1,0,0,0,0,0,0,0,0,0,0,0
Rúben Dias,Manchester City,3,POR,CB,27,7.0,0,0,0,0,0,0,0,0,2,0,0,0,0.0,0.0,0.0,0,0,2,2,100.0,0,1,0,0,0,2024-09-14,['CB'],0,1,0,0,0,0,0,0,0,0,0,0,0
Kyle Walker,Manchester City,2,ENG,RB,34,90.0,0,0,0,0,1,0,0,0,70,2,0,0,0.0,0.0,0.1,2,0,58,64,90.6,9,26,1,0,0,2024-09-14,['RB'],0,0,0,0,0,0,0,0,0,1,0,0,0
Ederson,Manchester City,31,BRA,GK,31,90.0,0,1,0,0,0,0,0,0,51,0,1,0,0.0,0.0,0.4,1,1,33,44,75.0,0,25,0,0,0,2024-09-14,['GK'],0,0,0,0,0,1,0,0,0,0,0,0,0
Bryan Mbeumo,Brentford,19,CMR,FW,25,90.0,0,0,0,0,1,0,0,0,36,1,0,0,0.2,0.2,0.4,4,0,24,27,88.9,3,20,5,3,0,2024-09-14,['FW'],0,0,0,0,1,0,0,0,0,0,0,0,0
Yoane Wissa,Brentford,11,COD,FW,28,44.0,1,0,0,0,1,1,0,0,22,0,1,0,0.3,0.3,0.0,1,1,12,17,70.6,1,13,0,0,0,2024-09-14,['FW'],0,0,0,0,1,0,0,0,0,0,0,0,0
Kevin Schade,Brentford,7,GER,FW,22,46.0,0,0,0,0,0,0,0,0,15,2,0,0,0.0,0.0,0.0,1,0,5,11,45.5,1,9,0,0,0,2024-09-14,['FW'],0,0,0,0,1,0,0,0,0,0,0,0,0
Vitaly Janelt,Brentford,27,GER,CM,26,71.0,0,0,0,0,0,0,0,0,40,0,1,1,0.0,0.0,0.0,1,0,28,34,82.4,2,24,0,0,0,2024-09-14,['CM'],0,0,1,0,0,0,0,0,0,0,0,0,0
Fabio Carvalho,Brentford,14,POR,CM,22,19.0,0,0,0,0,0,0,0,0,7,1,0,0,0.0,0.0,0.0,0,0,3,5,60.0,0,6,1,1,0,2024-09-14,['CM'],0,0,1,0,0,0,0,0,0,0,0,0,0
Christian Nørgaard,Brentford,6,DEN,CM,30,90.0,0,0,0,0,0,0,0,0,66,4,3,2,0.0,0.0,0.0,2,0,45,50,90.0,4,35,1,2,2,2024-09-14,['CM'],0,0,1,0,0,0,0,0,0,0,0,0,0
Mikkel Damsgaard,Brentford,24,DEN,CM,24,83.0,0,0,0,0,0,0,0,0,50,0,1,3,0.0,0.0,0.2,3,0,31,37,83.8,4,29,2,2,1,2024-09-14,['CM'],0,0,1,0,0,0,0,0,0,0,0,0,0
Yehor Yarmoliuk,Brentford,18,UKR,CM,20,7.0,0,0,0,0,1,0,0,0,5,0,0,0,0.0,0.0,0.0,0,0,3,3,100.0,0,3,0,0,0,2024-09-14,['CM'],0,0,1,0,0,0,0,0,0,0,0,0,0
Keane Lewis-Potter,Brentford,23,ENG,LB,23,90.0,0,0,0,0,1,1,0,0,32,0,1,1,0.0,0.0,0.0,0,0,16,21,76.2,1,19,1,3,0,2024-09-14,['LB'],0,0,0,0,0,0,1,0,0,0,0,0,0
Nathan Collins,Brentford,22,IRL,CB,23,90.0,0,0,0,0,1,1,1,0,58,1,1,3,0.1,0.1,0.0,0,0,43,49,87.8,1,30,2,0,0,2024-09-14,['CB'],0,1,0,0,0,0,0,0,0,0,0,0,0
Ethan Pinnock,Brentford,5,JAM,CB,31,90.0,0,0,0,0,3,2,0,0,83,6,1,0,0.2,0.2,0.0,1,0,64,68,94.1,1,42,0,0,0,2024-09-14,['CB'],0,1,0,0,0,0,0,0,0,0,0,0,0
Sepp van den Berg,Brentford,4,NED,CB,22,90.0,0,0,0,0,0,0,0,0,63,3,0,2,0.0,0.0,0.0,0,0,46,52,88.5,0,30,0,0,0,2024-09-14,['CB'],0,1,0,0,0,0,0,0,0,0,0,0,0
Kristoffer Ajer,Brentford,20,NOR,RB,26,71.0,0,0,0,0,0,0,0,0,46,1,0,1,0.0,0.0,0.0,1,1,33,41,80.5,3,22,0,0,0,2024-09-14,['RB'],0,0,0,0,0,0,0,0,0,1,0,0,0
Mads Roerslev,Brentford,30,DEN,RB,25,19.0,0,0,0,0,0,0,0,0,11,1,0,0,0.0,0.0,0.0,0,0,5,10,50.0,1,9,0,0,0,2024-09-14,['RB'],0,0,0,0,0,0,0,0,0,1,0,0,0
Mark Flekken,Brentford,1,NED,GK,31,90.0,0,0,0,0,0,0,0,0,71,0,0,0,0.0,0.0,0.0,1,0,56,67,83.6,0,46,0,0,0,2024-09-14,['GK'],0,0,0,0,0,1,0,0,0,0,0,0,0
Diogo Jota,Liverpool,20,POR,FW,27,59.0,0,0,0,0,3,1,0,0,23,0,0,0,0.3,0.3,0.0,1,0,8,14,57.1,1,15,3,2,0,2024-09-14,['FW'],0,0,0,0,1,0,0,0,0,0,0,0,0
Darwin Núñez,Liverpool,9,URU,FW,25,31.0,0,0,0,0,0,0,0,0,7,1,0,0,0.0,0.0,0.0,1,0,3,6,50.0,0,5,2,0,0,2024-09-14,['FW'],0,0,0,0,1,0,0,0,0,0,0,0,0
Luis Díaz,Liverpool,7,COL,LW,27,60.0,0,0,0,0,1,0,0,0,36,2,1,0,0.1,0.1,0.0,1,0,25,26,96.2,1,23,1,3,0,2024-09-14,['LW'],0,0,0,0,0,0,0,0,1,0,0,0,0
Cody Gakpo,Liverpool,18,NED,LW,25,30.0,0,0,0,0,0,0,0,0,12,0,0,0,0.0,0.0,0.0,0,0,8,11,72.7,0,10,0,1,1,2024-09-14,['LW'],0,0,0,0,0,0,0,0,1,0,0,0,0
Mohamed Salah,Liverpool,11,EGY,RW,32,90.0,0,0,0,0,3,2,0,0,54,0,0,0,0.1,0.1,0.1,6,0,30,43,69.8,5,39,7,5,1,2024-09-14,['RW'],0,0,0,0,0,0,0,0,0,0,0,1,0
Dominik Szoboszlai,Liverpool,8,HUN,AM,23,90.0,0,0,0,0,2,0,1,0,71,1,0,1,0.2,0.2,0.1,5,0,49,65,75.4,4,42,2,3,2,2024-09-14,['AM'],1,0,0,0,0,0,0,0,0,0,0,0,0
Alexis Mac Allister,Liverpool,10,ARG,DM,25,59.0,0,0,0,0,1,1,0,0,55,1,0,0,0.1,0.1,0.2,2,0,46,49,93.9,2,33,0,0,0,2024-09-14,['DM'],0,0,0,1,0,0,0,0,0,0,0,0,0
Conor Bradley,Liverpool,84,NIR,"CB,RB",21,31.0,0,0,0,0,0,0,0,0,24,0,1,0,0.0,0.0,0.0,0,0,18,23,78.3,1,15,2,0,0,2024-09-14,"['CB', 'RB']",0,1,0,0,0,0,0,0,0,1,0,0,0
Ryan Gravenberch,Liverpool,38,NED,"DM,CM",22,90.0,0,0,0,0,1,1,1,0,86,2,2,2,0.0,0.0,0.1,2,0,64,73,87.7,13,60,4,3,2,2024-09-14,"['DM', 'CM']",0,0,1,1,0,0,0,0,0,0,0,0,0
Andrew Robertson,Liverpool,26,SCO,LB,30,74.0,0,0,0,0,0,0,1,0,57,0,0,0,0.0,0.0,0.1,2,0,49,55,89.1,8,30,2,0,0,2024-09-14,['LB'],0,0,0,0,0,0,1,0,0,0,0,0,0
Kostas Tsimikas,Liverpool,21,GRE,CB,28,16.0,0,0,0,0,0,0,0,0,15,1,1,1,0.0,0.0,0.0,0,0,11,11,100.0,2,5,0,0,0,2024-09-14,['CB'],0,1,0,0,0,0,0,0,0,0,0,0,0
Virgil van Dijk,Liverpool,4,NED,CB,33,90.0,0,0,0,0,2,0,0,0,130,0,6,0,0.1,0.1,0.0,2,0,95,109,87.2,9,73,0,0,0,2024-09-14,['CB'],0,1,0,0,0,0,0,0,0,0,0,0,0
Ibrahima Konaté,Liverpool,5,FRA,CB,25,74.0,0,0,0,0,0,0,0,0,66,0,0,1,0.0,0.0,0.0,1,0,56,60,93.3,7,39,1,0,0,2024-09-14,['CB'],0,1,0,0,0,0,0,0,0,0,0,0,0
Curtis Jones,Liverpool,17,ENG,CM,23,16.0,0,0,0,0,0,0,0,0,10,0,0,0,0.0,0.0,0.0,0,0,8,9,88.9,1,8,0,0,0,2024-09-14,['CM'],0,0,1,0,0,0,0,0,0,0,0,0,0
Trent Alexander-Arnold,Liverpool,66,ENG,"RB,CM,DM",25,90.0,0,0,0,0,1,0,1,0,93,4,0,0,0.0,0.0,0.2,4,0,56,81,69.1,9,57,3,3,0,2024-09-14,"['RB', 'CM', 'DM']",0,0,1,1,0,0,0,0,0,1,0,0,0
Alisson,Liverpool,1,BRA,GK,31,90.0,0,0,0,0,0,0,0,0,21,0,0,0,0.0,0.0,0.0,0,0,17,20,85.0,0,11,0,0,0,2024-09-14,['GK'],0,0,0,0,0,1,0,0,0,0,0,0,0
Chris Wood,Nottingham Forest,11,NZL,FW,32,80.0,0,0,0,0,1,1,0,0,13,0,0,0,0.1,0.1,0.0,2,0,4,8,50.0,2,13,1,1,0,2024-09-14,['FW'],0,0,0,0,1,0,0,0,0,0,0,0,0
Jota Silva,Nottingham Forest,20,POR,RM,25,10.0,0,0,0,0,0,0,0,0,9,1,0,0,0.0,0.0,0.2,1,0,2,5,40.0,2,5,0,2,0,2024-09-14,['RM'],0,0,0,0,0,0,0,0,0,0,1,0,0
Elliot Anderson,Nottingham Forest,8,ENG,LW,21,60.0,0,0,0,0,0,0,0,0,39,2,1,2,0.0,0.0,0.0,0,0,17,24,70.8,3,21,0,4,2,2024-09-14,['LW'],0,0,0,0,0,0,0,0,1,0,0,0,0
Anthony Elanga,Nottingham Forest,21,SWE,"RW,FW",22,30.0,0,1,0,0,2,1,1,0,11,0,1,0,0.2,0.2,0.1,1,1,3,5,60.0,1,8,2,1,0,2024-09-14,"['RW', 'FW']",0,0,0,0,1,0,0,0,0,0,0,1,0
Nicolás Domínguez,Nottingham Forest,16,ARG,RW,26,53.0,0,0,0,0,0,0,0,0,25,2,1,2,0.0,0.0,0.0,0,0,9,18,50.0,1,10,1,0,0,2024-09-14,['RW'],0,0,0,0,0,0,0,0,0,0,0,1,0
Callum Hudson-Odoi,Nottingham Forest,14,ENG,"LW,LM,RW",23,37.0,1,0,0,0,1,1,0,0,15,0,0,1,0.1,0.1,0.0,0,0,5,9,55.6,0,10,2,1,1,2024-09-14,"['LW', 'LM', 'RW']",0,0,0,0,0,0,0,1,1,0,0,1,0
Morgan Gibbs-White,Nottingham Forest,10,ENG,AM,24,80.0,0,0,0,0,1,0,0,0,35,3,0,0,0.0,0.0,0.2,3,1,19,23,82.6,3,18,2,0,0,2024-09-14,['AM'],1,0,0,0,0,0,0,0,0,0,0,0,0
Morato,Nottingham Forest,4,BRA,CB,23,10.0,0,0,0,0,0,0,0,0,6,0,0,0,0.0,0.0,0.0,0,0,0,2,0.0,0,1,0,0,0,2024-09-14,['CB'],0,1,0,0,0,0,0,0,0,0,0,0,0
James Ward-Prowse,Nottingham Forest,18,ENG,"DM,CM",29,90.0,0,0,0,0,0,0,0,0,49,1,4,0,0.0,0.0,0.0,1,0,31,43,72.1,3,17,0,0,0,2024-09-14,"['DM', 'CM']",0,0,1,1,0,0,0,0,0,0,0,0,0
Ryan Yates,Nottingham Forest,22,ENG,"DM,CM",26,90.0,0,0,0,0,0,0,1,0,32,0,0,0,0.0,0.0,0.0,0,0,18,21,85.7,1,14,0,1,0,2024-09-14,"['DM', 'CM']",0,0,1,1,0,0,0,0,0,0,0,0,0
Álex Moreno,Nottingham Forest,19,ESP,LB,31,79.0,0,0,0,0,0,0,1,0,43,7,3,0,0.0,0.0,0.0,0,0,17,32,53.1,1,20,2,0,0,2024-09-14,['LB'],0,0,0,0,0,0,1,0,0,0,0,0,0
Neco Williams,Nottingham Forest,7,WAL,LB,23,11.0,0,0,0,0,0,0,0,0,8,1,0,1,0.0,0.0,0.0,0,0,2,3,66.7,0,1,0,1,0,2024-09-14,['LB'],0,0,0,0,0,0,1,0,0,0,0,0,0
Murillo,Nottingham Forest,5,BRA,CB,22,90.0,0,0,0,0,0,0,0,0,34,1,1,2,0.0,0.0,0.0,0,0,15,26,57.7,1,13,0,1,1,2024-09-14,['CB'],0,1,0,0,0,0,0,0,0,0,0,0,0
Nikola Milenković,Nottingham Forest,31,SRB,CB,26,90.0,0,0,0,0,0,0,0,0,29,1,0,2,0.0,0.0,0.0,0,0,19,23,82.6,0,10,0,0,0,2024-09-14,['CB'],0,1,0,0,0,0,0,0,0,0,0,0,0
Ola Aina,Nottingham Forest,34,NGA,RB,27,90.0,0,0,0,0,0,0,0,0,39,3,0,1,0.0,0.0,0.0,1,0,27,32,84.4,3,13,0,2,2,2024-09-14,['RB'],0,0,0,0,0,0,0,0,0,1,0,0,0
Matz Sels,Nottingham Forest,26,BEL,GK,32,90.0,0,0,0,0,0,0,1,0,34,0,0,0,0.0,0.0,0.0,1,0,9,30,30.0,0,22,0,0,0,2024-09-14,['GK'],0,0,0,0,0,1,0,0,0,0,0,0,0
Raúl Jiménez,Fulham,7,MEX,FW,33,72.0,1,0,0,0,2,2,0,0,26,2,1,0,0.3,0.3,0.2,1,0,7,11,63.6,0,15,1,2,0,2024-09-14,['FW'],0,0,0,0,1,0,0,0,0,0,0,0,0
Rodrigo Muniz,Fulham,9,BRA,FW,23,18.0,0,0,0,0,0,0,0,0,4,0,0,0,0.0,0.0,0.0,1,0,1,2,50.0,1,4,0,2,1,2024-09-14,['FW'],0,0,0,0,1,0,0,0,0,0,0,0,0
Alex Iwobi,Fulham,17,NGA,LW,28,65.0,0,0,0,0,1,0,0,0,39,3,0,0,0.0,0.0,0.2,8,0,20,29,69.0,8,29,4,3,1,2024-09-14,['LW'],0,0,0,0,0,0,0,0,1,0,0,0,0
Sander Berge,Fulham,16,NOR,DM,26,25.0,0,0,0,0,0,0,0,0,15,0,2,2,0.0,0.0,0.0,1,0,11,12,91.7,1,4,0,0,0,2024-09-14,['DM'],0,0,0,1,0,0,0,0,0,0,0,0,0
Adama Traoré,Fulham,11,ESP,RW,28,90.0,0,0,0,0,4,1,0,0,34,3,0,0,0.6,0.6,0.1,1,0,11,19,57.9,2,25,3,9,5,2024-09-14,['RW'],0,0,0,0,0,0,0,0,0,0,0,1,0
Emile Smith Rowe,Fulham,32,ENG,AM,24,72.0,0,1,0,0,3,0,0,0,44,3,1,3,0.2,0.2,0.3,5,1,27,29,93.1,4,29,4,2,0,2024-09-14,['AM'],1,0,0,0,0,0,0,0,0,0,0,0,0
Tom Cairney,Fulham,10,SCO,DM,33,18.0,0,0,0,0,0,0,0,0,15,0,0,0,0.0,0.0,0.2,1,0,13,14,92.9,2,8,1,0,0,2024-09-14,['DM'],0,0,0,1,0,0,0,0,0,0,0,0,0
Saša Lukić,Fulham,20,SRB,DM,28,65.0,0,0,0,0,0,0,1,0,35,3,0,1,0.0,0.0,0.0,1,0,25,27,92.6,2,16,0,1,0,2024-09-14,['DM'],0,0,0,1,0,0,0,0,0,0,0,0,0
Reiss Nelson,Fulham,19,ENG,LW,24,25.0,0,0,0,0,2,1,1,0,18,2,0,1,0.1,0.1,0.0,3,0,8,11,72.7,2,10,3,2,2,2024-09-14,['LW'],0,0,0,0,0,0,0,0,1,0,0,0,0
Andreas Pereira,Fulham,18,BRA,"DM,AM",28,85.0,0,0,0,0,5,1,0,0,47,0,0,0,0.2,0.2,0.1,5,1,22,36,61.1,3,27,0,2,1,2024-09-14,"['DM', 'AM']",1,0,0,1,0,0,0,0,0,0,0,0,0
Harrison Reed,Fulham,6,ENG,AM,29,5.0,0,0,0,0,0,0,0,0,10,1,0,0,0.0,0.0,0.1,1,0,5,8,62.5,0,3,0,0,0,2024-09-14,['AM'],1,0,0,0,0,0,0,0,0,0,0,0,0
Antonee Robinson,Fulham,33,USA,LB,27,90.0,0,0,0,0,0,0,0,0,63,6,2,3,0.0,0.0,0.1,4,0,36,49,73.5,3,30,1,3,2,2024-09-14,['LB'],0,0,0,0,0,0,1,0,0,0,0,0,0
Calvin Bassey,Fulham,3,NGA,CB,24,90.0,0,0,0,0,1,0,0,0,58,1,2,2,0.1,0.1,0.0,0,0,36,44,81.8,2,32,2,2,0,2024-09-14,['CB'],0,1,0,0,0,0,0,0,0,0,0,0,0
Joachim Andersen,Fulham,5,DEN,CB,28,90.0,0,0,0,0,1,0,0,0,85,3,1,1,0.0,0.0,0.0,0,0,59,72,81.9,4,44,0,0,0,2024-09-14,['CB'],0,1,0,0,0,0,0,0,0,0,0,0,0
Kenny Tete,Fulham,2,NED,RB,28,90.0,0,0,0,0,2,0,0,0,63,3,4,1,0.1,0.1,0.0,3,0,40,53,75.5,3,32,3,1,0,2024-09-14,['RB'],0,0,0,0,0,0,0,0,0,1,0,0,0
Bernd Leno,Fulham,1,GER,GK,32,90.0,0,0,0,0,0,0,0,0,36,0,0,0,0.0,0.0,0.0,0,0,30,35,85.7,0,27,0,0,0,2024-09-14,['GK'],0,0,0,0,0,1,0,0,0,0,0,0,0
Michail Antonio,West Ham United,9,JAM,FW,34,45.0,0,0,0,0,1,0,0,0,20,0,0,0,0.0,0.0,0.0,1,0,7,16,43.8,1,10,1,0,0,2024-09-14,['FW'],0,0,0,0,1,0,0,0,0,0,0,0,0
Crysencio Summerville,West Ham United,7,NED,LW,22,45.0,0,0,0,0,0,0,0,0,17,0,0,2,0.0,0.0,0.0,1,0,7,12,58.3,0,7,1,2,0,2024-09-14,['LW'],0,0,0,0,0,0,0,0,1,0,0,0,0
Mohammed Kudus,West Ham United,14,GHA,"RW,LW",24,90.0,0,0,0,0,2,0,0,0,37,1,1,1,0.0,0.0,0.3,4,0,22,24,91.7,2,24,5,9,5,2024-09-14,"['RW', 'LW']",0,0,0,0,0,0,0,0,1,0,0,1,0
Jarrod Bowen,West Ham United,20,ENG,"FW,RW",27,90.0,0,1,0,0,2,1,0,0,31,3,1,3,0.3,0.3,0.3,4,1,12,15,80.0,3,12,2,4,2,2024-09-14,"['FW', 'RW']",0,0,0,0,1,0,0,0,0,0,0,1,0
Tomáš Souček,West Ham United,28,CZE,AM,29,45.0,0,0,0,0,2,0,0,0,14,0,0,2,0.1,0.1,0.0,0,0,4,7,57.1,1,8,0,1,0,2024-09-14,['AM'],1,0,0,0,0,0,0,0,0,0,0,0,0
Lucas Paquetá,West Ham United,10,BRA,AM,27,45.0,0,0,0,0,1,0,0,0,33,0,0,0,0.0,0.0,0.1,1,0,19,29,65.5,2,17,0,0,0,2024-09-14,['AM'],1,0,0,0,0,0,0,0,0,0,0,0,0
Guido Rodríguez,West Ham United,24,ARG,DM,30,69.0,0,0,0,0,0,0,1,0,43,3,0,2,0.0,0.0,0.0,2,0,27,34,79.4,0,21,0,1,0,2024-09-14,['DM'],0,0,0,1,0,0,0,0,0,0,0,0,0
Carlos Soler,West Ham United,4,ESP,DM,27,21.0,0,0,0,0,0,0,1,0,12,1,1,2,0.0,0.0,0.0,0,0,5,6,83.3,0,1,0,0,0,2024-09-14,['DM'],0,0,0,1,0,0,0,0,0,0,0,0,0
Edson Álvarez,West Ham United,19,MEX,DM,26,81.0,0,0,0,0,0,0,1,0,54,5,3,1,0.0,0.0,0.0,1,0,32,39,82.1,3,28,0,2,0,2024-09-14,['DM'],0,0,0,1,0,0,0,0,0,0,0,0,0
Danny Ings,West Ham United,18,ENG,DM,32,9.0,1,0,0,0,1,1,0,0,4,0,0,0,0.2,0.2,0.0,0,0,0,2,0.0,0,3,0,0,0,2024-09-14,['DM'],0,0,0,1,0,0,0,0,0,0,0,0,0
Emerson Palmieri,West Ham United,33,ITA,LB,30,56.0,0,0,0,0,0,0,0,0,30,0,0,0,0.0,0.0,0.0,2,0,22,29,75.9,4,18,0,0,0,2024-09-14,['LB'],0,0,0,0,0,0,1,0,0,0,0,0,0
Vladimír Coufal,West Ham United,5,CZE,RB,32,34.0,0,0,0,0,0,0,0,0,24,0,0,0,0.0,0.0,0.0,2,1,16,22,72.7,1,7,0,1,0,2024-09-14,['RB'],0,0,0,0,0,0,0,0,0,1,0,0,0
Max Kilman,West Ham United,26,ENG,CB,27,90.0,0,0,0,0,0,0,0,0,48,0,1,2,0.0,0.0,0.0,0,0,30,39,76.9,5,25,2,3,2,2024-09-14,['CB'],0,1,0,0,0,0,0,0,0,0,0,0,0
Konstantinos Mavropanos,West Ham United,15,GRE,CB,26,90.0,0,0,0,0,2,1,0,0,59,2,1,1,0.1,0.1,0.0,1,0,36,43,83.7,4,28,1,0,0,2024-09-14,['CB'],0,1,0,0,0,0,0,0,0,0,0,0,0
Aaron Wan-Bissaka,West Ham United,29,ENG,"RB,LB",26,90.0,0,0,0,0,0,0,0,0,43,3,2,0,0.0,0.0,0.0,1,0,24,30,80.0,5,13,0,1,0,2024-09-14,"['RB', 'LB']",0,0,0,0,0,0,1,0,0,1,0,0,0
Alphonse Areola,West Ham United,23,FRA,GK,31,90.0,0,0,0,0,0,0,0,0,34,0,0,0,0.0,0.0,0.0,1,0,20,32,62.5,0,12,0,0,0,2024-09-14,['GK'],0,0,0,0,0,1,0,0,0,0,0,0,0
Ollie Watkins,Aston Villa,11,ENG,FW,28,83.0,2,0,0,0,6,3,0,0,16,0,0,0,1.2,1.2,0.1,2,0,6,7,85.7,0,9,1,0,0,2024-09-14,['FW'],0,0,0,0,1,0,0,0,0,0,0,0,0
Emi Buendía,Aston Villa,10,ARG,AM,27,7.0,0,0,0,0,0,0,0,0,4,0,0,1,0.0,0.0,0.0,0,0,4,4,100.0,1,2,0,0,0,2024-09-14,['AM'],1,0,0,0,0,0,0,0,0,0,0,0,0
Jacob Ramsey,Aston Villa,41,ENG,LW,23,68.0,0,0,0,0,2,0,0,0,49,2,0,0,0.3,0.3,0.0,1,0,37,39,94.9,6,35,0,3,0,2024-09-14,['LW'],0,0,0,0,0,0,0,0,1,0,0,0,0
Jhon Durán,Aston Villa,9,COL,FW,20,22.0,1,0,0,0,3,1,0,0,10,0,0,1,0.3,0.3,0.0,0,0,2,3,66.7,0,7,0,1,0,2024-09-14,['FW'],0,0,0,0,1,0,0,0,0,0,0,0,0
John McGinn,Aston Villa,7,SCO,"RW,RM",29,89.0,0,0,0,0,1,0,0,0,49,1,0,2,0.1,0.1,0.1,4,0,35,43,81.4,4,33,2,3,2,2024-09-14,"['RW', 'RM']",0,0,0,0,0,0,0,0,0,0,1,1,0
Jaden Philogene Bidace,Aston Villa,19,ENG,RW,22,1.0,0,0,0,0,0,0,0,0,4,1,0,0,0.0,0.0,0.0,1,0,1,1,100.0,0,3,0,1,0,2024-09-14,['RW'],0,0,0,0,0,0,0,0,0,0,0,1,0
Morgan Rogers,Aston Villa,27,ENG,"AM,LM,LW",22,90.0,0,0,0,0,4,3,0,0,44,1,0,1,0.2,0.2,0.1,4,0,20,27,74.1,5,26,3,6,2,2024-09-14,"['AM', 'LM', 'LW']",1,0,0,0,0,0,0,1,1,0,0,0,0
Youri Tielemans,Aston Villa,8,BEL,"DM,CM",27,90.0,0,0,0,0,0,0,0,0,144,4,0,0,0.0,0.0,0.0,3,1,127,140,90.7,14,97,0,0,0,2024-09-14,"['DM', 'CM']",0,0,1,1,0,0,0,0,0,0,0,0,0
Amadou Onana,Aston Villa,24,BEL,DM,23,45.0,0,0,0,0,0,0,0,0,36,2,1,0,0.0,0.0,0.0,1,1,27,33,81.8,2,22,0,1,1,2024-09-14,['DM'],0,0,0,1,0,0,0,0,0,0,0,0,0
Ross Barkley,Aston Villa,6,ENG,"DM,CM",30,45.0,0,1,0,0,1,0,0,0,45,0,0,0,0.0,0.0,0.0,4,2,42,43,97.7,2,35,3,0,0,2024-09-14,"['DM', 'CM']",0,0,1,1,0,0,0,0,0,0,0,0,0
Lucas Digne,Aston Villa,12,FRA,LB,31,68.0,0,1,0,0,0,0,0,0,70,2,0,0,0.0,0.0,0.7,4,1,57,67,85.1,4,37,0,1,1,2024-09-14,['LB'],0,0,0,0,0,0,1,0,0,0,0,0,0
Ian Maatsen,Aston Villa,22,NED,LB,22,22.0,0,0,0,0,0,0,0,0,28,0,0,1,0.0,0.0,0.6,3,0,20,24,83.3,1,13,0,1,0,2024-09-14,['LB'],0,0,0,0,0,0,1,0,0,0,0,0,0
Pau Torres,Aston Villa,14,ESP,CB,27,90.0,0,0,0,0,0,0,0,0,129,0,2,2,0.0,0.0,0.0,2,1,107,122,87.7,5,100,5,0,0,2024-09-14,['CB'],0,1,0,0,0,0,0,0,0,0,0,0,0
Ezri Konsa,Aston Villa,4,ENG,CB,26,90.0,0,0,0,0,0,0,0,0,80,2,0,0,0.0,0.0,0.0,0,0,67,72,93.1,4,52,1,0,0,2024-09-14,['CB'],0,1,0,0,0,0,0,0,0,0,0,0,0
Lamare Bogarde,Aston Villa,26,NED,RB,20,90.0,0,0,0,0,0,0,0,0,73,5,1,1,0.0,0.0,0.1,4,0,56,62,90.3,4,47,0,1,0,2024-09-14,['RB'],0,0,0,0,0,0,0,0,0,1,0,0,0
Emiliano Martínez,Aston Villa,23,ARG,GK,32,90.0,0,0,0,0,0,0,1,0,23,0,0,0,0.0,0.0,0.0,0,0,20,22,90.9,0,17,0,0,0,2024-09-14,['GK'],0,0,0,0,0,1,0,0,0,0,0,0,0
Dominic Calvert-Lewin,Everton,9,ENG,FW,27,90.0,1,0,0,0,3,1,0,0,28,0,0,0,0.8,0.8,0.0,0,0,9,13,69.2,0,19,1,3,0,2024-09-14,['FW'],0,0,0,0,1,0,0,0,0,0,0,0,0
Iliman Ndiaye,Everton,10,SEN,"LW,LM",24,80.0,0,0,0,0,0,0,1,0,25,0,1,1,0.0,0.0,0.0,1,0,11,14,78.6,2,14,4,8,3,2024-09-14,"['LW', 'LM']",0,0,0,0,0,0,0,1,1,0,0,0,0
Jesper Lindstrøm,Everton,29,DEN,RM,24,10.0,0,0,0,0,0,0,0,0,12,0,0,0,0.0,0.0,0.0,0,0,7,11,63.6,1,7,1,0,0,2024-09-14,['RM'],0,0,0,0,0,0,0,0,0,0,1,0,0
Jack Harrison,Everton,11,ENG,RW,27,63.0,0,0,0,0,0,0,0,0,20,2,0,0,0.0,0.0,0.0,1,1,9,10,90.0,0,10,1,3,1,2024-09-14,['RW'],0,0,0,0,0,0,0,0,0,0,0,1,0
Jake O'Brien,Everton,15,IRL,"CB,RB",23,27.0,0,0,0,0,0,0,1,0,20,2,0,1,0.0,0.0,0.0,1,0,12,15,80.0,1,7,0,3,1,2024-09-14,"['CB', 'RB']",0,1,0,0,0,0,0,0,0,1,0,0,0
Dwight McNeil,Everton,7,ENG,"AM,RM,LM",24,90.0,1,1,0,0,1,1,0,0,38,1,0,1,0.0,0.0,0.8,5,2,21,32,65.6,3,20,2,1,0,2024-09-14,"['AM', 'RM', 'LM']",1,0,0,0,0,0,0,1,0,0,1,0,0
Tim Iroegbunam,Everton,42,ENG,"DM,CM",21,80.0,0,0,0,0,0,0,1,0,21,3,1,0,0.0,0.0,0.0,0,0,14,15,93.3,1,8,0,2,1,2024-09-14,"['DM', 'CM']",0,0,1,1,0,0,0,0,0,0,0,0,0
Beto,Everton,14,GNB,FW,26,10.0,0,0,0,0,0,0,0,0,2,0,0,0,0.0,0.0,0.0,0,0,0,1,0.0,0,0,0,0,0,2024-09-14,['FW'],0,0,0,0,1,0,0,0,0,0,0,0,0
Idrissa Gana Gueye,Everton,27,SEN,DM,34,63.0,0,0,0,0,0,0,0,0,18,2,2,1,0.0,0.0,0.0,0,0,8,10,80.0,0,3,0,0,0,2024-09-14,['DM'],0,0,0,1,0,0,0,0,0,0,0,0,0
Orel Mangala,Everton,8,BEL,CM,26,27.0,0,0,0,0,1,0,0,0,11,1,0,0,0.1,0.1,0.0,1,0,6,9,66.7,2,6,3,1,1,2024-09-14,['CM'],0,0,1,0,0,0,0,0,0,0,0,0,0
Vitaliy Mykolenko,Everton,19,UKR,LB,25,25.0,0,0,0,0,0,0,0,0,6,1,0,0,0.0,0.0,0.0,0,0,1,4,25.0,0,1,0,0,0,2024-09-14,['LB'],0,0,0,0,0,0,1,0,0,0,0,0,0
James Garner,Everton,37,ENG,"RB,CM",23,65.0,0,0,0,0,0,0,0,0,32,2,1,1,0.0,0.0,0.0,1,0,19,25,76.0,1,15,1,1,0,2024-09-14,"['RB', 'CM']",0,0,1,0,0,0,0,0,0,1,0,0,0
Michael Keane,Everton,5,ENG,CB,31,90.0,0,0,0,0,1,0,0,0,42,2,0,1,0.0,0.0,0.0,0,0,21,29,72.4,0,16,0,0,0,2024-09-14,['CB'],0,1,0,0,0,0,0,0,0,0,0,0,0
James Tarkowski,Everton,6,ENG,CB,31,90.0,0,0,0,0,0,0,0,0,29,5,1,1,0.0,0.0,0.0,0,0,16,20,80.0,0,9,0,0,0,2024-09-14,['CB'],0,1,0,0,0,0,0,0,0,0,0,0,0
Ashley Young,Everton,18,ENG,"LB,RB",39,90.0,0,0,0,0,0,0,1,0,38,3,0,0,0.0,0.0,0.0,1,0,23,28,82.1,5,10,1,0,0,2024-09-14,"['LB', 'RB']",0,0,0,0,0,0,1,0,0,1,0,0,0
Jordan Pickford,Everton,1,ENG,GK,30,90.0,0,0,0,0,0,0,0,0,38,0,0,0,0.0,0.0,0.0,0,0,26,36,72.2,0,16,0,0,0,2024-09-14,['GK'],0,0,0,0,0,1,0,0,0,0,0,0,0
Evanilson,Bournemouth,9,BRA,FW,24,67.0,0,0,0,1,2,0,0,0,16,0,0,0,0.9,0.1,0.2,3,0,4,7,57.1,0,8,0,1,0,2024-09-14,['FW'],0,0,0,0,1,0,0,0,0,0,0,0,0
Luis Sinisterra,Bournemouth,17,COL,"FW,LW",25,23.0,0,0,0,0,1,0,0,0,11,0,0,0,0.1,0.1,0.1,1,0,5,6,83.3,0,6,1,2,0,2024-09-14,"['FW', 'LW']",0,0,0,0,1,0,0,0,1,0,0,0,0
Marcus Tavernier,Bournemouth,16,ENG,LW,25,82.0,0,0,0,0,2,1,0,0,38,2,0,0,0.1,0.1,0.1,6,0,18,28,64.3,2,20,6,2,2,2024-09-14,['LW'],0,0,0,0,0,0,0,0,1,0,0,0,0
Enes Ünal,Bournemouth,26,TUR,FW,27,8.0,0,0,0,0,2,2,0,0,4,0,0,1,0.1,0.1,0.0,2,0,1,1,100.0,1,1,0,0,0,2024-09-14,['FW'],0,0,0,0,1,0,0,0,0,0,0,0,0
Antoine Semenyo,Bournemouth,24,GHA,RW,24,90.0,0,0,0,0,3,0,1,0,40,0,0,3,0.1,0.1,0.0,1,0,18,27,66.7,3,26,1,4,2,2024-09-14,['RW'],0,0,0,0,0,0,0,0,0,0,0,1,0
Justin Kluivert,Bournemouth,19,NED,AM,25,74.0,0,0,0,0,2,2,1,0,29,1,2,0,0.3,0.3,0.1,4,0,9,20,45.0,3,14,2,3,2,2024-09-14,['AM'],1,0,0,0,0,0,0,0,0,0,0,0,0
Philip Billing,Bournemouth,29,DEN,AM,28,16.0,0,0,0,0,0,0,0,0,12,0,1,0,0.0,0.0,0.0,1,0,5,11,45.5,0,8,0,0,0,2024-09-14,['AM'],1,0,0,0,0,0,0,0,0,0,0,0,0
Ryan Christie,Bournemouth,10,SCO,DM,29,67.0,0,0,0,0,1,0,1,0,41,1,1,3,0.1,0.1,0.0,3,0,24,33,72.7,9,20,1,2,1,2024-09-14,['DM'],0,0,0,1,0,0,0,0,0,0,0,0,0
Alex Scott,Bournemouth,8,ENG,DM,21,23.0,0,0,0,0,0,0,0,0,17,1,0,1,0.0,0.0,0.0,0,0,7,9,77.8,2,9,0,1,0,2024-09-14,['DM'],0,0,0,1,0,0,0,0,0,0,0,0,0
Lewis Cook,Bournemouth,4,ENG,DM,27,90.0,0,0,0,0,3,1,1,0,42,1,1,0,0.0,0.0,0.0,4,0,26,36,72.2,7,22,0,1,1,2024-09-14,['DM'],0,0,0,1,0,0,0,0,0,0,0,0,0
Milos Kerkez,Bournemouth,3,HUN,LB,20,90.0,0,0,0,0,2,0,0,0,41,2,2,0,0.1,0.0,0.0,1,0,22,31,71.0,0,15,0,0,0,2024-09-14,['LB'],0,0,0,0,0,0,1,0,0,0,0,0,0
Marcos Senesi,Bournemouth,5,ARG,CB,27,90.0,0,0,0,0,0,0,1,0,52,3,1,2,0.0,0.0,0.1,3,0,26,39,66.7,3,26,0,1,0,2024-09-14,['CB'],0,1,0,0,0,0,0,0,0,0,0,0,0
Illia Zabarnyi,Bournemouth,27,UKR,CB,22,90.0,0,0,0,0,0,0,0,0,32,1,0,0,0.0,0.0,0.1,1,0,21,27,77.8,4,16,0,0,0,2024-09-14,['CB'],0,1,0,0,0,0,0,0,0,0,0,0,0
Adam Smith,Bournemouth,15,ENG,RB,33,74.0,0,0,0,0,0,0,1,0,22,2,1,0,0.0,0.0,0.0,2,0,12,17,70.6,1,7,1,1,1,2024-09-14,['RB'],0,0,0,0,0,0,0,0,0,1,0,0,0
Julian Araujo,Bournemouth,22,MEX,RB,23,16.0,0,0,0,0,0,0,0,0,9,0,1,0,0.0,0.0,0.0,0,0,5,7,71.4,1,2,0,0,0,2024-09-14,['RB'],0,0,0,0,0,0,0,0,0,1,0,0,0
Mark Travers,Bournemouth,42,IRL,GK,25,90.0,0,0,0,0,0,0,0,0,20,0,0,0,0.0,0.0,0.0,0,0,11,18,61.1,0,14,0,0,0,2024-09-14,['GK'],0,0,0,0,0,1,0,0,0,0,0,0,0
Nicolas Jackson,Chelsea,15,SEN,FW,23,78.0,0,0,0,0,3,1,1,0,26,0,0,1,0.3,0.3,0.0,0,0,11,14,78.6,2,15,1,1,0,2024-09-14,['FW'],0,0,0,0,1,0,0,0,0,0,0,0,0
Christopher Nkunku,Chelsea,18,FRA,FW,26,12.0,1,0,0,0,1,1,0,0,6,0,0,0,0.3,0.3,0.0,1,1,5,5,100.0,0,3,0,1,1,2024-09-14,['FW'],0,0,0,0,1,0,0,0,0,0,0,0,0
Pedro Neto,Chelsea,7,POR,LW,24,45.0,0,0,0,0,0,0,0,0,23,0,0,1,0.0,0.0,0.0,1,0,12,18,66.7,1,13,2,2,1,2024-09-14,['LW'],0,0,0,0,0,0,0,0,1,0,0,0,0
Jadon Sancho,Chelsea,19,ENG,LW,24,45.0,0,1,0,0,0,0,1,0,37,0,0,0,0.0,0.0,0.4,3,1,25,30,83.3,6,24,2,4,2,2024-09-14,['LW'],0,0,0,0,0,0,0,0,1,0,0,0,0
Noni Madueke,Chelsea,11,ENG,RW,22,61.0,0,0,0,0,3,0,0,0,26,0,1,0,0.1,0.1,0.0,1,0,14,19,73.7,0,16,2,4,3,2024-09-14,['RW'],0,0,0,0,0,0,0,0,0,0,0,1,0
João Félix,Chelsea,14,POR,AM,24,29.0,0,0,0,0,0,0,1,0,24,0,0,0,0.0,0.0,0.0,1,0,16,21,76.2,2,17,2,1,0,2024-09-14,['AM'],1,0,0,0,0,0,0,0,0,0,0,0,0
Cole Palmer,Chelsea,20,ENG,"AM,RW",22,90.0,0,0,0,0,0,0,0,0,43,2,0,0,0.0,0.0,0.0,1,0,26,34,76.5,3,28,1,5,2,2024-09-14,"['AM', 'RW']",1,0,0,0,0,0,0,0,0,0,0,1,0
Renato Veiga,Chelsea,40,POR,DM,21,90.0,0,0,0,0,2,1,1,0,69,3,0,1,0.0,0.0,0.0,1,0,53,59,89.8,4,35,2,2,2,2024-09-14,['DM'],0,0,0,1,0,0,0,0,0,0,0,0,0
Moisés Caicedo,Chelsea,25,ECU,DM,22,90.0,0,0,0,0,1,0,0,0,77,4,2,1,0.0,0.0,0.0,0,0,53,61,86.9,4,48,2,1,0,2024-09-14,['DM'],0,0,0,1,0,0,0,0,0,0,0,0,0
Marc Cucurella,Chelsea,3,ESP,LB,26,90.0,0,0,0,0,0,0,1,0,58,1,1,1,0.0,0.0,0.0,3,0,38,48,79.2,2,15,1,0,0,2024-09-14,['LB'],0,0,0,0,0,0,1,0,0,0,0,0,0
Levi Colwill,Chelsea,6,ENG,CB,21,90.0,0,0,0,0,0,0,1,0,71,0,0,2,0.0,0.0,0.0,3,0,53,62,85.5,7,31,2,0,0,2024-09-14,['CB'],0,1,0,0,0,0,0,0,0,0,0,0,0
Wesley Fofana,Chelsea,29,FRA,CB,23,90.0,0,0,0,0,0,0,1,0,104,1,1,1,0.0,0.0,0.1,2,0,89,97,91.8,2,61,0,1,1,2024-09-14,['CB'],0,1,0,0,0,0,0,0,0,0,0,0,0
Axel Disasi,Chelsea,2,FRA,RB,26,60.0,0,0,0,0,0,0,0,0,62,0,1,0,0.0,0.0,0.0,0,0,50,57,87.7,5,38,0,0,0,2024-09-14,['RB'],0,0,0,0,0,0,0,0,0,1,0,0,0
Tosin Adarabioyo,Chelsea,4,ENG,RB,26,30.0,0,0,0,0,0,0,0,0,42,1,0,0,0.0,0.0,0.0,1,0,37,41,90.2,2,24,0,0,0,2024-09-14,['RB'],0,0,0,0,0,0,0,0,0,1,0,0,0
Robert Sánchez,Chelsea,1,ESP,GK,26,90.0,0,0,0,0,0,0,1,0,57,0,0,0,0.0,0.0,0.0,0,0,40,53,75.5,0,33,0,0,0,2024-09-14,['GK'],0,0,0,0,0,1,0,0,0,0,0,0,0
Dominic Solanke,Tottenham Hotspur,19,ENG,FW,27,90.0,0,0,0,0,2,0,0,0,27,2,0,1,0.2,0.2,0.0,2,0,11,15,73.3,2,18,1,2,0,2024-09-15,['FW'],0,0,0,0,1,0,0,0,0,0,0,0,0
Son Heung-min,Tottenham Hotspur,7,KOR,"LW,AM",32,90.0,0,0,0,0,1,0,0,0,54,0,1,1,0.0,0.0,0.1,5,0,39,46,84.8,4,34,1,4,2,2024-09-15,"['LW', 'AM']",1,0,0,0,0,0,0,0,1,0,0,0,0
Brennan Johnson,Tottenham Hotspur,22,WAL,RW,23,67.0,0,0,0,0,4,1,0,0,23,0,0,2,0.2,0.2,0.0,1,0,14,15,93.3,1,19,5,2,1,2024-09-15,['RW'],0,0,0,0,0,0,0,0,0,0,0,1,0
Wilson Odobert,Tottenham Hotspur,28,FRA,RW,19,23.0,0,0,0,0,1,0,0,0,14,0,0,1,0.0,0.0,0.0,1,0,7,11,63.6,2,11,4,1,0,2024-09-15,['RW'],0,0,0,0,0,0,0,0,0,0,0,1,0
James Maddison,Tottenham Hotspur,10,ENG,LM,27,79.0,0,0,0,0,0,0,0,0,66,2,2,0,0.0,0.0,0.2,3,0,50,60,83.3,4,46,0,2,1,2024-09-15,['LM'],0,0,0,0,0,0,0,1,0,0,0,0,0
Timo Werner,Tottenham Hotspur,16,GER,LW,28,11.0,0,0,0,0,0,0,0,0,11,1,0,0,0.0,0.0,0.0,1,0,5,10,50.0,0,6,3,2,1,2024-09-15,['LW'],0,0,0,0,0,0,0,0,1,0,0,0,0
Rodrigo Bentancur,Tottenham Hotspur,30,URU,CM,27,67.0,0,0,0,0,0,0,1,0,56,0,2,1,0.0,0.0,0.0,1,0,49,51,96.1,8,45,1,0,0,2024-09-15,['CM'],0,0,1,0,0,0,0,0,0,0,0,0,0
Pape Matar Sarr,Tottenham Hotspur,29,SEN,"DM,CM",22,23.0,0,0,0,0,2,1,0,0,32,2,1,1,0.1,0.1,0.0,4,0,21,25,84.0,2,19,0,2,0,2024-09-15,"['DM', 'CM']",0,0,1,1,0,0,0,0,0,0,0,0,0
Dejan Kulusevski,Tottenham Hotspur,21,SWE,"RM,DM",24,90.0,0,0,0,0,3,1,1,0,42,3,1,0,0.1,0.1,0.0,5,0,17,29,58.6,4,29,4,3,1,2024-09-15,"['RM', 'DM']",0,0,0,1,0,0,0,0,0,0,1,0,0
Destiny Udogie,Tottenham Hotspur,13,ITA,LB,21,90.0,0,0,0,0,0,0,1,0,68,3,0,0,0.0,0.0,0.0,1,0,52,57,91.2,9,41,5,3,1,2024-09-15,['LB'],0,0,0,0,0,0,1,0,0,0,0,0,0
Micky van de Ven,Tottenham Hotspur,37,NED,CB,23,90.0,0,0,0,0,1,1,1,0,82,1,1,0,0.0,0.0,0.0,0,0,61,69,88.4,6,56,1,1,0,2024-09-15,['CB'],0,1,0,0,0,0,0,0,0,0,0,0,0
Cristian Romero,Tottenham Hotspur,17,ARG,CB,26,90.0,0,0,0,0,1,1,0,0,84,2,1,3,0.0,0.0,0.0,1,0,70,73,95.9,3,64,1,0,0,2024-09-15,['CB'],0,1,0,0,0,0,0,0,0,0,0,0,0
Pedro Porro,Tottenham Hotspur,23,ESP,RB,25,90.0,0,0,0,0,0,0,0,0,83,4,0,3,0.0,0.0,0.1,4,0,52,66,78.8,10,45,6,2,0,2024-09-15,['RB'],0,0,0,0,0,0,0,0,0,1,0,0,0
Guglielmo Vicario,Tottenham Hotspur,1,ITA,GK,27,90.0,0,0,0,0,0,0,1,0,27,0,0,0,0.0,0.0,0.0,0,0,22,26,84.6,1,19,0,0,0,2024-09-15,['GK'],0,0,0,0,0,1,0,0,0,0,0,0,0
Leandro Trossard,Arsenal,19,BEL,FW,29,79.0,0,0,0,0,1,0,0,0,22,1,1,0,0.1,0.1,0.2,2,0,13,17,76.5,4,11,0,1,1,2024-09-15,['FW'],0,0,0,0,1,0,0,0,0,0,0,0,0
Gabriel Jesus,Arsenal,9,BRA,"RW,FW",27,11.0,0,0,0,0,0,0,0,0,3,0,1,0,0.0,0.0,0.0,0,0,0,0,80.8,0,3,0,1,0,2024-09-15,"['RW', 'FW']",0,0,0,0,1,0,0,0,0,0,0,1,0
Kai Havertz,Arsenal,29,GER,"FW,LM",25,90.0,0,0,0,0,2,2,0,0,49,2,1,4,0.2,0.2,0.0,1,0,18,28,64.3,1,14,2,3,1,2024-09-15,"['FW', 'LM']",0,0,0,0,1,0,0,1,0,0,0,0,0
Gabriel Martinelli,Arsenal,11,BRA,LM,23,79.0,0,0,0,0,1,1,0,0,35,3,0,2,0.2,0.2,0.2,3,0,15,23,65.2,2,15,4,8,6,2024-09-15,['LM'],0,0,0,0,0,0,0,1,0,0,0,0,0
Raheem Sterling,Arsenal,30,ENG,LW,29,11.0,0,0,0,0,0,0,0,0,2,0,0,0,0.0,0.0,0.0,0,0,1,2,50.0,0,3,0,0,0,2024-09-15,['LW'],0,0,0,0,0,0,0,0,1,0,0,0,0
Jorginho,Arsenal,20,ITA,CM,32,90.0,0,0,0,0,0,0,1,0,28,1,0,0,0.0,0.0,0.0,1,0,19,24,79.2,1,15,0,0,0,2024-09-15,['CM'],0,0,1,0,0,0,0,0,0,0,0,0,0
Thomas Partey,Arsenal,5,GHA,"CM,RM",31,90.0,0,0,0,0,0,0,0,0,34,3,2,1,0.0,0.0,0.0,0,0,17,21,81.0,1,6,0,1,0,2024-09-15,"['CM', 'RM']",0,0,1,0,0,0,0,0,0,0,1,0,0
Bukayo Saka,Arsenal,7,ENG,"RM,RW",23,85.0,0,1,0,0,1,0,0,0,40,2,0,1,0.1,0.1,0.3,3,2,22,31,71.0,1,19,2,4,2,2024-09-15,"['RM', 'RW']",0,0,0,0,0,0,0,0,0,0,1,1,0
Ethan Nwaneri,Arsenal,53,ENG,FW,17,5.0,0,0,0,0,0,0,0,0,7,0,0,1,0.0,0.0,0.0,0,0,3,5,60.0,1,4,1,1,1,2024-09-15,['FW'],0,0,0,0,1,0,0,0,0,0,0,0,0
Jurriën Timber,Arsenal,12,NED,LB,23,90.0,0,0,0,0,1,0,1,0,47,3,1,2,0.1,0.1,0.0,1,0,17,33,51.5,3,14,3,2,1,2024-09-15,['LB'],0,0,0,0,0,0,1,0,0,0,0,0,0
Gabriel Magalhães,Arsenal,6,BRA,CB,26,90.0,1,0,0,0,1,1,0,0,39,2,1,3,0.2,0.2,0.0,0,0,20,25,80.0,0,12,0,0,0,2024-09-15,['CB'],0,1,0,0,0,0,0,0,0,0,0,0,0
William Saliba,Arsenal,2,FRA,CB,23,90.0,0,0,0,0,0,0,1,0,44,2,0,2,0.0,0.0,0.0,1,0,34,35,97.1,2,19,0,0,0,2024-09-15,['CB'],0,1,0,0,0,0,0,0,0,0,0,0,0
Ben White,Arsenal,4,ENG,RB,26,90.0,0,0,0,0,0,0,0,0,48,2,2,0,0.0,0.0,0.0,0,0,31,38,81.6,1,11,0,1,0,2024-09-15,['RB'],0,0,0,0,0,0,0,0,0,1,0,0,0
David Raya,Arsenal,22,ESP,GK,29,90.0,0,0,0,0,0,0,0,0,41,0,0,0,0.0,0.0,0.0,0,0,25,38,65.8,0,14,0,0,0,2024-09-15,['GK'],0,0,0,0,0,1,0,0,0,0,0,0,0
Jørgen Strand Larsen,Wolverhampton Wanderers,9,NOR,FW,24,85.0,0,1,0,0,2,1,0,0,21,0,0,1,0.2,0.2,0.4,1,1,4,14,28.6,0,11,1,0,0,2024-09-15,['FW'],0,0,0,0,1,0,0,0,0,0,0,0,0
Gonçalo Guedes,Wolverhampton Wanderers,29,POR,FW,27,5.0,0,0,0,0,0,0,0,0,3,0,0,0,0.0,0.0,0.0,0,0,2,3,66.7,0,3,0,0,0,2024-09-15,['FW'],0,0,0,0,1,0,0,0,0,0,0,0,0
Matheus Cunha,Wolverhampton Wanderers,10,BRA,"RM,FW",25,90.0,0,0,0,0,4,2,0,0,47,1,1,0,0.2,0.2,0.0,3,1,19,31,61.3,3,24,2,6,3,2024-09-15,"['RM', 'FW']",0,0,0,0,1,0,0,0,0,0,1,0,0
Jean-Ricner Bellegarde,Wolverhampton Wanderers,27,FRA,LM,26,70.0,0,0,0,0,1,0,0,0,28,2,3,0,0.1,0.1,0.0,3,0,15,18,83.3,0,19,2,4,1,2024-09-15,['LM'],0,0,0,0,0,0,0,1,0,0,0,0,0
Hwang Hee-chan,Wolverhampton Wanderers,11,KOR,LM,28,20.0,0,0,0,0,0,0,0,0,9,0,0,1,0.0,0.0,0.0,0,0,8,8,100.0,0,6,0,0,0,2024-09-15,['LM'],0,0,0,0,0,0,0,1,0,0,0,0,0
João Gomes,Wolverhampton Wanderers,8,BRA,CM,23,90.0,0,0,0,0,1,0,0,0,60,5,0,1,0.1,0.1,0.0,1,0,50,54,92.6,3,38,2,0,0,2024-09-15,['CM'],0,0,1,0,0,0,0,0,0,0,0,0,0
André,Wolverhampton Wanderers,7,BRA,CM,23,76.0,0,0,0,0,0,0,1,0,44,2,0,2,0.0,0.0,0.1,2,0,40,40,100.0,3,36,0,1,1,2024-09-15,['CM'],0,0,1,0,0,0,0,0,0,0,0,0,0
Tommy Doyle,Wolverhampton Wanderers,20,ENG,CM,22,14.0,0,0,0,0,0,0,0,0,20,0,0,0,0.0,0.0,0.0,0,0,18,20,90.0,4,14,0,0,0,2024-09-15,['CM'],0,0,1,0,0,0,0,0,0,0,0,0,0
Mario Lemina,Wolverhampton Wanderers,5,GAB,"FW,RM,LB",31,90.0,1,0,0,0,2,1,0,0,44,1,2,0,0.6,0.6,0.2,5,0,31,37,83.8,5,22,1,2,2,2024-09-15,"['FW', 'RM', 'LB']",0,0,0,0,1,0,1,0,0,0,1,0,0
Rayan Aït-Nouri,Wolverhampton Wanderers,3,ALG,LB,23,85.0,0,0,0,0,0,0,1,0,60,2,1,1,0.0,0.0,0.0,0,0,41,49,83.7,3,29,2,4,4,2024-09-15,['LB'],0,0,0,0,0,0,1,0,0,0,0,0,0
Carlos Forbs,Wolverhampton Wanderers,26,POR,"RM,LB",20,5.0,0,0,0,0,0,0,0,0,11,1,0,0,0.0,0.0,0.0,1,0,4,10,40.0,1,9,0,1,1,2024-09-15,"['RM', 'LB']",0,0,0,0,0,0,1,0,0,0,1,0,0
Craig Dawson,Wolverhampton Wanderers,15,ENG,CB,34,90.0,0,0,0,0,0,0,0,0,64,0,0,3,0.0,0.0,0.0,1,0,46,58,79.3,2,36,1,0,0,2024-09-15,['CB'],0,1,0,0,0,0,0,0,0,0,0,0,0
Yerson Mosquera,Wolverhampton Wanderers,14,COL,CB,23,90.0,0,0,0,0,1,0,0,0,71,5,3,3,0.1,0.1,0.0,2,0,46,56,82.1,3,34,0,0,0,2024-09-15,['CB'],0,1,0,0,0,0,0,0,0,0,0,0,0
Nélson Semedo,Wolverhampton Wanderers,22,POR,RB,30,76.0,0,0,0,0,1,1,1,0,36,3,0,0,0.0,0.0,0.1,4,0,23,25,92.0,2,22,2,5,3,2024-09-15,['RB'],0,0,0,0,0,0,0,0,0,1,0,0,0
Matt Doherty,Wolverhampton Wanderers,2,IRL,RB,32,14.0,0,0,0,0,0,0,0,0,14,1,0,0,0.0,0.0,0.0,0,0,9,13,69.2,2,6,0,0,0,2024-09-15,['RB'],0,0,0,0,0,0,0,0,0,1,0,0,0
Sam Johnstone,Wolverhampton Wanderers,31,ENG,GK,31,90.0,0,0,0,0,0,0,0,0,50,0,0,0,0.0,0.0,0.0,1,0,33,47,70.2,0,32,0,0,0,2024-09-15,['GK'],0,0,0,0,0,1,0,0,0,0,0,0,0
Alexander Isak,Newcastle United,14,SWE,FW,24,45.0,0,0,0,0,1,0,0,0,18,0,0,1,0.1,0.1,0.1,1,0,9,12,75.0,1,12,1,1,0,2024-09-15,['FW'],0,0,0,0,1,0,0,0,0,0,0,0,0
Harvey Barnes,Newcastle United,11,ENG,LW,26,45.0,1,0,0,0,3,1,0,0,23,0,0,0,0.5,0.5,0.4,5,1,12,16,75.0,4,17,5,3,2,2024-09-15,['LW'],0,0,0,0,0,0,0,0,1,0,0,0,0
Anthony Gordon,Newcastle United,10,ENG,"FW,LW",23,90.0,0,0,0,0,2,0,0,0,49,0,1,2,0.2,0.2,0.1,4,0,33,35,94.3,0,43,3,8,5,2024-09-15,"['FW', 'LW']",0,0,0,0,1,0,0,0,1,0,0,0,0
Jacob Murphy,Newcastle United,23,ENG,RW,29,90.0,0,0,0,0,1,1,1,0,36,0,0,2,0.1,0.1,0.0,3,0,20,30,66.7,5,25,4,1,0,2024-09-15,['RW'],0,0,0,0,0,0,0,0,0,0,0,1,0
Joelinton,Newcastle United,7,BRA,LM,28,45.0,0,0,0,0,0,0,1,0,35,2,1,0,0.0,0.0,0.0,1,0,26,30,86.7,4,22,0,1,0,2024-09-15,['LM'],0,0,0,0,0,0,0,1,0,0,0,0,0
Joe Willock,Newcastle United,28,ENG,"LM,CM",25,45.0,0,1,0,0,1,0,0,0,20,2,0,0,0.1,0.1,0.6,8,2,12,14,85.7,4,14,5,3,1,2024-09-15,"['LM', 'CM']",0,0,1,0,0,0,0,1,0,0,0,0,0
Bruno Guimarães,Newcastle United,39,BRA,CM,26,86.0,0,1,0,0,1,1,0,0,46,0,0,1,0.0,0.0,0.0,2,1,34,39,87.2,5,35,2,2,2,2024-09-15,['CM'],0,0,1,0,0,0,0,0,0,0,0,0,0
Lloyd Kelly,Newcastle United,25,ENG,CB,25,4.0,0,0,0,0,0,0,0,0,6,0,0,0,0.0,0.0,0.0,0,0,3,4,75.0,1,3,0,0,0,2024-09-15,['CB'],0,1,0,0,0,0,0,0,0,0,0,0,0
Sean Longstaff,Newcastle United,36,ENG,RM,26,45.0,0,0,0,0,0,0,0,0,22,0,0,1,0.0,0.0,0.0,0,0,19,21,90.5,3,14,0,0,0,2024-09-15,['RM'],0,0,0,0,0,0,0,0,0,0,1,0,0
Sandro Tonali,Newcastle United,8,ITA,"RM,CM",24,45.0,0,0,0,0,2,2,0,0,22,1,2,0,0.4,0.4,0.0,1,0,15,16,93.8,4,14,0,1,0,2024-09-15,"['RM', 'CM']",0,0,1,0,0,0,0,0,0,0,1,0,0
Lewis Hall,Newcastle United,20,ENG,"LB,LM",20,90.0,0,0,0,0,0,0,0,0,99,2,0,1,0.0,0.0,0.1,1,0,81,91,89.0,13,68,5,2,2,2024-09-15,"['LB', 'LM']",0,0,0,0,0,0,1,1,0,0,0,0,0
Dan Burn,Newcastle United,33,ENG,CB,32,90.0,0,0,0,0,1,0,1,0,78,2,0,0,0.0,0.0,0.0,1,0,68,70,97.1,0,49,0,0,0,2024-09-15,['CB'],0,1,0,0,0,0,0,0,0,0,0,0,0
Fabian Schär,Newcastle United,5,SUI,CB,32,90.0,1,0,0,0,2,1,0,0,64,0,1,0,0.1,0.1,0.0,0,0,43,51,84.3,2,40,0,0,0,2024-09-15,['CB'],0,1,0,0,0,0,0,0,0,0,0,0,0
Valentino Livramento,Newcastle United,21,ENG,RB,21,63.0,0,0,0,0,0,0,0,0,33,5,0,2,0.0,0.0,0.0,0,0,22,24,91.7,0,13,0,0,0,2024-09-15,['RB'],0,0,0,0,0,0,0,0,0,1,0,0,0
Kieran Trippier,Newcastle United,2,ENG,"RB,RM",33,27.0,0,0,0,0,0,0,0,0,19,0,0,0,0.0,0.0,0.0,0,0,13,18,72.2,1,8,1,0,0,2024-09-15,"['RB', 'RM']",0,0,0,0,0,0,0,0,0,1,1,0,0
Nick Pope,Newcastle United,22,ENG,GK,32,90.0,0,0,0,0,0,0,0,0,39,0,0,0,0.0,0.0,0.0,0,0,24,34,70.6,0,21,0,0,0,2024-09-15,['GK'],0,0,0,0,0,1,0,0,0,0,0,0,0
Jarrod Bowen,West Ham United,20,ENG,"FW,RW",27,90.0,0,0,0,0,2,1,0,0,32,1,1,0,0.1,0.1,0.0,3,0,18,25,72.0,6,20,8,3,2,2024-09-21,"['FW', 'RW']",0,0,0,0,1,0,0,0,0,0,0,1,0
Crysencio Summerville,West Ham United,7,NED,LW,22,53.0,0,0,0,0,0,0,0,0,21,1,0,0,0.0,0.0,0.0,2,0,13,15,86.7,0,15,1,2,1,2024-09-21,['LW'],0,0,0,0,0,0,0,0,1,0,0,0,0
Michail Antonio,West Ham United,9,JAM,FW,34,37.0,0,0,0,0,1,1,1,0,14,0,0,0,0.1,0.1,0.0,1,0,6,9,66.7,0,8,2,2,0,2024-09-21,['FW'],0,0,0,0,1,0,0,0,0,0,0,0,0
Mohammed Kudus,West Ham United,14,GHA,"RW,LW",24,90.0,0,0,0,0,3,2,0,0,37,0,0,0,0.2,0.2,0.0,3,0,18,25,72.0,3,29,7,10,5,2024-09-21,"['RW', 'LW']",0,0,0,0,0,0,0,0,1,0,0,1,0
Emerson Palmieri,West Ham United,33,ITA,"LM,LB",30,72.0,0,0,0,0,0,0,0,0,34,1,1,2,0.0,0.0,0.1,2,0,24,29,82.8,3,18,2,1,0,2024-09-21,"['LM', 'LB']",0,0,0,0,0,0,1,1,0,0,0,0,0
Aaron Cresswell,West Ham United,3,ENG,LB,34,18.0,0,0,0,0,0,0,0,0,22,0,0,1,0.0,0.0,0.0,1,0,16,20,80.0,3,14,1,0,0,2024-09-21,['LB'],0,0,0,0,0,0,1,0,0,0,0,0,0
Lucas Paquetá,West Ham United,10,BRA,"CM,LM",27,72.0,0,0,0,0,2,0,0,0,57,0,0,0,0.1,0.1,0.0,2,0,32,47,68.1,6,39,2,3,1,2024-09-21,"['CM', 'LM']",0,0,1,0,0,0,0,1,0,0,0,0,0
Andy Irving,West Ham United,39,SCO,LM,24,18.0,0,0,0,0,1,1,0,0,25,2,0,0,0.0,0.0,0.0,1,0,21,21,100.0,2,18,0,0,0,2024-09-21,['LM'],0,0,0,0,0,0,0,1,0,0,0,0,0
Guido Rodríguez,West Ham United,24,ARG,CM,30,37.0,0,0,0,0,0,0,0,0,28,2,0,0,0.0,0.0,0.0,1,0,21,25,84.0,4,21,0,0,0,2024-09-21,['CM'],0,0,1,0,0,0,0,0,0,0,0,0,0
Tomáš Souček,West Ham United,28,CZE,CM,29,53.0,0,0,0,0,1,1,1,0,46,1,2,0,0.1,0.1,0.1,0,0,36,38,94.7,5,27,0,0,0,2024-09-21,['CM'],0,0,1,0,0,0,0,0,0,0,0,0,0
Aaron Wan-Bissaka,West Ham United,29,ENG,"RM,RB",26,90.0,0,0,0,0,0,0,0,0,64,3,0,3,0.0,0.0,0.1,4,0,46,55,83.6,8,39,3,3,0,2024-09-21,"['RM', 'RB']",0,0,0,0,0,0,0,0,0,1,1,0,0
Max Kilman,West Ham United,26,ENG,CB,27,90.0,0,0,0,0,0,0,1,0,78,0,1,0,0.0,0.0,0.1,1,0,66,71,93.0,11,53,2,0,0,2024-09-21,['CB'],0,1,0,0,0,0,0,0,0,0,0,0,0
Edson Álvarez,West Ham United,19,MEX,CB,26,53.0,0,0,0,0,1,0,1,0,49,1,0,1,0.0,0.0,0.1,3,0,42,45,93.3,3,34,1,0,0,2024-09-21,['CB'],0,1,0,0,0,0,0,0,0,0,0,0,0
Carlos Soler,West Ham United,4,ESP,RM,27,37.0,0,0,0,0,2,1,1,0,23,0,0,0,0.1,0.1,0.0,0,0,17,21,81.0,3,20,1,0,0,2024-09-21,['RM'],0,0,0,0,0,0,0,0,0,0,1,0,0
Konstantinos Mavropanos,West Ham United,15,GRE,CB,26,90.0,0,0,0,0,2,0,0,0,75,4,3,2,0.1,0.1,0.0,3,0,56,63,88.9,4,46,0,0,0,2024-09-21,['CB'],0,1,0,0,0,0,0,0,0,0,0,0,0
Alphonse Areola,West Ham United,23,FRA,GK,31,90.0,0,0,0,0,0,0,0,0,35,0,0,0,0.0,0.0,0.0,0,0,31,33,93.9,0,21,0,0,0,2024-09-21,['GK'],0,0,0,0,0,1,0,0,0,0,0,0,0
Nicolas Jackson,Chelsea,15,SEN,FW,23,63.0,2,1,0,0,4,2,0,0,28,0,1,0,0.8,0.8,0.4,3,2,14,17,82.4,2,22,5,2,0,2024-09-21,['FW'],0,0,0,0,1,0,0,0,0,0,0,0,0
Christopher Nkunku,Chelsea,18,FRA,FW,26,27.0,0,0,0,0,1,1,0,0,13,0,0,0,0.6,0.6,0.0,2,0,10,11,90.9,0,11,0,0,0,2024-09-21,['FW'],0,0,0,0,1,0,0,0,0,0,0,0,0
Jadon Sancho,Chelsea,19,ENG,LW,24,56.0,0,1,0,0,0,0,0,0,22,0,0,0,0.0,0.0,0.3,2,1,18,20,90.0,1,16,1,1,0,2024-09-21,['LW'],0,0,0,0,0,0,0,0,1,0,0,0,0
Pedro Neto,Chelsea,7,POR,LW,24,34.0,0,0,0,0,0,0,0,0,29,2,0,0,0.0,0.0,0.0,1,0,16,23,69.6,1,19,3,4,3,2024-09-21,['LW'],0,0,0,0,0,0,0,0,1,0,0,0,0
Noni Madueke,Chelsea,11,ENG,RW,22,90.0,0,0,0,0,2,1,0,0,32,0,1,0,0.2,0.2,0.0,2,0,17,21,81.0,0,19,6,0,0,2024-09-21,['RW'],0,0,0,0,0,0,0,0,0,0,0,1,0
Cole Palmer,Chelsea,20,ENG,AM,22,63.0,1,0,0,0,2,1,0,0,27,1,0,0,0.4,0.4,0.1,1,0,15,19,78.9,2,25,4,2,0,2024-09-21,['AM'],1,0,0,0,0,0,0,0,0,0,0,0,0
João Félix,Chelsea,14,POR,AM,24,27.0,0,0,0,0,2,0,0,0,23,1,0,0,0.2,0.2,0.0,0,0,12,15,80.0,3,16,1,4,0,2024-09-21,['AM'],1,0,0,0,0,0,0,0,0,0,0,0,0
Enzo Fernández,Chelsea,8,ARG,DM,23,83.0,0,0,0,0,0,0,0,0,55,1,1,1,0.0,0.0,0.2,3,1,41,46,89.1,6,33,1,2,0,2024-09-21,['DM'],0,0,0,1,0,0,0,0,0,0,0,0,0
Kiernan Dewsbury-Hall,Chelsea,22,ENG,DM,26,7.0,0,0,0,0,0,0,0,0,10,0,0,0,0.0,0.0,0.1,1,0,6,8,75.0,1,7,1,1,1,2024-09-21,['DM'],0,0,0,1,0,0,0,0,0,0,0,0,0
Moisés Caicedo,Chelsea,25,ECU,DM,22,90.0,0,1,0,0,1,0,0,0,72,8,1,2,0.1,0.1,0.4,3,2,48,56,85.7,3,37,0,1,0,2024-09-21,['DM'],0,0,0,1,0,0,0,0,0,0,0,0,0
Marc Cucurella,Chelsea,3,ESP,LB,26,90.0,0,0,0,0,0,0,1,0,54,3,2,2,0.0,0.0,0.0,1,0,37,39,94.9,0,21,0,0,0,2024-09-21,['LB'],0,0,0,0,0,0,1,0,0,0,0,0,0
Levi Colwill,Chelsea,6,ENG,CB,21,90.0,0,0,0,0,0,0,0,0,72,0,1,1,0.0,0.0,0.6,1,0,55,62,88.7,2,44,0,0,0,2024-09-21,['CB'],0,1,0,0,0,0,0,0,0,0,0,0,0
Tosin Adarabioyo,Chelsea,4,ENG,CB,26,90.0,0,0,0,0,0,0,0,0,65,1,1,2,0.0,0.0,0.0,1,0,50,56,89.3,0,42,0,1,1,2024-09-21,['CB'],0,1,0,0,0,0,0,0,0,0,0,0,0
Wesley Fofana,Chelsea,29,FRA,RB,23,56.0,0,0,0,0,0,0,1,0,30,1,0,0,0.0,0.0,0.0,1,0,22,26,84.6,1,19,1,0,0,2024-09-21,['RB'],0,0,0,0,0,0,0,0,0,1,0,0,0
Axel Disasi,Chelsea,2,FRA,RB,26,34.0,0,0,0,0,0,0,0,0,21,1,0,1,0.0,0.0,0.0,0,0,14,17,82.4,0,8,1,1,1,2024-09-21,['RB'],0,0,0,0,0,0,0,0,0,1,0,0,0
Robert Sánchez,Chelsea,1,ESP,GK,26,90.0,0,0,0,0,0,0,0,0,45,0,0,0,0.0,0.0,0.0,0,0,35,43,81.4,0,37,0,0,0,2024-09-21,['GK'],0,0,0,0,0,1,0,0,0,0,0,0,0
Darwin Núñez,Liverpool,9,URU,FW,25,71.0,1,0,0,0,3,2,0,0,18,4,0,0,0.3,0.3,0.0,1,1,6,10,60.0,2,16,4,0,0,2024-09-21,['FW'],0,0,0,0,1,0,0,0,0,0,0,0,0
Federico Chiesa,Liverpool,14,ITA,FW,26,19.0,0,0,0,0,2,1,0,0,12,0,0,0,0.2,0.2,0.0,2,0,7,8,87.5,0,11,1,1,0,2024-09-21,['FW'],0,0,0,0,1,0,0,0,0,0,0,0,0
Luis Díaz,Liverpool,7,COL,LW,27,71.0,2,0,0,0,4,4,0,0,44,0,0,1,0.6,0.6,0.0,7,0,31,33,93.9,3,34,1,5,3,2024-09-21,['LW'],0,0,0,0,0,0,0,0,1,0,0,0,0
Cody Gakpo,Liverpool,18,NED,LW,25,19.0,0,0,0,0,1,0,0,0,12,0,0,1,0.1,0.1,0.3,2,0,6,7,85.7,0,7,0,1,1,2024-09-21,['LW'],0,0,0,0,0,0,0,0,1,0,0,0,0
Mohamed Salah,Liverpool,11,EGY,RW,32,90.0,0,1,0,0,4,3,0,0,37,0,0,0,0.6,0.6,0.5,12,2,20,25,80.0,4,39,4,7,5,2024-09-21,['RW'],0,0,0,0,0,0,0,0,0,0,0,1,0
Dominik Szoboszlai,Liverpool,8,HUN,AM,23,60.0,0,0,0,0,1,0,0,0,51,0,0,1,0.0,0.0,0.0,1,0,40,45,88.9,1,36,0,1,1,2024-09-21,['AM'],1,0,0,0,0,0,0,0,0,0,0,0,0
Curtis Jones,Liverpool,17,ENG,AM,23,30.0,0,0,0,0,1,0,0,0,24,2,0,1,0.1,0.1,0.0,0,0,19,19,100.0,1,20,1,2,2,2024-09-21,['AM'],1,0,0,0,0,0,0,0,0,0,0,0,0
Alexis Mac Allister,Liverpool,10,ARG,DM,25,90.0,0,0,0,0,1,1,0,0,72,6,0,2,0.0,0.0,0.4,3,0,54,58,93.1,10,47,4,0,0,2024-09-21,['DM'],0,0,0,1,0,0,0,0,0,0,0,0,0
Ryan Gravenberch,Liverpool,38,NED,DM,22,90.0,0,0,0,0,1,1,0,0,91,2,1,1,0.0,0.0,0.1,2,0,75,85,88.2,9,64,5,1,1,2024-09-21,['DM'],0,0,0,1,0,0,0,0,0,0,0,0,0
Andrew Robertson,Liverpool,26,SCO,LB,30,90.0,0,0,0,0,1,0,0,0,76,2,0,0,0.1,0.1,0.2,2,0,62,70,88.6,2,53,4,1,1,2024-09-21,['LB'],0,0,0,0,0,0,1,0,0,0,0,0,0
Virgil van Dijk,Liverpool,4,NED,CB,33,90.0,0,0,0,0,0,0,0,0,58,0,2,0,0.0,0.0,0.0,0,0,48,48,100.0,1,31,1,0,0,2024-09-21,['CB'],0,1,0,0,0,0,0,0,0,0,0,0,0
Ibrahima Konaté,Liverpool,5,FRA,CB,25,90.0,0,1,0,0,0,0,1,0,123,0,0,3,0.0,0.0,0.1,3,1,96,110,87.3,2,84,1,0,0,2024-09-21,['CB'],0,1,0,0,0,0,0,0,0,0,0,0,0
Trent Alexander-Arnold,Liverpool,66,ENG,RB,25,90.0,0,1,0,0,0,0,0,0,69,4,3,0,0.0,0.0,0.3,2,1,42,57,73.7,4,45,4,2,2,2024-09-21,['RB'],0,0,0,0,0,0,0,0,0,1,0,0,0
Caoimhín Kelleher,Liverpool,62,IRL,GK,25,90.0,0,0,0,0,0,0,0,0,50,0,0,0,0.0,0.0,0.0,1,1,40,44,90.9,0,39,0,0,0,2024-09-21,['GK'],0,0,0,0,0,1,0,0,0,0,0,0,0
Evanilson,Bournemouth,9,BRA,FW,24,75.0,0,0,0,0,2,0,0,0,16,2,0,1,0.0,0.0,0.3,3,0,8,10,80.0,1,8,1,1,0,2024-09-21,['FW'],0,0,0,0,1,0,0,0,0,0,0,0,0
Enes Ünal,Bournemouth,26,TUR,FW,27,15.0,0,0,0,0,1,0,0,0,4,0,0,0,0.0,0.0,0.0,1,0,3,3,100.0,1,2,0,0,0,2024-09-21,['FW'],0,0,0,0,1,0,0,0,0,0,0,0,0
Marcus Tavernier,Bournemouth,16,ENG,"AM,LW",25,90.0,0,0,0,0,1,0,0,0,56,1,1,1,0.0,0.0,0.1,7,0,36,45,80.0,8,26,0,3,2,2024-09-21,"['AM', 'LW']",1,0,0,0,0,0,0,0,1,0,0,0,0
Antoine Semenyo,Bournemouth,24,GHA,RW,24,69.0,0,0,0,0,4,2,0,0,28,1,0,2,0.4,0.4,0.0,3,0,13,20,65.0,0,16,2,4,3,2024-09-21,['RW'],0,0,0,0,0,0,0,0,0,0,0,1,0
Luis Sinisterra,Bournemouth,17,COL,LW,25,21.0,0,0,0,0,4,2,0,0,19,2,0,0,0.3,0.3,0.1,3,0,10,11,90.9,0,8,0,2,1,2024-09-21,['LW'],0,0,0,0,0,0,0,0,1,0,0,0,0
Justin Kluivert,Bournemouth,19,NED,AM,25,45.0,0,0,0,0,3,1,1,0,15,2,0,0,0.1,0.1,0.0,0,0,5,7,71.4,1,7,2,0,0,2024-09-21,['AM'],1,0,0,0,0,0,0,0,0,0,0,0,0
Dango Ouattara,Bournemouth,11,BFA,"RW,LW",22,45.0,0,0,0,0,0,0,0,0,26,1,0,1,0.0,0.0,0.0,0,0,8,18,44.4,1,17,5,7,3,2024-09-21,"['RW', 'LW']",0,0,0,0,0,0,0,0,1,0,0,1,0
Ryan Christie,Bournemouth,10,SCO,DM,29,69.0,0,0,0,0,0,0,1,0,38,0,0,0,0.0,0.0,0.0,1,0,31,31,100.0,3,17,0,3,1,2024-09-21,['DM'],0,0,0,1,0,0,0,0,0,0,0,0,0
Alex Scott,Bournemouth,8,ENG,DM,21,21.0,0,0,0,0,2,1,0,0,20,1,0,1,0.1,0.1,0.0,0,0,15,16,93.8,3,10,1,1,0,2024-09-21,['DM'],0,0,0,1,0,0,0,0,0,0,0,0,0
Lewis Cook,Bournemouth,4,ENG,DM,27,90.0,0,0,0,0,0,0,1,0,62,2,2,1,0.0,0.0,0.2,5,0,38,51,74.5,7,19,0,1,0,2024-09-21,['DM'],0,0,0,1,0,0,0,0,0,0,0,0,0
Milos Kerkez,Bournemouth,3,HUN,LB,20,90.0,0,0,0,0,1,0,0,0,56,3,1,1,0.0,0.0,0.1,5,0,36,47,76.6,6,23,3,1,1,2024-09-21,['LB'],0,0,0,0,0,0,1,0,0,0,0,0,0
Dean Huijsen,Bournemouth,2,ESP,CB,19,90.0,0,0,0,0,1,0,1,0,52,1,0,0,0.0,0.0,0.1,2,0,43,48,89.6,3,27,0,0,0,2024-09-21,['CB'],0,1,0,0,0,0,0,0,0,0,0,0,0
Illia Zabarnyi,Bournemouth,27,UKR,CB,22,90.0,0,0,0,0,0,0,0,0,74,3,2,3,0.0,0.0,0.0,2,0,56,60,93.3,4,30,0,0,0,2024-09-21,['CB'],0,1,0,0,0,0,0,0,0,0,0,0,0
Julian Araujo,Bournemouth,22,MEX,RB,23,69.0,0,0,0,0,0,0,0,0,45,1,1,0,0.0,0.0,0.0,1,0,28,36,77.8,4,20,1,0,0,2024-09-21,['RB'],0,0,0,0,0,0,0,0,0,1,0,0,0
Adam Smith,Bournemouth,15,ENG,RB,33,21.0,0,0,0,0,0,0,0,0,6,0,0,1,0.0,0.0,0.0,0,0,4,5,80.0,0,3,0,0,0,2024-09-21,['RB'],0,0,0,0,0,0,0,0,0,1,0,0,0
Kepa Arrizabalaga,Bournemouth,13,ESP,GK,29,90.0,0,0,0,0,0,0,0,0,39,0,0,0,0.0,0.0,0.0,0,0,26,34,76.5,0,21,0,0,0,2024-09-21,['GK'],0,0,0,0,0,1,0,0,0,0,0,0,0
Jamie Vardy,Leicester City,9,ENG,FW,37,82.0,0,0,0,0,0,0,0,0,14,0,0,0,0.0,0.0,0.0,1,0,6,9,66.7,0,9,1,0,0,2024-09-21,['FW'],0,0,0,0,1,0,0,0,0,0,0,0,0
Odsonne Édouard,Leicester City,29,FRA,FW,26,8.0,0,0,0,0,0,0,0,0,5,0,0,0,0.0,0.0,0.0,1,0,2,3,66.7,1,3,0,0,0,2024-09-21,['FW'],0,0,0,0,1,0,0,0,0,0,0,0,0
Stephy Mavididi,Leicester City,10,ENG,LW,26,89.0,1,0,0,0,3,1,0,0,67,3,0,4,0.3,0.3,0.1,3,0,37,50,74.0,4,48,4,9,5,2024-09-21,['LW'],0,0,0,0,0,0,0,0,1,0,0,0,0
Abdul Fatawu Issahaku,Leicester City,7,GHA,LW,20,1.0,0,0,0,0,0,0,0,0,2,0,0,0,0.0,0.0,0.0,0,0,1,2,50.0,0,1,0,0,0,2024-09-21,['LW'],0,0,0,0,0,0,0,0,1,0,0,0,0
Jordan Ayew,Leicester City,18,GHA,RW,33,90.0,0,0,0,0,2,0,0,0,30,1,0,1,0.1,0.1,0.0,0,0,14,22,63.6,0,23,1,0,0,2024-09-21,['RW'],0,0,0,0,0,0,0,0,0,0,0,1,0
Bilal El Khannouss,Leicester City,11,MAR,AM,20,55.0,0,0,0,0,0,0,0,0,41,1,0,0,0.0,0.0,0.1,2,0,31,37,83.8,7,29,4,0,0,2024-09-21,['AM'],1,0,0,0,0,0,0,0,0,0,0,0,0
Facundo Buonanotte,Leicester City,40,ARG,AM,19,35.0,0,0,0,0,1,0,1,0,27,1,0,0,0.0,0.0,0.0,0,0,15,19,78.9,3,21,1,3,0,2024-09-21,['AM'],1,0,0,0,0,0,0,0,0,0,0,0,0
Wilfred Ndidi,Leicester City,6,NGA,DM,27,90.0,0,0,0,0,3,1,0,0,69,6,2,1,0.1,0.1,0.0,1,0,40,54,74.1,4,45,3,3,2,2024-09-21,['DM'],0,0,0,1,0,0,0,0,0,0,0,0,0
Harry Winks,Leicester City,8,ENG,DM,28,90.0,0,0,0,0,1,0,0,0,68,2,0,0,0.0,0.0,0.1,7,0,52,61,85.2,9,52,3,1,0,2024-09-21,['DM'],0,0,0,1,0,0,0,0,0,0,0,0,0
Victor Bernth Kristiansen,Leicester City,16,DEN,LB,21,90.0,0,0,0,0,0,0,0,0,96,3,1,0,0.0,0.0,0.0,2,0,74,88,84.1,8,60,2,1,0,2024-09-21,['LB'],0,0,0,0,0,0,1,0,0,0,0,0,0
Caleb Okoli,Leicester City,5,ITA,CB,23,90.0,0,0,0,0,1,0,0,0,58,2,0,3,0.1,0.1,0.0,1,0,46,48,95.8,0,38,0,0,0,2024-09-21,['CB'],0,1,0,0,0,0,0,0,0,0,0,0,0
Wout Faes,Leicester City,3,BEL,CB,26,90.0,0,0,0,0,1,0,0,0,67,2,0,2,0.1,0.1,0.0,0,0,47,52,90.4,5,41,2,0,0,2024-09-21,['CB'],0,1,0,0,0,0,0,0,0,0,0,0,0
James Justin,Leicester City,2,ENG,RB,26,90.0,0,0,0,0,0,0,0,0,57,3,1,2,0.0,0.0,0.0,3,0,33,44,75.0,3,25,1,1,1,2024-09-21,['RB'],0,0,0,0,0,0,0,0,0,1,0,0,0
Mads Hermansen,Leicester City,30,DEN,GK,24,90.0,0,0,0,0,0,0,0,0,35,0,0,0,0.0,0.0,0.0,0,0,28,33,84.8,0,21,0,0,0,2024-09-21,['GK'],0,0,0,0,0,1,0,0,0,0,0,0,0
Dominic Calvert-Lewin,Everton,9,ENG,FW,27,90.0,0,0,0,0,5,2,0,0,29,0,0,1,0.3,0.3,0.0,3,0,8,13,61.5,1,15,1,2,1,2024-09-21,['FW'],0,0,0,0,1,0,0,0,0,0,0,0,0
Iliman Ndiaye,Everton,10,SEN,LW,24,80.0,1,0,0,0,2,1,0,0,39,0,1,0,0.2,0.2,0.4,8,1,25,28,89.3,1,27,3,6,1,2024-09-21,['LW'],0,0,0,0,0,0,0,0,1,0,0,0,0
Tim Iroegbunam,Everton,42,ENG,LW,21,10.0,0,0,0,0,0,0,0,0,10,2,0,1,0.0,0.0,0.0,1,0,2,4,50.0,0,2,0,0,0,2024-09-21,['LW'],0,0,0,0,0,0,0,0,1,0,0,0,0
Jesper Lindstrøm,Everton,29,DEN,RW,24,60.0,0,0,0,0,4,1,0,0,34,4,1,1,0.5,0.5,0.1,1,0,14,18,77.8,0,20,2,3,1,2024-09-21,['RW'],0,0,0,0,0,0,0,0,0,0,0,1,0
Jack Harrison,Everton,11,ENG,RW,27,30.0,0,0,0,0,0,0,0,0,10,2,0,0,0.0,0.0,0.0,1,0,4,5,80.0,0,4,0,0,0,2024-09-21,['RW'],0,0,0,0,0,0,0,0,0,0,0,1,0
Dwight McNeil,Everton,7,ENG,AM,24,90.0,0,0,0,0,4,1,0,0,55,1,0,1,0.1,0.1,0.1,4,0,33,44,75.0,8,32,6,6,2,2024-09-21,['AM'],1,0,0,0,0,0,0,0,0,0,0,0,0
Abdoulaye Doucouré,Everton,16,MLI,DM,31,90.0,0,0,0,0,1,0,0,0,53,3,2,3,0.0,0.0,0.0,1,0,32,37,86.5,4,28,0,0,0,2024-09-21,['DM'],0,0,0,1,0,0,0,0,0,0,0,0,0
Orel Mangala,Everton,8,BEL,DM,26,90.0,0,0,0,0,0,0,0,0,57,0,3,0,0.0,0.0,0.1,5,0,44,48,91.7,5,29,0,2,1,2024-09-21,['DM'],0,0,0,1,0,0,0,0,0,0,0,0,0
Ashley Young,Everton,18,ENG,LB,39,90.0,0,1,0,0,0,0,0,0,65,2,1,0,0.0,0.0,0.1,2,1,48,61,78.7,3,37,3,1,1,2024-09-21,['LB'],0,0,0,0,0,0,1,0,0,0,0,0,0
Michael Keane,Everton,5,ENG,CB,31,90.0,0,0,0,0,0,0,1,0,30,1,0,1,0.0,0.0,0.0,0,0,15,19,78.9,0,12,0,0,0,2024-09-21,['CB'],0,1,0,0,0,0,0,0,0,0,0,0,0
James Tarkowski,Everton,6,ENG,CB,31,90.0,0,0,0,0,0,0,0,0,40,0,0,0,0.0,0.0,0.0,1,0,20,28,71.4,0,10,0,0,0,2024-09-21,['CB'],0,1,0,0,0,0,0,0,0,0,0,0,0
James Garner,Everton,37,ENG,RB,23,90.0,0,0,0,0,1,0,1,0,55,3,1,1,0.0,0.0,0.0,3,0,27,41,65.9,2,19,0,2,0,2024-09-21,['RB'],0,0,0,0,0,0,0,0,0,1,0,0,0
Jordan Pickford,Everton,1,ENG,GK,30,90.0,0,0,0,0,0,0,0,0,34,0,0,0,0.0,0.0,0.0,0,0,23,34,67.6,0,12,0,0,0,2024-09-21,['GK'],0,0,0,0,0,1,0,0,0,0,0,0,0
Cameron Archer,Southampton,19,ENG,FW,23,58.0,0,0,0,0,3,1,0,0,20,1,0,0,1.3,1.3,0.0,2,0,10,13,76.9,0,12,1,2,2,2024-09-21,['FW'],0,0,0,0,1,0,0,0,0,0,0,0,0
Ben Brereton,Southampton,17,CHI,LW,25,32.0,0,0,0,0,2,0,0,0,16,0,0,0,0.3,0.3,0.0,2,0,11,13,84.6,0,11,0,0,0,2024-09-21,['LW'],0,0,0,0,0,0,0,0,1,0,0,0,0
Ryan Fraser,Southampton,24,SCO,LW,30,58.0,0,0,0,0,0,0,0,0,27,3,0,0,0.0,0.0,0.0,0,0,15,19,78.9,0,12,2,1,0,2024-09-21,['LW'],0,0,0,0,0,0,0,0,1,0,0,0,0
Ross Stewart,Southampton,11,SCO,FW,28,32.0,0,0,0,0,1,0,1,0,13,0,0,1,0.0,0.0,0.0,2,0,7,9,77.8,0,2,0,0,0,2024-09-21,['FW'],0,0,0,0,1,0,0,0,0,0,0,0,0
Tyler Dibling,Southampton,33,ENG,RW,18,81.0,1,0,0,0,1,1,0,0,32,1,0,0,0.7,0.7,0.5,3,1,23,28,82.1,4,25,3,5,3,2024-09-21,['RW'],0,0,0,0,0,0,0,0,0,0,0,1,0
Adam Armstrong,Southampton,9,ENG,RW,27,9.0,0,0,0,0,0,0,0,0,2,0,0,0,0.0,0.0,0.0,0,0,2,2,100.0,0,0,0,0,0,2024-09-21,['RW'],0,0,0,0,0,0,0,0,0,0,0,1,0
Mateus Fernandes,Southampton,18,POR,AM,20,89.0,0,0,0,0,1,0,0,0,42,2,0,0,0.1,0.1,0.7,5,0,28,32,87.5,3,23,4,6,3,2024-09-21,['AM'],1,0,0,0,0,0,0,0,0,0,0,0,0
Joe Aribo,Southampton,7,NGA,AM,28,1.0,0,0,0,0,0,0,0,0,2,0,0,0,0.0,0.0,0.0,0,0,1,2,50.0,0,0,0,0,0,2024-09-21,['AM'],1,0,0,0,0,0,0,0,0,0,0,0,0
Adam Lallana,Southampton,10,ENG,DM,36,58.0,0,1,0,0,1,0,1,0,44,1,2,0,0.0,0.0,0.7,1,1,35,37,94.6,3,23,0,1,1,2024-09-21,['DM'],0,0,0,1,0,0,0,0,0,0,0,0,0
Lesley Ugochukwu,Southampton,26,FRA,DM,20,32.0,0,0,0,0,0,0,0,0,11,0,1,2,0.0,0.0,0.0,0,0,8,8,100.0,0,2,0,0,0,2024-09-21,['DM'],0,0,0,1,0,0,0,0,0,0,0,0,0
Flynn Downes,Southampton,4,ENG,DM,25,90.0,0,0,0,0,1,0,1,0,61,1,2,0,0.0,0.0,0.4,1,0,50,54,92.6,3,21,1,0,0,2024-09-21,['DM'],0,0,0,1,0,0,0,0,0,0,0,0,0
Charlie Taylor,Southampton,21,ENG,LB,31,90.0,0,0,0,0,0,0,1,0,78,2,1,1,0.0,0.0,0.0,0,0,52,62,83.9,2,30,1,1,1,2024-09-21,['LB'],0,0,0,0,0,0,1,0,0,0,0,0,0
Jan Bednarek,Southampton,35,POL,CB,28,90.0,0,0,0,0,0,0,0,0,104,3,5,1,0.0,0.0,0.0,0,0,89,93,95.7,1,53,0,0,0,2024-09-21,['CB'],0,1,0,0,0,0,0,0,0,0,0,0,0
Taylor Harwood-Bellis,Southampton,6,ENG,CB,22,90.0,0,0,0,0,1,1,0,0,70,0,3,1,0.1,0.1,0.0,0,0,50,57,87.7,2,36,0,0,0,2024-09-21,['CB'],0,1,0,0,0,0,0,0,0,0,0,0,0
Yukinari Sugawara,Southampton,16,JPN,RB,24,90.0,0,0,0,0,0,0,0,0,59,2,1,2,0.0,0.0,0.1,3,0,37,51,72.5,7,31,2,0,0,2024-09-21,['RB'],0,0,0,0,0,0,0,0,0,1,0,0,0
Aaron Ramsdale,Southampton,30,ENG,GK,26,90.0,0,0,0,0,0,0,0,0,41,0,0,0,0.0,0.0,0.0,0,0,21,37,56.8,0,29,0,0,0,2024-09-21,['GK'],0,0,0,0,0,1,0,0,0,0,0,0,0
Liam Delap,Ipswich Town,19,ENG,FW,21,72.0,0,0,0,0,1,0,1,0,16,0,0,0,0.0,0.0,0.0,0,0,5,10,50.0,2,10,0,2,1,2024-09-21,['FW'],0,0,0,0,1,0,0,0,0,0,0,0,0
George Hirst,Ipswich Town,27,ENG,FW,25,18.0,0,0,0,0,2,1,0,0,6,0,0,0,0.5,0.5,0.0,1,1,3,3,100.0,1,4,0,0,0,2024-09-21,['FW'],0,0,0,0,1,0,0,0,0,0,0,0,0
Sammie Szmodics,Ipswich Town,23,IRL,LW,28,61.0,0,0,0,0,3,1,0,0,19,0,0,0,0.7,0.7,0.0,0,0,7,11,63.6,0,11,0,0,0,2024-09-21,['LW'],0,0,0,0,0,0,0,0,1,0,0,0,0
Jack Clarke,Ipswich Town,47,ENG,LW,23,29.0,0,0,0,0,0,0,0,0,10,0,0,0,0.0,0.0,0.4,1,0,8,8,100.0,0,5,1,1,0,2024-09-21,['LW'],0,0,0,0,0,0,0,0,1,0,0,0,0
Wes Burns,Ipswich Town,7,WAL,RW,29,72.0,0,0,0,0,0,0,0,0,35,2,0,0,0.0,0.0,0.6,2,0,22,28,78.6,1,24,2,2,1,2024-09-21,['RW'],0,0,0,0,0,0,0,0,0,0,0,1,0
Conor Chaplin,Ipswich Town,10,ENG,RW,27,18.0,0,0,0,0,0,0,0,0,9,0,0,0,0.0,0.0,0.0,0,0,4,6,66.7,1,5,1,0,0,2024-09-21,['RW'],0,0,0,0,0,0,0,0,0,0,0,1,0
Omari Hutchinson,Ipswich Town,20,ENG,AM,20,90.0,0,0,0,0,1,1,1,0,55,1,3,1,0.0,0.0,0.3,5,0,35,41,85.4,8,41,5,6,3,2024-09-21,['AM'],1,0,0,0,0,0,0,0,0,0,0,0,0
Jens Cajuste,Ipswich Town,12,SWE,DM,25,60.0,0,0,0,0,1,0,0,0,34,2,0,0,0.0,0.0,0.0,1,0,23,26,88.5,2,14,0,0,0,2024-09-21,['DM'],0,0,0,1,0,0,0,0,0,0,0,0,0
Jack Taylor,Ipswich Town,14,IRL,DM,26,30.0,0,0,0,0,0,0,1,0,18,1,1,0,0.0,0.0,0.0,1,0,13,15,86.7,1,7,0,0,0,2024-09-21,['DM'],0,0,0,1,0,0,0,0,0,0,0,0,0
Sam Morsy,Ipswich Town,5,EGY,DM,33,90.0,1,0,0,0,2,1,0,0,65,4,1,0,0.1,0.1,0.0,2,0,53,59,89.8,11,39,0,0,0,2024-09-21,['DM'],0,0,0,1,0,0,0,0,0,0,0,0,0
Leif Davis,Ipswich Town,3,ENG,LB,24,90.0,0,0,0,0,1,1,0,0,58,0,1,1,0.2,0.2,0.2,4,0,31,52,59.6,1,23,2,2,1,2024-09-21,['LB'],0,0,0,0,0,0,1,0,0,0,0,0,0
Jacob Greaves,Ipswich Town,24,ENG,CB,24,90.0,0,0,0,0,1,0,0,0,63,5,1,0,0.0,0.0,0.0,0,0,48,54,88.9,4,29,0,1,1,2024-09-21,['CB'],0,1,0,0,0,0,0,0,0,0,0,0,0
Dara O'Shea,Ipswich Town,26,IRL,CB,25,90.0,0,0,0,0,1,1,1,0,70,1,4,1,0.1,0.1,0.0,1,0,47,57,82.5,2,36,0,1,1,2024-09-21,['CB'],0,1,0,0,0,0,0,0,0,0,0,0,0
Axel Tuanzebe,Ipswich Town,40,COD,RB,26,81.0,0,0,0,0,0,0,0,0,57,1,2,1,0.0,0.0,0.0,3,0,44,50,88.0,6,36,1,1,0,2024-09-21,['RB'],0,0,0,0,0,0,0,0,0,1,0,0,0
Ben Johnson,Ipswich Town,18,ENG,RB,24,9.0,0,0,0,0,0,0,0,0,10,0,0,1,0.0,0.0,0.0,1,0,5,7,71.4,1,5,1,1,0,2024-09-21,['RB'],0,0,0,0,0,0,0,0,0,1,0,0,0
Arijanet Muric,Ipswich Town,1,KVX,GK,25,90.0,0,0,0,0,0,0,0,0,27,0,0,0,0.0,0.0,0.0,0,0,23,25,92.0,0,16,0,0,0,2024-09-21,['GK'],0,0,0,0,0,1,0,0,0,0,0,0,0
Dominic Solanke,Tottenham Hotspur,19,ENG,FW,27,87.0,1,0,0,0,4,2,0,0,32,0,0,0,1.6,1.6,0.0,2,0,11,20,55.0,2,20,4,1,0,2024-09-21,['FW'],0,0,0,0,1,0,0,0,0,0,0,0,0
Mikey Moore,Tottenham Hotspur,47,ENG,"LW,FW",17,3.0,0,0,0,0,0,0,0,0,2,0,0,0,0.0,0.0,0.0,0,0,1,2,50.0,0,2,1,0,0,2024-09-21,"['LW', 'FW']",0,0,0,0,1,0,0,0,1,0,0,0,0
Son Heung-min,Tottenham Hotspur,7,KOR,"LW,FW",32,90.0,0,2,0,0,1,1,0,0,47,0,0,1,0.1,0.1,1.1,9,2,34,42,81.0,8,29,6,2,1,2024-09-21,"['LW', 'FW']",0,0,0,0,1,0,0,0,1,0,0,0,0
Brennan Johnson,Tottenham Hotspur,22,WAL,RW,23,69.0,1,0,0,0,6,2,0,0,32,0,0,0,0.5,0.5,0.1,2,0,15,21,71.4,3,24,5,0,0,2024-09-21,['RW'],0,0,0,0,0,0,0,0,0,0,0,1,0
Pape Matar Sarr,Tottenham Hotspur,29,SEN,RM,22,21.0,0,0,0,0,0,0,0,0,15,0,0,0,0.0,0.0,0.0,0,0,11,15,73.3,0,10,0,0,0,2024-09-21,['RM'],0,0,0,0,0,0,0,0,0,0,1,0,0
James Maddison,Tottenham Hotspur,10,ENG,LM,27,87.0,1,0,0,0,3,2,1,0,77,3,1,0,0.9,0.9,0.4,10,2,45,57,78.9,11,51,5,11,7,2024-09-21,['LM'],0,0,0,0,0,0,0,1,0,0,0,0,0
Lucas Bergvall,Tottenham Hotspur,15,SWE,LM,18,3.0,0,0,0,0,0,0,0,0,1,0,0,0,0.0,0.0,0.0,0,0,1,1,100.0,0,1,0,0,0,2024-09-21,['LM'],0,0,0,0,0,0,0,1,0,0,0,0,0
Rodrigo Bentancur,Tottenham Hotspur,30,URU,CM,27,62.0,0,0,0,0,1,0,0,0,37,2,3,1,0.1,0.1,0.0,2,0,25,31,80.6,4,19,1,2,1,2024-09-21,['CM'],0,0,1,0,0,0,0,0,0,0,0,0,0
Yves Bissouma,Tottenham Hotspur,8,MLI,CM,28,28.0,0,0,0,0,0,0,1,0,16,1,0,0,0.0,0.0,0.0,0,0,13,13,100.0,2,8,0,0,0,2024-09-21,['CM'],0,0,1,0,0,0,0,0,0,0,0,0,0
Dejan Kulusevski,Tottenham Hotspur,21,SWE,"RM,RW",24,90.0,0,0,0,0,4,1,0,0,46,0,1,0,0.4,0.4,0.2,5,0,22,33,66.7,7,23,2,3,1,2024-09-21,"['RM', 'RW']",0,0,0,0,0,0,0,0,0,0,1,1,0
Destiny Udogie,Tottenham Hotspur,13,ITA,LB,21,90.0,0,0,0,0,1,0,0,0,88,6,4,2,0.0,0.0,0.1,4,0,49,63,77.8,3,43,5,1,1,2024-09-21,['LB'],0,0,0,0,0,0,1,0,0,0,0,0,0
Micky van de Ven,Tottenham Hotspur,37,NED,CB,23,90.0,0,0,0,0,0,0,1,0,53,2,1,1,0.0,0.0,0.0,0,0,38,42,90.5,0,30,1,0,0,2024-09-21,['CB'],0,1,0,0,0,0,0,0,0,0,0,0,0
Cristian Romero,Tottenham Hotspur,17,ARG,CB,26,90.0,0,0,0,0,1,1,0,0,65,0,3,0,0.1,0.1,0.0,2,1,47,55,85.5,7,37,1,0,0,2024-09-21,['CB'],0,1,0,0,0,0,0,0,0,0,0,0,0
Pedro Porro,Tottenham Hotspur,23,ESP,RB,25,87.0,0,0,0,0,2,0,0,0,64,4,4,1,0.1,0.1,0.0,2,0,36,51,70.6,9,41,3,2,0,2024-09-21,['RB'],0,0,0,0,0,0,0,0,0,1,0,0,0
Archie Gray,Tottenham Hotspur,14,ENG,RB,18,3.0,0,0,0,0,0,0,0,0,5,0,0,1,0.0,0.0,0.0,0,0,3,4,75.0,0,1,0,0,0,2024-09-21,['RB'],0,0,0,0,0,0,0,0,0,1,0,0,0
Guglielmo Vicario,Tottenham Hotspur,1,ITA,GK,27,90.0,0,0,0,0,0,0,0,0,41,0,0,0,0.0,0.0,0.0,0,0,30,35,85.7,0,28,0,0,0,2024-09-21,['GK'],0,0,0,0,0,1,0,0,0,0,0,0,0
Bryan Mbeumo,Brentford,19,CMR,FW,25,90.0,1,0,0,0,3,3,0,0,45,1,0,0,0.6,0.6,0.0,0,0,25,36,69.4,0,24,2,1,0,2024-09-21,['FW'],0,0,0,0,1,0,0,0,0,0,0,0,0
Fabio Carvalho,Brentford,14,POR,"FW,CM",22,86.0,0,0,0,0,0,0,0,0,36,2,1,1,0.0,0.0,0.4,2,0,18,27,66.7,3,20,2,2,1,2024-09-21,"['FW', 'CM']",0,0,1,0,1,0,0,0,0,0,0,0,0
Ryan Trevitt,Brentford,28,ENG,CM,21,4.0,0,0,0,0,0,0,0,0,7,1,0,0,0.0,0.0,0.0,0,0,4,7,57.1,0,4,0,0,0,2024-09-21,['CM'],0,0,1,0,0,0,0,0,0,0,0,0,0
Mikkel Damsgaard,Brentford,24,DEN,CM,24,78.0,0,0,0,0,1,1,0,0,53,4,4,5,0.1,0.1,0.0,1,0,23,34,67.6,2,28,3,5,3,2024-09-21,['CM'],0,0,1,0,0,0,0,0,0,0,0,0,0
Yunus Emre Konak,Brentford,26,TUR,CM,18,12.0,0,0,0,0,0,0,0,0,11,1,0,0,0.0,0.0,0.0,0,0,7,8,87.5,0,4,0,1,0,2024-09-21,['CM'],0,0,1,0,0,0,0,0,0,0,0,0,0
Vitaly Janelt,Brentford,27,GER,CM,26,90.0,0,0,0,0,0,0,0,0,58,2,2,1,0.0,0.0,0.0,0,0,44,52,84.6,4,22,0,0,0,2024-09-21,['CM'],0,0,1,0,0,0,0,0,0,0,0,0,0
Yehor Yarmoliuk,Brentford,18,UKR,CM,20,62.0,0,0,0,0,0,0,0,0,51,1,2,3,0.0,0.0,0.0,1,1,28,39,71.8,1,22,0,1,1,2024-09-21,['CM'],0,0,1,0,0,0,0,0,0,0,0,0,0
Kevin Schade,Brentford,7,GER,FW,22,28.0,0,0,0,0,1,1,0,0,10,2,0,0,0.1,0.1,0.0,0,0,3,5,60.0,0,4,0,1,0,2024-09-21,['FW'],0,0,0,0,1,0,0,0,0,0,0,0,0
Keane Lewis-Potter,Brentford,23,ENG,LB,23,90.0,0,1,0,0,1,1,0,0,44,2,1,5,0.0,0.0,0.1,3,1,26,30,86.7,5,26,0,3,1,2024-09-21,['LB'],0,0,0,0,0,0,1,0,0,0,0,0,0
Nathan Collins,Brentford,22,IRL,CB,23,90.0,0,0,0,0,0,0,0,0,61,2,0,3,0.0,0.0,0.0,0,0,40,51,78.4,1,30,1,0,0,2024-09-21,['CB'],0,1,0,0,0,0,0,0,0,0,0,0,0
Ethan Pinnock,Brentford,5,JAM,CB,31,90.0,0,0,0,0,0,0,0,0,67,4,0,4,0.0,0.0,0.0,0,0,45,52,86.5,2,22,0,0,0,2024-09-21,['CB'],0,1,0,0,0,0,0,0,0,0,0,0,0
Sepp van den Berg,Brentford,4,NED,CB,22,90.0,0,0,0,0,0,0,0,0,75,5,1,4,0.0,0.0,0.1,1,0,52,58,89.7,4,30,0,0,0,2024-09-21,['CB'],0,1,0,0,0,0,0,0,0,0,0,0,0
Kristoffer Ajer,Brentford,20,NOR,RB,26,78.0,0,0,0,0,0,0,1,0,45,0,0,1,0.0,0.0,0.2,1,0,31,37,83.8,2,25,2,3,2,2024-09-21,['RB'],0,0,0,0,0,0,0,0,0,1,0,0,0
Mads Roerslev,Brentford,30,DEN,RB,25,12.0,0,0,0,0,0,0,0,0,17,0,0,0,0.0,0.0,0.0,0,0,14,17,82.4,2,10,0,0,0,2024-09-21,['RB'],0,0,0,0,0,0,0,0,0,1,0,0,0
Mark Flekken,Brentford,1,NED,GK,31,90.0,0,0,0,0,0,0,0,0,74,0,0,0,0.0,0.0,0.0,0,0,51,70,72.9,0,51,0,0,0,2024-09-21,['GK'],0,0,0,0,0,1,0,0,0,0,0,0,0
Raúl Jiménez,Fulham,7,MEX,FW,33,73.0,1,0,0,0,4,3,0,0,24,2,0,0,0.5,0.5,0.0,3,1,10,15,66.7,2,15,0,1,0,2024-09-21,['FW'],0,0,0,0,1,0,0,0,0,0,0,0,0
Rodrigo Muniz,Fulham,9,BRA,FW,23,17.0,0,1,0,0,2,1,0,0,7,0,0,0,0.2,0.2,0.3,1,0,2,3,66.7,1,3,1,0,0,2024-09-21,['FW'],0,0,0,0,1,0,0,0,0,0,0,0,0
Alex Iwobi,Fulham,17,NGA,"LW,RM,RW",28,90.0,0,1,0,0,3,2,0,0,46,0,1,1,0.4,0.4,0.6,6,1,26,33,78.8,5,35,4,4,1,2024-09-21,"['LW', 'RM', 'RW']",0,0,0,0,0,0,0,0,1,0,1,1,0
Adama Traoré,Fulham,11,ESP,RW,28,73.0,0,1,0,0,1,1,1,0,34,1,0,0,0.1,0.1,0.4,7,1,27,29,93.1,5,29,7,3,1,2024-09-21,['RW'],0,0,0,0,0,0,0,0,0,0,0,1,0
Reiss Nelson,Fulham,19,ENG,"LM,LW",24,17.0,1,0,0,0,1,1,0,0,8,2,0,0,0.3,0.3,0.1,1,0,4,6,66.7,0,7,3,3,0,2024-09-21,"['LM', 'LW']",0,0,0,0,0,0,0,1,1,0,0,0,0
Emile Smith Rowe,Fulham,32,ENG,AM,24,83.0,1,0,0,0,3,1,0,0,37,3,0,0,0.4,0.4,0.0,3,1,25,28,89.3,7,26,5,1,0,2024-09-21,['AM'],1,0,0,0,0,0,0,0,0,0,0,0,0
Issa Diop,Fulham,31,FRA,CB,27,7.0,0,0,0,0,0,0,0,0,4,2,0,0,0.0,0.0,0.0,0,0,2,2,100.0,0,1,0,0,0,2024-09-21,['CB'],0,1,0,0,0,0,0,0,0,0,0,0,0
Saša Lukić,Fulham,20,SRB,DM,28,45.0,0,0,0,0,0,0,1,0,23,0,0,1,0.0,0.0,0.2,2,0,21,22,95.5,1,16,0,1,1,2024-09-21,['DM'],0,0,0,1,0,0,0,0,0,0,0,0,0
Sander Berge,Fulham,16,NOR,"DM,CM",26,45.0,0,0,0,0,0,0,0,0,17,1,2,0,0.0,0.0,0.0,2,0,12,12,100.0,0,9,0,1,0,2024-09-21,"['DM', 'CM']",0,0,1,1,0,0,0,0,0,0,0,0,0
Andreas Pereira,Fulham,18,BRA,DM,28,66.0,0,0,0,0,2,1,1,0,41,3,0,0,0.1,0.1,0.1,3,0,22,33,66.7,3,23,0,1,0,2024-09-21,['DM'],0,0,0,1,0,0,0,0,0,0,0,0,0
Harrison Reed,Fulham,6,ENG,"DM,CM",29,24.0,0,0,0,0,0,0,1,0,13,2,0,0,0.0,0.0,0.0,0,0,6,8,75.0,0,6,1,0,0,2024-09-21,"['DM', 'CM']",0,0,1,1,0,0,0,0,0,0,0,0,0
Antonee Robinson,Fulham,33,USA,LB,27,90.0,0,0,0,0,1,0,0,0,42,0,0,2,0.1,0.1,0.1,2,0,28,34,82.4,1,23,1,1,1,2024-09-21,['LB'],0,0,0,0,0,0,1,0,0,0,0,0,0
Calvin Bassey,Fulham,3,NGA,CB,24,90.0,0,0,0,0,0,0,0,0,41,1,0,1,0.0,0.0,0.0,2,0,30,31,96.8,1,17,0,0,0,2024-09-21,['CB'],0,1,0,0,0,0,0,0,0,0,0,0,0
Joachim Andersen,Fulham,5,DEN,CB,28,90.0,0,0,0,0,3,1,0,0,62,0,2,1,0.1,0.1,0.2,2,0,40,49,81.6,2,34,2,0,0,2024-09-21,['CB'],0,1,0,0,0,0,0,0,0,0,0,0,0
Kenny Tete,Fulham,2,NED,RB,28,90.0,0,0,0,0,2,0,1,0,52,2,1,0,0.3,0.3,0.0,2,0,34,43,79.1,2,28,3,1,0,2024-09-21,['RB'],0,0,0,0,0,0,0,0,0,1,0,0,0
Bernd Leno,Fulham,1,GER,GK,32,90.0,0,0,0,0,0,0,1,0,33,0,0,0,0.0,0.0,0.0,0,0,16,31,51.6,0,21,0,0,0,2024-09-21,['GK'],0,0,0,0,0,1,0,0,0,0,0,0,0
Alexander Isak,Newcastle United,14,SWE,"FW,AM",25,90.0,0,0,0,0,2,0,0,0,24,0,0,1,0.1,0.1,0.0,4,0,13,17,76.5,1,11,1,2,1,2024-09-21,"['FW', 'AM']",1,0,0,0,1,0,0,0,0,0,0,0,0
Harvey Barnes,Newcastle United,11,ENG,LW,26,90.0,1,0,0,0,4,2,0,0,48,1,0,0,0.4,0.4,0.4,4,0,37,39,94.9,7,35,4,1,0,2024-09-21,['LW'],0,0,0,0,0,0,0,0,1,0,0,0,0
Anthony Gordon,Newcastle United,10,ENG,"RW,AM",23,82.0,0,0,0,0,2,1,0,0,41,1,0,0,0.4,0.4,0.1,5,0,22,31,71.0,1,34,4,4,2,2024-09-21,"['RW', 'AM']",1,0,0,0,0,0,0,0,0,0,0,1,0
William Osula,Newcastle United,18,DEN,FW,21,8.0,0,0,0,0,0,0,0,0,3,0,0,0,0.0,0.0,0.0,0,0,1,2,50.0,0,3,1,1,1,2024-09-21,['FW'],0,0,0,0,1,0,0,0,0,0,0,0,0
Joe Willock,Newcastle United,28,ENG,LM,25,45.0,0,0,0,0,0,0,0,0,15,0,2,0,0.0,0.0,0.0,1,0,12,13,92.3,4,13,0,0,0,2024-09-21,['LM'],0,0,0,0,0,0,0,1,0,0,0,0,0
Jacob Murphy,Newcastle United,23,ENG,RW,29,45.0,0,1,0,0,1,0,0,0,30,0,0,1,0.0,0.0,0.1,2,2,18,23,78.3,4,19,2,2,0,2024-09-21,['RW'],0,0,0,0,0,0,0,0,0,0,0,1,0
Bruno Guimarães,Newcastle United,39,BRA,"DM,CM",26,90.0,0,0,0,0,1,0,0,0,87,2,3,0,0.0,0.0,0.0,4,0,68,77,88.3,8,70,0,3,2,2024-09-21,"['DM', 'CM']",0,0,1,1,0,0,0,0,0,0,0,0,0
Joelinton,Newcastle United,7,BRA,"RM,DM",28,73.0,0,0,0,0,2,0,0,0,45,2,0,1,0.1,0.1,0.1,3,0,31,35,88.6,3,28,0,1,0,2024-09-21,"['RM', 'DM']",0,0,0,1,0,0,0,0,0,0,1,0,0
Sandro Tonali,Newcastle United,8,ITA,DM,24,17.0,0,0,0,0,1,1,0,0,12,0,0,0,0.0,0.0,0.0,1,0,9,11,81.8,1,8,0,1,1,2024-09-21,['DM'],0,0,0,1,0,0,0,0,0,0,0,0,0
Lloyd Kelly,Newcastle United,25,ENG,LB,25,45.0,0,0,0,0,0,0,0,0,34,0,0,2,0.0,0.0,0.0,0,0,26,30,86.7,2,23,0,0,0,2024-09-21,['LB'],0,0,0,0,0,0,1,0,0,0,0,0,0
Lewis Hall,Newcastle United,20,ENG,LB,20,45.0,0,0,0,0,0,0,0,0,50,1,2,0,0.0,0.0,0.1,3,0,41,44,93.2,2,32,3,0,0,2024-09-21,['LB'],0,0,0,0,0,0,1,0,0,0,0,0,0
Dan Burn,Newcastle United,33,ENG,CB,32,90.0,0,0,0,0,1,1,0,0,109,1,0,1,0.0,0.0,0.0,1,0,90,93,96.8,4,71,0,0,0,2024-09-21,['CB'],0,1,0,0,0,0,0,0,0,0,0,0,0
Fabian Schär,Newcastle United,5,SUI,CB,32,90.0,0,0,0,0,2,0,0,0,96,0,2,0,0.4,0.4,0.0,1,0,82,90,91.1,4,68,0,0,0,2024-09-21,['CB'],0,1,0,0,0,0,0,0,0,0,0,0,0
Kieran Trippier,Newcastle United,2,ENG,RB,34,73.0,0,0,0,0,0,0,0,0,60,1,1,0,0.0,0.0,0.0,1,0,50,57,87.7,3,28,0,0,0,2024-09-21,['RB'],0,0,0,0,0,0,0,0,0,1,0,0,0
Valentino Livramento,Newcastle United,21,ENG,RB,21,17.0,0,0,0,0,0,0,0,0,15,0,0,0,0.0,0.0,0.0,0,0,13,15,86.7,2,7,0,0,0,2024-09-21,['RB'],0,0,0,0,0,0,0,0,0,1,0,0,0
Nick Pope,Newcastle United,22,ENG,GK,32,90.0,0,0,0,0,0,0,0,0,33,0,0,0,0.0,0.0,0.0,0,0,24,28,85.7,0,15,0,0,0,2024-09-21,['GK'],0,0,0,0,0,1,0,0,0,0,0,0,0
Ollie Watkins,Aston Villa,11,ENG,FW,28,89.0,1,0,0,0,3,1,0,0,21,0,1,0,0.3,0.3,0.0,0,0,8,10,80.0,0,13,4,2,0,2024-09-21,['FW'],0,0,0,0,1,0,0,0,0,0,0,0,0
Emi Buendía,Aston Villa,10,ARG,FW,27,1.0,0,0,0,0,0,0,0,0,4,0,0,0,0.0,0.0,0.0,0,0,4,4,100.0,0,5,0,0,0,2024-09-21,['FW'],0,0,0,0,1,0,0,0,0,0,0,0,0
Jacob Ramsey,Aston Villa,41,ENG,LW,23,61.0,0,0,0,0,0,0,0,0,26,1,0,0,0.0,0.0,0.0,1,0,17,22,77.3,1,23,1,1,1,2024-09-21,['LW'],0,0,0,0,0,0,0,0,1,0,0,0,0
Jhon Durán,Aston Villa,9,COL,LW,20,29.0,1,0,0,0,2,1,0,0,12,1,0,1,1.0,1.0,0.0,1,0,4,4,100.0,0,11,0,1,0,2024-09-21,['LW'],0,0,0,0,0,0,0,0,1,0,0,0,0
John McGinn,Aston Villa,7,SCO,RW,29,45.0,0,0,0,0,1,0,0,0,19,0,0,1,0.0,0.0,0.0,0,0,13,16,81.3,4,11,1,0,0,2024-09-21,['RW'],0,0,0,0,0,0,0,0,0,0,0,1,0
Ian Maatsen,Aston Villa,22,NED,LB,22,45.0,0,0,0,0,0,0,0,0,27,0,0,0,0.0,0.0,0.0,2,2,18,23,78.3,3,11,0,1,0,2024-09-21,['LB'],0,0,0,0,0,0,1,0,0,0,0,0,0
Morgan Rogers,Aston Villa,27,ENG,AM,22,90.0,0,2,0,0,0,0,1,0,47,1,1,0,0.0,0.0,1.0,5,2,28,34,82.4,5,23,2,6,2,2024-09-21,['AM'],1,0,0,0,0,0,0,0,0,0,0,0,0
Youri Tielemans,Aston Villa,8,BEL,DM,27,90.0,0,1,0,0,0,0,0,0,75,3,0,0,0.0,0.0,0.4,3,1,56,71,78.9,10,34,1,3,2,2024-09-21,['DM'],0,0,0,1,0,0,0,0,0,0,0,0,0
Amadou Onana,Aston Villa,24,BEL,DM,23,61.0,0,0,0,0,0,0,0,0,37,4,0,4,0.0,0.0,0.0,1,0,22,26,84.6,6,21,0,0,0,2024-09-21,['DM'],0,0,0,1,0,0,0,0,0,0,0,0,0
Ross Barkley,Aston Villa,6,ENG,DM,30,29.0,0,0,0,0,1,0,1,0,26,3,1,1,0.1,0.1,0.0,0,0,16,16,100.0,1,11,0,1,0,2024-09-21,['DM'],0,0,0,1,0,0,0,0,0,0,0,0,0
Lucas Digne,Aston Villa,12,FRA,LB,31,45.0,0,0,0,0,0,0,0,0,27,0,0,2,0.0,0.0,0.0,0,0,18,22,81.8,2,13,0,1,1,2024-09-21,['LB'],0,0,0,0,0,0,1,0,0,0,0,0,0
Leon Bailey,Aston Villa,31,JAM,RW,27,45.0,0,0,0,0,1,0,0,0,28,0,0,0,0.1,0.1,0.2,1,0,16,18,88.9,3,20,7,5,1,2024-09-21,['RW'],0,0,0,0,0,0,0,0,0,0,0,1,0
Pau Torres,Aston Villa,14,ESP,CB,27,90.0,0,0,0,0,0,0,1,0,61,0,0,0,0.0,0.0,0.0,0,0,50,56,89.3,5,46,4,1,1,2024-09-21,['CB'],0,1,0,0,0,0,0,0,0,0,0,0,0
Diego Carlos,Aston Villa,3,BRA,CB,31,90.0,0,0,0,0,0,0,0,0,75,0,1,2,0.0,0.0,0.0,0,0,60,69,87.0,4,59,0,0,0,2024-09-21,['CB'],0,1,0,0,0,0,0,0,0,0,0,0,0
Ezri Konsa,Aston Villa,4,ENG,RB,26,90.0,1,0,0,0,1,1,0,0,66,2,1,0,0.2,0.2,0.0,1,0,56,59,94.9,10,50,3,2,1,2024-09-21,['RB'],0,0,0,0,0,0,0,0,0,1,0,0,0
Emiliano Martínez,Aston Villa,23,ARG,GK,32,90.0,0,0,0,0,0,0,0,0,33,0,0,0,0.0,0.0,0.0,0,0,26,30,86.7,0,23,0,0,0,2024-09-21,['GK'],0,0,0,0,0,1,0,0,0,0,0,0,0
Jørgen Strand Larsen,Wolverhampton Wanderers,9,NOR,FW,24,64.0,0,0,0,0,2,1,0,0,12,0,0,0,0.0,0.0,0.0,1,0,6,8,75.0,1,4,1,0,0,2024-09-21,['FW'],0,0,0,0,1,0,0,0,0,0,0,0,0
Gonçalo Guedes,Wolverhampton Wanderers,29,POR,FW,27,26.0,0,0,0,0,0,0,0,0,8,0,0,1,0.0,0.0,0.0,0,0,3,7,42.9,0,3,0,0,0,2024-09-21,['FW'],0,0,0,0,1,0,0,0,0,0,0,0,0
Matheus Cunha,Wolverhampton Wanderers,10,BRA,LM,25,90.0,1,0,0,0,1,1,1,0,48,0,1,1,0.0,0.0,0.2,5,0,35,42,83.3,2,28,5,4,2,2024-09-21,['LM'],0,0,0,0,0,0,0,1,0,0,0,0,0
Mario Lemina,Wolverhampton Wanderers,5,GAB,CM,31,90.0,0,0,0,0,2,2,1,0,36,5,0,0,0.2,0.2,0.0,1,0,15,20,75.0,1,10,0,2,0,2024-09-21,['CM'],0,0,1,0,0,0,0,0,0,0,0,0,0
João Gomes,Wolverhampton Wanderers,8,BRA,CM,23,81.0,0,0,0,0,0,0,1,0,51,5,2,0,0.0,0.0,0.0,0,0,44,46,95.7,2,27,2,0,0,2024-09-21,['CM'],0,0,1,0,0,0,0,0,0,0,0,0,0
Tommy Doyle,Wolverhampton Wanderers,20,ENG,CM,22,9.0,0,0,0,0,0,0,0,0,11,1,0,1,0.0,0.0,0.0,0,0,3,7,42.9,2,3,0,0,0,2024-09-21,['CM'],0,0,1,0,0,0,0,0,0,0,0,0,0
Jean-Ricner Bellegarde,Wolverhampton Wanderers,27,FRA,RM,26,70.0,0,0,0,0,0,0,0,0,25,0,0,0,0.0,0.0,0.1,2,0,16,18,88.9,0,19,0,4,0,2024-09-21,['RM'],0,0,0,0,0,0,0,0,0,0,1,0,0
Rodrigo Gomes,Wolverhampton Wanderers,19,POR,RM,21,20.0,0,0,0,0,0,0,0,0,11,4,0,1,0.0,0.0,0.0,0,0,2,5,40.0,0,0,0,0,0,2024-09-21,['RM'],0,0,0,0,0,0,0,0,0,0,1,0,0
André,Wolverhampton Wanderers,7,BRA,DM,23,90.0,0,0,0,0,1,0,0,0,48,3,1,2,0.1,0.1,0.0,1,0,37,39,94.9,1,27,0,1,1,2024-09-21,['DM'],0,0,0,1,0,0,0,0,0,0,0,0,0
Rayan Aït-Nouri,Wolverhampton Wanderers,3,ALG,LB,23,90.0,0,0,0,0,3,0,1,0,56,1,0,3,0.1,0.1,0.0,4,0,36,45,80.0,1,33,5,2,2,2024-09-21,['LB'],0,0,0,0,0,0,1,0,0,0,0,0,0
Craig Dawson,Wolverhampton Wanderers,15,ENG,CB,34,90.0,0,0,0,0,1,0,0,0,65,2,2,0,0.1,0.1,0.0,0,0,50,56,89.3,3,43,1,1,1,2024-09-21,['CB'],0,1,0,0,0,0,0,0,0,0,0,0,0
Yerson Mosquera,Wolverhampton Wanderers,14,COL,CB,23,81.0,0,0,0,0,0,0,1,0,62,1,3,2,0.0,0.0,0.0,1,0,48,50,96.0,2,36,0,0,0,2024-09-21,['CB'],0,1,0,0,0,0,0,0,0,0,0,0,0
Santiago Bueno,Wolverhampton Wanderers,4,URU,CB,25,9.0,0,0,0,0,0,0,0,0,9,0,0,1,0.0,0.0,0.0,0,0,4,7,57.1,0,4,0,0,0,2024-09-21,['CB'],0,1,0,0,0,0,0,0,0,0,0,0,0
Nélson Semedo,Wolverhampton Wanderers,22,POR,RB,30,90.0,0,0,0,0,0,0,1,0,53,1,1,1,0.0,0.0,0.0,0,0,39,46,84.8,1,27,1,2,1,2024-09-21,['RB'],0,0,0,0,0,0,0,0,0,1,0,0,0
Sam Johnstone,Wolverhampton Wanderers,31,ENG,GK,31,90.0,0,0,0,0,0,0,0,0,37,0,0,0,0.0,0.0,0.0,1,0,26,36,72.2,0,24,0,0,0,2024-09-21,['GK'],0,0,0,0,0,1,0,0,0,0,0,0,0
Jean-Philippe Mateta,Crystal Palace,14,FRA,FW,27,45.0,0,0,0,0,0,0,0,0,11,0,0,0,0.0,0.0,0.0,1,0,4,8,50.0,0,2,0,0,0,2024-09-21,['FW'],0,0,0,0,1,0,0,0,0,0,0,0,0
Ismaila Sarr,Crystal Palace,7,SEN,FW,26,45.0,0,0,0,0,2,1,0,0,23,0,1,1,0.3,0.3,0.3,4,0,10,14,71.4,1,12,0,3,1,2024-09-21,['FW'],0,0,0,0,1,0,0,0,0,0,0,0,0
Eberechi Eze,Crystal Palace,10,ENG,AM,26,89.0,0,0,0,0,2,1,0,0,45,2,2,0,0.5,0.5,0.0,2,0,22,31,71.0,1,23,0,9,2,2024-09-21,['AM'],1,0,0,0,0,0,0,0,0,0,0,0,0
Jeffrey Schlupp,Crystal Palace,15,GHA,AM,31,1.0,0,0,0,0,0,0,0,0,3,0,0,0,0.0,0.0,0.1,2,0,2,2,100.0,0,3,2,1,1,2024-09-21,['AM'],1,0,0,0,0,0,0,0,0,0,0,0,0
Eddie Nketiah,Crystal Palace,9,ENG,AM,25,65.0,0,0,0,0,2,1,0,0,18,2,0,0,0.1,0.1,0.0,2,0,8,10,80.0,1,11,4,0,0,2024-09-21,['AM'],1,0,0,0,0,0,0,0,0,0,0,0,0
Will Hughes,Crystal Palace,19,ENG,AM,29,25.0,0,0,0,0,1,1,1,0,13,1,0,0,0.0,0.0,0.0,0,0,6,8,75.0,1,5,0,0,0,2024-09-21,['AM'],1,0,0,0,0,0,0,0,0,0,0,0,0
Daichi Kamada,Crystal Palace,18,JPN,CM,28,90.0,0,0,0,0,0,0,0,0,50,3,1,4,0.0,0.0,0.0,1,0,23,35,65.7,2,16,1,0,0,2024-09-21,['CM'],0,0,1,0,0,0,0,0,0,0,0,0,0
Adam Wharton,Crystal Palace,20,ENG,CM,20,45.0,0,0,0,0,0,0,0,0,18,0,1,0,0.0,0.0,0.0,0,0,12,16,75.0,0,9,0,0,0,2024-09-21,['CM'],0,0,1,0,0,0,0,0,0,0,0,0,0
Jefferson Lerma,Crystal Palace,8,COL,CM,29,45.0,0,0,0,0,1,0,0,0,17,0,0,0,0.0,0.0,0.1,1,0,9,14,64.3,2,9,1,0,0,2024-09-21,['CM'],0,0,1,0,0,0,0,0,0,0,0,0,0
Tyrick Mitchell,Crystal Palace,3,ENG,WB,25,90.0,0,0,0,0,0,0,0,0,45,4,1,3,0.0,0.0,0.2,1,0,20,31,64.5,2,14,1,0,0,2024-09-21,['WB'],0,0,0,0,0,0,0,0,0,0,0,0,1
Daniel Muñoz,Crystal Palace,12,COL,WB,28,90.0,0,0,0,0,0,0,0,0,43,3,1,0,0.0,0.0,0.0,2,0,24,32,75.0,1,15,1,0,0,2024-09-21,['WB'],0,0,0,0,0,0,0,0,0,0,0,0,1
Chris Richards,Crystal Palace,26,USA,CB,24,90.0,0,0,0,0,0,0,0,0,51,5,2,3,0.0,0.0,0.0,0,0,24,31,77.4,3,17,0,0,0,2024-09-21,['CB'],0,1,0,0,0,0,0,0,0,0,0,0,0
Marc Guéhi,Crystal Palace,6,ENG,CB,24,90.0,0,0,0,0,0,0,0,0,52,1,2,2,0.0,0.0,0.0,1,0,30,39,76.9,2,24,0,0,0,2024-09-21,['CB'],0,1,0,0,0,0,0,0,0,0,0,0,0
Maxence Lacroix,Crystal Palace,5,FRA,CB,24,90.0,0,0,0,0,1,0,1,0,41,1,2,0,0.0,0.0,0.0,0,0,22,29,75.9,1,11,0,0,0,2024-09-21,['CB'],0,1,0,0,0,0,0,0,0,0,0,0,0
Dean Henderson,Crystal Palace,1,ENG,GK,27,90.0,0,0,0,0,0,0,1,0,49,0,0,0,0.0,0.0,0.0,0,0,23,42,54.8,0,25,0,0,0,2024-09-21,['GK'],0,0,0,0,0,1,0,0,0,0,0,0,0
Joshua Zirkzee,Manchester United,11,NED,FW,23,60.0,0,0,0,0,1,0,0,0,23,0,1,0,0.1,0.1,0.2,3,0,15,17,88.2,2,6,1,0,0,2024-09-21,['FW'],0,0,0,0,1,0,0,0,0,0,0,0,0
Marcus Rashford,Manchester United,10,ENG,"LW,FW",26,30.0,0,0,0,0,0,0,0,0,13,0,0,1,0.0,0.0,0.0,0,0,6,10,60.0,1,7,0,0,0,2024-09-21,"['LW', 'FW']",0,0,0,0,1,0,0,0,1,0,0,0,0
Alejandro Garnacho,Manchester United,17,ARG,"LW,RW",20,90.0,0,0,0,0,3,2,1,0,37,1,0,0,0.5,0.5,0.0,2,0,20,23,87.0,0,27,4,2,0,2024-09-21,"['LW', 'RW']",0,0,0,0,0,0,0,0,1,0,0,1,0
Amad Diallo,Manchester United,16,CIV,RW,22,75.0,0,0,0,0,2,0,0,0,52,1,0,1,0.0,0.0,0.1,4,0,30,37,81.1,3,30,3,4,0,2024-09-21,['RW'],0,0,0,0,0,0,0,0,0,0,0,1,0
Rasmus Højlund,Manchester United,9,DEN,FW,21,15.0,0,0,0,0,0,0,0,0,5,0,0,0,0.0,0.0,0.0,0,0,2,4,50.0,0,5,1,0,0,2024-09-21,['FW'],0,0,0,0,1,0,0,0,0,0,0,0,0
Bruno Fernandes,Manchester United,8,POR,AM,30,90.0,0,0,0,0,4,0,0,0,108,4,1,0,0.4,0.4,0.1,7,0,62,91,68.1,14,61,2,2,2,2024-09-21,['AM'],1,0,0,0,0,0,0,0,0,0,0,0,0
Christian Eriksen,Manchester United,14,DEN,DM,32,75.0,0,0,0,0,0,0,0,0,75,1,1,0,0.0,0.0,0.5,5,0,55,69,79.7,7,41,0,0,0,2024-09-21,['DM'],0,0,0,1,0,0,0,0,0,0,0,0,0
Manuel Ugarte Ribeiro,Manchester United,25,URU,DM,23,15.0,0,0,0,0,0,0,0,0,19,2,0,0,0.0,0.0,0.0,0,0,13,14,92.9,0,12,0,1,0,2024-09-21,['DM'],0,0,0,1,0,0,0,0,0,0,0,0,0
Kobbie Mainoo,Manchester United,37,ENG,DM,19,90.0,0,0,0,0,1,0,0,0,55,0,1,0,0.0,0.0,0.0,1,0,42,46,91.3,7,39,2,0,0,2024-09-21,['DM'],0,0,0,1,0,0,0,0,0,0,0,0,0
Diogo Dalot,Manchester United,20,POR,LB,25,90.0,0,0,0,0,0,0,0,0,73,2,1,1,0.0,0.0,0.4,4,0,62,67,92.5,9,44,3,2,2,2024-09-21,['LB'],0,0,0,0,0,0,1,0,0,0,0,0,0
Lisandro Martínez,Manchester United,6,ARG,CB,26,90.0,0,0,0,0,1,1,1,0,119,0,1,2,0.2,0.2,0.0,1,0,97,113,85.8,8,86,0,0,0,2024-09-21,['CB'],0,1,0,0,0,0,0,0,0,0,0,0,0
Matthijs de Ligt,Manchester United,4,NED,CB,25,90.0,0,0,0,0,3,3,0,0,92,0,2,1,0.5,0.5,0.0,0,0,78,83,94.0,0,75,0,0,0,2024-09-21,['CB'],0,1,0,0,0,0,0,0,0,0,0,0,0
Noussair Mazraoui,Manchester United,3,MAR,RB,26,90.0,0,0,0,0,0,0,0,0,94,3,1,2,0.0,0.0,0.0,0,0,65,78,83.3,6,55,2,5,3,2024-09-21,['RB'],0,0,0,0,0,0,0,0,0,1,0,0,0
André Onana,Manchester United,24,CMR,GK,28,90.0,0,0,0,0,0,0,0,0,49,0,0,0,0.0,0.0,0.0,0,0,39,46,84.8,0,36,0,0,0,2024-09-21,['GK'],0,0,0,0,0,1,0,0,0,0,0,0,0
Danny Welbeck,Brighton & Hove Albion,18,ENG,FW,33,90.0,1,0,0,0,3,2,1,0,32,1,0,0,0.4,0.4,0.0,2,0,23,25,92.0,3,22,1,3,2,2024-09-22,['FW'],0,0,0,0,1,0,0,0,0,0,0,0,0
Kaoru Mitoma,Brighton & Hove Albion,22,JPN,"LW,LM",27,90.0,0,0,0,0,0,0,0,0,57,2,1,3,0.0,0.0,0.2,5,2,33,48,68.8,6,42,9,4,2,2024-09-22,"['LW', 'LM']",0,0,0,0,0,0,0,1,1,0,0,0,0
Simon Adingra,Brighton & Hove Albion,11,CIV,RW,22,61.0,0,0,0,0,1,0,0,0,39,2,0,3,0.0,0.0,0.0,2,1,15,24,62.5,2,28,2,1,0,2024-09-22,['RW'],0,0,0,0,0,0,0,0,0,0,0,1,0
Yankuba Minteh,Brighton & Hove Albion,17,GAM,"RW,RM",20,29.0,0,0,0,0,0,0,0,0,22,0,0,0,0.0,0.0,0.0,1,0,9,18,50.0,1,12,3,4,2,2024-09-22,"['RW', 'RM']",0,0,0,0,0,0,0,0,0,0,1,1,0
Georginio Rutter,Brighton & Hove Albion,14,FRA,AM,22,70.0,0,0,0,0,5,0,0,0,39,0,0,3,0.4,0.4,0.0,3,0,22,27,81.5,9,24,4,4,2,2024-09-22,['AM'],1,0,0,0,0,0,0,0,0,0,0,0,0
João Pedro,Brighton & Hove Albion,9,BRA,"RW,AM",22,20.0,0,0,0,0,1,0,0,0,17,0,0,0,0.0,0.0,0.0,0,0,10,13,76.9,1,10,1,1,1,2024-09-22,"['RW', 'AM']",1,0,0,0,0,0,0,0,0,0,0,1,0
Carlos Baleba,Brighton & Hove Albion,20,CMR,DM,20,61.0,0,0,0,0,1,0,1,0,35,3,2,2,0.0,0.0,0.0,2,0,20,24,83.3,3,15,1,1,1,2024-09-22,['DM'],0,0,0,1,0,0,0,0,0,0,0,0,0
Mats Wieffer,Brighton & Hove Albion,27,NED,"DM,CM",24,29.0,0,0,0,0,0,0,0,0,30,0,0,1,0.0,0.0,0.0,1,0,25,28,89.3,6,18,2,0,0,2024-09-22,"['DM', 'CM']",0,0,1,1,0,0,0,0,0,0,0,0,0
Jack Hinshelwood,Brighton & Hove Albion,41,ENG,"DM,CM",19,90.0,1,0,0,0,1,1,0,0,53,1,0,0,0.1,0.1,0.0,3,1,44,49,89.8,4,34,3,1,0,2024-09-22,"['DM', 'CM']",0,0,1,1,0,0,0,0,0,0,0,0,0
Pervis Estupiñán,Brighton & Hove Albion,30,ECU,LB,26,81.0,0,0,0,0,1,0,0,0,72,0,1,0,0.0,0.0,0.2,2,0,49,64,76.6,2,39,2,1,0,2024-09-22,['LB'],0,0,0,0,0,0,1,0,0,0,0,0,0
Evan Ferguson,Brighton & Hove Albion,28,IRL,LW,19,9.0,0,0,0,0,1,0,0,0,1,0,0,0,0.0,0.0,0.0,0,0,0,0,80.8,0,0,0,0,0,2024-09-22,['LW'],0,0,0,0,0,0,0,0,1,0,0,0,0
Lewis Dunk,Brighton & Hove Albion,5,ENG,CB,32,90.0,0,0,0,0,0,0,1,0,109,0,1,0,0.0,0.0,0.0,2,0,99,108,91.7,19,73,2,0,0,2024-09-22,['CB'],0,1,0,0,0,0,0,0,0,0,0,0,0
Jan Paul van Hecke,Brighton & Hove Albion,29,NED,CB,24,90.0,0,1,0,0,0,0,0,0,99,0,1,0,0.0,0.0,0.1,1,0,88,99,88.9,16,69,5,0,0,2024-09-22,['CB'],0,1,0,0,0,0,0,0,0,0,0,0,0
Joël Veltman,Brighton & Hove Albion,34,NED,"RB,CB",32,90.0,0,0,0,0,0,0,0,0,65,3,1,2,0.0,0.0,0.0,1,0,39,56,69.6,3,26,0,0,0,2024-09-22,"['RB', 'CB']",0,1,0,0,0,0,0,0,0,1,0,0,0
Bart Verbruggen,Brighton & Hove Albion,1,NED,GK,22,90.0,0,0,0,0,0,0,0,0,39,0,0,0,0.0,0.0,0.0,0,0,34,36,94.4,0,29,0,0,0,2024-09-22,['GK'],0,0,0,0,0,1,0,0,0,0,0,0,0
Chris Wood,Nottingham Forest,11,NZL,FW,32,71.0,1,0,1,1,0,0,0,0,17,0,0,0,0.8,0.0,0.0,0,0,6,11,54.5,0,3,0,0,0,2024-09-22,['FW'],0,0,0,0,1,0,0,0,0,0,0,0,0
Morato,Nottingham Forest,4,BRA,"CB,FW",23,19.0,0,0,0,0,0,0,0,0,9,1,0,1,0.0,0.0,0.0,0,0,2,4,50.0,0,2,0,0,0,2024-09-22,"['CB', 'FW']",0,1,0,0,1,0,0,0,0,0,0,0,0
Anthony Elanga,Nottingham Forest,21,SWE,LW,22,45.0,0,0,0,0,0,0,0,0,12,0,0,1,0.0,0.0,0.0,0,0,5,5,100.0,1,2,0,1,0,2024-09-22,['LW'],0,0,0,0,0,0,0,0,1,0,0,0,0
Jota Silva,Nottingham Forest,20,POR,"RW,FW,AM,CM",25,45.0,0,1,0,0,0,0,1,0,13,1,3,0,0.0,0.0,0.5,1,1,4,7,57.1,2,5,3,0,0,2024-09-22,"['RW', 'FW', 'AM', 'CM']",1,0,1,0,1,0,0,0,0,0,0,1,0
Callum Hudson-Odoi,Nottingham Forest,14,ENG,"RW,LW,LM",23,90.0,0,0,0,0,1,0,1,0,28,1,0,0,0.1,0.1,0.1,3,1,14,21,66.7,3,16,4,3,3,2024-09-22,"['RW', 'LW', 'LM']",0,0,0,0,0,0,0,1,1,0,0,1,0
Morgan Gibbs-White,Nottingham Forest,10,ENG,"AM,DM,CM",24,82.0,0,0,0,0,1,1,2,1,36,2,1,0,0.1,0.1,0.0,1,1,14,23,60.9,1,6,0,3,1,2024-09-22,"['AM', 'DM', 'CM']",1,0,1,1,0,0,0,0,0,0,0,0,0
Elliot Anderson,Nottingham Forest,8,ENG,DM,21,58.0,0,0,0,0,0,0,0,0,26,3,1,2,0.0,0.0,0.0,0,0,9,14,64.3,3,7,1,1,1,2024-09-22,['DM'],0,0,0,1,0,0,0,0,0,0,0,0,0
Ramón Sosa,Nottingham Forest,24,PAR,"RM,RW,DM",25,32.0,1,0,0,0,1,1,0,0,10,1,0,1,0.5,0.5,0.0,0,0,3,5,60.0,0,2,0,0,0,2024-09-22,"['RM', 'RW', 'DM']",0,0,0,1,0,0,0,0,0,0,1,1,0
James Ward-Prowse,Nottingham Forest,18,ENG,DM,29,45.0,0,0,0,0,0,0,0,0,19,1,0,0,0.0,0.0,0.0,0,0,13,17,76.5,0,7,0,0,0,2024-09-22,['DM'],0,0,0,1,0,0,0,0,0,0,0,0,0
Ryan Yates,Nottingham Forest,22,ENG,"DM,CM",26,45.0,0,0,0,0,0,0,0,0,20,2,0,0,0.0,0.0,0.0,0,0,15,17,88.2,0,11,0,1,1,2024-09-22,"['DM', 'CM']",0,0,1,1,0,0,0,0,0,0,0,0,0
Álex Moreno,Nottingham Forest,19,ESP,LB,31,45.0,0,0,0,0,0,0,0,0,29,0,1,0,0.0,0.0,0.0,0,0,15,20,75.0,1,8,0,3,0,2024-09-22,['LB'],0,0,0,0,0,0,1,0,0,0,0,0,0
Neco Williams,Nottingham Forest,7,WAL,RB,23,45.0,0,0,0,0,0,0,1,0,19,1,0,2,0.0,0.0,0.0,0,0,6,12,50.0,0,2,0,0,0,2024-09-22,['RB'],0,0,0,0,0,0,0,0,0,1,0,0,0
Murillo,Nottingham Forest,5,BRA,CB,22,90.0,0,0,0,0,0,0,0,0,55,0,0,2,0.0,0.0,0.1,2,0,26,36,72.2,1,14,0,2,2,2024-09-22,['CB'],0,1,0,0,0,0,0,0,0,0,0,0,0
Nikola Milenković,Nottingham Forest,31,SRB,CB,26,90.0,0,0,0,0,0,0,0,0,36,1,1,3,0.0,0.0,0.0,0,0,23,23,100.0,1,12,0,0,0,2024-09-22,['CB'],0,1,0,0,0,0,0,0,0,0,0,0,0
Ola Aina,Nottingham Forest,34,NGA,"LB,RB",27,90.0,0,0,0,0,0,0,1,0,41,4,1,0,0.0,0.0,0.0,0,0,18,28,64.3,0,12,0,0,0,2024-09-22,"['LB', 'RB']",0,0,0,0,0,0,1,0,0,1,0,0,0
Matz Sels,Nottingham Forest,26,BEL,GK,32,90.0,0,0,0,0,0,0,0,0,29,0,0,0,0.0,0.0,0.0,0,0,9,27,33.3,0,12,0,0,0,2024-09-22,['GK'],0,0,0,0,0,1,0,0,0,0,0,0,0
Erling Haaland,Manchester City,9,NOR,FW,24,90.0,1,0,0,0,6,5,0,0,18,0,0,1,0.9,0.9,0.0,1,0,4,7,57.1,0,7,0,1,0,2024-09-22,['FW'],0,0,0,0,1,0,0,0,0,0,0,0,0
Jeremy Doku,Manchester City,11,BEL,LW,22,69.0,0,0,0,0,2,0,0,0,42,1,0,0,0.0,0.0,0.0,7,0,26,30,86.7,1,27,4,3,2,2024-09-22,['LW'],0,0,0,0,0,0,0,0,1,0,0,0,0
Phil Foden,Manchester City,47,ENG,"CM,LM",24,21.0,0,0,0,0,2,0,0,0,28,0,0,0,0.1,0.1,0.0,2,0,21,24,87.5,0,17,1,0,0,2024-09-22,"['CM', 'LM']",0,0,1,0,0,0,0,1,0,0,0,0,0
Sávio,Manchester City,26,BRA,"RW,LW",20,77.0,0,1,0,0,2,0,0,0,59,0,0,0,0.0,0.0,0.5,7,2,39,46,84.8,3,47,7,8,3,2024-09-22,"['RW', 'LW']",0,0,0,0,0,0,0,0,1,0,0,1,0
Jack Grealish,Manchester City,10,ENG,LW,29,13.0,0,0,0,0,0,0,0,0,15,0,0,0,0.0,0.0,0.1,3,0,13,14,92.9,0,11,6,1,1,2024-09-22,['LW'],0,0,0,0,0,0,0,0,1,0,0,0,0
İlkay Gündoğan,Manchester City,19,GER,"LM,CM,RM",33,90.0,0,0,0,0,2,0,0,0,59,0,0,0,0.2,0.2,0.1,4,0,50,54,92.6,8,35,5,3,2,2024-09-22,"['LM', 'CM', 'RM']",0,0,1,0,0,0,0,1,0,0,1,0,0
Rodri,Manchester City,16,ESP,CM,28,20.0,0,0,0,0,0,0,0,0,14,1,1,0,0.0,0.0,0.0,1,0,12,13,92.3,0,10,0,0,0,2024-09-22,['CM'],0,0,1,0,0,0,0,0,0,0,0,0,0
Mateo Kovačić,Manchester City,8,CRO,"CM,DM",30,70.0,0,0,0,0,4,0,0,0,91,1,0,0,0.2,0.2,0.2,7,1,82,86,95.3,3,70,9,0,0,2024-09-22,"['CM', 'DM']",0,0,1,1,0,0,0,0,0,0,0,0,0
Bernardo Silva,Manchester City,20,POR,"RM,RW",30,90.0,0,0,0,0,1,0,1,0,64,0,0,0,0.1,0.1,0.3,8,0,45,56,80.4,2,44,7,5,2,2024-09-22,"['RM', 'RW']",0,0,0,0,0,0,0,0,0,0,1,1,0
Joško Gvardiol,Manchester City,24,CRO,LB,22,90.0,0,0,0,0,2,2,0,0,51,3,0,1,0.1,0.1,0.0,2,0,40,41,97.6,4,23,2,0,0,2024-09-22,['LB'],0,0,0,0,0,0,1,0,0,0,0,0,0
Manuel Akanji,Manchester City,25,SUI,"CB,RB",29,90.0,0,0,0,0,2,0,0,0,116,1,1,0,0.0,0.0,0.1,8,0,96,107,89.7,9,86,7,0,0,2024-09-22,"['CB', 'RB']",0,1,0,0,0,0,0,0,0,1,0,0,0
Rúben Dias,Manchester City,3,POR,CB,27,90.0,0,0,0,0,5,1,1,0,135,2,1,0,0.2,0.2,0.1,7,0,110,126,87.3,9,106,6,0,0,2024-09-22,['CB'],0,1,0,0,0,0,0,0,0,0,0,0,0
Kyle Walker,Manchester City,2,ENG,RB,34,77.0,0,0,0,0,4,2,0,0,125,1,0,0,0.1,0.1,0.2,5,0,107,117,91.5,14,95,4,0,0,2024-09-22,['RB'],0,0,0,0,0,0,0,0,0,1,0,0,0
John Stones,Manchester City,5,ENG,DM,30,13.0,1,0,0,0,1,1,0,0,2,0,0,0,0.2,0.2,0.0,0,0,1,1,100.0,0,1,1,0,0,2024-09-22,['DM'],0,0,0,1,0,0,0,0,0,0,0,0,0
Ederson,Manchester City,31,BRA,GK,31,90.0,0,0,0,0,0,0,1,0,28,0,0,0,0.0,0.0,0.0,2,0,23,27,85.2,1,22,0,0,0,2024-09-22,['GK'],0,0,0,0,0,1,0,0,0,0,0,0,0
Leandro Trossard,Arsenal,19,BEL,FW,29,44.0,0,0,0,0,1,0,2,1,11,0,0,1,0.1,0.1,0.0,0,0,4,7,57.1,0,9,0,0,0,2024-09-22,['FW'],0,0,0,0,1,0,0,0,0,0,0,0,0
Kai Havertz,Arsenal,29,GER,"RM,FW",25,90.0,0,0,0,0,1,1,0,0,21,0,0,2,0.1,0.1,0.0,0,0,0,6,0.0,0,8,1,3,1,2024-09-22,"['RM', 'FW']",0,0,0,0,1,0,0,0,0,0,1,0,0
Gabriel Martinelli,Arsenal,11,BRA,LM,23,86.0,0,1,0,0,0,0,0,0,29,0,0,0,0.0,0.0,0.1,2,1,13,17,76.5,0,16,3,1,0,2024-09-22,['LM'],0,0,0,0,0,0,0,1,0,0,0,0,0
Gabriel Jesus,Arsenal,9,BRA,LM,27,4.0,0,0,0,0,0,0,1,0,6,2,1,2,0.0,0.0,0.0,0,0,2,2,100.0,0,2,0,1,0,2024-09-22,['LM'],0,0,0,0,0,0,0,1,0,0,0,0,0
Declan Rice,Arsenal,41,ENG,CM,25,90.0,0,0,0,0,0,0,1,0,34,0,0,4,0.0,0.0,0.0,0,0,17,25,68.0,2,14,2,1,0,2024-09-22,['CM'],0,0,1,0,0,0,0,0,0,0,0,0,0
Thomas Partey,Arsenal,5,GHA,CM,31,90.0,0,0,0,0,0,0,1,0,40,3,1,1,0.0,0.0,0.0,1,1,25,31,80.6,1,11,0,0,0,2024-09-22,['CM'],0,0,1,0,0,0,0,0,0,0,0,0,0
Bukayo Saka,Arsenal,7,ENG,RM,23,45.0,0,1,0,0,0,0,0,0,16,0,0,0,0.0,0.0,0.5,3,2,11,13,84.6,2,8,3,2,0,2024-09-22,['RM'],0,0,0,0,0,0,0,0,0,0,1,0,0
Ben White,Arsenal,4,ENG,CB,26,45.0,0,0,0,0,0,0,0,0,8,1,1,2,0.0,0.0,0.0,0,0,3,3,100.0,1,2,0,0,0,2024-09-22,['CB'],0,1,0,0,0,0,0,0,0,0,0,0,0
Riccardo Calafiori,Arsenal,33,ITA,LB,22,73.0,1,0,0,0,1,1,0,0,28,3,0,3,0.0,0.0,0.0,0,0,17,18,94.4,1,13,0,1,1,2024-09-22,['LB'],0,0,0,0,0,0,1,0,0,0,0,0,0
Jakub Kiwior,Arsenal,15,POL,"LB,RB",24,17.0,0,0,0,0,0,0,0,0,3,0,0,1,0.0,0.0,0.0,0,0,2,2,100.0,0,1,0,0,0,2024-09-22,"['LB', 'RB']",0,0,0,0,0,0,1,0,0,1,0,0,0
Gabriel Magalhães,Arsenal,6,BRA,CB,26,90.0,1,0,0,0,2,1,0,0,34,2,0,4,0.5,0.5,0.0,1,0,17,21,81.0,1,15,0,0,0,2024-09-22,['CB'],0,1,0,0,0,0,0,0,0,0,0,0,0
William Saliba,Arsenal,2,FRA,CB,23,90.0,0,0,0,0,0,0,0,0,37,2,0,1,0.0,0.0,0.0,0,0,22,25,88.0,2,16,2,1,1,2024-09-22,['CB'],0,1,0,0,0,0,0,0,0,0,0,0,0
Jurriën Timber,Arsenal,12,NED,RB,23,89.0,0,0,0,0,0,0,0,0,20,3,1,0,0.0,0.0,0.0,0,0,2,10,20.0,1,4,0,1,1,2024-09-22,['RB'],0,0,0,0,0,0,0,0,0,1,0,0,0
Myles Lewis-Skelly,Arsenal,49,ENG,LB,17,1.0,0,0,0,0,0,0,1,0,2,0,0,0,0.0,0.0,0.0,0,0,1,1,100.0,0,1,0,0,0,2024-09-22,['LB'],0,0,0,0,0,0,1,0,0,0,0,0,0
David Raya,Arsenal,22,ESP,GK,29,90.0,0,0,0,0,0,0,0,0,43,0,0,0,0.0,0.0,0.0,0,0,18,40,45.0,0,26,0,0,0,2024-09-22,['GK'],0,0,0,0,0,1,0,0,0,0,0,0,0
Anthony Gordon,Newcastle United,10,ENG,FW,23,90.0,1,0,1,1,0,0,0,0,29,1,0,2,0.8,0.0,0.1,3,1,17,21,81.0,0,20,2,3,1,2024-09-28,['FW'],0,0,0,0,1,0,0,0,0,0,0,0,0
Harvey Barnes,Newcastle United,11,ENG,LW,26,75.0,0,0,0,0,4,1,0,0,21,0,1,0,0.3,0.3,0.0,0,0,13,16,81.3,3,18,1,0,0,2024-09-28,['LW'],0,0,0,0,0,0,0,0,1,0,0,0,0
Joe Willock,Newcastle United,28,ENG,LW,25,15.0,0,0,0,0,0,0,0,0,4,0,0,0,0.0,0.0,0.0,0,0,1,1,100.0,0,3,0,0,0,2024-09-28,['LW'],0,0,0,0,0,0,0,0,1,0,0,0,0
Jacob Murphy,Newcastle United,23,ENG,RW,29,90.0,0,0,0,0,0,0,0,0,28,1,0,0,0.0,0.0,0.2,4,0,21,27,77.8,3,21,4,2,2,2024-09-28,['RW'],0,0,0,0,0,0,0,0,0,0,0,1,0
Joelinton,Newcastle United,7,BRA,LM,28,90.0,0,0,0,0,2,2,1,0,46,4,0,2,0.2,0.2,0.0,2,0,27,31,87.1,1,23,0,0,0,2024-09-28,['LM'],0,0,0,0,0,0,0,1,0,0,0,0,0
Bruno Guimarães,Newcastle United,39,BRA,CM,26,90.0,0,0,0,0,0,0,1,0,57,3,2,2,0.0,0.0,0.1,3,1,37,45,82.2,6,42,1,4,4,2024-09-28,['CM'],0,0,1,0,0,0,0,0,0,0,0,0,0
Sandro Tonali,Newcastle United,8,ITA,RM,24,76.0,0,0,0,0,0,0,1,0,28,0,2,1,0.0,0.0,0.1,1,0,13,19,68.4,4,19,0,2,0,2024-09-28,['RM'],0,0,0,0,0,0,0,0,0,0,1,0,0
Sean Longstaff,Newcastle United,36,ENG,RM,26,14.0,0,0,0,0,1,0,0,0,7,1,0,1,0.2,0.2,0.0,0,0,2,3,66.7,0,2,0,0,0,2024-09-28,['RM'],0,0,0,0,0,0,0,0,0,0,1,0,0
Lewis Hall,Newcastle United,20,ENG,LB,20,90.0,0,0,0,0,0,0,0,0,53,0,1,2,0.0,0.0,0.1,3,0,31,47,66.0,3,27,2,1,1,2024-09-28,['LB'],0,0,0,0,0,0,1,0,0,0,0,0,0
Dan Burn,Newcastle United,33,ENG,CB,32,90.0,0,0,0,0,1,0,0,0,32,0,1,0,0.0,0.0,0.1,1,0,19,22,86.4,2,13,0,0,0,2024-09-28,['CB'],0,1,0,0,0,0,0,0,0,0,0,0,0
Fabian Schär,Newcastle United,5,SUI,CB,32,90.0,0,0,0,0,1,0,1,0,58,1,1,1,0.1,0.1,0.0,0,0,35,51,68.6,2,33,0,0,0,2024-09-28,['CB'],0,1,0,0,0,0,0,0,0,0,0,0,0
Kieran Trippier,Newcastle United,2,ENG,RB,34,77.0,0,0,0,0,1,0,0,0,61,3,1,1,0.0,0.0,0.0,4,0,46,54,85.2,6,33,4,0,0,2024-09-28,['RB'],0,0,0,0,0,0,0,0,0,1,0,0,0
Valentino Livramento,Newcastle United,21,ENG,RB,21,13.0,0,0,0,0,0,0,0,0,10,1,1,0,0.0,0.0,0.0,0,0,5,5,100.0,0,3,0,0,0,2024-09-28,['RB'],0,0,0,0,0,0,0,0,0,1,0,0,0
Nick Pope,Newcastle United,22,ENG,GK,32,90.0,0,0,0,0,0,0,0,0,29,0,0,0,0.0,0.0,0.0,0,0,18,26,69.2,0,14,0,0,0,2024-09-28,['GK'],0,0,0,0,0,1,0,0,0,0,0,0,0
Erling Haaland,Manchester City,9,NOR,FW,24,90.0,0,0,0,0,5,2,0,0,31,0,0,0,0.4,0.4,0.1,4,0,10,15,66.7,0,16,0,2,1,2024-09-28,['FW'],0,0,0,0,1,0,0,0,0,0,0,0,0
Jack Grealish,Manchester City,10,ENG,LW,29,80.0,0,1,0,0,1,0,1,0,45,0,0,1,0.0,0.0,0.3,6,1,32,35,91.4,4,37,7,6,3,2024-09-28,['LW'],0,0,0,0,0,0,0,0,1,0,0,0,0
Jeremy Doku,Manchester City,11,BEL,LW,22,10.0,0,0,0,0,0,0,0,0,10,0,0,0,0.0,0.0,0.0,0,0,6,8,75.0,1,8,2,1,1,2024-09-28,['LW'],0,0,0,0,0,0,0,0,1,0,0,0,0
Bernardo Silva,Manchester City,20,POR,"RW,DM",30,90.0,0,0,0,0,2,1,0,0,57,3,1,0,0.1,0.1,0.1,2,0,38,44,86.4,4,44,7,3,0,2024-09-28,"['RW', 'DM']",0,0,0,1,0,0,0,0,0,0,0,1,0
İlkay Gündoğan,Manchester City,19,GER,AM,33,65.0,0,0,0,0,2,1,0,0,38,1,1,0,0.1,0.1,0.1,4,0,21,29,72.4,4,24,2,3,2,2024-09-28,['AM'],1,0,0,0,0,0,0,0,0,0,0,0,0
Phil Foden,Manchester City,47,ENG,AM,24,25.0,0,0,0,0,1,1,0,0,24,0,0,1,0.1,0.1,0.1,4,0,17,22,77.3,3,18,0,2,2,2024-09-28,['AM'],1,0,0,0,0,0,0,0,0,0,0,0,0
Mateo Kovačić,Manchester City,8,CRO,DM,30,90.0,0,0,0,0,2,0,1,0,94,4,0,2,0.1,0.1,0.1,2,0,76,82,92.7,5,61,4,2,1,2024-09-28,['DM'],0,0,0,1,0,0,0,0,0,0,0,0,0
Rico Lewis,Manchester City,82,ENG,DM,19,80.0,0,0,0,0,0,0,0,0,31,1,0,1,0.0,0.0,0.0,0,0,21,23,91.3,1,18,0,0,0,2024-09-28,['DM'],0,0,0,1,0,0,0,0,0,0,0,0,0
Sávio,Manchester City,26,BRA,RW,20,10.0,0,0,0,0,0,0,0,0,11,1,0,0,0.0,0.0,0.1,2,0,7,10,70.0,1,8,4,1,1,2024-09-28,['RW'],0,0,0,0,0,0,0,0,0,0,0,1,0
Joško Gvardiol,Manchester City,24,CRO,LB,22,90.0,1,0,0,0,1,1,0,0,68,2,2,0,0.1,0.1,0.0,2,1,49,57,86.0,2,49,2,3,1,2024-09-28,['LB'],0,0,0,0,0,0,1,0,0,0,0,0,0
Manuel Akanji,Manchester City,25,SUI,CB,29,90.0,0,0,0,0,2,0,0,0,78,1,1,0,0.1,0.1,0.0,4,0,63,71,88.7,8,58,1,0,0,2024-09-28,['CB'],0,1,0,0,0,0,0,0,0,0,0,0,0
Rúben Dias,Manchester City,3,POR,CB,27,90.0,0,0,0,0,0,0,1,0,93,1,1,1,0.0,0.0,0.0,1,0,77,86,89.5,6,68,1,0,0,2024-09-28,['CB'],0,1,0,0,0,0,0,0,0,0,0,0,0
Kyle Walker,Manchester City,2,ENG,RB,34,90.0,0,0,0,0,0,0,0,0,73,1,1,2,0.0,0.0,0.0,0,0,56,67,83.6,1,44,1,1,1,2024-09-28,['RB'],0,0,0,0,0,0,0,0,0,1,0,0,0
Ederson,Manchester City,31,BRA,GK,31,90.0,0,0,0,0,0,0,1,0,52,0,0,0,0.0,0.0,0.0,0,0,38,49,77.6,0,40,0,0,0,2024-09-28,['GK'],0,0,0,0,0,1,0,0,0,0,0,0,0
Nicolas Jackson,Chelsea,15,SEN,FW,23,78.0,0,1,0,0,5,1,0,0,25,0,0,3,1.4,1.4,0.2,2,1,7,14,50.0,0,10,3,2,1,2024-09-28,['FW'],0,0,0,0,1,0,0,0,0,0,0,0,0
Christopher Nkunku,Chelsea,18,FRA,FW,26,12.0,0,0,0,0,0,0,0,0,2,0,0,0,0.0,0.0,0.1,1,0,2,2,100.0,1,1,0,0,0,2024-09-28,['FW'],0,0,0,0,1,0,0,0,0,0,0,0,0
Jadon Sancho,Chelsea,19,ENG,LW,24,70.0,0,1,0,0,1,0,0,0,30,0,0,0,0.1,0.1,0.2,4,3,14,20,70.0,2,23,3,9,7,2024-09-28,['LW'],0,0,0,0,0,0,0,0,1,0,0,0,0
Mykhailo Mudryk,Chelsea,10,UKR,LW,23,20.0,0,0,0,0,0,0,0,0,1,0,0,0,0.0,0.0,0.0,1,0,1,1,100.0,1,1,0,0,0,2024-09-28,['LW'],0,0,0,0,0,0,0,0,1,0,0,0,0
Noni Madueke,Chelsea,11,ENG,RW,22,62.0,0,0,0,0,1,0,0,0,23,2,0,0,0.2,0.2,0.0,2,1,5,11,45.5,1,11,2,4,1,2024-09-28,['RW'],0,0,0,0,0,0,0,0,0,0,0,1,0
Pedro Neto,Chelsea,7,POR,RW,24,28.0,0,0,0,0,1,0,0,0,13,1,0,1,0.1,0.1,0.1,1,0,5,7,71.4,0,6,2,1,0,2024-09-28,['RW'],0,0,0,0,0,0,0,0,0,0,0,1,0
Cole Palmer,Chelsea,20,ENG,AM,22,90.0,4,0,1,1,6,4,0,0,42,1,0,1,2.4,1.6,1.4,5,0,19,30,63.3,6,19,2,2,1,2024-09-28,['AM'],1,0,0,0,0,0,0,0,0,0,0,0,0
Enzo Fernández,Chelsea,8,ARG,DM,23,78.0,0,0,0,0,0,0,1,0,43,3,0,0,0.0,0.0,0.6,2,1,25,33,75.8,3,15,1,3,1,2024-09-28,['DM'],0,0,0,1,0,0,0,0,0,0,0,0,0
Roméo Lavia,Chelsea,45,BEL,DM,20,12.0,0,0,0,0,0,0,0,0,11,0,0,0,0.0,0.0,0.0,0,0,9,10,90.0,0,9,0,1,0,2024-09-28,['DM'],0,0,0,1,0,0,0,0,0,0,0,0,0
Moisés Caicedo,Chelsea,25,ECU,DM,22,90.0,0,0,0,0,0,0,0,0,41,3,1,2,0.0,0.0,0.6,2,0,24,32,75.0,2,14,0,2,2,2024-09-28,['DM'],0,0,0,1,0,0,0,0,0,0,0,0,0
Marc Cucurella,Chelsea,3,ESP,LB,26,69.0,0,0,0,0,0,0,1,0,33,0,0,3,0.0,0.0,0.2,1,0,19,24,79.2,1,13,0,0,0,2024-09-28,['LB'],0,0,0,0,0,0,1,0,0,0,0,0,0
Renato Veiga,Chelsea,40,POR,LB,21,21.0,0,0,0,0,0,0,0,0,23,5,0,0,0.0,0.0,0.0,0,0,13,17,76.5,0,7,0,0,0,2024-09-28,['LB'],0,0,0,0,0,0,1,0,0,0,0,0,0
Levi Colwill,Chelsea,6,ENG,CB,21,90.0,0,0,0,0,0,0,0,0,59,1,2,2,0.0,0.0,0.0,1,0,39,50,78.0,0,27,0,1,1,2024-09-28,['CB'],0,1,0,0,0,0,0,0,0,0,0,0,0
Wesley Fofana,Chelsea,29,FRA,CB,23,90.0,0,0,0,0,0,0,1,0,66,2,3,0,0.0,0.0,0.0,1,0,47,56,83.9,0,45,0,2,1,2024-09-28,['CB'],0,1,0,0,0,0,0,0,0,0,0,0,0
Malo Gusto,Chelsea,27,FRA,RB,21,90.0,0,0,0,0,0,0,0,0,59,4,1,3,0.0,0.0,0.0,1,0,37,45,82.2,3,17,1,0,0,2024-09-28,['RB'],0,0,0,0,0,0,0,0,0,1,0,0,0
Robert Sánchez,Chelsea,1,ESP,GK,26,90.0,0,0,0,0,0,0,0,0,65,0,0,0,0.0,0.0,0.0,0,0,46,62,74.2,0,42,0,0,0,2024-09-28,['GK'],0,0,0,0,0,1,0,0,0,0,0,0,0
Danny Welbeck,Brighton & Hove Albion,18,ENG,FW,33,80.0,0,0,0,0,3,1,0,0,30,0,0,1,0.4,0.4,0.0,2,0,15,19,78.9,2,16,0,1,0,2024-09-28,['FW'],0,0,0,0,1,0,0,0,0,0,0,0,0
Evan Ferguson,Brighton & Hove Albion,28,IRL,FW,19,10.0,0,0,0,0,0,0,0,0,4,0,0,0,0.0,0.0,0.0,0,0,3,4,75.0,1,2,0,0,0,2024-09-28,['FW'],0,0,0,0,1,0,0,0,0,0,0,0,0
Kaoru Mitoma,Brighton & Hove Albion,22,JPN,LW,27,90.0,0,0,0,0,2,0,0,0,50,2,0,2,0.0,0.0,0.1,4,0,27,36,75.0,3,36,9,6,3,2024-09-28,['LW'],0,0,0,0,0,0,0,0,1,0,0,0,0
Georginio Rutter,Brighton & Hove Albion,14,FRA,RW,22,70.0,1,0,0,0,3,1,0,0,33,1,2,0,0.1,0.1,0.2,3,0,14,20,70.0,2,20,2,1,0,2024-09-28,['RW'],0,0,0,0,0,0,0,0,0,0,0,1,0
Yankuba Minteh,Brighton & Hove Albion,17,GAM,RW,20,20.0,0,0,0,0,1,0,0,0,12,0,0,0,0.1,0.1,0.0,0,0,5,7,71.4,2,10,0,3,1,2024-09-28,['RW'],0,0,0,0,0,0,0,0,0,0,0,1,0
Jack Hinshelwood,Brighton & Hove Albion,41,ENG,"LM,RB",19,90.0,0,0,0,0,0,0,0,0,49,0,0,1,0.0,0.0,0.0,3,0,30,39,76.9,1,23,0,1,0,2024-09-28,"['LM', 'RB']",0,0,0,0,0,0,0,1,0,1,0,0,0
Mats Wieffer,Brighton & Hove Albion,27,NED,CM,24,56.0,0,0,0,0,0,0,0,0,61,2,1,2,0.0,0.0,0.0,1,0,39,48,81.3,5,38,1,2,1,2024-09-28,['CM'],0,0,1,0,0,0,0,0,0,0,0,0,0
Yasin Ayari,Brighton & Hove Albion,26,SWE,RM,20,34.0,0,0,0,0,1,0,0,0,21,2,1,0,0.0,0.0,0.0,2,0,8,11,72.7,1,11,0,2,0,2024-09-28,['RM'],0,0,0,0,0,0,0,0,0,0,1,0,0
Carlos Baleba,Brighton & Hove Albion,20,CMR,"RM,CM",20,90.0,1,1,0,0,3,2,0,0,74,3,1,4,0.3,0.3,0.1,2,1,51,57,89.5,9,41,0,4,2,2024-09-28,"['RM', 'CM']",0,0,1,0,0,0,0,0,0,0,1,0,0
Pervis Estupiñán,Brighton & Hove Albion,30,ECU,LB,26,90.0,0,0,0,0,0,0,1,0,77,2,2,0,0.0,0.0,0.0,0,0,57,68,83.8,5,45,3,2,1,2024-09-28,['LB'],0,0,0,0,0,0,1,0,0,0,0,0,0
Lewis Dunk,Brighton & Hove Albion,5,ENG,CB,32,90.0,0,0,0,0,0,0,1,0,119,0,2,2,0.0,0.0,0.0,1,0,98,111,88.3,5,83,0,0,0,2024-09-28,['CB'],0,1,0,0,0,0,0,0,0,0,0,0,0
Adam Webster,Brighton & Hove Albion,4,ENG,CB,29,56.0,0,0,0,0,0,0,0,0,46,0,1,2,0.0,0.0,0.0,1,0,38,42,90.5,5,34,0,0,0,2024-09-28,['CB'],0,1,0,0,0,0,0,0,0,0,0,0,0
Igor,Brighton & Hove Albion,3,BRA,CB,26,34.0,0,0,0,0,0,0,0,0,38,1,0,0,0.0,0.0,0.0,0,0,36,37,97.3,5,31,1,0,0,2024-09-28,['CB'],0,1,0,0,0,0,0,0,0,0,0,0,0
Ferdi Kadioglu,Brighton & Hove Albion,24,TUR,RB,24,70.0,0,0,0,0,0,0,0,0,45,3,2,0,0.0,0.0,0.0,2,0,30,36,83.3,6,18,0,2,2,2024-09-28,['RB'],0,0,0,0,0,0,0,0,0,1,0,0,0
Julio Enciso,Brighton & Hove Albion,10,PAR,LM,20,20.0,0,0,0,0,2,1,0,0,14,0,0,0,0.1,0.1,0.0,3,0,9,10,90.0,2,10,0,4,1,2024-09-28,['LM'],0,0,0,0,0,0,0,1,0,0,0,0,0
Bart Verbruggen,Brighton & Hove Albion,1,NED,GK,22,90.0,0,0,0,0,0,0,0,0,51,0,0,0,0.0,0.0,0.0,0,0,41,48,85.4,0,37,0,0,0,2024-09-28,['GK'],0,0,0,0,0,1,0,0,0,0,0,0,0
Leandro Trossard,Arsenal,19,BEL,FW,29,89.0,1,0,0,0,4,2,0,0,54,1,1,1,1.1,1.1,0.1,6,0,34,43,79.1,7,27,2,5,2,2024-09-28,['FW'],0,0,0,0,1,0,0,0,0,0,0,0,0
Gabriel Jesus,Arsenal,9,BRA,FW,27,1.0,0,0,0,0,1,1,0,0,1,0,0,0,0.1,0.1,0.0,1,1,0,0,80.8,0,1,1,0,0,2024-09-28,['FW'],0,0,0,0,1,0,0,0,0,0,0,0,0
Kai Havertz,Arsenal,29,GER,FW,25,90.0,1,0,0,0,7,2,0,0,57,2,0,0,1.8,1.8,0.0,7,0,33,40,82.5,5,30,0,3,1,2024-09-28,['FW'],0,0,0,0,1,0,0,0,0,0,0,0,0
Gabriel Martinelli,Arsenal,11,BRA,LM,23,73.0,1,1,0,0,4,2,0,0,37,0,0,0,0.4,0.4,0.7,2,1,20,27,74.1,2,27,9,3,1,2024-09-28,['LM'],0,0,0,0,0,0,0,1,0,0,0,0,0
Raheem Sterling,Arsenal,30,ENG,LM,29,17.0,0,0,0,0,0,0,0,0,11,0,0,0,0.0,0.0,0.0,1,0,9,11,81.8,1,9,3,2,1,2024-09-28,['LM'],0,0,0,0,0,0,0,1,0,0,0,0,0
Declan Rice,Arsenal,41,ENG,CM,25,90.0,0,0,0,0,3,1,0,0,106,1,1,0,0.1,0.1,0.2,5,1,75,98,76.5,16,67,7,0,0,2024-09-28,['CM'],0,0,1,0,0,0,0,0,0,0,0,0,0
Thomas Partey,Arsenal,5,GHA,CM,31,84.0,0,0,0,0,0,0,0,0,104,4,0,1,0.0,0.0,0.0,3,0,87,96,90.6,9,61,1,0,0,2024-09-28,['CM'],0,0,1,0,0,0,0,0,0,0,0,0,0
Ethan Nwaneri,Arsenal,53,ENG,CM,17,6.0,0,0,0,0,1,1,0,0,8,0,0,0,0.0,0.0,0.1,1,0,6,6,100.0,1,6,2,2,1,2024-09-28,['CM'],0,0,1,0,0,0,0,0,0,0,0,0,0
Bukayo Saka,Arsenal,7,ENG,RM,23,90.0,0,0,0,0,7,2,0,0,88,2,1,1,0.3,0.3,0.6,16,1,57,66,86.4,14,51,9,13,8,2024-09-28,['RM'],0,0,0,0,0,0,0,0,0,0,1,0,0
Riccardo Calafiori,Arsenal,33,ITA,LB,22,90.0,0,0,0,0,3,3,1,0,90,3,0,1,0.5,0.5,0.1,3,0,69,80,86.3,11,42,2,2,2,2024-09-28,['LB'],0,0,0,0,0,0,1,0,0,0,0,0,0
Gabriel Magalhães,Arsenal,6,BRA,CB,26,90.0,0,0,0,0,3,2,0,0,94,0,0,0,0.3,0.3,0.0,2,0,81,88,92.0,8,53,1,1,1,2024-09-28,['CB'],0,1,0,0,0,0,0,0,0,0,0,0,0
William Saliba,Arsenal,2,FRA,CB,23,90.0,0,0,0,0,0,0,1,0,66,2,1,0,0.0,0.0,0.0,2,0,59,61,96.7,7,41,0,0,0,2024-09-28,['CB'],0,1,0,0,0,0,0,0,0,0,0,0,0
Jurriën Timber,Arsenal,12,NED,RB,23,90.0,0,1,0,0,2,0,0,0,96,4,0,2,0.2,0.2,0.4,9,1,71,82,86.6,10,53,2,2,1,2024-09-28,['RB'],0,0,0,0,0,0,0,0,0,1,0,0,0
David Raya,Arsenal,22,ESP,GK,29,90.0,0,0,0,0,0,0,0,0,25,0,0,0,0.0,0.0,0.0,0,0,19,25,76.0,0,17,0,0,0,2024-09-28,['GK'],0,0,0,0,0,1,0,0,0,0,0,0,0
Jamie Vardy,Leicester City,9,ENG,FW,37,90.0,0,0,0,0,0,0,1,0,18,1,0,0,0.0,0.0,0.1,2,1,10,12,83.3,1,7,1,0,0,2024-09-28,['FW'],0,0,0,0,1,0,0,0,0,0,0,0,0
Stephy Mavididi,Leicester City,10,ENG,LW,26,89.0,0,0,0,0,0,0,0,0,31,3,0,0,0.0,0.0,0.1,3,1,11,15,73.3,4,24,0,4,1,2024-09-28,['LW'],0,0,0,0,0,0,0,0,1,0,0,0,0
Bobby Reid,Leicester City,14,JAM,LW,31,1.0,0,0,0,0,0,0,0,0,2,0,0,0,0.0,0.0,0.0,0,0,2,2,100.0,0,0,0,0,0,2024-09-28,['LW'],0,0,0,0,0,0,0,0,1,0,0,0,0
Facundo Buonanotte,Leicester City,40,ARG,RW,19,84.0,0,1,0,0,2,1,1,0,33,2,1,2,0.2,0.2,0.0,2,1,8,16,50.0,1,14,2,3,0,2024-09-28,['RW'],0,0,0,0,0,0,0,0,0,0,0,1,0
Jordan Ayew,Leicester City,18,GHA,"RW,AM",33,6.0,0,0,0,0,0,0,0,0,3,0,0,0,0.0,0.0,0.0,0,0,0,1,0.0,0,2,0,0,0,2024-09-28,"['RW', 'AM']",1,0,0,0,0,0,0,0,0,0,0,1,0
Wilfred Ndidi,Leicester City,6,NGA,"AM,DM",27,89.0,0,1,0,0,0,0,1,0,53,8,0,4,0.0,0.0,0.1,1,1,24,28,85.7,2,19,0,2,0,2024-09-28,"['AM', 'DM']",1,0,0,1,0,0,0,0,0,0,0,0,0
Odsonne Édouard,Leicester City,29,FRA,DM,26,1.0,0,0,0,0,0,0,0,0,0,0,0,0,0.0,0.0,0.0,0,0,0,0,80.8,0,0,0,0,0,2024-09-28,['DM'],0,0,0,1,0,0,0,0,0,0,0,0,0
Harry Winks,Leicester City,8,ENG,"DM,CB",28,90.0,0,0,0,0,0,0,0,0,37,0,0,2,0.0,0.0,0.0,1,0,23,29,79.3,3,17,1,2,0,2024-09-28,"['DM', 'CB']",0,1,0,1,0,0,0,0,0,0,0,0,0
Oliver Skipp,Leicester City,22,ENG,DM,24,89.0,0,0,0,0,0,0,1,0,23,0,0,3,0.0,0.0,0.0,0,0,16,16,100.0,0,13,0,1,0,2024-09-28,['DM'],0,0,0,1,0,0,0,0,0,0,0,0,0
Bilal El Khannouss,Leicester City,11,MAR,"AM,DM",20,1.0,0,0,0,0,0,0,0,0,4,0,0,0,0.0,0.0,0.0,0,0,2,3,66.7,0,1,0,0,0,2024-09-28,"['AM', 'DM']",1,0,0,1,0,0,0,0,0,0,0,0,0
Victor Bernth Kristiansen,Leicester City,16,DEN,LB,21,90.0,0,0,0,0,0,0,0,0,52,7,2,3,0.0,0.0,0.0,0,0,27,32,84.4,1,13,0,2,1,2024-09-28,['LB'],0,0,0,0,0,0,1,0,0,0,0,0,0
Caleb Okoli,Leicester City,5,ITA,CB,23,89.0,0,0,0,0,0,0,0,0,43,1,1,2,0.0,0.0,0.0,0,0,17,26,65.4,0,17,0,0,0,2024-09-28,['CB'],0,1,0,0,0,0,0,0,0,0,0,0,0
Abdul Fatawu Issahaku,Leicester City,7,GHA,"RW,CB",20,1.0,0,0,0,0,0,0,0,0,0,0,0,0,0.0,0.0,0.0,0,0,0,0,80.8,0,0,0,0,0,2024-09-28,"['RW', 'CB']",0,1,0,0,0,0,0,0,0,0,0,1,0
Wout Faes,Leicester City,3,BEL,CB,26,90.0,0,0,0,0,0,0,0,0,36,1,0,1,0.0,0.0,0.0,0,0,17,22,77.3,1,14,0,2,2,2024-09-28,['CB'],0,1,0,0,0,0,0,0,0,0,0,0,0
James Justin,Leicester City,2,ENG,RB,26,90.0,2,0,0,0,3,2,0,0,34,1,2,1,0.1,0.1,0.0,0,0,12,16,75.0,0,10,0,1,0,2024-09-28,['RB'],0,0,0,0,0,0,0,0,0,1,0,0,0
Mads Hermansen,Leicester City,30,DEN,GK,24,90.0,0,0,0,0,0,0,0,0,50,0,0,0,0.0,0.0,0.0,0,0,23,39,59.0,0,21,0,0,0,2024-09-28,['GK'],0,0,0,0,0,1,0,0,0,0,0,0,0
Bryan Mbeumo,Brentford,19,CMR,FW,25,90.0,1,0,0,0,4,1,0,0,59,3,1,0,0.3,0.3,0.0,2,0,31,47,66.0,5,39,6,3,1,2024-09-28,['FW'],0,0,0,0,1,0,0,0,0,0,0,0,0
Fabio Carvalho,Brentford,14,POR,FW,22,84.0,0,1,0,0,1,0,0,0,48,4,1,2,0.0,0.0,0.1,2,1,22,32,68.8,3,20,0,3,0,2024-09-28,['FW'],0,0,0,0,1,0,0,0,0,0,0,0,0
Yunus Emre Konak,Brentford,26,TUR,FW,18,6.0,0,0,0,0,0,0,0,0,5,0,0,0,0.0,0.0,0.0,0,0,3,5,60.0,0,3,0,0,0,2024-09-28,['FW'],0,0,0,0,1,0,0,0,0,0,0,0,0
Keane Lewis-Potter,Brentford,23,ENG,LM,23,90.0,0,0,0,0,1,1,1,0,45,2,1,0,0.0,0.0,0.0,0,0,25,33,75.8,3,20,1,3,2,2024-09-28,['LM'],0,0,0,0,0,0,0,1,0,0,0,0,0
Vitaly Janelt,Brentford,27,GER,CM,26,90.0,0,0,0,0,0,0,0,0,56,1,1,2,0.0,0.0,0.0,1,0,35,39,89.7,0,27,1,0,0,2024-09-28,['CM'],0,0,1,0,0,0,0,0,0,0,0,0,0
Mikkel Damsgaard,Brentford,24,DEN,"CM,RM",24,90.0,0,0,0,0,0,0,0,0,77,8,1,0,0.0,0.0,0.0,2,0,42,59,71.2,8,48,1,1,0,2024-09-28,"['CM', 'RM']",0,0,1,0,0,0,0,0,0,0,1,0,0
Kevin Schade,Brentford,7,GER,RM,22,59.0,0,0,0,0,0,0,0,0,24,1,0,1,0.0,0.0,0.0,1,0,6,17,35.3,1,19,4,3,0,2024-09-28,['RM'],0,0,0,0,0,0,0,0,0,0,1,0,0
Yehor Yarmoliuk,Brentford,18,UKR,CM,20,31.0,0,0,0,0,1,1,1,0,35,0,1,0,0.0,0.0,0.0,1,0,27,30,90.0,1,21,1,1,0,2024-09-28,['CM'],0,0,1,0,0,0,0,0,0,0,0,0,0
Kristoffer Ajer,Brentford,20,NOR,LB,26,90.0,0,0,0,0,0,0,0,0,65,1,2,4,0.0,0.0,0.0,1,1,38,53,71.7,3,36,4,2,1,2024-09-28,['LB'],0,0,0,0,0,0,1,0,0,0,0,0,0
Ethan Pinnock,Brentford,5,JAM,CB,31,90.0,0,0,0,0,0,0,0,0,87,2,1,0,0.0,0.0,0.0,3,0,70,79,88.6,5,47,0,0,0,2024-09-28,['CB'],0,1,0,0,0,0,0,0,0,0,0,0,0
Nathan Collins,Brentford,22,IRL,CB,23,90.0,0,0,0,0,0,0,0,0,80,1,1,1,0.0,0.0,0.0,1,0,67,76,88.2,5,52,0,0,0,2024-09-28,['CB'],0,1,0,0,0,0,0,0,0,0,0,0,0
Sepp van den Berg,Brentford,4,NED,RB,22,90.0,0,0,0,0,1,0,0,0,66,2,0,2,0.0,0.0,0.0,1,0,44,57,77.2,3,30,0,0,0,2024-09-28,['RB'],0,0,0,0,0,0,0,0,0,1,0,0,0
Mark Flekken,Brentford,1,NED,GK,31,90.0,0,0,0,0,0,0,0,0,53,0,0,0,0.0,0.0,0.0,0,0,38,51,74.5,0,40,0,0,0,2024-09-28,['GK'],0,0,0,0,0,1,0,0,0,0,0,0,0
Michail Antonio,West Ham United,9,JAM,FW,34,74.0,0,1,0,0,3,0,0,0,28,0,0,0,0.3,0.3,0.2,3,1,15,20,75.0,5,21,1,1,0,2024-09-28,['FW'],0,0,0,0,1,0,0,0,0,0,0,0,0
Danny Ings,West Ham United,18,ENG,FW,32,16.0,0,0,0,0,0,0,0,0,7,0,0,0,0.0,0.0,0.0,0,0,2,7,28.6,0,3,0,0,0,2024-09-28,['FW'],0,0,0,0,1,0,0,0,0,0,0,0,0
Mohammed Kudus,West Ham United,14,GHA,LM,24,45.0,0,0,0,0,3,1,0,0,27,0,0,1,0.1,0.1,0.0,1,0,15,19,78.9,3,21,3,2,1,2024-09-28,['LM'],0,0,0,0,0,0,0,1,0,0,0,0,0
Carlos Soler,West Ham United,4,ESP,"LM,CM",27,45.0,0,0,0,0,1,1,0,0,21,1,0,1,0.1,0.1,0.0,4,0,14,15,93.3,4,13,0,2,1,2024-09-28,"['LM', 'CM']",0,0,1,0,0,0,0,1,0,0,0,0,0
Lucas Paquetá,West Ham United,10,BRA,CM,27,75.0,0,0,0,0,1,0,0,0,55,1,1,1,0.0,0.0,0.0,3,0,34,44,77.3,7,27,2,1,1,2024-09-28,['CM'],0,0,1,0,0,0,0,0,0,0,0,0,0
Crysencio Summerville,West Ham United,7,NED,LM,22,15.0,0,0,0,0,1,0,0,0,14,1,0,1,0.0,0.0,0.0,0,0,2,6,33.3,0,5,0,0,0,2024-09-28,['LM'],0,0,0,0,0,0,0,1,0,0,0,0,0
Tomáš Souček,West Ham United,28,CZE,CM,29,90.0,1,0,0,0,1,1,0,0,44,3,2,2,0.2,0.2,0.2,4,0,22,30,73.3,3,12,1,0,0,2024-09-28,['CM'],0,0,1,0,0,0,0,0,0,0,0,0,0
Jarrod Bowen,West Ham United,20,ENG,RM,27,89.0,0,0,0,0,3,0,0,0,47,1,0,1,0.1,0.1,0.2,6,0,18,30,60.0,5,23,5,6,4,2024-09-28,['RM'],0,0,0,0,0,0,0,0,0,0,1,0,0
Andy Irving,West Ham United,39,SCO,RM,24,1.0,0,0,0,0,0,0,1,0,1,0,0,0,0.0,0.0,0.0,0,0,1,1,100.0,0,1,0,0,0,2024-09-28,['RM'],0,0,0,0,0,0,0,0,0,0,1,0,0
Guido Rodríguez,West Ham United,24,ARG,DM,30,90.0,0,0,0,0,1,0,0,0,57,4,0,0,0.0,0.0,0.0,1,0,38,43,88.4,2,21,0,0,0,2024-09-28,['DM'],0,0,0,1,0,0,0,0,0,0,0,0,0
Emerson Palmieri,West Ham United,33,ITA,LB,30,45.0,0,0,0,0,1,0,1,0,35,0,1,2,0.0,0.0,0.0,3,0,25,31,80.6,0,14,0,0,0,2024-09-28,['LB'],0,0,0,0,0,0,1,0,0,0,0,0,0
Konstantinos Mavropanos,West Ham United,15,GRE,RB,26,45.0,0,0,0,0,1,0,0,0,38,0,4,0,0.0,0.0,0.0,1,0,15,26,57.7,1,12,2,3,2,2024-09-28,['RB'],0,0,0,0,0,0,0,0,0,1,0,0,0
Max Kilman,West Ham United,26,ENG,CB,27,90.0,0,0,0,0,0,0,1,0,47,1,2,1,0.0,0.0,0.0,1,0,34,39,87.2,6,21,0,0,0,2024-09-28,['CB'],0,1,0,0,0,0,0,0,0,0,0,0,0
Jean-Clair Todibo,West Ham United,25,FRA,CB,24,90.0,0,0,0,0,2,0,0,0,63,3,0,3,0.1,0.1,0.0,0,0,41,49,83.7,1,34,0,0,0,2024-09-28,['CB'],0,1,0,0,0,0,0,0,0,0,0,0,0
Aaron Wan-Bissaka,West Ham United,29,ENG,"LB,RB",26,90.0,0,0,0,0,1,0,0,0,55,2,0,0,0.0,0.0,0.1,5,0,36,42,85.7,2,25,4,3,1,2024-09-28,"['LB', 'RB']",0,0,0,0,0,0,1,0,0,1,0,0,0
Alphonse Areola,West Ham United,23,FRA,GK,31,90.0,0,0,0,0,0,0,0,0,39,0,0,0,0.0,0.0,0.0,0,0,26,37,70.3,0,28,0,0,0,2024-09-28,['GK'],0,0,0,0,0,1,0,0,0,0,0,0,0
Dominic Calvert-Lewin,Everton,9,ENG,FW,27,90.0,0,0,0,0,2,0,1,0,29,0,1,1,0.3,0.3,0.0,0,0,5,14,35.7,2,16,0,2,0,2024-09-28,['FW'],0,0,0,0,1,0,0,0,0,0,0,0,0
Iliman Ndiaye,Everton,10,SEN,LW,24,90.0,0,0,0,0,0,0,0,0,46,0,3,1,0.0,0.0,0.0,4,0,31,35,88.6,3,27,4,4,3,2024-09-28,['LW'],0,0,0,0,0,0,0,0,1,0,0,0,0
Jesper Lindstrøm,Everton,29,DEN,RW,24,45.0,0,0,0,0,0,0,0,0,22,2,0,3,0.0,0.0,0.5,2,0,9,15,60.0,1,7,0,2,0,2024-09-28,['RW'],0,0,0,0,0,0,0,0,0,0,0,1,0
Jack Harrison,Everton,11,ENG,RW,27,45.0,0,0,0,0,0,0,0,0,18,0,0,0,0.0,0.0,0.0,0,0,7,12,58.3,0,14,0,1,0,2024-09-28,['RW'],0,0,0,0,0,0,0,0,0,0,0,1,0
Dwight McNeil,Everton,7,ENG,AM,24,82.0,2,0,0,0,3,2,0,0,45,1,0,0,0.3,0.3,0.1,1,0,22,32,68.8,4,25,1,3,1,2024-09-28,['AM'],1,0,0,0,0,0,0,0,0,0,0,0,0
Idrissa Gana Gueye,Everton,27,SEN,"DM,AM",35,8.0,0,0,0,0,1,0,0,0,5,0,0,0,0.0,0.0,0.0,0,0,3,3,100.0,2,2,0,0,0,2024-09-28,"['DM', 'AM']",1,0,0,1,0,0,0,0,0,0,0,0,0
Orel Mangala,Everton,8,BEL,DM,26,82.0,0,0,0,0,0,0,0,0,44,4,5,0,0.0,0.0,0.0,1,1,29,34,85.3,5,23,0,2,2,2024-09-28,['DM'],0,0,0,1,0,0,0,0,0,0,0,0,0
James Garner,Everton,37,ENG,AM,23,8.0,0,0,0,0,0,0,0,0,2,0,0,0,0.0,0.0,0.0,0,0,0,2,0.0,0,0,0,0,0,2024-09-28,['AM'],1,0,0,0,0,0,0,0,0,0,0,0,0
Abdoulaye Doucouré,Everton,16,MLI,DM,31,90.0,0,0,0,0,0,0,0,0,43,2,0,1,0.0,0.0,0.0,2,1,28,38,73.7,4,19,1,0,0,2024-09-28,['DM'],0,0,0,1,0,0,0,0,0,0,0,0,0
Vitaliy Mykolenko,Everton,19,UKR,LB,25,90.0,0,0,0,0,1,0,0,0,40,1,0,0,0.0,0.0,0.1,1,0,25,34,73.5,5,16,1,0,0,2024-09-28,['LB'],0,0,0,0,0,0,1,0,0,0,0,0,0
Jarrad Branthwaite,Everton,32,ENG,CB,22,90.0,0,0,0,0,0,0,0,0,43,2,3,1,0.0,0.0,0.0,0,0,27,32,84.4,1,24,0,1,1,2024-09-28,['CB'],0,1,0,0,0,0,0,0,0,0,0,0,0
James Tarkowski,Everton,6,ENG,CB,31,90.0,0,0,0,0,1,0,0,0,54,2,2,3,0.3,0.3,0.0,0,0,28,36,77.8,2,17,0,0,0,2024-09-28,['CB'],0,1,0,0,0,0,0,0,0,0,0,0,0
Ashley Young,Everton,18,ENG,RB,39,90.0,0,1,0,0,0,0,0,0,74,0,2,1,0.0,0.0,0.0,4,2,44,69,63.8,8,30,0,2,1,2024-09-28,['RB'],0,0,0,0,0,0,0,0,0,1,0,0,0
Jordan Pickford,Everton,1,ENG,GK,30,90.0,0,0,0,0,0,0,1,0,44,0,0,0,0.0,0.0,0.0,0,0,29,43,67.4,0,28,0,0,0,2024-09-28,['GK'],0,0,0,0,0,1,0,0,0,0,0,0,0
Jean-Philippe Mateta,Crystal Palace,14,FRA,FW,27,90.0,0,0,0,0,1,0,0,0,23,0,0,1,0.0,0.0,0.0,1,0,9,18,50.0,1,11,1,0,0,2024-09-28,['FW'],0,0,0,0,1,0,0,0,0,0,0,0,0
Eberechi Eze,Crystal Palace,10,ENG,LW,26,90.0,0,0,0,0,5,1,0,0,57,2,1,0,0.2,0.2,0.1,7,0,31,40,77.5,4,33,2,2,0,2024-09-28,['LW'],0,0,0,0,0,0,0,0,1,0,0,0,0
Eddie Nketiah,Crystal Palace,9,ENG,"RW,AM",25,72.0,0,0,0,0,2,0,0,0,27,0,0,0,0.1,0.1,0.0,0,0,15,22,68.2,1,22,1,1,1,2024-09-28,"['RW', 'AM']",1,0,0,0,0,0,0,0,0,0,0,1,0
Jeffrey Schlupp,Crystal Palace,15,GHA,AM,31,18.0,0,0,0,0,1,0,0,0,8,0,0,0,0.0,0.0,0.0,0,0,5,6,83.3,0,5,0,0,0,2024-09-28,['AM'],1,0,0,0,0,0,0,0,0,0,0,0,0
Tyrick Mitchell,Crystal Palace,3,ENG,"LM,LB",25,90.0,0,0,0,0,0,0,0,0,66,9,0,2,0.0,0.0,0.0,1,0,35,53,66.0,1,30,4,0,0,2024-09-28,"['LM', 'LB']",0,0,0,0,0,0,1,1,0,0,0,0,0
Daichi Kamada,Crystal Palace,18,JPN,CM,28,61.0,0,0,0,0,0,0,0,0,47,4,1,1,0.0,0.0,0.0,2,0,36,41,87.8,6,25,1,0,0,2024-09-28,['CM'],0,0,1,0,0,0,0,0,0,0,0,0,0
Ismaila Sarr,Crystal Palace,7,SEN,RW,26,29.0,0,0,0,0,0,0,0,0,9,0,0,0,0.0,0.0,0.0,0,0,5,8,62.5,0,9,0,0,0,2024-09-28,['RW'],0,0,0,0,0,0,0,0,0,0,0,1,0
Adam Wharton,Crystal Palace,20,ENG,"CM,DM",20,88.0,0,0,0,0,2,1,0,0,82,2,1,1,0.0,0.0,0.2,8,1,63,74,85.1,14,44,2,1,1,2024-09-28,"['CM', 'DM']",0,0,1,1,0,0,0,0,0,0,0,0,0
Will Hughes,Crystal Palace,19,ENG,DM,29,2.0,0,0,0,0,0,0,0,0,6,0,0,0,0.0,0.0,0.0,0,0,1,5,20.0,0,2,1,0,0,2024-09-28,['DM'],0,0,0,1,0,0,0,0,0,0,0,0,0
Daniel Muñoz,Crystal Palace,12,COL,"RM,RB",28,90.0,0,0,0,0,2,1,0,0,70,1,0,0,0.2,0.2,0.0,2,0,49,61,80.3,5,33,3,1,1,2024-09-28,"['RM', 'RB']",0,0,0,0,0,0,0,0,0,1,1,0,0
Jefferson Lerma,Crystal Palace,8,COL,"CB,DM",29,90.0,0,0,0,0,1,0,0,0,85,2,1,0,0.0,0.0,0.2,2,0,61,77,79.2,8,52,0,0,0,2024-09-28,"['CB', 'DM']",0,1,0,1,0,0,0,0,0,0,0,0,0
Marc Guéhi,Crystal Palace,6,ENG,CB,24,90.0,1,0,0,0,1,1,0,0,99,2,1,3,0.2,0.2,0.0,4,0,78,85,91.8,9,53,1,1,1,2024-09-28,['CB'],0,1,0,0,0,0,0,0,0,0,0,0,0
Maxence Lacroix,Crystal Palace,5,FRA,CB,24,90.0,0,1,0,0,1,0,0,0,84,3,3,1,0.2,0.2,0.2,2,1,53,71,74.6,2,50,1,1,1,2024-09-28,['CB'],0,1,0,0,0,0,0,0,0,0,0,0,0
Dean Henderson,Crystal Palace,1,ENG,GK,27,90.0,0,0,0,0,1,0,0,0,21,0,0,0,0.0,0.0,0.0,0,0,17,20,85.0,0,14,0,0,0,2024-09-28,['GK'],0,0,0,0,0,1,0,0,0,0,0,0,0
Chris Wood,Nottingham Forest,11,NZL,FW,32,90.0,0,0,0,0,0,0,0,0,14,0,0,0,0.0,0.0,0.0,1,0,8,9,88.9,1,8,0,0,0,2024-09-28,['FW'],0,0,0,0,1,0,0,0,0,0,0,0,0
Taiwo Awoniyi,Nottingham Forest,9,NGA,FW,27,45.0,0,0,0,0,1,0,0,0,17,0,0,0,0.2,0.2,0.0,2,0,6,11,54.5,0,7,1,0,0,2024-09-28,['FW'],0,0,0,0,1,0,0,0,0,0,0,0,0
Anthony Elanga,Nottingham Forest,21,SWE,"RW,FW",22,45.0,0,0,0,0,1,0,0,0,13,0,0,0,0.1,0.1,0.0,0,0,8,11,72.7,0,13,2,0,0,2024-09-28,"['RW', 'FW']",0,0,0,0,1,0,0,0,0,0,0,1,0
Nicolás Domínguez,Nottingham Forest,16,ARG,LM,26,56.0,0,0,0,0,1,0,0,0,30,1,1,1,0.0,0.0,0.0,0,0,18,26,69.2,2,12,0,0,0,2024-09-28,['LM'],0,0,0,0,0,0,0,1,0,0,0,0,0
Callum Hudson-Odoi,Nottingham Forest,14,ENG,LW,23,34.0,0,0,0,0,1,0,0,0,19,0,1,0,0.1,0.1,0.1,3,0,8,15,53.3,2,10,5,1,1,2024-09-28,['LW'],0,0,0,0,0,0,0,0,1,0,0,0,0
Ryan Yates,Nottingham Forest,22,ENG,"CM,DM",26,90.0,0,0,0,0,1,0,1,0,68,3,2,0,0.0,0.0,0.2,1,0,47,56,83.9,0,35,3,0,0,2024-09-28,"['CM', 'DM']",0,0,1,1,0,0,0,0,0,0,0,0,0
James Ward-Prowse,Nottingham Forest,18,ENG,"CM,DM",29,74.0,0,0,0,0,1,0,0,0,40,0,1,3,0.0,0.0,0.0,1,0,29,35,82.9,4,25,0,0,0,2024-09-28,"['CM', 'DM']",0,0,1,1,0,0,0,0,0,0,0,0,0
Ramón Sosa,Nottingham Forest,24,PAR,DM,25,16.0,0,0,0,0,0,0,0,0,12,1,0,0,0.0,0.0,0.0,1,0,7,11,63.6,0,7,1,0,0,2024-09-28,['DM'],0,0,0,1,0,0,0,0,0,0,0,0,0
Elliot Anderson,Nottingham Forest,8,ENG,RM,21,56.0,0,0,0,0,1,0,0,0,24,1,0,3,0.0,0.0,0.0,3,0,13,18,72.2,2,16,3,0,0,2024-09-28,['RM'],0,0,0,0,0,0,0,0,0,0,1,0,0
Jota Silva,Nottingham Forest,20,POR,AM,25,34.0,0,0,0,0,2,1,0,0,15,0,1,0,0.1,0.1,0.0,0,0,5,8,62.5,0,9,0,0,0,2024-09-28,['AM'],1,0,0,0,0,0,0,0,0,0,0,0,0
Álex Moreno,Nottingham Forest,19,ESP,LB,31,83.0,0,0,0,0,1,0,0,0,39,0,1,2,0.0,0.0,0.0,1,0,16,29,55.2,2,14,2,1,0,2024-09-28,['LB'],0,0,0,0,0,0,1,0,0,0,0,0,0
Neco Williams,Nottingham Forest,7,WAL,LB,23,7.0,0,0,0,0,0,0,0,0,10,0,0,0,0.0,0.0,0.0,1,0,7,9,77.8,0,7,2,0,0,2024-09-28,['LB'],0,0,0,0,0,0,1,0,0,0,0,0,0
Murillo,Nottingham Forest,5,BRA,CB,22,90.0,0,0,0,0,0,0,1,0,56,0,1,1,0.0,0.0,0.1,2,0,35,45,77.8,6,35,4,2,2,2024-09-28,['CB'],0,1,0,0,0,0,0,0,0,0,0,0,0
Nikola Milenković,Nottingham Forest,31,SRB,CB,26,90.0,0,0,0,0,1,0,0,0,48,0,1,1,0.1,0.1,0.0,0,0,36,40,90.0,2,32,0,0,0,2024-09-28,['CB'],0,1,0,0,0,0,0,0,0,0,0,0,0
Ola Aina,Nottingham Forest,34,NGA,RB,27,90.0,0,0,0,0,0,0,0,0,66,2,0,2,0.0,0.0,0.1,2,0,38,54,70.4,4,35,3,2,1,2024-09-28,['RB'],0,0,0,0,0,0,0,0,0,1,0,0,0
Matz Sels,Nottingham Forest,26,BEL,GK,32,90.0,0,0,0,0,0,0,0,0,23,0,0,0,0.0,0.0,0.0,0,0,10,21,47.6,1,10,0,0,0,2024-09-28,['GK'],0,0,0,0,0,1,0,0,0,0,0,0,0
Raúl Jiménez,Fulham,7,MEX,FW,33,82.0,1,0,1,1,2,1,0,0,23,0,0,0,0.9,0.1,0.0,1,0,16,17,94.1,0,14,0,0,0,2024-09-28,['FW'],0,0,0,0,1,0,0,0,0,0,0,0,0
Rodrigo Muniz,Fulham,9,BRA,FW,23,8.0,0,0,0,0,0,0,0,0,6,0,0,0,0.0,0.0,0.0,0,0,3,4,75.0,0,3,1,1,0,2024-09-28,['FW'],0,0,0,0,1,0,0,0,0,0,0,0,0
Alex Iwobi,Fulham,17,NGA,"LW,RW,RM",28,90.0,0,0,0,0,1,0,0,0,68,0,0,1,0.0,0.0,0.1,7,1,46,60,76.7,9,47,2,1,1,2024-09-28,"['LW', 'RW', 'RM']",0,0,0,0,0,0,0,0,1,0,1,1,0
Adama Traoré,Fulham,11,ESP,RW,28,68.0,0,0,0,0,1,0,0,0,40,0,0,0,0.0,0.0,0.0,1,0,23,31,74.2,3,31,6,8,4,2024-09-28,['RW'],0,0,0,0,0,0,0,0,0,0,0,1,0
Reiss Nelson,Fulham,19,ENG,"LW,LM",24,22.0,0,0,0,0,1,0,0,0,15,0,0,1,0.0,0.0,0.0,0,0,8,11,72.7,1,12,4,0,0,2024-09-28,"['LW', 'LM']",0,0,0,0,0,0,0,1,1,0,0,0,0
Emile Smith Rowe,Fulham,32,ENG,AM,24,87.0,0,0,0,0,2,0,0,0,59,1,0,0,0.2,0.2,0.1,4,0,47,51,92.2,9,46,4,1,0,2024-09-28,['AM'],1,0,0,0,0,0,0,0,0,0,0,0,0
Issa Diop,Fulham,31,FRA,CB,27,3.0,0,0,0,0,0,0,0,0,4,0,0,0,0.0,0.0,0.0,0,0,0,0,80.8,0,0,0,0,0,2024-09-28,['CB'],0,1,0,0,0,0,0,0,0,0,0,0,0
Saša Lukić,Fulham,20,SRB,DM,28,82.0,0,0,0,0,0,0,1,0,51,0,2,0,0.0,0.0,0.0,2,0,40,46,87.0,6,34,1,0,0,2024-09-28,['DM'],0,0,0,1,0,0,0,0,0,0,0,0,0
Harrison Reed,Fulham,6,ENG,"CM,DM",29,8.0,0,0,0,0,0,0,1,0,9,1,1,1,0.0,0.0,0.0,0,0,1,4,25.0,0,3,0,0,0,2024-09-28,"['CM', 'DM']",0,0,1,1,0,0,0,0,0,0,0,0,0
Andreas Pereira,Fulham,18,BRA,DM,28,68.0,0,0,0,0,1,0,0,0,33,0,1,0,0.0,0.0,0.0,4,1,24,31,77.4,2,22,1,1,1,2024-09-28,['DM'],0,0,0,1,0,0,0,0,0,0,0,0,0
Sander Berge,Fulham,16,NOR,"DM,CM",26,22.0,0,0,0,0,0,0,0,0,18,1,0,1,0.0,0.0,0.0,0,0,11,15,73.3,1,10,0,0,0,2024-09-28,"['DM', 'CM']",0,0,1,1,0,0,0,0,0,0,0,0,0
Antonee Robinson,Fulham,33,USA,LB,27,90.0,0,0,0,0,2,0,0,0,64,2,2,0,0.0,0.0,0.0,0,0,45,54,83.3,6,37,3,1,1,2024-09-28,['LB'],0,0,0,0,0,0,1,0,0,0,0,0,0
Calvin Bassey,Fulham,3,NGA,CB,24,90.0,0,0,0,0,1,0,0,0,74,1,0,1,0.0,0.0,0.0,0,0,58,62,93.5,3,50,0,0,0,2024-09-28,['CB'],0,1,0,0,0,0,0,0,0,0,0,0,0
Joachim Andersen,Fulham,5,DEN,CB,28,90.0,0,0,0,0,1,0,0,0,103,1,1,2,0.1,0.1,0.0,1,0,76,86,88.4,6,67,1,0,0,2024-09-28,['CB'],0,1,0,0,0,0,0,0,0,0,0,0,0
Kenny Tete,Fulham,2,NED,RB,28,90.0,0,0,0,0,1,0,1,0,74,0,2,1,0.0,0.0,0.0,4,0,43,55,78.2,1,44,6,3,2,2024-09-28,['RB'],0,0,0,0,0,0,0,0,0,1,0,0,0
Bernd Leno,Fulham,1,GER,GK,32,90.0,0,0,0,0,0,0,1,0,36,0,0,0,0.0,0.0,0.0,0,0,32,36,88.9,0,19,0,0,0,2024-09-28,['GK'],0,0,0,0,0,1,0,0,0,0,0,0,0
Jørgen Strand Larsen,Wolverhampton Wanderers,9,NOR,FW,24,67.0,0,0,0,0,1,0,0,0,19,0,0,0,0.0,0.0,0.0,2,1,12,17,70.6,2,8,0,0,0,2024-09-28,['FW'],0,0,0,0,1,0,0,0,0,0,0,0,0
Hwang Hee-chan,Wolverhampton Wanderers,11,KOR,FW,28,23.0,0,0,0,0,0,0,0,0,4,0,0,0,0.0,0.0,0.0,0,0,4,4,100.0,0,2,1,0,0,2024-09-28,['FW'],0,0,0,0,1,0,0,0,0,0,0,0,0
Jean-Ricner Bellegarde,Wolverhampton Wanderers,27,FRA,LM,26,51.0,0,0,0,0,1,1,0,0,29,1,0,1,0.0,0.0,0.0,1,0,18,24,75.0,1,19,5,1,0,2024-09-28,['LM'],0,0,0,0,0,0,0,1,0,0,0,0,0
Carlos Forbs,Wolverhampton Wanderers,26,POR,RM,20,39.0,0,0,0,0,1,0,1,0,14,0,0,0,0.1,0.1,0.0,0,0,5,10,50.0,1,9,2,2,1,2024-09-28,['RM'],0,0,0,0,0,0,0,0,0,0,1,0,0
João Gomes,Wolverhampton Wanderers,8,BRA,CM,23,90.0,0,0,0,0,0,0,0,0,44,1,2,1,0.0,0.0,0.0,2,0,31,41,75.6,5,20,4,0,0,2024-09-28,['CM'],0,0,1,0,0,0,0,0,0,0,0,0,0
Mario Lemina,Wolverhampton Wanderers,5,GAB,"CM,CB",31,90.0,0,0,0,0,1,0,0,0,69,2,3,1,0.0,0.0,0.0,0,0,44,57,77.2,2,35,1,2,2,2024-09-28,"['CM', 'CB']",0,1,1,0,0,0,0,0,0,0,0,0,0
Matheus Cunha,Wolverhampton Wanderers,10,BRA,"RM,LM",25,90.0,0,0,0,0,2,1,0,0,43,2,0,1,0.0,0.0,0.1,2,0,17,28,60.7,4,28,2,2,1,2024-09-28,"['RM', 'LM']",0,0,0,0,0,0,0,1,0,0,1,0,0
André,Wolverhampton Wanderers,7,BRA,DM,23,90.0,0,0,0,0,0,0,1,0,44,1,1,1,0.0,0.0,0.0,2,0,32,34,94.1,4,20,0,1,1,2024-09-28,['DM'],0,0,0,1,0,0,0,0,0,0,0,0,0
Rayan Aït-Nouri,Wolverhampton Wanderers,3,ALG,LB,23,90.0,1,0,0,0,1,1,0,0,61,1,2,0,0.4,0.4,0.1,2,0,44,51,86.3,7,27,4,1,0,2024-09-28,['LB'],0,0,0,0,0,0,1,0,0,0,0,0,0
Toti Gomes,Wolverhampton Wanderers,24,POR,CB,25,90.0,0,0,0,0,0,0,0,0,60,1,0,1,0.0,0.0,0.0,0,0,51,54,94.4,3,37,1,0,0,2024-09-28,['CB'],0,1,0,0,0,0,0,0,0,0,0,0,0
Santiago Bueno,Wolverhampton Wanderers,4,URU,CB,25,76.0,0,0,0,0,0,0,0,0,60,3,1,1,0.0,0.0,0.0,1,0,46,48,95.8,2,28,0,1,0,2024-09-28,['CB'],0,1,0,0,0,0,0,0,0,0,0,0,0
Tommy Doyle,Wolverhampton Wanderers,20,ENG,CM,22,14.0,0,0,0,0,0,0,0,0,12,0,0,0,0.0,0.0,0.0,0,0,8,11,72.7,2,5,0,0,0,2024-09-28,['CM'],0,0,1,0,0,0,0,0,0,0,0,0,0
Nélson Semedo,Wolverhampton Wanderers,22,POR,RB,30,90.0,0,0,0,0,1,0,0,0,54,2,0,0,0.0,0.0,0.0,1,0,36,44,81.8,2,23,1,2,2,2024-09-28,['RB'],0,0,0,0,0,0,0,0,0,1,0,0,0
Sam Johnstone,Wolverhampton Wanderers,31,ENG,GK,31,90.0,0,0,0,0,0,0,0,0,48,0,0,0,0.0,0.0,0.0,0,0,34,42,81.0,0,33,0,0,0,2024-09-28,['GK'],0,0,0,0,0,1,0,0,0,0,0,0,0
Diogo Jota,Liverpool,20,POR,FW,27,90.0,0,1,0,0,0,0,1,0,30,0,0,0,0.0,0.0,0.1,2,2,18,26,69.2,0,11,1,2,1,2024-09-28,['FW'],0,0,0,0,1,0,0,0,0,0,0,0,0
Luis Díaz,Liverpool,7,COL,LW,27,72.0,0,0,0,0,1,0,0,0,37,0,1,0,0.1,0.1,0.0,2,1,24,28,85.7,5,22,4,1,0,2024-09-28,['LW'],0,0,0,0,0,0,0,0,1,0,0,0,0
Cody Gakpo,Liverpool,18,NED,LW,25,18.0,0,0,0,0,0,0,0,0,10,0,0,0,0.0,0.0,0.0,0,0,7,9,77.8,0,8,0,1,1,2024-09-28,['LW'],0,0,0,0,0,0,0,0,1,0,0,0,0
Mohamed Salah,Liverpool,11,EGY,RW,32,90.0,1,0,1,1,2,1,0,0,38,2,0,1,1.3,0.5,0.2,2,0,19,29,65.5,2,16,2,3,2,2024-09-28,['RW'],0,0,0,0,0,0,0,0,0,0,0,1,0
Dominik Szoboszlai,Liverpool,8,HUN,AM,23,72.0,0,0,0,0,1,1,0,0,35,0,0,0,0.8,0.8,0.0,1,0,26,31,83.9,2,14,1,1,0,2024-09-28,['AM'],1,0,0,0,0,0,0,0,0,0,0,0,0
Curtis Jones,Liverpool,17,ENG,AM,23,18.0,0,0,0,0,1,1,0,0,14,0,0,2,0.1,0.1,0.0,1,0,4,7,57.1,1,7,0,0,0,2024-09-28,['AM'],1,0,0,0,0,0,0,0,0,0,0,0,0
Alexis Mac Allister,Liverpool,10,ARG,DM,25,90.0,0,0,0,0,0,0,0,0,57,2,1,5,0.0,0.0,0.1,3,0,41,48,85.4,4,23,3,1,0,2024-09-28,['DM'],0,0,0,1,0,0,0,0,0,0,0,0,0
Ryan Gravenberch,Liverpool,38,NED,DM,22,90.0,0,0,0,0,0,0,0,0,70,3,0,0,0.0,0.0,0.0,2,1,57,62,91.9,6,36,3,1,0,2024-09-28,['DM'],0,0,0,1,0,0,0,0,0,0,0,0,0
Andrew Robertson,Liverpool,26,SCO,LB,30,88.0,0,0,0,0,0,0,0,0,85,0,1,0,0.0,0.0,0.8,1,0,66,80,82.5,8,40,2,0,0,2024-09-28,['LB'],0,0,0,0,0,0,1,0,0,0,0,0,0
Joe Gomez,Liverpool,2,ENG,LB,27,2.0,0,0,0,0,0,0,0,0,6,1,0,1,0.0,0.0,0.0,0,0,3,3,100.0,0,2,0,0,0,2024-09-28,['LB'],0,0,0,0,0,0,1,0,0,0,0,0,0
Virgil van Dijk,Liverpool,4,NED,CB,33,90.0,0,0,0,0,0,0,0,0,93,0,1,1,0.0,0.0,0.0,1,0,79,86,91.9,6,48,0,0,0,2024-09-28,['CB'],0,1,0,0,0,0,0,0,0,0,0,0,0
Ibrahima Konaté,Liverpool,5,FRA,CB,25,90.0,1,0,0,0,2,1,1,0,74,0,2,1,0.2,0.2,0.0,0,0,59,67,88.1,2,39,0,0,0,2024-09-28,['CB'],0,1,0,0,0,0,0,0,0,0,0,0,0
Trent Alexander-Arnold,Liverpool,66,ENG,RB,25,90.0,0,0,0,0,2,1,1,0,73,2,1,0,0.1,0.1,0.0,1,0,46,66,69.7,6,28,4,2,0,2024-09-28,['RB'],0,0,0,0,0,0,0,0,0,1,0,0,0
Alisson,Liverpool,1,BRA,GK,31,90.0,0,0,0,0,0,0,0,0,33,0,0,0,0.0,0.0,0.0,0,0,27,32,84.4,0,23,0,0,0,2024-09-28,['GK'],0,0,0,0,0,1,0,0,0,0,0,0,0
Liam Delap,Ipswich Town,19,ENG,FW,21,89.0,2,0,0,0,3,3,1,0,18,0,0,1,0.6,0.6,0.0,3,1,4,8,50.0,0,18,4,1,1,2024-09-29,['FW'],0,0,0,0,1,0,0,0,0,0,0,0,0
George Hirst,Ipswich Town,27,ENG,FW,25,1.0,0,0,0,0,0,0,0,0,2,1,0,0,0.0,0.0,0.0,0,0,0,0,80.8,0,1,0,0,0,2024-09-29,['FW'],0,0,0,0,1,0,0,0,0,0,0,0,0
Jack Clarke,Ipswich Town,47,ENG,LW,23,89.0,0,1,0,0,2,0,0,0,39,3,0,0,0.1,0.1,0.3,6,1,20,29,69.0,3,23,1,4,3,2024-09-29,['LW'],0,0,0,0,0,0,0,0,1,0,0,0,0
Sammie Szmodics,Ipswich Town,23,IRL,LW,29,1.0,0,0,0,0,0,0,0,0,3,0,0,0,0.0,0.0,0.0,0,0,3,3,100.0,0,3,1,0,0,2024-09-29,['LW'],0,0,0,0,0,0,0,0,1,0,0,0,0
Chiedozie Ogbene,Ipswich Town,21,IRL,RW,27,68.0,0,0,0,0,0,0,0,0,17,1,0,0,0.0,0.0,0.0,1,0,7,11,63.6,0,11,1,3,1,2024-09-29,['RW'],0,0,0,0,0,0,0,0,0,0,0,1,0
Wes Burns,Ipswich Town,7,WAL,RW,29,22.0,0,0,0,0,1,0,0,0,6,0,0,1,0.2,0.2,0.0,0,0,2,3,66.7,0,3,1,0,0,2024-09-29,['RW'],0,0,0,0,0,0,0,0,0,0,0,1,0
Omari Hutchinson,Ipswich Town,20,ENG,AM,20,90.0,0,1,0,0,1,0,0,0,42,0,0,1,0.0,0.0,0.3,5,1,26,32,81.3,4,26,3,6,4,2024-09-29,['AM'],1,0,0,0,0,0,0,0,0,0,0,0,0
Kalvin Phillips,Ipswich Town,8,ENG,DM,28,68.0,0,0,0,0,1,1,0,0,51,3,1,1,0.0,0.0,0.0,2,1,36,45,80.0,7,30,0,0,0,2024-09-29,['DM'],0,0,0,1,0,0,0,0,0,0,0,0,0
Jack Taylor,Ipswich Town,14,IRL,DM,26,22.0,0,0,0,0,1,1,0,0,18,0,0,0,0.0,0.0,0.0,1,0,15,17,88.2,3,14,1,0,0,2024-09-29,['DM'],0,0,0,1,0,0,0,0,0,0,0,0,0
Sam Morsy,Ipswich Town,5,EGY,DM,33,89.0,0,0,0,0,2,0,1,0,56,3,1,0,0.1,0.1,0.0,3,0,50,52,96.2,3,35,0,1,1,2024-09-29,['DM'],0,0,0,1,0,0,0,0,0,0,0,0,0
Massimo Luongo,Ipswich Town,25,AUS,DM,32,1.0,0,0,0,0,0,0,0,0,4,0,1,0,0.0,0.0,0.0,0,0,2,3,66.7,0,2,0,0,0,2024-09-29,['DM'],0,0,0,1,0,0,0,0,0,0,0,0,0
Leif Davis,Ipswich Town,3,ENG,LB,24,90.0,0,0,0,0,1,0,0,0,56,1,1,1,0.0,0.0,0.5,7,0,33,48,68.8,4,29,2,1,0,2024-09-29,['LB'],0,0,0,0,0,0,1,0,0,0,0,0,0
Jacob Greaves,Ipswich Town,24,ENG,CB,24,90.0,0,0,0,0,0,0,1,0,73,1,2,0,0.0,0.0,0.0,0,0,59,63,93.7,4,43,1,0,0,2024-09-29,['CB'],0,1,0,0,0,0,0,0,0,0,0,0,0
Dara O'Shea,Ipswich Town,26,IRL,CB,25,90.0,0,0,0,0,1,0,0,0,67,3,0,0,0.0,0.0,0.0,1,0,48,58,82.8,0,39,1,0,0,2024-09-29,['CB'],0,1,0,0,0,0,0,0,0,0,0,0,0
Axel Tuanzebe,Ipswich Town,40,COD,RB,26,90.0,0,0,0,0,2,0,1,0,47,2,1,0,0.1,0.1,0.0,1,0,35,42,83.3,4,20,0,0,0,2024-09-29,['RB'],0,0,0,0,0,0,0,0,0,1,0,0,0
Arijanet Muric,Ipswich Town,1,KVX,GK,25,90.0,0,0,0,0,0,0,0,0,28,0,0,0,0.0,0.0,0.0,0,0,21,27,77.8,0,15,0,0,0,2024-09-29,['GK'],0,0,0,0,0,1,0,0,0,0,0,0,0
Ollie Watkins,Aston Villa,11,ENG,FW,28,83.0,1,1,0,0,1,1,0,0,30,0,0,0,0.4,0.4,0.1,1,1,19,22,86.4,2,26,0,2,0,2024-09-29,['FW'],0,0,0,0,1,0,0,0,0,0,0,0,0
Emi Buendía,Aston Villa,10,ARG,AM,27,7.0,0,0,0,0,1,0,0,0,8,1,0,1,0.1,0.1,0.0,0,0,4,5,80.0,1,5,2,0,0,2024-09-29,['AM'],1,0,0,0,0,0,0,0,0,0,0,0,0
Jacob Ramsey,Aston Villa,41,ENG,"LW,LM",23,90.0,0,0,0,0,1,0,0,0,48,1,0,1,0.0,0.0,0.0,2,0,39,43,90.7,3,36,3,2,2,2024-09-29,"['LW', 'LM']",0,0,0,0,0,0,0,1,1,0,0,0,0
Leon Bailey,Aston Villa,31,JAM,RW,27,63.0,0,1,0,0,0,0,0,0,37,0,0,0,0.0,0.0,0.4,1,1,26,32,81.3,3,27,2,1,0,2024-09-29,['RW'],0,0,0,0,0,0,0,0,0,0,0,1,0
Jaden Philogene Bidace,Aston Villa,19,ENG,"RM,RW",22,27.0,0,0,0,0,0,0,0,0,10,1,0,0,0.0,0.0,0.0,0,0,6,6,100.0,0,7,0,1,0,2024-09-29,"['RM', 'RW']",0,0,0,0,0,0,0,0,0,0,1,1,0
Morgan Rogers,Aston Villa,27,ENG,AM,22,63.0,1,0,0,0,2,1,0,0,28,0,0,0,0.2,0.2,0.0,1,1,16,19,84.2,1,22,1,4,1,2024-09-29,['AM'],1,0,0,0,0,0,0,0,0,0,0,0,0
Jhon Durán,Aston Villa,9,COL,FW,20,27.0,0,0,0,0,0,0,0,0,9,1,0,0,0.0,0.0,0.0,2,0,4,4,100.0,2,4,0,0,0,2024-09-29,['FW'],0,0,0,0,1,0,0,0,0,0,0,0,0
Youri Tielemans,Aston Villa,8,BEL,"DM,CM",27,83.0,0,0,0,0,1,0,0,0,58,0,1,0,0.0,0.0,0.1,3,0,45,51,88.2,7,49,1,1,1,2024-09-29,"['DM', 'CM']",0,0,1,1,0,0,0,0,0,0,0,0,0
Ross Barkley,Aston Villa,6,ENG,DM,30,7.0,0,0,0,0,1,1,0,0,7,0,0,0,0.0,0.0,0.0,0,0,3,6,50.0,0,8,1,0,0,2024-09-29,['DM'],0,0,0,1,0,0,0,0,0,0,0,0,0
Amadou Onana,Aston Villa,24,BEL,"DM,CM",23,90.0,0,0,0,0,0,0,0,0,71,6,2,1,0.0,0.0,0.0,1,0,50,55,90.9,2,43,0,1,0,2024-09-29,"['DM', 'CM']",0,0,1,1,0,0,0,0,0,0,0,0,0
Lucas Digne,Aston Villa,12,FRA,LB,31,83.0,0,0,0,0,0,0,1,0,61,3,2,4,0.0,0.0,0.0,0,0,43,50,86.0,2,39,0,0,0,2024-09-29,['LB'],0,0,0,0,0,0,1,0,0,0,0,0,0
Ian Maatsen,Aston Villa,22,NED,LB,22,7.0,0,0,0,0,0,0,0,0,10,0,0,0,0.0,0.0,0.0,1,0,7,9,77.8,1,7,0,0,0,2024-09-29,['LB'],0,0,0,0,0,0,1,0,0,0,0,0,0
Pau Torres,Aston Villa,14,ESP,CB,27,90.0,0,0,0,0,0,0,0,0,79,1,0,1,0.0,0.0,0.0,1,0,68,77,88.3,0,66,3,1,1,2024-09-29,['CB'],0,1,0,0,0,0,0,0,0,0,0,0,0
Diego Carlos,Aston Villa,3,BRA,CB,31,90.0,0,0,0,0,0,0,0,0,71,1,0,1,0.0,0.0,0.0,0,0,60,67,89.6,3,59,1,0,0,2024-09-29,['CB'],0,1,0,0,0,0,0,0,0,0,0,0,0
Ezri Konsa,Aston Villa,4,ENG,RB,26,90.0,0,0,0,0,0,0,0,0,84,0,0,1,0.0,0.0,0.0,1,1,72,77,93.5,6,59,4,0,0,2024-09-29,['RB'],0,0,0,0,0,0,0,0,0,1,0,0,0
Emiliano Martínez,Aston Villa,23,ARG,GK,32,90.0,0,0,0,0,0,0,0,0,41,0,0,0,0.0,0.0,0.0,0,0,31,38,81.6,0,21,0,0,0,2024-09-29,['GK'],0,0,0,0,0,1,0,0,0,0,0,0,0
Joshua Zirkzee,Manchester United,11,NED,FW,23,45.0,0,0,0,0,1,1,0,0,18,1,0,1,0.2,0.2,0.0,0,0,8,11,72.7,1,10,0,0,0,2024-09-29,['FW'],0,0,0,0,1,0,0,0,0,0,0,0,0
Casemiro,Manchester United,18,BRA,DM,32,45.0,0,0,0,0,2,0,0,0,41,3,0,1,0.2,0.2,0.2,6,0,25,33,75.8,1,23,0,1,0,2024-09-29,['DM'],0,0,0,1,0,0,0,0,0,0,0,0,0
Marcus Rashford,Manchester United,10,ENG,"LW,FW",26,72.0,0,0,0,0,0,0,0,0,28,2,1,0,0.0,0.0,0.1,2,0,16,23,69.6,1,18,1,1,1,2024-09-29,"['LW', 'FW']",0,0,0,0,1,0,0,0,1,0,0,0,0
Rasmus Højlund,Manchester United,9,DEN,FW,21,18.0,0,0,0,0,0,0,0,0,1,0,0,0,0.0,0.0,0.0,0,0,1,1,100.0,0,1,0,0,0,2024-09-29,['FW'],0,0,0,0,1,0,0,0,0,0,0,0,0
Alejandro Garnacho,Manchester United,17,ARG,"LW,RW",20,90.0,0,0,0,0,3,0,0,0,46,1,1,0,0.1,0.1,0.1,3,0,23,33,69.7,4,36,3,6,1,2024-09-29,"['LW', 'RW']",0,0,0,0,0,0,0,0,1,0,0,1,0
Bruno Fernandes,Manchester United,8,POR,AM,30,41.0,0,0,0,0,0,0,0,1,28,0,2,2,0.0,0.0,0.0,0,0,18,24,75.0,6,18,0,0,0,2024-09-29,['AM'],1,0,0,0,0,0,0,0,0,0,0,0,0
Manuel Ugarte Ribeiro,Manchester United,25,URU,DM,23,72.0,0,0,0,0,0,0,1,0,34,4,0,0,0.0,0.0,0.0,0,0,23,25,92.0,3,15,0,0,0,2024-09-29,['DM'],0,0,0,1,0,0,0,0,0,0,0,0,0
Christian Eriksen,Manchester United,14,DEN,DM,32,18.0,0,0,0,0,0,0,0,0,27,1,0,0,0.0,0.0,0.0,1,0,17,22,77.3,1,11,0,0,0,2024-09-29,['DM'],0,0,0,1,0,0,0,0,0,0,0,0,0
Kobbie Mainoo,Manchester United,37,ENG,DM,19,44.0,0,0,0,0,0,0,0,0,25,2,0,3,0.0,0.0,0.2,1,0,13,17,76.5,0,11,1,0,0,2024-09-29,['DM'],0,0,0,1,0,0,0,0,0,0,0,0,0
Mason Mount,Manchester United,7,ENG,RW,25,40.0,0,0,0,0,0,0,1,0,16,2,0,2,0.0,0.0,0.0,2,0,6,11,54.5,1,5,1,0,0,2024-09-29,['RW'],0,0,0,0,0,0,0,0,0,0,0,1,0
Amad Diallo,Manchester United,16,CIV,RW,22,6.0,0,0,0,0,0,0,0,0,15,2,0,0,0.0,0.0,0.0,0,0,10,12,83.3,1,9,0,0,0,2024-09-29,['RW'],0,0,0,0,0,0,0,0,0,0,0,1,0
Diogo Dalot,Manchester United,20,POR,LB,25,90.0,0,0,0,0,0,0,1,0,59,3,4,0,0.0,0.0,0.0,2,0,37,50,74.0,3,31,0,0,0,2024-09-29,['LB'],0,0,0,0,0,0,1,0,0,0,0,0,0
Lisandro Martínez,Manchester United,6,ARG,CB,26,90.0,0,0,0,0,4,1,1,0,64,0,7,1,0.2,0.2,0.1,2,0,41,47,87.2,2,35,1,1,0,2024-09-29,['CB'],0,1,0,0,0,0,0,0,0,0,0,0,0
Matthijs de Ligt,Manchester United,4,NED,CB,25,90.0,0,0,0,0,1,0,0,0,48,1,1,4,0.2,0.2,0.0,0,0,29,37,78.4,1,25,0,0,0,2024-09-29,['CB'],0,1,0,0,0,0,0,0,0,0,0,0,0
Noussair Mazraoui,Manchester United,3,MAR,RB,26,90.0,0,0,0,0,0,0,1,0,63,5,1,0,0.0,0.0,0.0,1,0,44,54,81.5,7,30,0,0,0,2024-09-29,['RB'],0,0,0,0,0,0,0,0,0,1,0,0,0
André Onana,Manchester United,24,CMR,GK,28,90.0,0,0,0,0,0,0,0,0,41,0,0,0,0.0,0.0,0.0,0,0,25,36,69.4,0,30,0,0,0,2024-09-29,['GK'],0,0,0,0,0,1,0,0,0,0,0,0,0
Dominic Solanke,Tottenham Hotspur,19,ENG,FW,27,90.0,1,0,0,0,4,3,0,0,31,0,0,1,1.3,1.3,0.2,5,1,15,18,83.3,3,13,1,2,2,2024-09-29,['FW'],0,0,0,0,1,0,0,0,0,0,0,0,0
Timo Werner,Tottenham Hotspur,16,GER,LW,28,76.0,0,0,0,0,2,2,0,0,46,0,0,4,0.6,0.6,0.1,2,0,24,35,68.6,3,35,8,5,2,2024-09-29,['LW'],0,0,0,0,0,0,0,0,1,0,0,0,0
Lucas Bergvall,Tottenham Hotspur,15,SWE,LW,18,14.0,0,0,0,0,1,0,0,0,17,1,0,0,0.0,0.0,0.0,1,0,10,13,76.9,1,10,1,2,1,2024-09-29,['LW'],0,0,0,0,0,0,0,0,1,0,0,0,0
Brennan Johnson,Tottenham Hotspur,22,WAL,RW,23,75.0,1,0,0,0,3,1,1,0,40,1,1,3,1.0,1.0,0.1,4,0,23,29,79.3,7,19,3,0,0,2024-09-29,['RW'],0,0,0,0,0,0,0,0,0,0,0,1,0
Mikey Moore,Tottenham Hotspur,47,ENG,RW,17,15.0,0,0,0,0,1,0,0,0,4,0,0,0,0.0,0.0,0.0,0,0,1,1,100.0,0,3,0,1,0,2024-09-29,['RW'],0,0,0,0,0,0,0,0,0,0,0,1,0
James Maddison,Tottenham Hotspur,10,ENG,LM,27,76.0,0,0,0,0,3,2,0,0,60,0,1,0,0.5,0.5,0.0,3,0,48,56,85.7,5,54,3,0,0,2024-09-29,['LM'],0,0,0,0,0,0,0,1,0,0,0,0,0
Pape Matar Sarr,Tottenham Hotspur,29,SEN,LM,22,14.0,0,1,0,0,2,0,0,0,15,0,0,0,0.5,0.5,0.9,1,1,7,13,53.8,0,10,0,0,0,2024-09-29,['LM'],0,0,0,0,0,0,0,1,0,0,0,0,0
Rodrigo Bentancur,Tottenham Hotspur,30,URU,CM,27,90.0,0,0,0,0,0,0,0,0,87,1,2,1,0.0,0.0,0.1,3,0,79,82,96.3,7,60,0,0,0,2024-09-29,['CM'],0,0,1,0,0,0,0,0,0,0,0,0,0
Dejan Kulusevski,Tottenham Hotspur,21,SWE,RM,24,90.0,1,0,0,0,2,1,0,0,58,0,1,3,0.4,0.4,1.3,11,0,35,40,87.5,11,31,4,3,0,2024-09-29,['RM'],0,0,0,0,0,0,0,0,0,0,1,0,0
Destiny Udogie,Tottenham Hotspur,13,ITA,LB,21,45.0,0,0,0,0,2,0,0,0,28,1,2,0,0.1,0.1,0.0,3,1,21,24,87.5,3,21,3,0,0,2024-09-29,['LB'],0,0,0,0,0,0,1,0,0,0,0,0,0
Djed Spence,Tottenham Hotspur,24,ENG,LB,24,45.0,0,0,0,0,0,0,1,0,25,1,2,0,0.0,0.0,0.0,0,0,17,20,85.0,2,17,3,3,0,2024-09-29,['LB'],0,0,0,0,0,0,1,0,0,0,0,0,0
Micky van de Ven,Tottenham Hotspur,37,NED,CB,23,80.0,0,1,0,0,2,0,0,0,96,0,0,1,0.1,0.1,0.9,3,1,88,91,96.7,9,82,1,1,0,2024-09-29,['CB'],0,1,0,0,0,0,0,0,0,0,0,0,0
Radu Drăgușin,Tottenham Hotspur,6,ROU,CB,22,10.0,0,0,0,0,0,0,0,0,10,0,0,0,0.0,0.0,0.0,0,0,7,9,77.8,0,5,0,0,0,2024-09-29,['CB'],0,1,0,0,0,0,0,0,0,0,0,0,0
Cristian Romero,Tottenham Hotspur,17,ARG,CB,26,90.0,0,0,0,0,1,0,0,0,130,1,2,4,0.1,0.1,0.0,1,1,107,120,89.2,1,98,0,1,0,2024-09-29,['CB'],0,1,0,0,0,0,0,0,0,0,0,0,0
Pedro Porro,Tottenham Hotspur,23,ESP,RB,25,90.0,0,0,0,0,1,1,1,0,83,1,0,2,0.1,0.1,0.4,2,0,60,73,82.2,2,46,4,1,1,2024-09-29,['RB'],0,0,0,0,0,0,0,0,0,1,0,0,0
Guglielmo Vicario,Tottenham Hotspur,1,ITA,GK,27,90.0,0,0,0,0,0,0,0,0,51,0,0,0,0.0,0.0,0.0,2,0,49,51,96.1,0,42,0,0,0,2024-09-29,['GK'],0,0,0,0,0,1,0,0,0,0,0,0,0
Evanilson,Bournemouth,9,BRA,FW,24,75.0,1,0,0,0,2,2,0,0,20,0,0,1,0.4,0.4,0.0,2,0,11,14,78.6,1,12,0,0,0,2024-09-30,['FW'],0,0,0,0,1,0,0,0,0,0,0,0,0
Enes Ünal,Bournemouth,26,TUR,FW,27,15.0,0,0,0,0,0,0,0,0,5,0,0,0,0.0,0.0,0.1,1,0,3,4,75.0,1,4,1,0,0,2024-09-30,['FW'],0,0,0,0,1,0,0,0,0,0,0,0,0
Dango Ouattara,Bournemouth,11,BFA,LW,22,60.0,1,0,0,0,1,1,0,0,23,2,0,0,0.4,0.4,0.0,1,0,8,17,47.1,2,14,3,2,1,2024-09-30,['LW'],0,0,0,0,0,0,0,0,1,0,0,0,0
Justin Kluivert,Bournemouth,19,NED,FW,25,30.0,0,0,0,0,1,0,0,0,13,0,0,0,0.1,0.1,0.0,3,0,5,9,55.6,1,6,1,1,0,2024-09-30,['FW'],0,0,0,0,1,0,0,0,0,0,0,0,0
Antoine Semenyo,Bournemouth,24,GHA,"RW,RM",24,88.0,1,0,0,0,4,1,0,0,40,2,1,2,0.2,0.2,0.2,4,2,18,21,85.7,3,27,3,3,1,2024-09-30,"['RW', 'RM']",0,0,0,0,0,0,0,0,0,0,1,1,0
Luis Sinisterra,Bournemouth,17,COL,RM,25,2.0,0,0,0,0,1,1,0,0,3,1,0,0,0.1,0.1,0.0,0,0,0,0,80.8,0,2,0,0,0,2024-09-30,['RM'],0,0,0,0,0,0,0,0,0,0,1,0,0
Marcus Tavernier,Bournemouth,16,ENG,"AM,LM",25,75.0,0,1,0,0,1,1,1,0,32,0,0,0,0.0,0.0,0.4,3,1,18,27,66.7,4,17,2,1,0,2024-09-30,"['AM', 'LM']",1,0,0,0,0,0,0,1,0,0,0,0,0
Alex Scott,Bournemouth,8,ENG,LM,21,15.0,0,0,0,0,0,0,0,0,9,0,1,0,0.0,0.0,0.0,1,0,7,9,77.8,1,5,2,0,0,2024-09-30,['LM'],0,0,0,0,0,0,0,1,0,0,0,0,0
Ryan Christie,Bournemouth,10,SCO,"DM,CM",29,90.0,0,0,0,0,2,0,0,0,55,3,2,5,0.0,0.0,0.0,2,0,31,37,83.8,3,17,0,3,2,2024-09-30,"['DM', 'CM']",0,0,1,1,0,0,0,0,0,0,0,0,0
Lewis Cook,Bournemouth,4,ENG,"DM,CM",27,90.0,0,2,0,0,1,0,0,0,57,4,2,4,0.1,0.1,0.6,5,2,31,43,72.1,4,30,1,0,0,2024-09-30,"['DM', 'CM']",0,0,1,1,0,0,0,0,0,0,0,0,0
Milos Kerkez,Bournemouth,3,HUN,LB,20,90.0,0,0,0,0,1,0,1,0,52,0,1,1,0.0,0.0,0.0,0,0,30,44,68.2,4,35,2,2,1,2024-09-30,['LB'],0,0,0,0,0,0,1,0,0,0,0,0,0
Marcos Senesi,Bournemouth,5,ARG,CB,27,90.0,0,0,0,0,0,0,0,0,78,5,3,2,0.0,0.0,0.0,0,0,47,61,77.0,6,51,1,3,2,2024-09-30,['CB'],0,1,0,0,0,0,0,0,0,0,0,0,0
Illia Zabarnyi,Bournemouth,27,UKR,CB,22,90.0,0,0,0,0,0,0,0,0,67,3,0,0,0.0,0.0,0.0,1,0,53,61,86.9,4,45,0,0,0,2024-09-30,['CB'],0,1,0,0,0,0,0,0,0,0,0,0,0
Adam Smith,Bournemouth,15,ENG,RB,33,90.0,0,0,0,0,0,0,0,0,54,0,1,0,0.0,0.0,0.0,1,0,39,49,79.6,2,29,0,2,1,2024-09-30,['RB'],0,0,0,0,0,0,0,0,0,1,0,0,0
Kepa Arrizabalaga,Bournemouth,13,ESP,GK,29,90.0,0,0,0,0,0,0,0,0,26,0,0,0,0.0,0.0,0.0,1,0,20,24,83.3,0,12,0,0,0,2024-09-30,['GK'],0,0,0,0,0,1,0,0,0,0,0,0,0
Tyler Dibling,Southampton,33,ENG,"FW,RW",18,75.0,0,0,0,0,1,0,1,0,36,2,0,0,0.0,0.0,0.1,3,0,14,21,66.7,3,22,1,3,1,2024-09-30,"['FW', 'RW']",0,0,0,0,1,0,0,0,0,0,0,1,0
Cameron Archer,Southampton,19,ENG,RW,23,15.0,0,0,0,0,0,0,0,0,8,0,0,0,0.0,0.0,0.0,0,0,6,6,100.0,0,5,0,1,1,2024-09-30,['RW'],0,0,0,0,0,0,0,0,0,0,0,1,0
Ryan Fraser,Southampton,24,SCO,LW,30,45.0,0,0,0,0,1,1,0,0,9,1,0,0,0.0,0.0,0.0,1,0,6,7,85.7,1,6,0,0,0,2024-09-30,['LW'],0,0,0,0,0,0,0,0,1,0,0,0,0
Joe Aribo,Southampton,7,NGA,"LM,LW",28,45.0,0,0,0,0,1,0,0,0,44,1,0,0,0.0,0.0,0.0,0,0,31,33,93.9,6,25,1,5,1,2024-09-30,"['LM', 'LW']",0,0,0,0,0,0,0,1,1,0,0,0,0
Maxwel Cornet,Southampton,22,CIV,RW,28,45.0,0,0,0,0,1,0,0,0,20,3,0,0,0.2,0.2,0.0,0,0,9,12,75.0,0,8,0,0,0,2024-09-30,['RW'],0,0,0,0,0,0,0,0,0,0,0,1,0
Ben Brereton,Southampton,17,CHI,"LW,RW",25,45.0,0,0,0,0,1,0,0,0,24,0,0,0,0.0,0.0,0.0,1,0,13,20,65.0,2,18,2,0,0,2024-09-30,"['LW', 'RW']",0,0,0,0,0,0,0,0,1,0,0,1,0
Mateus Fernandes,Southampton,18,POR,AM,20,69.0,0,0,0,0,0,0,1,0,43,4,0,0,0.0,0.0,0.0,1,0,25,31,80.6,2,23,2,2,1,2024-09-30,['AM'],1,0,0,0,0,0,0,0,0,0,0,0,0
Adam Lallana,Southampton,10,ENG,RM,36,21.0,0,0,0,0,1,0,1,0,29,0,1,0,0.1,0.1,0.0,1,0,21,23,91.3,3,19,0,1,1,2024-09-30,['RM'],0,0,0,0,0,0,0,0,0,0,1,0,0
Lesley Ugochukwu,Southampton,26,FRA,DM,20,45.0,0,0,0,0,0,0,0,0,18,1,0,0,0.0,0.0,0.2,1,0,11,16,68.8,0,10,2,0,0,2024-09-30,['DM'],0,0,0,1,0,0,0,0,0,0,0,0,0
Ross Stewart,Southampton,11,SCO,"FW,DM",28,45.0,0,0,0,0,1,0,0,0,35,0,0,1,0.1,0.1,0.0,0,0,23,26,88.5,1,23,1,2,1,2024-09-30,"['FW', 'DM']",0,0,0,1,1,0,0,0,0,0,0,0,0
Flynn Downes,Southampton,4,ENG,"DM,CM",25,90.0,0,0,0,0,0,0,1,0,80,1,2,2,0.0,0.0,0.0,2,0,69,73,94.5,4,44,2,0,0,2024-09-30,"['DM', 'CM']",0,0,1,1,0,0,0,0,0,0,0,0,0
Charlie Taylor,Southampton,21,ENG,LB,31,90.0,0,0,0,0,0,0,0,0,78,2,2,3,0.0,0.0,0.1,2,1,58,62,93.5,2,31,0,1,1,2024-09-30,['LB'],0,0,0,0,0,0,1,0,0,0,0,0,0
Jan Bednarek,Southampton,35,POL,CB,28,90.0,0,0,0,0,0,0,0,0,102,3,1,2,0.0,0.0,0.0,0,0,83,91,91.2,5,58,0,0,0,2024-09-30,['CB'],0,1,0,0,0,0,0,0,0,0,0,0,0
Taylor Harwood-Bellis,Southampton,6,ENG,CB,22,90.0,1,0,0,0,2,2,0,0,89,0,2,4,0.2,0.2,0.0,2,1,65,79,82.3,2,45,0,0,0,2024-09-30,['CB'],0,1,0,0,0,0,0,0,0,0,0,0,0
Yukinari Sugawara,Southampton,16,JPN,RB,24,90.0,0,0,0,0,0,0,1,0,71,2,0,0,0.0,0.0,0.1,2,0,55,65,84.6,3,37,1,1,0,2024-09-30,['RB'],0,0,0,0,0,0,0,0,0,1,0,0,0
Aaron Ramsdale,Southampton,30,ENG,GK,26,90.0,0,0,0,0,0,0,0,0,57,0,0,0,0.0,0.0,0.0,0,0,41,55,74.5,0,44,0,0,0,2024-09-30,['GK'],0,0,0,0,0,1,0,0,0,0,0,0,0
Eddie Nketiah,Crystal Palace,9,ENG,"FW,RW,RM",25,90.0,0,0,0,0,1,1,1,0,21,0,0,2,0.1,0.1,0.0,1,0,10,14,71.4,2,15,0,0,0,2024-10-05,"['FW', 'RW', 'RM']",0,0,0,0,1,0,0,0,0,0,1,1,0
Eberechi Eze,Crystal Palace,10,ENG,"LW,LM",26,90.0,0,0,0,0,2,2,0,0,38,0,0,0,0.2,0.2,0.2,2,0,21,29,72.4,3,21,1,5,1,2024-10-05,"['LW', 'LM']",0,0,0,0,0,0,0,1,1,0,0,0,0
Ismaila Sarr,Crystal Palace,7,SEN,"RW,RM,RB",26,90.0,0,0,0,0,1,1,1,0,29,0,1,1,0.1,0.1,0.0,0,0,9,19,47.4,1,14,1,0,0,2024-10-05,"['RW', 'RM', 'RB']",0,0,0,0,0,0,0,0,0,1,1,1,0
Tyrick Mitchell,Crystal Palace,3,ENG,LM,25,59.0,0,0,0,0,0,0,0,0,27,2,0,2,0.0,0.0,0.0,0,0,13,20,65.0,0,10,2,0,0,2024-10-05,['LM'],0,0,0,0,0,0,0,1,0,0,0,0,0
Jean-Philippe Mateta,Crystal Palace,14,FRA,FW,27,31.0,0,0,0,0,0,0,0,0,8,0,0,0,0.0,0.0,0.3,3,0,5,6,83.3,1,6,1,0,0,2024-10-05,['FW'],0,0,0,0,1,0,0,0,0,0,0,0,0
Jefferson Lerma,Crystal Palace,8,COL,"CM,DM",29,90.0,0,0,0,0,1,0,1,0,40,0,1,2,0.0,0.0,0.0,1,0,24,30,80.0,3,16,0,1,0,2024-10-05,"['CM', 'DM']",0,0,1,1,0,0,0,0,0,0,0,0,0
Adam Wharton,Crystal Palace,20,ENG,CM,20,59.0,0,0,0,0,0,0,0,0,24,1,0,0,0.0,0.0,0.0,1,0,17,22,77.3,2,12,0,0,0,2024-10-05,['CM'],0,0,1,0,0,0,0,0,0,0,0,0,0
Will Hughes,Crystal Palace,19,ENG,CM,29,31.0,0,0,0,0,1,0,1,0,20,1,0,0,0.0,0.0,0.0,3,0,10,16,62.5,0,9,1,2,0,2024-10-05,['CM'],0,0,1,0,0,0,0,0,0,0,0,0,0
Daniel Muñoz,Crystal Palace,12,COL,RM,28,16.0,0,0,0,0,0,0,0,0,5,1,0,1,0.0,0.0,0.0,0,0,0,2,0.0,0,2,0,1,1,2024-10-05,['RM'],0,0,0,0,0,0,0,0,0,0,1,0,0
Nathaniel Clyne,Crystal Palace,17,ENG,"RM,LM,LB",33,74.0,0,0,0,0,1,0,0,0,29,2,0,0,0.0,0.0,0.0,0,0,10,21,47.6,1,9,0,0,0,2024-10-05,"['RM', 'LM', 'LB']",0,0,0,0,0,0,1,1,0,0,1,0,0
Trevoh Chalobah,Crystal Palace,27,ENG,CB,25,87.0,0,0,0,0,2,1,0,0,35,1,2,0,0.2,0.2,0.0,0,0,23,25,92.0,4,16,1,0,0,2024-10-05,['CB'],0,1,0,0,0,0,0,0,0,0,0,0,0
Daichi Kamada,Crystal Palace,18,JPN,CM,28,3.0,0,0,0,0,0,0,0,0,5,0,0,0,0.0,0.0,0.0,0,0,1,4,25.0,0,2,0,0,0,2024-10-05,['CM'],0,0,1,0,0,0,0,0,0,0,0,0,0
Marc Guéhi,Crystal Palace,6,ENG,CB,24,90.0,0,0,0,0,0,0,0,0,59,0,0,3,0.0,0.0,0.0,0,0,38,49,77.6,5,23,0,0,0,2024-10-05,['CB'],0,1,0,0,0,0,0,0,0,0,0,0,0
Maxence Lacroix,Crystal Palace,5,FRA,CB,24,90.0,0,0,0,0,0,0,0,0,46,0,1,4,0.0,0.0,0.1,3,0,25,35,71.4,2,23,0,2,2,2024-10-05,['CB'],0,1,0,0,0,0,0,0,0,0,0,0,0
Dean Henderson,Crystal Palace,1,ENG,GK,27,90.0,0,0,0,0,0,0,0,0,37,0,0,0,0.0,0.0,0.0,0,0,15,33,45.5,0,17,0,0,0,2024-10-05,['GK'],0,0,0,0,0,1,0,0,0,0,0,0,0
Diogo Jota,Liverpool,20,POR,FW,27,90.0,1,0,0,0,3,1,0,0,38,1,1,0,0.8,0.8,0.0,0,0,16,26,61.5,0,16,2,0,0,2024-10-05,['FW'],0,0,0,0,1,0,0,0,0,0,0,0,0
Cody Gakpo,Liverpool,18,NED,LW,25,90.0,0,1,0,0,2,0,1,0,60,3,3,1,0.1,0.1,0.4,7,1,38,48,79.2,6,40,3,3,2,2024-10-05,['LW'],0,0,0,0,0,0,0,0,1,0,0,0,0
Mohamed Salah,Liverpool,11,EGY,RW,32,72.0,0,0,0,0,2,1,0,0,31,0,0,0,0.2,0.2,0.0,2,0,19,23,82.6,3,20,1,0,0,2024-10-05,['RW'],0,0,0,0,0,0,0,0,0,0,0,1,0
Luis Díaz,Liverpool,7,COL,RW,27,18.0,0,0,0,0,1,0,0,0,12,0,0,0,0.1,0.1,0.0,2,0,7,10,70.0,1,11,3,0,0,2024-10-05,['RW'],0,0,0,0,0,0,0,0,0,0,0,1,0
Curtis Jones,Liverpool,17,ENG,"AM,DM",23,88.0,0,0,0,0,1,0,0,0,55,1,0,0,0.0,0.0,0.0,2,0,47,48,97.9,4,34,0,1,1,2024-10-05,"['AM', 'DM']",1,0,0,1,0,0,0,0,0,0,0,0,0
Wataru Endo,Liverpool,3,JPN,DM,31,2.0,0,0,0,0,0,0,0,0,8,0,0,1,0.0,0.0,0.0,1,0,5,6,83.3,1,4,0,0,0,2024-10-05,['DM'],0,0,0,1,0,0,0,0,0,0,0,0,0
Alexis Mac Allister,Liverpool,10,ARG,DM,25,45.0,0,0,0,0,0,0,1,0,26,1,0,2,0.0,0.0,0.0,3,0,19,23,82.6,3,12,1,0,0,2024-10-05,['DM'],0,0,0,1,0,0,0,0,0,0,0,0,0
Dominik Szoboszlai,Liverpool,8,HUN,AM,23,45.0,0,0,0,0,2,1,0,0,33,0,1,0,0.0,0.0,0.0,1,0,25,32,78.1,3,19,2,2,2,2024-10-05,['AM'],1,0,0,0,0,0,0,0,0,0,0,0,0
Ryan Gravenberch,Liverpool,38,NED,DM,22,90.0,0,0,0,0,1,0,0,0,88,0,2,0,0.1,0.1,0.2,2,0,73,79,92.4,7,53,1,1,1,2024-10-05,['DM'],0,0,0,1,0,0,0,0,0,0,0,0,0
Kostas Tsimikas,Liverpool,21,GRE,LB,28,78.0,0,0,0,0,1,0,0,0,94,1,1,0,0.0,0.0,0.0,4,1,77,88,87.5,12,48,4,1,1,2024-10-05,['LB'],0,0,0,0,0,0,1,0,0,0,0,0,0
Andrew Robertson,Liverpool,26,SCO,LB,30,12.0,0,0,0,0,0,0,0,0,13,0,1,0,0.0,0.0,0.0,0,0,8,13,61.5,1,6,2,0,0,2024-10-05,['LB'],0,0,0,0,0,0,1,0,0,0,0,0,0
Virgil van Dijk,Liverpool,4,NED,CB,33,90.0,0,0,0,0,1,0,0,0,117,0,3,0,0.0,0.0,0.2,2,0,101,112,90.2,6,67,0,1,1,2024-10-05,['CB'],0,1,0,0,0,0,0,0,0,0,0,0,0
Ibrahima Konaté,Liverpool,5,FRA,CB,25,90.0,0,0,0,0,0,0,0,0,68,4,0,0,0.0,0.0,0.0,0,0,58,60,96.7,1,40,0,0,0,2024-10-05,['CB'],0,1,0,0,0,0,0,0,0,0,0,0,0
Trent Alexander-Arnold,Liverpool,66,ENG,RB,25,90.0,0,0,0,0,2,1,0,0,84,2,1,0,0.1,0.1,0.4,5,0,53,75,70.7,6,41,1,0,0,2024-10-05,['RB'],0,0,0,0,0,0,0,0,0,1,0,0,0
Alisson,Liverpool,1,BRA,GK,32,78.0,0,0,0,0,0,0,0,0,43,0,0,0,0.0,0.0,0.0,0,0,32,40,80.0,0,30,0,0,0,2024-10-05,['GK'],0,0,0,0,0,1,0,0,0,0,0,0,0
Vitezslav Jaros,Liverpool,56,CZE,GK,23,12.0,0,0,0,0,0,0,0,0,8,0,0,0,0.0,0.0,0.0,0,0,6,8,75.0,0,7,0,0,0,2024-10-05,['GK'],0,0,0,0,0,1,0,0,0,0,0,0,0
Erling Haaland,Manchester City,9,NOR,FW,24,90.0,0,0,0,0,4,2,0,0,24,0,1,1,0.2,0.2,0.3,4,1,8,14,57.1,0,12,1,2,1,2024-10-05,['FW'],0,0,0,0,1,0,0,0,0,0,0,0,0
Jack Grealish,Manchester City,10,ENG,LM,29,61.0,0,0,0,0,0,0,0,0,32,1,0,0,0.0,0.0,0.0,3,1,24,30,80.0,2,28,6,4,2,2024-10-05,['LM'],0,0,0,0,0,0,0,1,0,0,0,0,0
Jeremy Doku,Manchester City,11,BEL,LW,22,29.0,1,0,0,0,1,1,0,0,17,0,0,1,0.1,0.1,0.0,1,0,6,10,60.0,0,11,3,4,1,2024-10-05,['LW'],0,0,0,0,0,0,0,0,1,0,0,0,0
İlkay Gündoğan,Manchester City,19,GER,"CM,LM",33,88.0,0,0,0,0,2,0,0,0,78,0,1,0,0.5,0.5,0.0,2,0,57,69,82.6,5,38,1,0,0,2024-10-05,"['CM', 'LM']",0,0,1,0,0,0,0,1,0,0,0,0,0
Matheus Nunes,Manchester City,27,POR,LM,26,2.0,0,0,0,0,0,0,0,0,1,0,0,0,0.0,0.0,0.0,0,0,0,0,80.8,0,0,0,0,0,2024-10-05,['LM'],0,0,0,0,0,0,0,1,0,0,0,0,0
Phil Foden,Manchester City,47,ENG,CM,24,77.0,0,0,0,0,2,0,0,0,56,0,0,0,0.1,0.1,0.2,7,1,41,45,91.1,2,33,1,3,0,2024-10-05,['CM'],0,0,1,0,0,0,0,0,0,0,0,0,0
John Stones,Manchester City,5,ENG,CB,30,13.0,0,0,0,0,0,0,0,0,7,1,0,0,0.0,0.0,0.0,0,0,3,4,75.0,0,2,0,0,0,2024-10-05,['CB'],0,1,0,0,0,0,0,0,0,0,0,0,0
Bernardo Silva,Manchester City,20,POR,"RM,RW",30,90.0,0,1,0,0,2,1,1,0,67,2,0,1,0.2,0.2,0.6,9,1,45,56,80.4,5,39,7,9,4,2024-10-05,"['RM', 'RW']",0,0,0,0,0,0,0,0,0,0,1,1,0
Mateo Kovačić,Manchester City,8,CRO,"DM,CM",30,90.0,2,0,0,0,4,2,0,0,96,1,0,1,0.3,0.3,0.0,2,0,78,87,89.7,4,67,2,2,1,2024-10-05,"['DM', 'CM']",0,0,1,1,0,0,0,0,0,0,0,0,0
Joško Gvardiol,Manchester City,24,CRO,LB,22,90.0,0,0,0,0,2,1,0,0,118,1,0,3,0.1,0.1,0.0,1,0,98,104,94.2,19,86,4,2,1,2024-10-05,['LB'],0,0,0,0,0,0,1,0,0,0,0,0,0
Rúben Dias,Manchester City,3,POR,CB,27,90.0,0,0,0,0,1,0,0,0,99,0,1,2,0.0,0.0,0.0,0,0,88,89,98.9,6,74,0,1,0,2024-10-05,['CB'],0,1,0,0,0,0,0,0,0,0,0,0,0
Manuel Akanji,Manchester City,25,SUI,CB,29,61.0,0,0,0,0,0,0,0,0,65,1,0,0,0.0,0.0,0.0,1,0,59,61,96.7,9,50,2,1,1,2024-10-05,['CB'],0,1,0,0,0,0,0,0,0,0,0,0,0
Kyle Walker,Manchester City,2,ENG,RB,34,29.0,0,0,0,0,0,0,0,0,11,0,0,0,0.0,0.0,0.0,0,0,10,10,100.0,1,8,0,0,0,2024-10-05,['RB'],0,0,0,0,0,0,0,0,0,1,0,0,0
Rico Lewis,Manchester City,82,ENG,"RB,RM,DM",19,90.0,0,1,0,0,2,0,0,0,68,3,1,2,0.1,0.1,0.1,2,1,49,55,89.1,5,38,4,0,0,2024-10-05,"['RB', 'RM', 'DM']",0,0,0,1,0,0,0,0,0,1,1,0,0
Ederson,Manchester City,31,BRA,GK,31,90.0,0,0,0,0,0,0,1,0,31,0,0,0,0.0,0.0,0.0,0,0,26,29,89.7,0,20,0,0,0,2024-10-05,['GK'],0,0,0,0,0,1,0,0,0,0,0,0,0
Raúl Jiménez,Fulham,7,MEX,FW,33,76.0,0,1,0,0,5,0,0,0,27,1,0,1,0.4,0.4,1.4,4,1,12,16,75.0,3,20,1,0,0,2024-10-05,['FW'],0,0,0,0,1,0,0,0,0,0,0,0,0
Rodrigo Muniz,Fulham,9,BRA,FW,23,14.0,1,0,0,0,1,1,0,0,4,0,0,0,0.2,0.2,0.0,0,0,1,1,100.0,0,2,0,1,0,2024-10-05,['FW'],0,0,0,0,1,0,0,0,0,0,0,0,0
Adama Traoré,Fulham,11,ESP,"LM,LW",28,90.0,0,0,0,0,3,2,0,0,38,2,0,0,1.3,1.3,0.1,3,0,20,27,74.1,5,27,5,1,0,2024-10-05,"['LM', 'LW']",0,0,0,0,0,0,0,1,1,0,0,0,0
Saša Lukić,Fulham,20,SRB,CM,28,90.0,0,0,0,0,0,0,0,0,76,3,1,2,0.0,0.0,0.0,0,0,57,64,89.1,8,51,0,0,0,2024-10-05,['CM'],0,0,1,0,0,0,0,0,0,0,0,0,0
Sander Berge,Fulham,16,NOR,CM,26,64.0,0,0,0,0,0,0,0,0,37,1,0,1,0.0,0.0,0.0,0,0,25,29,86.2,1,19,0,0,0,2024-10-05,['CM'],0,0,1,0,0,0,0,0,0,0,0,0,0
Tom Cairney,Fulham,10,SCO,"LM,CM",33,26.0,0,0,0,0,0,0,0,0,40,1,2,1,0.0,0.0,0.0,1,0,34,36,94.4,4,30,0,0,0,2024-10-05,"['LM', 'CM']",0,0,1,0,0,0,0,1,0,0,0,0,0
Andreas Pereira,Fulham,18,BRA,RM,28,64.0,1,0,0,0,1,1,0,0,20,0,0,2,0.6,0.6,0.2,4,0,13,16,81.3,3,10,1,0,0,2024-10-05,['RM'],0,0,0,0,0,0,0,0,0,0,1,0,0
Emile Smith Rowe,Fulham,32,ENG,RM,24,26.0,0,0,0,0,0,0,0,0,23,1,0,0,0.0,0.0,0.0,1,1,20,22,90.9,1,18,0,1,1,2024-10-05,['RM'],0,0,0,0,0,0,0,0,0,0,1,0,0
Antonee Robinson,Fulham,33,USA,LB,27,90.0,0,0,0,0,0,0,0,0,57,3,1,1,0.0,0.0,0.1,2,0,31,46,67.4,1,34,6,3,0,2024-10-05,['LB'],0,0,0,0,0,0,1,0,0,0,0,0,0
Calvin Bassey,Fulham,3,NGA,CB,24,90.0,0,0,0,0,0,0,1,0,70,2,0,5,0.0,0.0,0.0,0,0,56,58,96.6,0,48,2,2,1,2024-10-05,['CB'],0,1,0,0,0,0,0,0,0,0,0,0,0
Joachim Andersen,Fulham,5,DEN,CB,28,90.0,0,0,0,0,0,0,0,0,67,0,2,2,0.0,0.0,0.0,0,0,43,56,76.8,1,43,0,0,0,2024-10-05,['CB'],0,1,0,0,0,0,0,0,0,0,0,0,0
Kenny Tete,Fulham,2,NED,CB,28,76.0,0,0,0,0,0,0,0,0,41,2,0,2,0.0,0.0,0.0,0,0,29,33,87.9,2,26,1,1,1,2024-10-05,['CB'],0,1,0,0,0,0,0,0,0,0,0,0,0
Timothy Castagne,Fulham,21,BEL,RB,28,14.0,0,0,0,0,0,0,0,0,15,4,0,0,0.0,0.0,0.0,0,0,10,12,83.3,1,7,0,0,0,2024-10-05,['RB'],0,0,0,0,0,0,0,0,0,1,0,0,0
Alex Iwobi,Fulham,17,NGA,RB,28,76.0,0,0,0,0,1,0,0,0,46,3,1,1,0.0,0.0,0.5,4,1,30,37,81.1,3,35,2,3,2,2024-10-05,['RB'],0,0,0,0,0,0,0,0,0,1,0,0,0
Reiss Nelson,Fulham,19,ENG,RW,24,14.0,0,1,0,0,0,0,0,0,10,0,0,1,0.0,0.0,0.2,1,1,8,8,100.0,1,9,1,0,0,2024-10-05,['RW'],0,0,0,0,0,0,0,0,0,0,0,1,0
Bernd Leno,Fulham,1,GER,GK,32,90.0,0,0,0,0,0,0,0,0,27,0,0,0,0.0,0.0,0.0,1,0,21,25,84.0,0,22,0,0,0,2024-10-05,['GK'],0,0,0,0,0,1,0,0,0,0,0,0,0
Kevin Schade,Brentford,7,GER,FW,22,76.0,0,0,0,0,2,2,0,0,21,2,0,0,0.5,0.5,0.0,1,0,5,9,55.6,1,8,1,2,0,2024-10-05,['FW'],0,0,0,0,1,0,0,0,0,0,0,0,0
Fabio Carvalho,Brentford,14,POR,LW,22,14.0,1,0,0,0,1,1,0,0,10,0,0,0,0.9,0.9,0.0,1,0,5,8,62.5,0,6,0,0,0,2024-10-05,['LW'],0,0,0,0,0,0,0,0,1,0,0,0,0
Keane Lewis-Potter,Brentford,23,ENG,"LW,RW",23,90.0,0,0,0,0,1,1,0,0,43,5,0,0,0.2,0.2,0.4,3,0,22,31,71.0,3,26,7,4,1,2024-10-05,"['LW', 'RW']",0,0,0,0,0,0,0,0,1,0,0,1,0
Bryan Mbeumo,Brentford,19,CMR,"RW,FW",25,90.0,1,0,1,1,1,0,0,0,48,2,0,1,0.8,0.1,0.4,8,2,28,35,80.0,6,32,3,4,1,2024-10-05,"['RW', 'FW']",0,0,0,0,1,0,0,0,0,0,0,1,0
Mikkel Damsgaard,Brentford,24,DEN,"AM,RM",24,89.0,0,2,0,0,0,0,0,0,50,3,0,2,0.0,0.0,1.2,9,4,28,39,71.8,6,19,0,1,0,2024-10-05,"['AM', 'RM']",1,0,0,0,0,0,0,0,0,0,1,0,0
Yunus Emre Konak,Brentford,26,TUR,RM,18,1.0,0,0,0,0,1,0,0,0,3,0,0,0,0.2,0.2,0.0,0,0,1,1,100.0,1,1,0,0,0,2024-10-05,['RM'],0,0,0,0,0,0,0,0,0,0,1,0,0
Christian Nørgaard,Brentford,6,DEN,DM,30,76.0,1,0,0,0,3,2,0,0,45,0,1,1,0.4,0.4,0.0,1,0,25,33,75.8,1,25,1,0,0,2024-10-05,['DM'],0,0,0,1,0,0,0,0,0,0,0,0,0
Yehor Yarmoliuk,Brentford,18,UKR,LM,20,14.0,0,0,0,0,0,0,0,0,11,0,0,0,0.0,0.0,0.0,1,1,8,10,80.0,2,5,0,1,1,2024-10-05,['LM'],0,0,0,0,0,0,0,1,0,0,0,0,0
Vitaly Janelt,Brentford,27,GER,"DM,CM",26,90.0,0,1,0,0,2,1,1,0,49,1,0,2,0.1,0.1,0.5,2,1,28,34,82.4,5,19,1,1,1,2024-10-05,"['DM', 'CM']",0,0,1,1,0,0,0,0,0,0,0,0,0
Kristoffer Ajer,Brentford,20,NOR,LB,26,89.0,0,0,0,0,0,0,1,0,38,1,2,2,0.0,0.0,0.0,1,0,21,29,72.4,2,12,2,1,0,2024-10-05,['LB'],0,0,0,0,0,0,1,0,0,0,0,0,0
Mads Roerslev,Brentford,30,DEN,LB,25,1.0,0,0,0,0,0,0,0,0,0,0,0,0,0.0,0.0,0.0,0,0,0,0,80.8,0,0,0,0,0,2024-10-05,['LB'],0,0,0,0,0,0,1,0,0,0,0,0,0
Ethan Pinnock,Brentford,5,JAM,CB,31,90.0,1,0,0,0,3,2,0,0,48,2,2,1,0.2,0.2,0.0,2,0,25,35,71.4,0,16,0,2,1,2024-10-05,['CB'],0,1,0,0,0,0,0,0,0,0,0,0,0
Nathan Collins,Brentford,22,IRL,CB,23,90.0,1,0,0,0,2,1,0,0,75,0,1,2,0.7,0.7,0.0,2,1,46,60,76.7,2,30,0,0,0,2024-10-05,['CB'],0,1,0,0,0,0,0,0,0,0,0,0,0
Sepp van den Berg,Brentford,4,NED,RB,22,90.0,0,0,0,0,2,1,0,0,49,0,0,2,0.2,0.2,0.0,2,0,32,40,80.0,6,17,2,0,0,2024-10-05,['RB'],0,0,0,0,0,0,0,0,0,1,0,0,0
Mark Flekken,Brentford,1,NED,GK,31,90.0,0,0,0,0,0,0,0,0,48,0,0,0,0.0,0.0,0.0,0,0,34,46,73.9,0,31,0,0,0,2024-10-05,['GK'],0,0,0,0,0,1,0,0,0,0,0,0,0
Jørgen Strand Larsen,Wolverhampton Wanderers,9,NOR,FW,24,90.0,1,0,0,0,1,1,0,0,25,1,0,0,0.2,0.2,0.0,4,0,7,13,53.8,0,10,0,0,0,2024-10-05,['FW'],0,0,0,0,1,0,0,0,0,0,0,0,0
Matheus Cunha,Wolverhampton Wanderers,10,BRA,LM,25,90.0,1,0,0,0,5,1,0,0,61,2,1,2,0.4,0.4,0.2,3,0,28,44,63.6,8,24,2,1,0,2024-10-05,['LM'],0,0,0,0,0,0,0,1,0,0,0,0,0
João Gomes,Wolverhampton Wanderers,8,BRA,CM,23,76.0,0,0,0,0,1,0,0,0,50,2,0,0,0.0,0.0,0.0,1,0,34,44,77.3,4,32,1,2,0,2024-10-05,['CM'],0,0,1,0,0,0,0,0,0,0,0,0,0
Jean-Ricner Bellegarde,Wolverhampton Wanderers,27,FRA,CM,26,14.0,0,1,0,0,0,0,0,0,6,0,0,0,0.0,0.0,0.1,1,1,3,6,50.0,0,5,2,1,0,2024-10-05,['CM'],0,0,1,0,0,0,0,0,0,0,0,0,0
Mario Lemina,Wolverhampton Wanderers,5,GAB,CM,31,90.0,0,0,0,0,4,1,0,0,53,2,2,1,0.2,0.2,0.0,2,0,28,36,77.8,4,13,0,0,0,2024-10-05,['CM'],0,0,1,0,0,0,0,0,0,0,0,0,0
Carlos Forbs,Wolverhampton Wanderers,26,POR,RM,20,67.0,0,0,0,0,0,0,1,0,27,4,0,1,0.0,0.0,0.0,3,1,16,20,80.0,4,17,2,1,1,2024-10-05,['RM'],0,0,0,0,0,0,0,0,0,0,1,0,0
Gonçalo Guedes,Wolverhampton Wanderers,29,POR,RM,27,23.0,0,0,0,0,1,0,0,0,12,1,0,0,0.0,0.0,0.1,2,0,8,10,80.0,1,7,1,1,0,2024-10-05,['RM'],0,0,0,0,0,0,0,0,0,0,1,0,0
André,Wolverhampton Wanderers,7,BRA,DM,23,56.0,0,0,0,0,1,1,0,0,46,1,0,0,0.0,0.0,0.0,2,0,35,38,92.1,2,29,0,0,0,2024-10-05,['DM'],0,0,0,1,0,0,0,0,0,0,0,0,0
Hwang Hee-chan,Wolverhampton Wanderers,11,KOR,DM,28,34.0,0,0,0,0,0,0,0,0,10,0,0,0,0.0,0.0,0.0,1,1,7,9,77.8,0,2,0,1,0,2024-10-05,['DM'],0,0,0,1,0,0,0,0,0,0,0,0,0
Rayan Aït-Nouri,Wolverhampton Wanderers,3,ALG,LB,23,90.0,1,1,0,0,1,1,0,0,68,1,2,0,0.1,0.1,0.3,9,2,48,61,78.7,4,37,1,4,1,2024-10-05,['LB'],0,0,0,0,0,0,1,0,0,0,0,0,0
Toti Gomes,Wolverhampton Wanderers,24,POR,CB,25,90.0,0,0,0,0,1,0,0,0,72,2,0,2,0.0,0.0,0.0,0,0,49,63,77.8,1,41,0,0,0,2024-10-05,['CB'],0,1,0,0,0,0,0,0,0,0,0,0,0
Craig Dawson,Wolverhampton Wanderers,15,ENG,CB,34,90.0,0,0,0,0,1,1,1,0,64,1,0,0,0.0,0.0,0.0,2,0,48,57,84.2,5,36,2,1,0,2024-10-05,['CB'],0,1,0,0,0,0,0,0,0,0,0,0,0
Nélson Semedo,Wolverhampton Wanderers,22,POR,RB,30,90.0,0,1,0,0,1,0,1,0,75,0,0,0,0.0,0.0,0.3,1,1,56,64,87.5,7,42,2,2,0,2024-10-05,['RB'],0,0,0,0,0,0,0,0,0,1,0,0,0
Sam Johnstone,Wolverhampton Wanderers,31,ENG,GK,31,90.0,0,0,0,0,0,0,0,0,57,0,0,0,0.0,0.0,0.0,0,0,27,49,55.1,0,36,0,0,0,2024-10-05,['GK'],0,0,0,0,0,1,0,0,0,0,0,0,0
Michail Antonio,West Ham United,9,JAM,FW,34,69.0,1,0,0,0,4,2,0,0,23,0,0,1,0.6,0.6,0.5,5,3,8,13,61.5,2,13,2,1,0,2024-10-05,['FW'],0,0,0,0,1,0,0,0,0,0,0,0,0
Carlos Soler,West Ham United,4,ESP,"LM,CM",27,21.0,0,0,0,0,1,0,0,0,14,0,0,1,0.0,0.0,0.0,0,0,12,12,100.0,1,3,0,0,0,2024-10-05,"['LM', 'CM']",0,0,1,0,0,0,0,1,0,0,0,0,0
Mohammed Kudus,West Ham United,14,GHA,"LM,RM",24,85.0,1,0,0,0,5,4,0,0,50,1,0,3,1.5,1.5,0.0,3,0,28,30,93.3,2,34,4,4,1,2024-10-05,"['LM', 'RM']",0,0,0,0,0,0,0,1,0,0,1,0,0
Luis Guilherme,West Ham United,17,BRA,RM,18,5.0,0,0,0,0,0,0,0,0,2,0,0,0,0.0,0.0,0.0,1,0,1,1,100.0,0,2,0,1,0,2024-10-05,['RM'],0,0,0,0,0,0,0,0,0,0,1,0,0
Lucas Paquetá,West Ham United,10,BRA,CM,27,82.0,1,0,0,0,3,2,0,0,54,2,1,1,1.0,1.0,0.4,5,0,33,43,76.7,5,26,0,0,0,2024-10-05,['CM'],0,0,1,0,0,0,0,0,0,0,0,0,0
Crysencio Summerville,West Ham United,7,NED,LM,22,8.0,0,0,0,0,0,0,0,0,4,0,0,0,0.0,0.0,0.0,0,0,2,3,66.7,0,3,2,0,0,2024-10-05,['LM'],0,0,0,0,0,0,0,1,0,0,0,0,0
Tomáš Souček,West Ham United,28,CZE,CM,29,90.0,0,0,0,0,3,0,0,0,56,1,0,2,0.4,0.4,0.0,4,1,36,45,80.0,5,27,0,0,0,2024-10-05,['CM'],0,0,1,0,0,0,0,0,0,0,0,0,0
Jarrod Bowen,West Ham United,20,ENG,"RM,FW",27,90.0,1,1,0,0,5,3,0,0,37,0,0,0,0.3,0.3,1.0,9,1,24,28,85.7,6,27,6,1,0,2024-10-05,"['RM', 'FW']",0,0,0,0,1,0,0,0,0,0,1,0,0
Guido Rodríguez,West Ham United,24,ARG,DM,30,69.0,0,0,0,0,0,0,0,0,44,2,0,2,0.0,0.0,0.0,1,0,35,38,92.1,3,25,0,0,0,2024-10-05,['DM'],0,0,0,1,0,0,0,0,0,0,0,0,0
Edson Álvarez,West Ham United,19,MEX,DM,26,21.0,0,0,0,0,0,0,0,0,17,2,1,0,0.0,0.0,0.0,3,0,13,14,92.9,1,10,0,1,1,2024-10-05,['DM'],0,0,0,1,0,0,0,0,0,0,0,0,0
Emerson Palmieri,West Ham United,33,ITA,LB,30,82.0,0,0,0,0,0,0,0,0,68,7,2,1,0.0,0.0,0.1,1,0,44,54,81.5,5,36,1,2,0,2024-10-05,['LB'],0,0,0,0,0,0,1,0,0,0,0,0,0
Aaron Cresswell,West Ham United,3,ENG,LB,34,8.0,0,0,0,0,1,0,0,0,11,1,0,0,0.0,0.0,0.0,0,0,7,9,77.8,0,1,0,0,0,2024-10-05,['LB'],0,0,0,0,0,0,1,0,0,0,0,0,0
Max Kilman,West Ham United,26,ENG,CB,27,90.0,0,0,0,0,0,0,0,0,81,0,1,2,0.0,0.0,0.0,0,0,67,74,90.5,2,54,1,1,1,2024-10-05,['CB'],0,1,0,0,0,0,0,0,0,0,0,0,0
Jean-Clair Todibo,West Ham United,25,FRA,CB,24,90.0,0,0,0,0,0,0,0,0,67,2,2,1,0.0,0.0,0.0,1,0,54,58,93.1,0,36,0,2,2,2024-10-05,['CB'],0,1,0,0,0,0,0,0,0,0,0,0,0
Aaron Wan-Bissaka,West Ham United,29,ENG,RB,26,90.0,0,0,0,0,1,1,0,0,67,1,1,0,0.0,0.0,0.1,3,0,53,59,89.8,4,38,3,4,3,2024-10-05,['RB'],0,0,0,0,0,0,0,0,0,1,0,0,0
Alphonse Areola,West Ham United,23,FRA,GK,31,90.0,0,0,0,0,0,0,0,0,48,0,0,0,0.0,0.0,0.0,0,0,35,47,74.5,0,29,0,0,0,2024-10-05,['GK'],0,0,0,0,0,1,0,0,0,0,0,0,0
Liam Delap,Ipswich Town,19,ENG,FW,21,82.0,1,0,0,0,2,2,0,0,18,1,0,0,0.1,0.1,0.1,2,0,4,8,50.0,0,13,2,2,1,2024-10-05,['FW'],0,0,0,0,1,0,0,0,0,0,0,0,0
George Hirst,Ipswich Town,27,ENG,FW,25,8.0,0,0,0,0,0,0,0,0,3,0,0,0,0.0,0.0,0.0,0,0,0,2,0.0,0,3,0,0,0,2024-10-05,['FW'],0,0,0,0,1,0,0,0,0,0,0,0,0
Jack Clarke,Ipswich Town,47,ENG,LW,23,73.0,0,0,0,0,0,0,1,0,27,1,0,0,0.0,0.0,0.0,2,0,15,20,75.0,3,21,2,3,2,2024-10-05,['LW'],0,0,0,0,0,0,0,0,1,0,0,0,0
Sammie Szmodics,Ipswich Town,23,IRL,LW,29,17.0,0,0,0,0,1,0,0,0,7,0,0,0,0.1,0.1,0.0,0,0,4,4,100.0,0,6,0,3,1,2024-10-05,['LW'],0,0,0,0,0,0,0,0,1,0,0,0,0
Wes Burns,Ipswich Town,7,WAL,RW,29,73.0,0,0,0,0,1,0,0,0,27,0,0,0,0.0,0.0,0.1,2,0,16,24,66.7,1,24,5,1,1,2024-10-05,['RW'],0,0,0,0,0,0,0,0,0,0,0,1,0
Chiedozie Ogbene,Ipswich Town,21,IRL,RW,27,17.0,0,0,0,0,0,0,0,0,8,1,0,0,0.0,0.0,0.0,0,0,5,5,100.0,0,6,1,1,0,2024-10-05,['RW'],0,0,0,0,0,0,0,0,0,0,0,1,0
Omari Hutchinson,Ipswich Town,20,ENG,AM,20,82.0,0,0,0,0,0,0,0,0,35,1,0,0,0.0,0.0,0.0,1,0,21,28,75.0,3,24,1,4,3,2024-10-05,['AM'],1,0,0,0,0,0,0,0,0,0,0,0,0
Conor Chaplin,Ipswich Town,10,ENG,AM,27,8.0,0,0,0,0,0,0,0,0,6,0,0,0,0.0,0.0,0.1,1,0,4,6,66.7,1,5,0,0,0,2024-10-05,['AM'],1,0,0,0,0,0,0,0,0,0,0,0,0
Kalvin Phillips,Ipswich Town,8,ENG,DM,28,73.0,0,0,0,0,1,0,0,0,48,3,2,1,0.0,0.0,0.0,1,0,30,39,76.9,3,32,2,1,0,2024-10-05,['DM'],0,0,0,1,0,0,0,0,0,0,0,0,0
Jack Taylor,Ipswich Town,14,IRL,DM,26,17.0,0,0,0,0,1,0,0,0,20,0,0,1,0.0,0.0,0.0,0,0,14,18,77.8,0,17,1,0,0,2024-10-05,['DM'],0,0,0,1,0,0,0,0,0,0,0,0,0
Sam Morsy,Ipswich Town,5,EGY,DM,33,90.0,0,0,0,0,1,0,0,0,67,1,1,0,0.0,0.0,0.0,1,0,56,64,87.5,5,49,2,1,1,2024-10-05,['DM'],0,0,0,1,0,0,0,0,0,0,0,0,0
Leif Davis,Ipswich Town,3,ENG,LB,24,90.0,0,0,0,0,0,0,0,0,55,1,2,0,0.0,0.0,0.4,6,0,47,50,94.0,5,37,3,0,0,2024-10-05,['LB'],0,0,0,0,0,0,1,0,0,0,0,0,0
Jacob Greaves,Ipswich Town,24,ENG,CB,24,90.0,0,0,0,0,1,0,0,0,66,2,0,3,0.3,0.3,0.0,0,0,51,54,94.4,3,43,0,0,0,2024-10-05,['CB'],0,1,0,0,0,0,0,0,0,0,0,0,0
Dara O'Shea,Ipswich Town,26,IRL,CB,25,90.0,0,0,0,0,1,0,0,0,76,0,1,2,0.0,0.0,0.0,0,0,52,68,76.5,5,56,0,0,0,2024-10-05,['CB'],0,1,0,0,0,0,0,0,0,0,0,0,0
Ben Johnson,Ipswich Town,18,ENG,RB,24,90.0,0,0,0,0,0,0,0,0,68,4,0,1,0.0,0.0,0.0,0,0,46,58,79.3,6,34,2,2,2,2024-10-05,['RB'],0,0,0,0,0,0,0,0,0,1,0,0,0
Arijanet Muric,Ipswich Town,1,KVX,GK,25,90.0,0,0,0,0,0,0,0,0,37,0,0,0,0.0,0.0,0.0,0,0,28,31,90.3,0,30,0,0,0,2024-10-05,['GK'],0,0,0,0,0,1,0,0,0,0,0,0,0
Gabriel Jesus,Arsenal,9,BRA,FW,27,59.0,0,0,0,0,3,0,0,0,17,0,0,1,0.4,0.4,0.4,2,0,9,13,69.2,2,13,3,1,1,2024-10-05,['FW'],0,0,0,0,1,0,0,0,0,0,0,0,0
Leandro Trossard,Arsenal,19,BEL,FW,29,31.0,0,0,0,0,0,0,0,0,17,0,0,0,0.0,0.0,0.2,5,0,13,17,76.5,2,12,2,1,1,2024-10-05,['FW'],0,0,0,0,1,0,0,0,0,0,0,0,0
Kai Havertz,Arsenal,29,GER,FW,25,90.0,1,0,0,0,7,2,0,0,50,1,1,0,0.8,0.8,0.2,6,0,27,34,79.4,7,30,7,4,2,2024-10-05,['FW'],0,0,0,0,1,0,0,0,0,0,0,0,0
Raheem Sterling,Arsenal,30,ENG,LM,29,59.0,0,0,0,0,2,0,0,0,29,0,0,1,0.3,0.3,0.0,4,0,14,20,70.0,1,23,2,5,4,2024-10-05,['LM'],0,0,0,0,0,0,0,1,0,0,0,0,0
Gabriel Martinelli,Arsenal,11,BRA,LM,23,31.0,1,0,0,0,1,1,0,0,24,1,0,0,0.4,0.4,0.0,2,0,17,22,77.3,3,16,1,0,0,2024-10-05,['LM'],0,0,0,0,0,0,0,1,0,0,0,0,0
Declan Rice,Arsenal,41,ENG,CM,25,90.0,0,0,0,0,2,0,0,0,59,2,1,0,0.1,0.1,0.3,6,0,44,52,84.6,2,24,3,0,0,2024-10-05,['CM'],0,0,1,0,0,0,0,0,0,0,0,0,0
Jorginho,Arsenal,20,ITA,CM,32,60.0,0,0,0,0,1,0,0,0,45,1,0,0,0.0,0.0,0.0,3,0,38,42,90.5,7,20,2,0,0,2024-10-05,['CM'],0,0,1,0,0,0,0,0,0,0,0,0,0
Mikel Merino,Arsenal,23,ESP,CM,28,30.0,0,0,0,0,0,0,0,0,19,3,2,2,0.0,0.0,0.1,4,0,10,14,71.4,1,8,0,0,0,2024-10-05,['CM'],0,0,1,0,0,0,0,0,0,0,0,0,0
Bukayo Saka,Arsenal,7,ENG,RM,23,90.0,1,2,0,0,7,2,0,0,66,1,0,2,0.3,0.3,1.1,13,2,40,51,78.4,4,37,8,2,0,2024-10-05,['RM'],0,0,0,0,0,0,0,0,0,0,1,0,0
Riccardo Calafiori,Arsenal,33,ITA,LB,22,89.0,0,0,0,0,0,0,0,0,60,3,3,1,0.0,0.0,0.0,2,0,42,53,79.2,5,29,0,4,3,2024-10-05,['LB'],0,0,0,0,0,0,1,0,0,0,0,0,0
Jakub Kiwior,Arsenal,15,POL,LB,24,1.0,0,0,0,0,0,0,0,0,6,0,0,0,0.0,0.0,0.0,0,0,2,5,40.0,0,2,0,0,0,2024-10-05,['LB'],0,0,0,0,0,0,1,0,0,0,0,0,0
Gabriel Magalhães,Arsenal,6,BRA,CB,26,90.0,0,0,0,0,3,0,0,0,66,0,0,1,0.2,0.2,0.0,2,0,58,62,93.5,2,45,1,0,0,2024-10-05,['CB'],0,1,0,0,0,0,0,0,0,0,0,0,0
William Saliba,Arsenal,2,FRA,CB,23,90.0,0,0,0,0,0,0,0,0,93,0,0,0,0.0,0.0,0.0,0,0,89,92,96.7,2,64,0,2,2,2024-10-05,['CB'],0,1,0,0,0,0,0,0,0,0,0,0,0
Thomas Partey,Arsenal,5,GHA,RB,31,83.0,0,0,0,0,2,1,0,0,93,4,2,0,0.1,0.1,0.0,2,1,75,83,90.4,13,45,0,1,1,2024-10-05,['RB'],0,0,0,0,0,0,0,0,0,1,0,0,0
Takehiro Tomiyasu,Arsenal,18,JPN,RB,25,7.0,0,0,0,0,1,0,0,0,7,0,0,0,0.2,0.2,0.0,1,0,3,4,75.0,1,1,0,0,0,2024-10-05,['RB'],0,0,0,0,0,0,0,0,0,1,0,0,0
David Raya,Arsenal,22,ESP,GK,29,90.0,0,0,0,0,0,0,0,0,26,0,0,0,0.0,0.0,0.0,0,0,24,26,92.3,2,20,0,0,0,2024-10-05,['GK'],0,0,0,0,0,1,0,0,0,0,0,0,0
Ross Stewart,Southampton,11,SCO,FW,28,26.0,0,0,0,0,0,0,0,0,6,0,0,0,0.0,0.0,0.0,0,0,1,4,25.0,0,4,0,0,0,2024-10-05,['FW'],0,0,0,0,1,0,0,0,0,0,0,0,0
Cameron Archer,Southampton,19,ENG,"FW,LW",23,64.0,1,0,0,0,1,1,0,0,17,1,1,0,0.1,0.1,0.0,0,0,9,12,75.0,0,8,2,0,0,2024-10-05,"['FW', 'LW']",0,0,0,0,1,0,0,0,1,0,0,0,0
Mateus Fernandes,Southampton,18,POR,LM,20,73.0,0,1,0,0,1,0,0,0,31,2,0,1,0.2,0.2,0.1,2,2,14,18,77.8,2,16,0,3,3,2024-10-05,['LM'],0,0,0,0,0,0,0,1,0,0,0,0,0
Adam Armstrong,Southampton,9,ENG,RW,27,17.0,0,0,0,0,0,0,0,0,10,0,2,1,0.0,0.0,0.0,1,0,5,6,83.3,0,5,1,0,0,2024-10-05,['RW'],0,0,0,0,0,0,0,0,0,0,0,1,0
Flynn Downes,Southampton,4,ENG,CM,25,90.0,0,0,0,0,1,0,0,0,48,1,0,5,0.0,0.0,0.0,1,0,26,35,74.3,2,17,0,1,0,2024-10-05,['CM'],0,0,1,0,0,0,0,0,0,0,0,0,0
Joe Aribo,Southampton,7,NGA,"CM,LM",28,90.0,0,0,0,0,1,0,0,0,42,3,2,1,0.0,0.0,0.0,2,0,29,33,87.9,1,16,2,2,0,2024-10-05,"['CM', 'LM']",0,0,1,0,0,0,0,1,0,0,0,0,0
Tyler Dibling,Southampton,33,ENG,RM,18,90.0,0,0,0,0,2,0,1,0,26,1,0,1,0.1,0.1,0.0,4,0,14,17,82.4,4,18,7,3,1,2024-10-05,['RM'],0,0,0,0,0,0,0,0,0,0,1,0,0
Ryan Manning,Southampton,3,IRL,LB,28,73.0,0,0,0,0,0,0,0,0,23,3,0,2,0.0,0.0,0.0,0,0,12,13,92.3,0,10,0,2,1,2024-10-05,['LB'],0,0,0,0,0,0,1,0,0,0,0,0,0
Paul Onuachu,Southampton,32,NGA,FW,30,17.0,0,0,0,0,0,0,0,0,8,0,1,0,0.0,0.0,0.0,0,0,5,5,100.0,0,7,0,1,1,2024-10-05,['FW'],0,0,0,0,1,0,0,0,0,0,0,0,0
Kyle Walker-Peters,Southampton,2,ENG,"CB,LB,RB",27,90.0,0,0,0,0,1,1,1,0,67,1,0,3,0.0,0.0,0.0,0,0,55,59,93.2,3,41,2,2,0,2024-10-05,"['CB', 'LB', 'RB']",0,1,0,0,0,0,1,0,0,1,0,0,0
Jan Bednarek,Southampton,35,POL,CB,28,90.0,0,0,0,0,0,0,1,0,97,0,1,2,0.0,0.0,0.0,2,0,72,78,92.3,2,41,1,0,0,2024-10-05,['CB'],0,1,0,0,0,0,0,0,0,0,0,0,0
Taylor Harwood-Bellis,Southampton,6,ENG,CB,22,90.0,0,0,0,0,1,0,0,0,59,0,1,2,0.3,0.3,0.0,1,0,41,51,80.4,0,35,0,0,0,2024-10-05,['CB'],0,1,0,0,0,0,0,0,0,0,0,0,0
Yukinari Sugawara,Southampton,16,JPN,RB,24,89.0,0,0,0,0,0,0,0,0,37,3,0,1,0.0,0.0,0.3,2,0,22,26,84.6,0,20,0,0,0,2024-10-05,['RB'],0,0,0,0,0,0,0,0,0,1,0,0,0
Charlie Taylor,Southampton,21,ENG,LB,31,1.0,0,0,0,0,0,0,0,0,8,0,0,1,0.0,0.0,0.0,0,0,4,7,57.1,0,5,0,0,0,2024-10-05,['LB'],0,0,0,0,0,0,1,0,0,0,0,0,0
Aaron Ramsdale,Southampton,30,ENG,GK,26,90.0,0,0,0,0,0,0,0,0,51,0,1,0,0.0,0.0,0.0,0,0,36,47,76.6,0,38,0,0,0,2024-10-05,['GK'],0,0,0,0,0,1,0,0,0,0,0,0,0
Jamie Vardy,Leicester City,9,ENG,FW,37,73.0,0,0,0,0,2,0,0,0,17,1,0,0,0.5,0.5,0.0,0,0,3,6,50.0,0,10,2,0,0,2024-10-05,['FW'],0,0,0,0,1,0,0,0,0,0,0,0,0
Odsonne Édouard,Leicester City,29,FRA,FW,26,17.0,0,0,0,0,0,0,0,0,13,0,0,0,0.0,0.0,0.0,1,0,4,5,80.0,0,6,0,2,1,2024-10-05,['FW'],0,0,0,0,1,0,0,0,0,0,0,0,0
Stephy Mavididi,Leicester City,10,ENG,LW,26,81.0,0,0,0,0,0,0,0,0,32,0,1,0,0.0,0.0,0.0,1,0,13,21,61.9,2,23,6,3,0,2024-10-05,['LW'],0,0,0,0,0,0,0,0,1,0,0,0,0
Abdul Fatawu Issahaku,Leicester City,7,GHA,LW,20,9.0,0,0,0,0,1,0,0,0,7,0,0,0,0.0,0.0,0.0,0,0,0,3,0.0,0,5,3,4,1,2024-10-05,['LW'],0,0,0,0,0,0,0,0,1,0,0,0,0
Facundo Buonanotte,Leicester City,40,ARG,RW,19,81.0,1,0,0,0,3,2,0,0,36,2,0,3,0.3,0.3,0.4,3,1,19,25,76.0,2,26,3,2,2,2024-10-05,['RW'],0,0,0,0,0,0,0,0,0,0,0,1,0
Bobby Reid,Leicester City,14,JAM,RW,31,9.0,0,0,0,0,0,0,0,0,7,0,0,0,0.0,0.0,0.0,0,0,2,4,50.0,0,3,0,1,0,2024-10-05,['RW'],0,0,0,0,0,0,0,0,0,0,0,1,0
Jordan Ayew,Leicester City,18,GHA,AM,33,87.0,0,0,0,0,0,0,1,0,36,2,2,0,0.0,0.0,0.0,0,0,18,24,75.0,4,23,2,3,0,2024-10-05,['AM'],1,0,0,0,0,0,0,0,0,0,0,0,0
Boubakary Soumaré,Leicester City,24,FRA,AM,25,3.0,0,0,0,0,0,0,1,0,1,0,0,0,0.0,0.0,0.0,0,0,1,1,100.0,0,0,0,0,0,2024-10-05,['AM'],1,0,0,0,0,0,0,0,0,0,0,0,0
Oliver Skipp,Leicester City,22,ENG,DM,24,90.0,0,0,0,0,0,0,0,0,44,1,1,3,0.0,0.0,0.0,1,0,30,34,88.2,2,27,2,1,0,2024-10-05,['DM'],0,0,0,1,0,0,0,0,0,0,0,0,0
Wilfred Ndidi,Leicester City,6,NGA,DM,27,90.0,0,0,0,0,0,0,1,0,61,4,0,2,0.0,0.0,0.0,1,0,34,45,75.6,2,29,0,0,0,2024-10-05,['DM'],0,0,0,1,0,0,0,0,0,0,0,0,0
Victor Bernth Kristiansen,Leicester City,16,DEN,LB,21,90.0,0,0,0,0,0,0,0,0,59,0,1,3,0.0,0.0,0.0,1,0,38,53,71.7,1,26,1,2,1,2024-10-05,['LB'],0,0,0,0,0,0,1,0,0,0,0,0,0
Caleb Okoli,Leicester City,5,ITA,CB,23,90.0,0,0,0,0,0,0,0,0,72,2,1,1,0.0,0.0,0.0,0,0,49,56,87.5,2,35,0,0,0,2024-10-05,['CB'],0,1,0,0,0,0,0,0,0,0,0,0,0
Wout Faes,Leicester City,3,BEL,CB,26,90.0,0,0,0,0,0,0,0,0,43,2,0,3,0.0,0.0,0.0,1,0,23,29,79.3,0,17,0,0,0,2024-10-05,['CB'],0,1,0,0,0,0,0,0,0,0,0,0,0
James Justin,Leicester City,2,ENG,RB,26,90.0,0,1,0,0,0,0,1,0,61,0,1,2,0.0,0.0,0.2,3,1,41,52,78.8,5,22,0,2,1,2024-10-05,['RB'],0,0,0,0,0,0,0,0,0,1,0,0,0
Mads Hermansen,Leicester City,30,DEN,GK,24,90.0,0,0,0,0,0,0,0,0,48,0,0,0,0.0,0.0,0.0,0,0,31,46,67.4,0,27,0,0,0,2024-10-05,['GK'],0,0,0,0,0,1,0,0,0,0,0,0,0
Evanilson,Bournemouth,9,BRA,FW,24,80.0,0,0,0,0,3,0,0,0,15,1,0,0,0.1,0.1,0.1,3,0,4,9,44.4,1,12,1,1,0,2024-10-05,['FW'],0,0,0,0,1,0,0,0,0,0,0,0,0
David Brooks,Bournemouth,7,WAL,RM,27,10.0,0,0,0,0,0,0,0,0,8,0,0,0,0.0,0.0,0.3,2,0,7,7,100.0,3,7,0,0,0,2024-10-05,['RM'],0,0,0,0,0,0,0,0,0,0,1,0,0
Marcus Tavernier,Bournemouth,16,ENG,"LW,AM,CM",25,90.0,0,0,0,0,2,0,0,0,54,3,0,0,0.1,0.1,0.1,4,0,25,46,54.3,6,34,3,2,1,2024-10-05,"['LW', 'AM', 'CM']",1,0,1,0,0,0,0,0,1,0,0,0,0
Antoine Semenyo,Bournemouth,24,GHA,"RW,FW,RM",24,90.0,0,0,0,0,3,0,0,0,50,4,0,2,0.3,0.3,0.0,4,0,21,33,63.6,4,23,3,6,4,2024-10-05,"['RW', 'FW', 'RM']",0,0,0,0,1,0,0,0,0,0,1,1,0
Justin Kluivert,Bournemouth,19,NED,AM,25,45.0,0,0,0,0,2,1,0,0,20,0,0,2,0.1,0.1,0.0,0,0,8,11,72.7,1,10,0,1,0,2024-10-05,['AM'],1,0,0,0,0,0,0,0,0,0,0,0,0
Dango Ouattara,Bournemouth,11,BFA,"LB,LW",22,45.0,0,0,0,0,2,0,0,0,28,2,1,0,0.7,0.7,0.0,1,0,16,22,72.7,3,15,1,0,0,2024-10-05,"['LB', 'LW']",0,0,0,0,0,0,1,0,1,0,0,0,0
Ryan Christie,Bournemouth,10,SCO,DM,29,73.0,0,0,0,0,2,1,0,0,51,1,0,2,0.1,0.1,0.0,5,0,33,39,84.6,4,33,1,1,1,2024-10-05,['DM'],0,0,0,1,0,0,0,0,0,0,0,0,0
Enes Ünal,Bournemouth,26,TUR,FW,27,17.0,0,0,0,0,2,0,0,0,9,0,0,0,0.4,0.4,0.0,0,0,2,5,40.0,1,7,0,0,0,2024-10-05,['FW'],0,0,0,0,1,0,0,0,0,0,0,0,0
Lewis Cook,Bournemouth,4,ENG,"DM,RB",27,90.0,0,0,0,0,0,0,0,0,76,4,2,0,0.0,0.0,0.5,6,0,48,67,71.6,8,37,0,0,0,2024-10-05,"['DM', 'RB']",0,0,0,1,0,0,0,0,0,1,0,0,0
Milos Kerkez,Bournemouth,3,HUN,LB,20,62.0,0,0,0,0,0,0,0,0,36,0,1,0,0.0,0.0,0.0,2,0,25,32,78.1,5,20,4,1,0,2024-10-05,['LB'],0,0,0,0,0,0,1,0,0,0,0,0,0
Luis Sinisterra,Bournemouth,17,COL,"LM,LW",25,28.0,0,0,0,0,1,0,0,0,17,0,0,0,0.0,0.0,0.6,5,0,11,14,78.6,0,16,4,4,3,2024-10-05,"['LM', 'LW']",0,0,0,0,0,0,0,1,1,0,0,0,0
Marcos Senesi,Bournemouth,5,ARG,CB,27,90.0,0,0,0,0,1,0,1,0,75,3,1,2,0.1,0.1,0.1,1,0,53,60,88.3,8,44,2,0,0,2024-10-05,['CB'],0,1,0,0,0,0,0,0,0,0,0,0,0
Illia Zabarnyi,Bournemouth,27,UKR,CB,22,90.0,0,0,0,0,1,0,0,0,71,1,1,1,0.1,0.1,0.0,0,0,58,63,92.1,5,49,1,0,0,2024-10-05,['CB'],0,1,0,0,0,0,0,0,0,0,0,0,0
Adam Smith,Bournemouth,15,ENG,RB,33,62.0,0,0,0,0,0,0,0,0,37,1,0,0,0.0,0.0,0.0,0,0,26,32,81.3,2,17,0,0,0,2024-10-05,['RB'],0,0,0,0,0,0,0,0,0,1,0,0,0
Alex Scott,Bournemouth,8,ENG,DM,21,28.0,0,0,0,0,0,0,0,0,25,2,0,0,0.0,0.0,0.1,2,0,19,20,95.0,10,17,0,1,0,2024-10-05,['DM'],0,0,0,1,0,0,0,0,0,0,0,0,0
Kepa Arrizabalaga,Bournemouth,13,ESP,GK,30,90.0,0,0,0,0,0,0,0,0,35,0,0,0,0.0,0.0,0.0,0,0,29,34,85.3,0,24,0,0,0,2024-10-05,['GK'],0,0,0,0,0,1,0,0,0,0,0,0,0
Dominic Calvert-Lewin,Everton,9,ENG,FW,27,90.0,0,0,0,0,2,2,0,0,30,0,0,0,0.2,0.2,0.0,2,0,8,17,47.1,1,15,1,1,0,2024-10-05,['FW'],0,0,0,0,1,0,0,0,0,0,0,0,0
Iliman Ndiaye,Everton,10,SEN,LW,24,90.0,0,0,0,0,0,0,0,0,37,1,0,2,0.0,0.0,0.0,3,0,20,24,83.3,2,19,5,11,5,2024-10-05,['LW'],0,0,0,0,0,0,0,0,1,0,0,0,0
Jack Harrison,Everton,11,ENG,RW,27,67.0,0,0,0,0,0,0,0,0,34,1,1,1,0.0,0.0,0.0,1,0,16,22,72.7,2,20,1,3,1,2024-10-05,['RW'],0,0,0,0,0,0,0,0,0,0,0,1,0
Tim Iroegbunam,Everton,42,ENG,DM,21,23.0,0,0,0,0,0,0,0,0,10,1,0,1,0.0,0.0,0.0,0,0,3,5,60.0,0,0,0,0,0,2024-10-05,['DM'],0,0,0,1,0,0,0,0,0,0,0,0,0
Dwight McNeil,Everton,7,ENG,"AM,RW",24,90.0,0,0,0,0,2,0,1,0,34,0,1,1,0.0,0.0,0.1,3,0,17,21,81.0,5,25,2,3,2,2024-10-05,"['AM', 'RW']",1,0,0,0,0,0,0,0,0,0,0,1,0
Orel Mangala,Everton,8,BEL,DM,26,56.0,0,0,0,0,1,0,0,0,24,1,1,0,0.0,0.0,0.0,0,0,17,18,94.4,0,17,0,0,0,2024-10-05,['DM'],0,0,0,1,0,0,0,0,0,0,0,0,0
Idrissa Gana Gueye,Everton,27,SEN,DM,35,34.0,0,0,0,0,2,0,0,0,27,1,1,1,0.4,0.4,0.0,1,0,13,20,65.0,3,10,0,1,1,2024-10-05,['DM'],0,0,0,1,0,0,0,0,0,0,0,0,0
Abdoulaye Doucouré,Everton,16,MLI,"DM,AM",31,90.0,0,0,0,0,0,0,0,0,40,3,0,2,0.0,0.0,0.1,3,0,23,31,74.2,5,20,1,2,1,2024-10-05,"['DM', 'AM']",1,0,0,1,0,0,0,0,0,0,0,0,0
Ashley Young,Everton,18,ENG,LB,39,90.0,0,0,0,0,0,0,0,0,45,2,1,0,0.0,0.0,0.1,1,0,26,36,72.2,3,16,0,0,0,2024-10-05,['LB'],0,0,0,0,0,0,1,0,0,0,0,0,0
Michael Keane,Everton,5,ENG,CB,31,90.0,0,0,0,0,0,0,0,0,44,0,3,0,0.0,0.0,0.0,0,0,29,32,90.6,1,25,0,0,0,2024-10-05,['CB'],0,1,0,0,0,0,0,0,0,0,0,0,0
James Tarkowski,Everton,6,ENG,CB,31,90.0,0,0,0,0,0,0,0,0,57,4,0,2,0.0,0.0,0.0,0,0,31,40,77.5,3,27,0,1,1,2024-10-05,['CB'],0,1,0,0,0,0,0,0,0,0,0,0,0
James Garner,Everton,37,ENG,RB,23,90.0,0,0,0,0,1,0,0,0,45,5,2,0,0.0,0.0,0.0,1,0,22,34,64.7,0,21,0,2,2,2024-10-05,['RB'],0,0,0,0,0,0,0,0,0,1,0,0,0
Jordan Pickford,Everton,1,ENG,GK,30,90.0,0,0,0,0,0,0,0,0,42,0,0,0,0.0,0.0,0.0,0,0,21,40,52.5,0,17,0,0,0,2024-10-05,['GK'],0,0,0,0,0,1,0,0,0,0,0,0,0
Anthony Gordon,Newcastle United,10,ENG,FW,23,90.0,0,0,0,1,1,0,0,0,43,1,0,3,1.0,0.2,0.2,3,0,24,30,80.0,2,27,6,5,1,2024-10-05,['FW'],0,0,0,0,1,0,0,0,0,0,0,0,0
Harvey Barnes,Newcastle United,11,ENG,LW,26,61.0,0,0,0,0,0,0,0,0,36,3,1,1,0.0,0.0,0.0,0,0,18,23,78.3,4,24,5,2,0,2024-10-05,['LW'],0,0,0,0,0,0,0,0,1,0,0,0,0
Miguel Almirón,Newcastle United,24,PAR,RW,30,29.0,0,0,0,0,2,0,0,0,17,1,0,0,0.2,0.2,0.2,2,0,12,14,85.7,2,14,1,1,0,2024-10-05,['RW'],0,0,0,0,0,0,0,0,0,0,0,1,0
Jacob Murphy,Newcastle United,23,ENG,"RW,LW",29,68.0,0,0,0,0,1,1,0,0,40,4,1,1,0.1,0.1,0.0,2,0,24,30,80.0,3,21,1,2,1,2024-10-05,"['RW', 'LW']",0,0,0,0,0,0,0,0,1,0,0,1,0
Joe Willock,Newcastle United,28,ENG,LW,25,22.0,0,0,0,0,0,0,0,0,17,0,0,2,0.0,0.0,0.0,0,0,11,13,84.6,1,9,2,3,1,2024-10-05,['LW'],0,0,0,0,0,0,0,0,1,0,0,0,0
Joelinton,Newcastle United,7,BRA,LM,28,90.0,0,0,0,0,4,0,0,0,66,3,0,1,0.3,0.3,0.5,3,0,48,53,90.6,8,42,6,2,1,2024-10-05,['LM'],0,0,0,0,0,0,0,1,0,0,0,0,0
Bruno Guimarães,Newcastle United,39,BRA,CM,26,90.0,0,0,0,0,2,0,0,0,89,3,2,0,0.3,0.3,0.0,2,0,71,80,88.8,6,67,3,2,0,2024-10-05,['CM'],0,0,1,0,0,0,0,0,0,0,0,0,0
Sandro Tonali,Newcastle United,8,ITA,RM,24,70.0,0,0,0,0,2,0,0,0,58,1,1,2,0.2,0.2,0.0,1,0,33,47,70.2,1,40,1,2,1,2024-10-05,['RM'],0,0,0,0,0,0,0,0,0,0,1,0,0
Sean Longstaff,Newcastle United,36,ENG,RM,26,20.0,0,0,0,0,0,0,0,0,24,0,1,0,0.0,0.0,0.0,3,0,19,20,95.0,4,16,0,0,0,2024-10-05,['RM'],0,0,0,0,0,0,0,0,0,0,1,0,0
Lewis Hall,Newcastle United,20,ENG,LB,20,90.0,0,0,0,0,0,0,1,0,108,2,1,3,0.0,0.0,0.1,3,0,76,96,79.2,5,59,0,0,0,2024-10-05,['LB'],0,0,0,0,0,0,1,0,0,0,0,0,0
Dan Burn,Newcastle United,33,ENG,CB,32,90.0,0,0,0,0,1,0,0,0,92,2,0,0,0.0,0.0,0.0,0,0,76,83,91.6,2,64,0,0,0,2024-10-05,['CB'],0,1,0,0,0,0,0,0,0,0,0,0,0
Fabian Schär,Newcastle United,5,SUI,CB,32,90.0,0,0,0,0,0,0,1,0,79,2,1,0,0.0,0.0,0.0,0,0,66,74,89.2,8,57,0,0,0,2024-10-05,['CB'],0,1,0,0,0,0,0,0,0,0,0,0,0
Kieran Trippier,Newcastle United,2,ENG,RB,34,70.0,0,0,0,0,0,0,0,0,91,3,0,1,0.0,0.0,0.2,6,0,71,86,82.6,6,51,0,0,0,2024-10-05,['RB'],0,0,0,0,0,0,0,0,0,1,0,0,0
Valentino Livramento,Newcastle United,21,ENG,RB,21,20.0,0,0,0,0,0,0,0,0,23,0,0,0,0.0,0.0,0.0,1,0,17,22,77.3,2,14,3,1,1,2024-10-05,['RB'],0,0,0,0,0,0,0,0,0,1,0,0,0
Nick Pope,Newcastle United,22,ENG,GK,32,90.0,0,0,0,0,0,0,0,0,33,0,0,0,0.0,0.0,0.0,0,0,28,32,87.5,0,20,0,0,0,2024-10-05,['GK'],0,0,0,0,0,1,0,0,0,0,0,0,0
Ollie Watkins,Aston Villa,11,ENG,FW,28,90.0,0,0,0,0,2,0,0,0,21,1,1,0,0.1,0.1,0.1,4,0,11,14,78.6,0,14,2,1,0,2024-10-06,['FW'],0,0,0,0,1,0,0,0,0,0,0,0,0
Jaden Philogene Bidace,Aston Villa,19,ENG,"LW,RM",22,90.0,0,0,0,0,2,0,0,0,26,2,0,0,0.1,0.1,0.0,0,0,12,17,70.6,2,14,0,2,1,2024-10-06,"['LW', 'RM']",0,0,0,0,0,0,0,0,1,0,1,0,0
Leon Bailey,Aston Villa,31,JAM,RW,27,62.0,0,0,0,0,1,0,0,0,27,0,0,0,0.0,0.0,0.0,2,0,17,21,81.0,2,24,2,4,1,2024-10-06,['RW'],0,0,0,0,0,0,0,0,0,0,0,1,0
Jhon Durán,Aston Villa,9,COL,FW,20,28.0,0,0,0,0,0,0,0,0,15,0,0,0,0.0,0.0,0.0,0,0,7,11,63.6,2,9,2,3,1,2024-10-06,['FW'],0,0,0,0,1,0,0,0,0,0,0,0,0
Morgan Rogers,Aston Villa,27,ENG,"AM,LM",22,90.0,0,0,0,0,2,0,0,0,35,0,0,1,0.1,0.1,0.0,3,0,19,23,82.6,3,29,2,4,2,2024-10-06,"['AM', 'LM']",1,0,0,0,0,0,0,1,0,0,0,0,0
Youri Tielemans,Aston Villa,8,BEL,"DM,CM",27,90.0,0,0,0,0,2,1,0,0,67,3,1,2,0.1,0.1,0.0,4,0,38,58,65.5,5,40,0,1,0,2024-10-06,"['DM', 'CM']",0,0,1,1,0,0,0,0,0,0,0,0,0
Ross Barkley,Aston Villa,6,ENG,"DM,CM",30,90.0,0,0,0,0,0,0,1,0,51,2,0,0,0.0,0.0,0.1,2,0,35,44,79.5,9,34,3,1,1,2024-10-06,"['DM', 'CM']",0,0,1,1,0,0,0,0,0,0,0,0,0
Lucas Digne,Aston Villa,12,FRA,LB,31,84.0,0,0,0,0,1,0,0,0,60,4,2,0,0.0,0.0,0.0,2,0,34,50,68.0,0,32,2,0,0,2024-10-06,['LB'],0,0,0,0,0,0,1,0,0,0,0,0,0
Ian Maatsen,Aston Villa,22,NED,LB,22,6.0,0,0,0,0,0,0,0,0,8,0,0,0,0.0,0.0,0.1,1,0,7,7,100.0,0,2,1,0,0,2024-10-06,['LB'],0,0,0,0,0,0,1,0,0,0,0,0,0
Pau Torres,Aston Villa,14,ESP,CB,27,90.0,0,0,0,0,0,0,0,0,65,0,0,0,0.0,0.0,0.0,3,0,53,62,85.5,6,51,3,0,0,2024-10-06,['CB'],0,1,0,0,0,0,0,0,0,0,0,0,0
Ezri Konsa,Aston Villa,4,ENG,CB,26,11.0,0,0,0,0,0,0,0,0,10,0,0,0,0.0,0.0,0.0,0,0,10,10,100.0,2,10,0,0,0,2024-10-06,['CB'],0,1,0,0,0,0,0,0,0,0,0,0,0
Diego Carlos,Aston Villa,3,BRA,CB,31,79.0,0,0,0,0,0,0,0,0,59,0,1,0,0.0,0.0,0.0,0,0,45,49,91.8,4,43,0,0,0,2024-10-06,['CB'],0,1,0,0,0,0,0,0,0,0,0,0,0
Matty Cash,Aston Villa,2,POL,RB,27,90.0,0,0,0,0,1,0,0,0,60,0,1,1,0.0,0.0,0.0,1,0,44,53,83.0,3,38,4,2,1,2024-10-06,['RB'],0,0,0,0,0,0,0,0,0,1,0,0,0
Emiliano Martínez,Aston Villa,23,ARG,GK,32,90.0,0,0,0,0,0,0,0,0,37,0,0,0,0.0,0.0,0.0,0,0,27,35,77.1,0,23,0,0,0,2024-10-06,['GK'],0,0,0,0,0,1,0,0,0,0,0,0,0
Rasmus Højlund,Manchester United,9,DEN,FW,21,63.0,0,0,0,0,0,0,0,0,14,0,0,2,0.0,0.0,0.0,0,0,5,6,83.3,0,7,1,2,0,2024-10-06,['FW'],0,0,0,0,1,0,0,0,0,0,0,0,0
Joshua Zirkzee,Manchester United,11,NED,FW,23,27.0,0,0,0,0,0,0,0,0,7,0,0,0,0.0,0.0,0.0,0,0,4,7,57.1,0,3,0,0,0,2024-10-06,['FW'],0,0,0,0,1,0,0,0,0,0,0,0,0
Marcus Rashford,Manchester United,10,ENG,LW,26,63.0,0,0,0,0,2,2,1,0,24,0,1,1,0.2,0.2,0.0,4,0,13,20,65.0,1,13,1,1,1,2024-10-06,['LW'],0,0,0,0,0,0,0,0,1,0,0,0,0
Antony,Manchester United,21,BRA,RW,24,27.0,0,0,0,0,2,1,0,0,14,1,1,1,0.1,0.1,0.0,1,0,4,7,57.1,0,7,1,1,0,2024-10-06,['RW'],0,0,0,0,0,0,0,0,0,0,0,1,0
Alejandro Garnacho,Manchester United,17,ARG,"RW,LW",20,90.0,0,0,0,0,3,1,0,0,38,3,1,1,0.1,0.1,0.0,2,0,18,21,85.7,0,25,5,3,1,2024-10-06,"['RW', 'LW']",0,0,0,0,0,0,0,0,1,0,0,1,0
Bruno Fernandes,Manchester United,8,POR,AM,30,90.0,0,0,0,0,1,0,0,0,60,0,3,3,0.0,0.0,0.0,1,0,38,44,86.4,7,29,1,2,0,2024-10-06,['AM'],1,0,0,0,0,0,0,0,0,0,0,0,0
Christian Eriksen,Manchester United,14,DEN,DM,32,90.0,0,0,0,0,0,0,1,0,53,1,0,0,0.0,0.0,0.1,2,0,44,51,86.3,3,28,0,0,0,2024-10-06,['DM'],0,0,0,1,0,0,0,0,0,0,0,0,0
Kobbie Mainoo,Manchester United,37,ENG,DM,19,84.0,0,0,0,0,1,0,1,0,53,2,0,1,0.0,0.0,0.0,1,0,36,41,87.8,4,31,0,3,2,2024-10-06,['DM'],0,0,0,1,0,0,0,0,0,0,0,0,0
Casemiro,Manchester United,18,BRA,DM,32,6.0,0,0,0,0,0,0,0,0,7,0,0,0,0.0,0.0,0.0,1,0,4,6,66.7,2,2,0,0,0,2024-10-06,['DM'],0,0,0,1,0,0,0,0,0,0,0,0,0
Diogo Dalot,Manchester United,20,POR,LB,25,90.0,0,0,0,0,0,0,0,0,38,2,1,1,0.0,0.0,0.0,2,0,22,29,75.9,1,16,1,0,0,2024-10-06,['LB'],0,0,0,0,0,0,1,0,0,0,0,0,0
Jonny Evans,Manchester United,35,NIR,CB,36,90.0,0,0,0,0,1,0,0,0,50,4,0,1,0.1,0.1,0.0,0,0,36,42,85.7,3,24,1,0,0,2024-10-06,['CB'],0,1,0,0,0,0,0,0,0,0,0,0,0
Harry Maguire,Manchester United,5,ENG,CB,31,45.0,0,0,0,0,0,0,1,0,28,0,1,0,0.0,0.0,0.0,0,0,19,25,76.0,1,15,0,0,0,2024-10-06,['CB'],0,1,0,0,0,0,0,0,0,0,0,0,0
Matthijs de Ligt,Manchester United,4,NED,CB,25,45.0,0,0,0,0,0,0,0,0,26,4,1,0,0.0,0.0,0.0,1,0,13,17,76.5,1,6,0,0,0,2024-10-06,['CB'],0,1,0,0,0,0,0,0,0,0,0,0,0
Noussair Mazraoui,Manchester United,3,MAR,RB,26,45.0,0,0,0,0,0,0,0,0,36,1,2,0,0.0,0.0,0.0,0,0,25,30,83.3,1,18,0,0,0,2024-10-06,['RB'],0,0,0,0,0,0,0,0,0,1,0,0,0
Victor Lindelöf,Manchester United,2,SWE,RB,30,45.0,0,0,0,0,0,0,1,0,23,3,1,1,0.0,0.0,0.0,0,0,14,14,100.0,0,6,0,0,0,2024-10-06,['RB'],0,0,0,0,0,0,0,0,0,1,0,0,0
André Onana,Manchester United,24,CMR,GK,28,90.0,0,0,0,0,0,0,0,0,37,0,0,0,0.0,0.0,0.0,0,0,25,36,69.4,0,25,0,0,0,2024-10-06,['GK'],0,0,0,0,0,1,0,0,0,0,0,0,0
Nicolas Jackson,Chelsea,15,SEN,FW,23,80.0,0,0,0,0,1,1,0,0,26,1,0,1,0.5,0.5,0.0,3,0,14,16,87.5,1,13,3,2,2,2024-10-06,['FW'],0,0,0,0,1,0,0,0,0,0,0,0,0
Christopher Nkunku,Chelsea,18,FRA,FW,26,10.0,0,0,0,0,1,1,0,0,9,0,0,1,0.5,0.5,0.0,0,0,3,5,60.0,0,3,0,0,0,2024-10-06,['FW'],0,0,0,0,1,0,0,0,0,0,0,0,0
Jadon Sancho,Chelsea,19,ENG,LW,24,89.0,0,0,0,0,0,0,0,0,43,1,0,0,0.0,0.0,0.3,5,1,31,40,77.5,5,27,8,3,3,2024-10-06,['LW'],0,0,0,0,0,0,0,0,1,0,0,0,0
Mykhailo Mudryk,Chelsea,10,UKR,LW,23,1.0,0,0,0,0,0,0,0,0,6,0,0,0,0.0,0.0,0.5,1,0,3,5,60.0,0,4,2,0,0,2024-10-06,['LW'],0,0,0,0,0,0,0,0,1,0,0,0,0
Noni Madueke,Chelsea,11,ENG,RW,22,89.0,1,0,0,0,7,2,0,0,49,3,1,1,0.3,0.3,0.6,6,0,28,36,77.8,6,31,9,5,3,2024-10-06,['RW'],0,0,0,0,0,0,0,0,0,0,0,1,0
Pedro Neto,Chelsea,7,POR,RW,24,1.0,0,0,0,0,0,0,1,0,11,0,0,0,0.0,0.0,0.2,2,0,8,10,80.0,0,8,1,1,0,2024-10-06,['RW'],0,0,0,0,0,0,0,0,0,0,0,1,0
Cole Palmer,Chelsea,20,ENG,"AM,RM",22,90.0,0,1,0,0,6,2,1,0,76,1,0,0,0.7,0.7,0.6,11,1,50,66,75.8,16,44,7,1,1,2024-10-06,"['AM', 'RM']",1,0,0,0,0,0,0,0,0,0,1,0,0
Enzo Fernández,Chelsea,8,ARG,DM,23,80.0,0,0,0,0,1,1,0,0,57,1,1,3,0.1,0.1,0.1,3,0,37,47,78.7,11,22,0,1,1,2024-10-06,['DM'],0,0,0,1,0,0,0,0,0,0,0,0,0
João Félix,Chelsea,14,POR,LM,24,10.0,0,0,0,0,2,0,0,0,14,1,1,0,0.2,0.2,0.0,1,0,9,10,90.0,0,8,0,0,0,2024-10-06,['LM'],0,0,0,0,0,0,0,1,0,0,0,0,0
Moisés Caicedo,Chelsea,25,ECU,"DM,CM",22,90.0,0,0,0,0,1,0,1,0,75,3,0,1,0.0,0.0,0.0,4,0,59,67,88.1,8,32,2,0,0,2024-10-06,"['DM', 'CM']",0,0,1,1,0,0,0,0,0,0,0,0,0
Marc Cucurella,Chelsea,3,ESP,LB,26,90.0,0,0,0,0,0,0,1,0,65,2,1,1,0.0,0.0,0.0,1,0,56,59,94.9,3,16,2,0,0,2024-10-06,['LB'],0,0,0,0,0,0,1,0,0,0,0,0,0
Levi Colwill,Chelsea,6,ENG,CB,21,89.0,0,0,0,0,0,0,1,0,85,0,3,2,0.0,0.0,0.0,1,0,73,78,93.6,6,39,0,2,1,2024-10-06,['CB'],0,1,0,0,0,0,0,0,0,0,0,0,0
Tosin Adarabioyo,Chelsea,4,ENG,CB,27,1.0,0,0,0,0,0,0,0,0,8,0,0,0,0.0,0.0,0.0,0,0,8,8,100.0,0,2,0,0,0,2024-10-06,['CB'],0,1,0,0,0,0,0,0,0,0,0,0,0
Wesley Fofana,Chelsea,29,FRA,CB,23,90.0,0,0,0,0,0,0,1,0,86,1,1,1,0.0,0.0,0.0,0,0,66,76,86.8,2,45,3,0,0,2024-10-06,['CB'],0,1,0,0,0,0,0,0,0,0,0,0,0
Malo Gusto,Chelsea,27,FRA,RB,21,90.0,0,0,0,0,3,1,0,0,98,0,0,3,0.1,0.1,0.0,2,0,75,89,84.3,11,38,2,1,0,2024-10-06,['RB'],0,0,0,0,0,0,0,0,0,1,0,0,0
Robert Sánchez,Chelsea,1,ESP,GK,26,90.0,0,0,0,0,0,0,0,0,33,0,0,0,0.0,0.0,0.0,1,0,23,29,79.3,0,19,0,0,0,2024-10-06,['GK'],0,0,0,0,0,1,0,0,0,0,0,0,0
Chris Wood,Nottingham Forest,11,NZL,FW,32,81.0,1,0,0,0,1,1,0,0,17,1,0,0,0.2,0.2,0.0,0,0,4,7,57.1,0,9,0,0,0,2024-10-06,['FW'],0,0,0,0,1,0,0,0,0,0,0,0,0
Anthony Elanga,Nottingham Forest,21,SWE,LM,22,9.0,0,0,0,0,0,0,0,0,10,0,1,1,0.0,0.0,0.0,1,0,2,6,33.3,0,1,0,0,0,2024-10-06,['LM'],0,0,0,0,0,0,0,1,0,0,0,0,0
Elliot Anderson,Nottingham Forest,8,ENG,LW,21,65.0,0,0,0,0,2,1,0,0,43,1,0,3,0.1,0.1,0.0,0,0,28,33,84.8,3,27,0,3,1,2024-10-06,['LW'],0,0,0,0,0,0,0,0,1,0,0,0,0
Jota Silva,Nottingham Forest,20,POR,"RM,RW",25,25.0,0,0,0,0,1,1,0,0,12,2,0,1,0.1,0.1,0.0,2,0,3,5,60.0,1,6,2,4,1,2024-10-06,"['RM', 'RW']",0,0,0,0,0,0,0,0,0,0,1,1,0
Callum Hudson-Odoi,Nottingham Forest,14,ENG,"RW,LW",23,81.0,0,0,0,0,0,0,0,0,32,1,1,0,0.0,0.0,0.2,4,0,26,27,96.3,0,20,4,2,1,2024-10-06,"['RW', 'LW']",0,0,0,0,0,0,0,0,1,0,0,1,0
Morato,Nottingham Forest,4,BRA,CB,23,9.0,0,0,0,0,0,0,0,0,6,0,0,0,0.0,0.0,0.0,0,0,1,2,50.0,0,0,0,0,0,2024-10-06,['CB'],0,1,0,0,0,0,0,0,0,0,0,0,0
Morgan Gibbs-White,Nottingham Forest,10,ENG,AM,24,75.0,0,0,0,0,2,1,0,0,40,0,0,1,0.1,0.1,0.0,4,0,22,30,73.3,3,18,2,3,1,2024-10-06,['AM'],1,0,0,0,0,0,0,0,0,0,0,0,0
Nicolás Domínguez,Nottingham Forest,16,ARG,"CM,DM,AM",26,15.0,0,0,0,0,0,0,0,0,7,0,0,1,0.0,0.0,0.0,0,0,4,5,80.0,0,2,0,0,0,2024-10-06,"['CM', 'DM', 'AM']",1,0,1,1,0,0,0,0,0,0,0,0,0
James Ward-Prowse,Nottingham Forest,18,ENG,DM,29,77.0,0,0,0,0,1,1,2,1,45,1,0,0,0.0,0.0,0.0,3,1,35,42,83.3,4,22,1,0,0,2024-10-06,['DM'],0,0,0,1,0,0,0,0,0,0,0,0,0
Ryan Yates,Nottingham Forest,22,ENG,"DM,CM",26,90.0,0,0,0,0,3,1,0,0,43,1,1,5,0.2,0.2,0.0,2,0,21,25,84.0,3,17,1,3,2,2024-10-06,"['DM', 'CM']",0,0,1,1,0,0,0,0,0,0,0,0,0
Álex Moreno,Nottingham Forest,19,ESP,LB,31,81.0,0,0,0,0,1,0,0,0,37,3,1,1,0.0,0.0,0.0,1,0,17,25,68.0,3,15,0,1,1,2024-10-06,['LB'],0,0,0,0,0,0,1,0,0,0,0,0,0
Neco Williams,Nottingham Forest,7,WAL,LB,23,9.0,0,0,0,0,2,2,1,0,7,0,0,1,0.2,0.2,0.0,1,0,1,3,33.3,1,2,0,0,0,2024-10-06,['LB'],0,0,0,0,0,0,1,0,0,0,0,0,0
Murillo,Nottingham Forest,5,BRA,CB,22,90.0,0,0,0,0,2,1,0,0,43,1,1,2,0.1,0.1,0.0,1,0,21,30,70.0,1,18,2,2,1,2024-10-06,['CB'],0,1,0,0,0,0,0,0,0,0,0,0,0
Nikola Milenković,Nottingham Forest,31,SRB,CB,26,90.0,0,1,0,0,0,0,0,0,22,1,1,0,0.0,0.0,0.2,2,1,11,19,57.9,0,4,0,0,0,2024-10-06,['CB'],0,1,0,0,0,0,0,0,0,0,0,0,0
Ola Aina,Nottingham Forest,34,NGA,RB,27,90.0,0,0,0,0,1,0,0,0,54,0,0,2,0.0,0.0,0.1,4,0,37,44,84.1,1,19,2,1,1,2024-10-06,['RB'],0,0,0,0,0,0,0,0,0,1,0,0,0
Matz Sels,Nottingham Forest,26,BEL,GK,32,90.0,0,0,0,0,0,0,1,0,41,0,0,0,0.0,0.0,0.0,1,0,16,36,44.4,0,16,0,0,0,2024-10-06,['GK'],0,0,0,0,0,1,0,0,0,0,0,0,0
Danny Welbeck,Brighton & Hove Albion,18,ENG,FW,33,90.0,1,0,0,0,3,1,0,0,34,0,0,1,1.1,1.1,0.1,4,0,17,20,85.0,3,19,2,4,1,2024-10-06,['FW'],0,0,0,0,1,0,0,0,0,0,0,0,0
Kaoru Mitoma,Brighton & Hove Albion,22,JPN,LW,27,90.0,0,1,0,0,3,1,0,0,50,3,2,0,0.1,0.1,0.7,3,1,22,33,66.7,4,25,5,5,0,2024-10-06,['LW'],0,0,0,0,0,0,0,0,1,0,0,0,0
Yankuba Minteh,Brighton & Hove Albion,17,GAM,RW,20,86.0,1,0,0,0,2,1,0,0,34,1,1,0,0.3,0.3,0.0,1,0,14,20,70.0,1,22,2,6,2,2024-10-06,['RW'],0,0,0,0,0,0,0,0,0,0,0,1,0
Brajan Gruda,Brighton & Hove Albion,8,GER,RW,20,4.0,0,0,0,0,0,0,0,0,5,0,0,0,0.0,0.0,0.0,0,0,2,3,66.7,0,3,0,0,0,2024-10-06,['RW'],0,0,0,0,0,0,0,0,0,0,0,1,0
Georginio Rutter,Brighton & Hove Albion,14,FRA,AM,22,72.0,1,0,0,0,2,1,0,0,25,0,0,3,0.2,0.2,0.0,2,1,9,13,69.2,3,17,2,5,2,2024-10-06,['AM'],1,0,0,0,0,0,0,0,0,0,0,0,0
Julio Enciso,Brighton & Hove Albion,10,PAR,AM,20,18.0,0,0,0,0,0,0,0,0,6,0,0,0,0.0,0.0,0.0,0,0,2,3,66.7,0,3,1,1,1,2024-10-06,['AM'],1,0,0,0,0,0,0,0,0,0,0,0,0
Jack Hinshelwood,Brighton & Hove Albion,41,ENG,DM,19,90.0,0,0,0,0,1,0,0,0,38,0,1,0,0.1,0.1,0.0,1,0,25,31,80.6,1,19,0,0,0,2024-10-06,['DM'],0,0,0,1,0,0,0,0,0,0,0,0,0
Carlos Baleba,Brighton & Hove Albion,20,CMR,DM,20,73.0,0,0,0,0,0,0,0,0,34,2,3,0,0.0,0.0,0.0,2,0,23,26,88.5,4,18,0,0,0,2024-10-06,['DM'],0,0,0,1,0,0,0,0,0,0,0,0,0
Mats Wieffer,Brighton & Hove Albion,27,NED,DM,24,17.0,0,0,0,0,0,0,0,0,11,0,1,1,0.0,0.0,0.0,0,0,6,7,85.7,1,5,0,1,1,2024-10-06,['DM'],0,0,0,1,0,0,0,0,0,0,0,0,0
Ferdi Kadioglu,Brighton & Hove Albion,24,TUR,LB,24,45.0,0,0,0,0,0,0,0,0,35,0,1,0,0.0,0.0,0.0,2,0,26,31,83.9,4,17,0,0,0,2024-10-06,['LB'],0,0,0,0,0,0,1,0,0,0,0,0,0
Pervis Estupiñán,Brighton & Hove Albion,30,ECU,LB,26,45.0,0,0,0,0,0,0,0,0,32,4,0,0,0.0,0.0,0.0,3,2,20,26,76.9,1,14,0,0,0,2024-10-06,['LB'],0,0,0,0,0,0,1,0,0,0,0,0,0
Lewis Dunk,Brighton & Hove Albion,5,ENG,CB,32,90.0,0,0,0,0,0,0,0,0,56,0,1,2,0.0,0.0,0.0,1,1,44,50,88.0,7,34,2,0,0,2024-10-06,['CB'],0,1,0,0,0,0,0,0,0,0,0,0,0
Adam Webster,Brighton & Hove Albion,4,ENG,CB,29,8.0,0,0,0,0,0,0,0,0,6,0,0,2,0.0,0.0,0.0,0,0,1,3,33.3,0,3,0,0,0,2024-10-06,['CB'],0,1,0,0,0,0,0,0,0,0,0,0,0
Igor,Brighton & Hove Albion,3,BRA,CB,26,82.0,0,0,0,0,0,0,1,0,63,0,0,4,0.0,0.0,0.0,1,0,55,58,94.8,5,35,1,0,0,2024-10-06,['CB'],0,1,0,0,0,0,0,0,0,0,0,0,0
Joël Veltman,Brighton & Hove Albion,34,NED,RB,32,90.0,0,0,0,0,0,0,0,0,52,2,1,2,0.0,0.0,0.0,1,1,29,38,76.3,4,27,3,2,0,2024-10-06,['RB'],0,0,0,0,0,0,0,0,0,1,0,0,0
Bart Verbruggen,Brighton & Hove Albion,1,NED,GK,22,90.0,0,0,0,0,0,0,1,0,36,0,0,0,0.0,0.0,0.0,0,0,24,35,68.6,0,26,0,0,0,2024-10-06,['GK'],0,0,0,0,0,1,0,0,0,0,0,0,0
Dominic Solanke,Tottenham Hotspur,19,ENG,FW,27,90.0,0,1,0,0,0,0,0,0,18,0,0,0,0.0,0.0,0.5,3,2,14,17,82.4,4,12,2,1,1,2024-10-06,['FW'],0,0,0,0,1,0,0,0,0,0,0,0,0
Timo Werner,Tottenham Hotspur,16,GER,LW,28,78.0,0,1,0,0,2,0,0,0,37,0,1,2,0.1,0.1,0.1,1,1,18,28,64.3,6,28,8,4,3,2024-10-06,['LW'],0,0,0,0,0,0,0,0,1,0,0,0,0
Pape Matar Sarr,Tottenham Hotspur,29,SEN,RM,22,12.0,0,0,0,0,0,0,0,0,8,0,0,0,0.0,0.0,0.0,0,0,4,8,50.0,1,4,1,0,0,2024-10-06,['RM'],0,0,0,0,0,0,0,0,0,0,1,0,0
Brennan Johnson,Tottenham Hotspur,22,WAL,RW,23,90.0,1,0,0,0,3,1,0,0,33,3,0,0,0.6,0.6,0.1,2,0,17,22,77.3,5,21,1,1,1,2024-10-06,['RW'],0,0,0,0,0,0,0,0,0,0,0,1,0
James Maddison,Tottenham Hotspur,10,ENG,LM,27,84.0,1,0,0,0,3,1,0,0,46,1,0,1,0.3,0.3,0.0,4,1,29,37,78.4,5,29,1,2,1,2024-10-06,['LM'],0,0,0,0,0,0,0,1,0,0,0,0,0
Mikey Moore,Tottenham Hotspur,47,ENG,LW,17,6.0,0,0,0,0,0,0,0,0,6,0,0,0,0.0,0.0,0.0,0,0,2,4,50.0,0,4,2,1,1,2024-10-06,['LW'],0,0,0,0,0,0,0,0,1,0,0,0,0
Rodrigo Bentancur,Tottenham Hotspur,30,URU,CM,27,78.0,0,0,0,0,0,0,0,0,55,2,2,1,0.0,0.0,0.0,1,0,39,46,84.8,3,38,0,1,0,2024-10-06,['CM'],0,0,1,0,0,0,0,0,0,0,0,0,0
Yves Bissouma,Tottenham Hotspur,8,MLI,CM,28,12.0,0,0,0,0,0,0,0,0,11,1,0,0,0.0,0.0,0.0,1,0,8,10,80.0,0,8,0,0,0,2024-10-06,['CM'],0,0,1,0,0,0,0,0,0,0,0,0,0
Dejan Kulusevski,Tottenham Hotspur,21,SWE,"RM,LM,LW",24,90.0,0,0,0,0,1,0,1,0,51,1,0,2,0.0,0.0,0.1,2,0,20,32,62.5,7,36,7,7,2,2024-10-06,"['RM', 'LM', 'LW']",0,0,0,0,0,0,0,1,1,0,1,0,0
Destiny Udogie,Tottenham Hotspur,13,ITA,LB,21,90.0,0,0,0,0,1,1,1,0,67,5,1,2,0.1,0.1,0.0,1,0,48,54,88.9,6,36,2,3,2,2024-10-06,['LB'],0,0,0,0,0,0,1,0,0,0,0,0,0
Micky van de Ven,Tottenham Hotspur,37,NED,CB,23,90.0,0,0,0,0,0,0,0,0,102,1,1,0,0.0,0.0,0.0,1,0,93,97,95.9,6,72,0,3,3,2024-10-06,['CB'],0,1,0,0,0,0,0,0,0,0,0,0,0
Cristian Romero,Tottenham Hotspur,17,ARG,CB,26,90.0,0,0,0,0,2,0,0,0,108,2,1,1,0.2,0.2,0.1,3,0,94,98,95.9,2,78,1,0,0,2024-10-06,['CB'],0,1,0,0,0,0,0,0,0,0,0,0,0
Pedro Porro,Tottenham Hotspur,23,ESP,RB,25,90.0,0,0,0,0,1,0,0,0,72,4,1,1,0.0,0.0,0.1,1,0,41,58,70.7,6,39,0,1,0,2024-10-06,['RB'],0,0,0,0,0,0,0,0,0,1,0,0,0
Guglielmo Vicario,Tottenham Hotspur,1,ITA,GK,27,90.0,0,0,0,0,0,0,0,0,62,0,0,0,0.0,0.0,0.0,0,0,58,60,96.7,0,47,0,0,0,2024-10-06,['GK'],0,0,0,0,0,1,0,0,0,0,0,0,0
Dominic Solanke,Tottenham Hotspur,19,ENG,FW,27,80.0,0,0,0,0,1,0,0,0,23,2,0,0,0.1,0.1,0.1,2,1,9,12,75.0,2,12,1,5,2,2024-10-19,['FW'],0,0,0,0,1,0,0,0,0,0,0,0,0
Richarlison,Tottenham Hotspur,9,BRA,FW,27,10.0,0,0,0,0,0,0,0,0,4,0,0,0,0.0,0.0,0.0,1,0,2,4,50.0,2,5,0,0,0,2024-10-19,['FW'],0,0,0,0,1,0,0,0,0,0,0,0,0
Son Heung-min,Tottenham Hotspur,7,KOR,LW,32,69.0,1,0,0,0,5,2,0,0,42,0,0,0,0.3,0.3,0.1,5,1,26,34,76.5,8,28,5,2,1,2024-10-19,['LW'],0,0,0,0,0,0,0,0,1,0,0,0,0
Timo Werner,Tottenham Hotspur,16,GER,LW,28,21.0,0,0,0,0,1,1,0,0,9,0,0,1,0.0,0.0,0.0,0,0,2,5,40.0,0,5,0,0,0,2024-10-19,['LW'],0,0,0,0,0,0,0,0,1,0,0,0,0
Brennan Johnson,Tottenham Hotspur,22,WAL,RW,23,90.0,0,0,0,0,5,1,0,0,29,1,0,0,0.5,0.5,0.0,3,0,14,17,82.4,2,21,1,4,0,2024-10-19,['RW'],0,0,0,0,0,0,0,0,0,0,0,1,0
James Maddison,Tottenham Hotspur,10,ENG,LM,27,45.0,0,1,0,0,0,0,0,0,48,0,1,0,0.0,0.0,0.4,6,1,34,42,81.0,5,33,1,3,1,2024-10-19,['LM'],0,0,0,0,0,0,0,1,0,0,0,0,0
Pape Matar Sarr,Tottenham Hotspur,29,SEN,LM,22,45.0,0,1,0,0,0,0,0,0,26,2,0,1,0.0,0.0,0.1,1,1,19,20,95.0,4,19,0,0,0,2024-10-19,['LM'],0,0,0,0,0,0,0,1,0,0,0,0,0
Yves Bissouma,Tottenham Hotspur,8,MLI,CM,28,80.0,1,0,0,0,1,1,0,0,52,5,0,0,0.1,0.1,0.0,1,0,36,39,92.3,6,27,0,0,0,2024-10-19,['CM'],0,0,1,0,0,0,0,0,0,0,0,0,0
Rodrigo Bentancur,Tottenham Hotspur,30,URU,CM,27,10.0,0,0,0,0,0,0,0,0,13,1,0,0,0.0,0.0,0.0,0,0,12,12,100.0,2,10,0,0,0,2024-10-19,['CM'],0,0,1,0,0,0,0,0,0,0,0,0,0
Dejan Kulusevski,Tottenham Hotspur,21,SWE,RM,24,90.0,1,0,0,0,4,1,0,0,52,3,0,0,0.2,0.2,0.1,9,0,29,37,78.4,6,37,4,5,2,2024-10-19,['RM'],0,0,0,0,0,0,0,0,0,0,1,0,0
Destiny Udogie,Tottenham Hotspur,13,ITA,LB,21,87.0,0,1,0,0,1,0,0,0,50,3,1,2,0.1,0.1,0.4,3,1,35,40,87.5,5,30,0,2,0,2024-10-19,['LB'],0,0,0,0,0,0,1,0,0,0,0,0,0
Archie Gray,Tottenham Hotspur,14,ENG,LB,18,3.0,0,0,0,0,0,0,0,0,12,0,0,1,0.0,0.0,0.0,0,0,10,11,90.9,1,9,0,1,1,2024-10-19,['LB'],0,0,0,0,0,0,1,0,0,0,0,0,0
Micky van de Ven,Tottenham Hotspur,37,NED,CB,23,90.0,0,0,0,0,0,0,1,0,75,3,1,2,0.0,0.0,0.0,1,0,61,66,92.4,8,53,4,0,0,2024-10-19,['CB'],0,1,0,0,0,0,0,0,0,0,0,0,0
Cristian Romero,Tottenham Hotspur,17,ARG,CB,26,90.0,0,0,0,0,0,0,0,0,85,4,0,0,0.0,0.0,0.0,0,0,67,80,83.8,4,58,3,0,0,2024-10-19,['CB'],0,1,0,0,0,0,0,0,0,0,0,0,0
Pedro Porro,Tottenham Hotspur,23,ESP,RB,25,90.0,0,0,0,0,4,1,0,0,76,2,2,1,0.1,0.1,0.1,5,0,50,68,73.5,6,49,4,0,0,2024-10-19,['RB'],0,0,0,0,0,0,0,0,0,1,0,0,0
Guglielmo Vicario,Tottenham Hotspur,1,ITA,GK,28,90.0,0,0,0,0,0,0,0,0,38,0,0,0,0.0,0.0,0.0,0,0,32,35,91.4,0,25,0,0,0,2024-10-19,['GK'],0,0,0,0,0,1,0,0,0,0,0,0,0
Michail Antonio,West Ham United,9,JAM,FW,34,60.0,0,0,0,0,0,0,0,0,14,0,0,0,0.0,0.0,0.0,0,0,6,7,85.7,0,7,1,3,1,2024-10-19,['FW'],0,0,0,0,1,0,0,0,0,0,0,0,0
Crysencio Summerville,West Ham United,7,NED,"AM,LM",22,30.0,0,0,0,0,0,0,0,0,10,1,0,0,0.0,0.0,0.0,1,0,5,6,83.3,1,4,0,1,0,2024-10-19,"['AM', 'LM']",1,0,0,0,0,0,0,1,0,0,0,0,0
Mohammed Kudus,West Ham United,14,GHA,"LM,AM,RM",24,85.0,1,0,0,0,7,3,0,1,44,2,0,0,0.8,0.8,0.0,6,0,26,28,92.9,5,31,2,11,5,2024-10-19,"['LM', 'AM', 'RM']",1,0,0,0,0,0,0,1,0,0,1,0,0
Lucas Paquetá,West Ham United,10,BRA,CM,27,60.0,0,0,0,0,0,0,1,0,27,1,0,2,0.0,0.0,0.0,1,0,15,20,75.0,1,12,0,0,0,2024-10-19,['CM'],0,0,1,0,0,0,0,0,0,0,0,0,0
Edson Álvarez,West Ham United,19,MEX,CM,26,30.0,0,0,0,0,1,0,0,0,19,0,1,0,0.0,0.0,0.0,0,0,12,15,80.0,1,10,0,3,1,2024-10-19,['CM'],0,0,1,0,0,0,0,0,0,0,0,0,0
Tomáš Souček,West Ham United,28,CZE,CM,29,60.0,0,0,0,0,0,0,1,0,28,1,1,1,0.0,0.0,0.0,1,0,18,22,81.8,3,14,1,0,0,2024-10-19,['CM'],0,0,1,0,0,0,0,0,0,0,0,0,0
Carlos Soler,West Ham United,4,ESP,CM,27,30.0,0,0,0,0,0,0,1,0,12,0,0,0,0.0,0.0,0.0,1,0,9,11,81.8,1,6,1,0,0,2024-10-19,['CM'],0,0,1,0,0,0,0,0,0,0,0,0,0
Jarrod Bowen,West Ham United,20,ENG,"RM,FW",27,90.0,0,0,0,0,1,0,0,0,47,3,0,0,0.0,0.0,0.1,1,0,22,33,66.7,3,26,4,6,1,2024-10-19,"['RM', 'FW']",0,0,0,0,1,0,0,0,0,0,1,0,0
Guido Rodríguez,West Ham United,24,ARG,DM,30,70.0,0,0,0,0,0,0,0,0,42,5,1,1,0.0,0.0,0.0,0,0,22,29,75.9,5,15,0,0,0,2024-10-19,['DM'],0,0,0,1,0,0,0,0,0,0,0,0,0
Konstantinos Mavropanos,West Ham United,15,GRE,CB,26,20.0,0,0,0,0,0,0,0,0,14,0,0,0,0.0,0.0,0.0,0,0,12,14,85.7,0,4,0,0,0,2024-10-19,['CB'],0,1,0,0,0,0,0,0,0,0,0,0,0
Emerson Palmieri,West Ham United,33,ITA,"LB,WB",30,90.0,0,0,0,0,1,0,0,0,58,5,0,5,0.0,0.0,0.4,3,0,38,47,80.9,3,15,1,0,0,2024-10-19,"['LB', 'WB']",0,0,0,0,0,0,1,0,0,0,0,0,1
Max Kilman,West Ham United,26,ENG,CB,27,90.0,0,0,0,0,0,0,0,0,43,3,1,1,0.0,0.0,0.0,1,0,28,29,96.6,2,18,0,1,1,2024-10-19,['CB'],0,1,0,0,0,0,0,0,0,0,0,0,0
Jean-Clair Todibo,West Ham United,25,FRA,CB,24,90.0,0,0,0,0,0,0,0,0,48,2,1,2,0.0,0.0,0.0,1,0,33,36,91.7,0,27,1,0,0,2024-10-19,['CB'],0,1,0,0,0,0,0,0,0,0,0,0,0
Aaron Wan-Bissaka,West Ham United,29,ENG,"RB,WB",26,90.0,0,0,0,0,1,0,0,0,65,5,4,0,0.0,0.0,0.0,4,2,42,52,80.8,5,28,4,4,4,2024-10-19,"['RB', 'WB']",0,0,0,0,0,0,0,0,0,1,0,0,1
Alphonse Areola,West Ham United,23,FRA,GK,31,90.0,0,0,0,0,0,0,0,0,47,0,0,0,0.0,0.0,0.0,0,0,23,41,56.1,0,22,0,0,0,2024-10-19,['GK'],0,0,0,0,0,1,0,0,0,0,0,0,0
Cameron Archer,Southampton,19,ENG,FW,23,67.0,1,0,0,0,4,2,0,0,17,0,0,1,1.0,1.0,0.0,1,0,7,9,77.8,0,5,0,1,0,2024-10-19,['FW'],0,0,0,0,1,0,0,0,0,0,0,0,0
Paul Onuachu,Southampton,32,NGA,FW,30,23.0,0,0,0,0,1,0,0,0,13,0,0,0,0.0,0.0,0.0,1,0,5,11,45.5,1,7,0,1,0,2024-10-19,['FW'],0,0,0,0,1,0,0,0,0,0,0,0,0
Ryan Manning,Southampton,3,IRL,"LW,LB",28,77.0,0,0,0,0,1,0,1,0,42,0,2,0,0.1,0.1,0.2,4,0,25,33,75.8,0,17,0,2,1,2024-10-19,"['LW', 'LB']",0,0,0,0,0,0,1,0,1,0,0,0,0
Charlie Taylor,Southampton,21,ENG,LB,31,13.0,0,0,0,0,0,0,0,0,12,3,0,0,0.0,0.0,0.0,0,0,2,6,33.3,0,1,0,0,0,2024-10-19,['LB'],0,0,0,0,0,0,1,0,0,0,0,0,0
Tyler Dibling,Southampton,33,ENG,RW,18,77.0,0,0,0,0,1,1,1,0,25,3,1,0,0.0,0.0,0.0,0,0,12,14,85.7,2,19,2,2,0,2024-10-19,['RW'],0,0,0,0,0,0,0,0,0,0,0,1,0
Kamaldeen Sulemana,Southampton,20,GHA,RW,22,13.0,0,0,0,0,1,0,0,0,9,3,0,0,0.0,0.0,0.0,0,0,1,1,100.0,0,3,1,1,0,2024-10-19,['RW'],0,0,0,0,0,0,0,0,0,0,0,1,0
Mateus Fernandes,Southampton,18,POR,CM,20,67.0,0,0,0,0,0,0,1,0,53,3,0,3,0.0,0.0,0.0,3,1,32,38,84.2,6,25,2,1,0,2024-10-19,['CM'],0,0,1,0,0,0,0,0,0,0,0,0,0
William Smallbone,Southampton,8,IRL,CM,24,23.0,0,0,0,0,0,0,0,0,3,0,0,0,0.0,0.0,0.0,0,0,1,1,100.0,0,0,0,0,0,2024-10-19,['CM'],0,0,1,0,0,0,0,0,0,0,0,0,0
Flynn Downes,Southampton,4,ENG,CM,25,90.0,0,0,0,0,1,1,0,0,61,3,1,2,0.1,0.1,0.0,2,1,44,46,95.7,2,22,0,0,0,2024-10-19,['CM'],0,0,1,0,0,0,0,0,0,0,0,0,0
Joe Aribo,Southampton,7,NGA,"CM,LW",28,90.0,1,0,0,0,3,3,0,0,46,0,2,1,0.6,0.6,0.0,2,0,21,26,80.8,4,24,1,5,1,2024-10-19,"['CM', 'LW']",0,0,1,0,0,0,0,0,1,0,0,0,0
Kyle Walker-Peters,Southampton,2,ENG,"LB,RB",27,90.0,0,1,0,0,0,0,0,0,49,1,2,0,0.0,0.0,0.6,4,2,35,42,83.3,4,27,5,3,3,2024-10-19,"['LB', 'RB']",0,0,0,0,0,0,1,0,0,1,0,0,0
Jan Bednarek,Southampton,35,POL,CB,28,90.0,0,0,0,0,0,0,0,0,41,1,1,1,0.0,0.0,0.4,2,0,25,32,78.1,2,7,0,0,0,2024-10-19,['CB'],0,1,0,0,0,0,0,0,0,0,0,0,0
Taylor Harwood-Bellis,Southampton,6,ENG,CB,22,90.0,0,0,0,0,2,0,1,0,51,1,0,3,0.2,0.2,0.2,2,0,35,39,89.7,3,16,0,0,0,2024-10-19,['CB'],0,1,0,0,0,0,0,0,0,0,0,0,0
Yukinari Sugawara,Southampton,16,JPN,RB,24,61.0,0,0,0,0,0,0,1,0,54,3,0,0,0.0,0.0,0.0,3,0,41,46,89.1,6,21,0,0,0,2024-10-19,['RB'],0,0,0,0,0,0,0,0,0,1,0,0,0
Ryan Fraser,Southampton,24,SCO,LW,30,11.0,0,0,0,0,0,0,0,1,6,0,0,0,0.0,0.0,0.1,1,0,1,5,20.0,0,3,1,0,0,2024-10-19,['LW'],0,0,0,0,0,0,0,0,1,0,0,0,0
Aaron Ramsdale,Southampton,30,ENG,GK,26,90.0,0,0,0,0,0,0,0,0,42,0,0,0,0.0,0.0,0.0,1,0,25,41,61.0,0,26,0,0,0,2024-10-19,['GK'],0,0,0,0,0,1,0,0,0,0,0,0,0
Jamie Vardy,Leicester City,9,ENG,FW,37,90.0,1,0,1,1,3,0,1,0,10,0,0,0,1.0,0.2,0.0,2,1,1,5,20.0,0,2,1,0,0,2024-10-19,['FW'],0,0,0,0,1,0,0,0,0,0,0,0,0
Stephy Mavididi,Leicester City,10,ENG,LW,26,87.0,0,0,0,0,1,0,0,0,54,1,0,2,0.0,0.0,0.4,5,0,31,42,73.8,8,32,3,5,0,2024-10-19,['LW'],0,0,0,0,0,0,0,0,1,0,0,0,0
Bobby Reid,Leicester City,14,JAM,LW,31,3.0,0,0,0,0,1,0,0,0,8,0,0,0,0.0,0.0,0.1,1,0,5,6,83.3,1,8,3,0,0,2024-10-19,['LW'],0,0,0,0,0,0,0,0,1,0,0,0,0
Facundo Buonanotte,Leicester City,40,ARG,RW,19,90.0,1,0,0,0,5,1,1,0,63,7,0,1,1.3,1.3,0.2,6,0,35,44,79.5,4,33,0,6,4,2024-10-19,['RW'],0,0,0,0,0,0,0,0,0,0,0,1,0
Bilal El Khannouss,Leicester City,11,MAR,AM,20,68.0,0,0,0,0,1,0,0,0,36,2,0,0,0.0,0.0,0.5,2,0,24,29,82.8,3,13,0,1,0,2024-10-19,['AM'],1,0,0,0,0,0,0,0,0,0,0,0,0
Jordan Ayew,Leicester City,18,GHA,AM,33,22.0,1,0,0,0,1,1,0,0,10,1,0,0,0.1,0.1,0.0,1,0,6,6,100.0,0,6,1,1,0,2024-10-19,['AM'],1,0,0,0,0,0,0,0,0,0,0,0,0
Oliver Skipp,Leicester City,22,ENG,DM,24,45.0,0,0,0,0,0,0,0,0,21,0,2,0,0.0,0.0,0.0,0,0,16,17,94.1,2,9,0,1,1,2024-10-19,['DM'],0,0,0,1,0,0,0,0,0,0,0,0,0
Harry Winks,Leicester City,8,ENG,DM,28,45.0,0,1,0,0,0,0,1,0,37,0,0,0,0.0,0.0,0.2,6,2,33,36,91.7,6,20,0,0,0,2024-10-19,['DM'],0,0,0,1,0,0,0,0,0,0,0,0,0
Wilfred Ndidi,Leicester City,6,NGA,DM,27,90.0,0,0,0,0,0,0,0,0,71,4,0,1,0.0,0.0,0.0,3,0,44,59,74.6,3,24,0,1,0,2024-10-19,['DM'],0,0,0,1,0,0,0,0,0,0,0,0,0
Victor Bernth Kristiansen,Leicester City,16,DEN,LB,21,58.0,0,0,0,0,0,0,0,0,47,4,1,1,0.0,0.0,0.1,3,0,35,40,87.5,4,22,1,0,0,2024-10-19,['LB'],0,0,0,0,0,0,1,0,0,0,0,0,0
Abdul Fatawu Issahaku,Leicester City,7,GHA,RB,20,32.0,0,1,0,0,2,1,0,0,27,1,0,0,0.2,0.2,0.9,2,2,12,18,66.7,2,18,5,5,2,2024-10-19,['RB'],0,0,0,0,0,0,0,0,0,1,0,0,0
Caleb Okoli,Leicester City,5,ITA,CB,23,90.0,0,0,0,0,0,0,0,0,78,3,1,0,0.0,0.0,0.0,1,0,60,67,89.6,7,42,1,0,0,2024-10-19,['CB'],0,1,0,0,0,0,0,0,0,0,0,0,0
Wout Faes,Leicester City,3,BEL,CB,26,90.0,0,0,0,0,1,0,0,0,77,4,0,1,0.4,0.4,0.0,0,0,56,68,82.4,10,38,1,0,0,2024-10-19,['CB'],0,1,0,0,0,0,0,0,0,0,0,0,0
James Justin,Leicester City,2,ENG,"RB,LB",26,90.0,0,0,0,0,2,0,0,0,83,3,1,0,0.0,0.0,0.0,3,0,62,71,87.3,3,32,3,0,0,2024-10-19,"['RB', 'LB']",0,0,0,0,0,0,1,0,0,1,0,0,0
Mads Hermansen,Leicester City,30,DEN,GK,24,90.0,0,0,0,0,0,0,0,0,37,0,0,0,0.0,0.0,0.0,0,0,28,35,80.0,0,23,0,0,0,2024-10-19,['GK'],0,0,0,0,0,1,0,0,0,0,0,0,0
Liam Delap,Ipswich Town,19,ENG,FW,21,78.0,0,0,0,0,3,0,0,0,24,0,0,2,0.2,0.2,0.0,2,0,9,12,75.0,1,12,1,4,1,2024-10-19,['FW'],0,0,0,0,1,0,0,0,0,0,0,0,0
George Hirst,Ipswich Town,27,ENG,FW,25,12.0,0,0,0,0,0,0,0,0,3,0,0,0,0.0,0.0,0.0,1,0,2,3,66.7,1,0,0,0,0,2024-10-19,['FW'],0,0,0,0,1,0,0,0,0,0,0,0,0
Jack Clarke,Ipswich Town,47,ENG,LW,23,70.0,0,0,0,0,1,0,0,0,31,3,2,2,0.3,0.3,0.0,1,0,15,21,71.4,1,14,0,2,2,2024-10-19,['LW'],0,0,0,0,0,0,0,0,1,0,0,0,0
Sammie Szmodics,Ipswich Town,23,IRL,LW,29,20.0,0,0,0,0,0,0,0,0,13,2,0,0,0.0,0.0,0.1,2,0,9,9,100.0,0,6,1,1,0,2024-10-19,['LW'],0,0,0,0,0,0,0,0,1,0,0,0,0
Wes Burns,Ipswich Town,7,WAL,RW,29,62.0,0,0,0,0,0,0,0,0,20,0,0,0,0.0,0.0,0.3,1,0,12,17,70.6,0,17,1,0,0,2024-10-19,['RW'],0,0,0,0,0,0,0,0,0,0,0,1,0
Conor Chaplin,Ipswich Town,10,ENG,"AM,RW",27,28.0,0,0,0,0,1,1,0,0,14,0,0,0,0.1,0.1,0.0,0,0,8,11,72.7,2,9,0,1,0,2024-10-19,"['AM', 'RW']",1,0,0,0,0,0,0,0,0,0,0,1,0
Omari Hutchinson,Ipswich Town,20,ENG,"AM,RW",20,90.0,0,0,0,0,2,0,0,0,55,0,0,1,0.1,0.1,0.3,4,0,29,40,72.5,3,42,4,5,0,2024-10-19,"['AM', 'RW']",1,0,0,0,0,0,0,0,0,0,0,1,0
Kalvin Phillips,Ipswich Town,8,ENG,DM,28,70.0,0,0,0,0,1,0,0,0,51,2,0,3,0.1,0.1,0.1,1,0,35,40,87.5,5,22,0,1,1,2024-10-19,['DM'],0,0,0,1,0,0,0,0,0,0,0,0,0
Jack Taylor,Ipswich Town,14,IRL,DM,26,20.0,0,0,0,0,2,1,1,0,18,0,0,0,0.2,0.2,0.0,3,0,13,15,86.7,5,13,0,1,1,2024-10-19,['DM'],0,0,0,1,0,0,0,0,0,0,0,0,0
Sam Morsy,Ipswich Town,5,EGY,DM,33,90.0,0,0,0,0,0,0,0,0,77,3,0,0,0.0,0.0,0.0,4,0,69,72,95.8,11,40,0,1,1,2024-10-19,['DM'],0,0,0,1,0,0,0,0,0,0,0,0,0
Leif Davis,Ipswich Town,3,ENG,LB,24,90.0,0,0,0,0,0,0,0,0,63,1,2,1,0.0,0.0,0.4,3,0,41,55,74.5,3,23,0,2,0,2024-10-19,['LB'],0,0,0,0,0,0,1,0,0,0,0,0,0
Cameron Burgess,Ipswich Town,15,AUS,CB,28,90.0,0,0,0,0,2,0,0,0,97,0,1,0,0.1,0.1,0.0,0,0,67,83,80.7,6,51,1,0,0,2024-10-19,['CB'],0,1,0,0,0,0,0,0,0,0,0,0,0
Luke Woolfenden,Ipswich Town,6,ENG,CB,25,90.0,0,0,0,0,0,0,0,0,72,1,2,0,0.0,0.0,0.0,0,0,62,67,92.5,3,50,1,0,0,2024-10-19,['CB'],0,1,0,0,0,0,0,0,0,0,0,0,0
Dara O'Shea,Ipswich Town,26,IRL,RB,25,62.0,0,0,0,0,1,0,0,0,51,0,2,0,0.2,0.2,0.0,3,0,36,42,85.7,5,23,0,0,0,2024-10-19,['RB'],0,0,0,0,0,0,0,0,0,1,0,0,0
Harry Clarke,Ipswich Town,2,ENG,RB,23,28.0,0,0,0,0,0,0,0,0,27,0,0,0,0.0,0.0,0.0,0,0,23,26,88.5,2,15,2,0,0,2024-10-19,['RB'],0,0,0,0,0,0,0,0,0,1,0,0,0
Arijanet Muric,Ipswich Town,1,KVX,GK,25,90.0,0,0,0,0,0,0,0,0,26,0,0,0,0.0,0.0,0.0,0,0,18,22,81.8,0,12,0,0,0,2024-10-19,['GK'],0,0,0,0,0,1,0,0,0,0,0,0,0
Dominic Calvert-Lewin,Everton,9,ENG,FW,27,90.0,0,0,0,0,5,3,0,0,24,0,0,0,1.3,1.3,0.0,1,0,7,11,63.6,0,18,2,6,3,2024-10-19,['FW'],0,0,0,0,1,0,0,0,0,0,0,0,0
Iliman Ndiaye,Everton,10,SEN,LW,24,81.0,1,0,0,0,2,2,0,0,28,2,1,1,0.3,0.3,0.0,0,0,13,18,72.2,2,20,4,1,1,2024-10-19,['LW'],0,0,0,0,0,0,0,0,1,0,0,0,0
Orel Mangala,Everton,8,BEL,DM,26,9.0,0,0,0,0,0,0,0,0,8,1,1,0,0.0,0.0,0.0,2,0,4,5,80.0,0,3,0,0,0,2024-10-19,['DM'],0,0,0,1,0,0,0,0,0,0,0,0,0
Jack Harrison,Everton,11,ENG,RW,27,90.0,0,0,0,0,0,0,0,0,50,2,0,0,0.0,0.0,0.5,2,0,17,33,51.5,2,28,6,5,2,2024-10-19,['RW'],0,0,0,0,0,0,0,0,0,0,0,1,0
Dwight McNeil,Everton,7,ENG,"AM,LW",24,90.0,0,1,0,0,2,1,0,0,57,1,0,0,0.1,0.1,0.1,6,3,40,50,80.0,6,32,4,1,1,2024-10-19,"['AM', 'LW']",1,0,0,0,0,0,0,0,1,0,0,0,0
Idrissa Gana Gueye,Everton,27,SEN,DM,35,90.0,0,0,0,0,0,0,0,0,43,2,0,1,0.0,0.0,0.0,0,0,36,40,90.0,2,25,3,1,1,2024-10-19,['DM'],0,0,0,1,0,0,0,0,0,0,0,0,0
Abdoulaye Doucouré,Everton,16,MLI,"DM,AM",31,90.0,0,0,0,0,0,0,0,0,59,0,1,2,0.0,0.0,0.2,3,0,45,51,88.2,5,33,1,0,0,2024-10-19,"['DM', 'AM']",1,0,0,1,0,0,0,0,0,0,0,0,0
Vitaliy Mykolenko,Everton,19,UKR,LB,25,90.0,0,0,0,0,0,0,0,0,54,3,1,1,0.0,0.0,0.0,1,0,42,47,89.4,4,34,0,0,0,2024-10-19,['LB'],0,0,0,0,0,0,1,0,0,0,0,0,0
Michael Keane,Everton,5,ENG,CB,31,90.0,1,0,0,0,1,1,1,0,55,1,0,1,0.0,0.0,0.0,0,0,38,42,90.5,0,26,0,0,0,2024-10-19,['CB'],0,1,0,0,0,0,0,0,0,0,0,0,0
James Tarkowski,Everton,6,ENG,CB,31,90.0,0,0,0,0,0,0,0,0,44,1,1,0,0.0,0.0,0.0,2,1,27,33,81.8,0,19,0,1,1,2024-10-19,['CB'],0,1,0,0,0,0,0,0,0,0,0,0,0
Ashley Young,Everton,18,ENG,RB,39,90.0,0,0,0,0,1,1,0,0,67,5,1,0,0.0,0.0,0.1,3,0,45,59,76.3,11,28,1,2,1,2024-10-19,['RB'],0,0,0,0,0,0,0,0,0,1,0,0,0
Jordan Pickford,Everton,1,ENG,GK,30,90.0,0,0,0,0,0,0,0,0,45,0,0,0,0.0,0.0,0.0,1,0,20,45,44.4,0,30,0,0,0,2024-10-19,['GK'],0,0,0,0,0,1,0,0,0,0,0,0,0
Alexander Isak,Newcastle United,14,SWE,FW,25,90.0,0,0,0,0,7,4,0,0,33,1,0,1,0.7,0.7,0.3,4,0,9,16,56.3,3,19,4,2,0,2024-10-19,['FW'],0,0,0,0,1,0,0,0,0,0,0,0,0
Anthony Gordon,Newcastle United,10,ENG,"LW,RW",23,84.0,0,0,0,0,4,2,0,0,49,1,0,1,0.5,0.5,0.3,8,0,25,35,71.4,4,34,5,6,2,2024-10-19,"['LW', 'RW']",0,0,0,0,0,0,0,0,1,0,0,1,0
Sean Longstaff,Newcastle United,36,ENG,CM,26,6.0,0,0,0,0,0,0,0,0,10,0,0,0,0.0,0.0,0.0,0,0,7,9,77.8,1,6,0,0,0,2024-10-19,['CM'],0,0,1,0,0,0,0,0,0,0,0,0,0
Jacob Murphy,Newcastle United,23,ENG,RW,29,64.0,0,0,0,0,2,0,0,0,43,0,1,1,0.0,0.0,0.0,1,0,26,35,74.3,2,27,1,2,1,2024-10-19,['RW'],0,0,0,0,0,0,0,0,0,0,0,1,0
Harvey Barnes,Newcastle United,11,ENG,LW,26,26.0,0,0,0,0,1,0,0,0,21,0,1,0,0.0,0.0,0.3,3,0,14,19,73.7,2,15,3,1,1,2024-10-19,['LW'],0,0,0,0,0,0,0,0,1,0,0,0,0
Joelinton,Newcastle United,7,BRA,"LM,RM",28,90.0,0,0,0,0,4,0,0,0,58,3,3,1,0.6,0.6,0.1,5,0,42,47,89.4,6,33,3,2,2,2024-10-19,"['LM', 'RM']",0,0,0,0,0,0,0,1,0,0,1,0,0
Bruno Guimarães,Newcastle United,39,BRA,CM,26,84.0,0,0,0,0,2,0,0,0,51,4,0,0,0.1,0.1,0.3,4,0,29,43,67.4,10,32,2,2,2,2024-10-19,['CM'],0,0,1,0,0,0,0,0,0,0,0,0,0
Miguel Almirón,Newcastle United,24,PAR,RW,30,6.0,0,0,0,0,0,0,0,0,7,0,0,0,0.0,0.0,0.0,0,0,5,6,83.3,0,5,0,0,0,2024-10-19,['RW'],0,0,0,0,0,0,0,0,0,0,0,1,0
Sandro Tonali,Newcastle United,8,ITA,RM,24,64.0,0,0,0,0,0,0,0,0,38,4,2,1,0.0,0.0,0.1,3,0,21,26,80.8,2,15,0,1,0,2024-10-19,['RM'],0,0,0,0,0,0,0,0,0,0,1,0,0
Joe Willock,Newcastle United,28,ENG,LM,25,26.0,0,0,0,0,0,0,0,0,21,1,0,3,0.0,0.0,0.0,1,0,12,16,75.0,2,8,0,0,0,2024-10-19,['LM'],0,0,0,0,0,0,0,1,0,0,0,0,0
Lewis Hall,Newcastle United,20,ENG,LB,20,89.0,0,0,0,0,0,0,1,0,93,5,0,0,0.0,0.0,0.1,3,0,71,84,84.5,10,67,1,0,0,2024-10-19,['LB'],0,0,0,0,0,0,1,0,0,0,0,0,0
William Osula,Newcastle United,18,DEN,LB,21,1.0,0,0,0,0,0,0,0,0,0,0,0,0,0.0,0.0,0.0,0,0,0,0,80.8,0,0,0,0,0,2024-10-19,['LB'],0,0,0,0,0,0,1,0,0,0,0,0,0
Dan Burn,Newcastle United,33,ENG,CB,32,90.0,0,0,0,0,0,0,1,0,73,1,3,1,0.0,0.0,0.0,0,0,60,67,89.6,1,48,0,0,0,2024-10-19,['CB'],0,1,0,0,0,0,0,0,0,0,0,0,0
Fabian Schär,Newcastle United,5,SUI,CB,32,90.0,0,0,0,0,1,0,0,0,91,5,0,2,0.1,0.1,0.2,4,0,64,79,81.0,8,62,3,0,0,2024-10-19,['CB'],0,1,0,0,0,0,0,0,0,0,0,0,0
Valentino Livramento,Newcastle United,21,ENG,RB,21,90.0,0,0,0,0,0,0,0,0,71,0,1,0,0.0,0.0,0.0,1,0,52,65,80.0,9,40,5,1,1,2024-10-19,['RB'],0,0,0,0,0,0,0,0,0,1,0,0,0
Nick Pope,Newcastle United,22,ENG,GK,32,90.0,0,0,0,0,0,0,0,0,31,0,0,0,0.0,0.0,0.0,1,0,24,28,85.7,0,17,0,0,0,2024-10-19,['GK'],0,0,0,0,0,1,0,0,0,0,0,0,0
Danny Welbeck,Brighton & Hove Albion,18,ENG,FW,33,80.0,1,0,0,0,2,2,0,0,32,1,1,1,0.4,0.4,0.0,1,1,19,24,79.2,2,17,0,0,0,2024-10-19,['FW'],0,0,0,0,1,0,0,0,0,0,0,0,0
Jan Paul van Hecke,Brighton & Hove Albion,29,NED,CB,24,10.0,0,0,0,0,0,0,0,0,6,0,0,1,0.0,0.0,0.0,1,0,4,5,80.0,0,3,0,0,0,2024-10-19,['CB'],0,1,0,0,0,0,0,0,0,0,0,0,0
Evan Ferguson,Brighton & Hove Albion,28,IRL,FW,20,59.0,0,0,0,0,0,0,0,0,20,1,0,1,0.0,0.0,0.0,0,0,7,13,53.8,0,9,0,0,0,2024-10-19,['FW'],0,0,0,0,1,0,0,0,0,0,0,0,0
Kaoru Mitoma,Brighton & Hove Albion,22,JPN,LM,27,31.0,0,0,0,0,2,1,0,0,23,2,0,0,0.2,0.2,0.0,3,0,12,17,70.6,2,9,1,1,0,2024-10-19,['LM'],0,0,0,0,0,0,0,1,0,0,0,0,0
Yasin Ayari,Brighton & Hove Albion,26,SWE,"LM,FW",21,81.0,0,0,0,0,0,0,1,0,46,3,2,2,0.0,0.0,0.1,2,0,22,30,73.3,3,24,0,4,2,2024-10-19,"['LM', 'FW']",0,0,0,0,1,0,0,1,0,0,0,0,0
Julio Enciso,Brighton & Hove Albion,10,PAR,FW,20,9.0,0,0,0,0,1,1,0,0,11,0,0,1,0.0,0.0,0.1,1,0,4,7,57.1,1,4,1,2,1,2024-10-19,['FW'],0,0,0,0,1,0,0,0,0,0,0,0,0
Jack Hinshelwood,Brighton & Hove Albion,41,ENG,CM,19,90.0,0,0,0,0,1,0,1,0,60,2,1,1,0.0,0.0,0.0,4,0,39,45,86.7,2,23,0,3,0,2024-10-19,['CM'],0,0,1,0,0,0,0,0,0,0,0,0,0
Carlos Baleba,Brighton & Hove Albion,20,CMR,CM,20,70.0,0,0,0,0,0,0,0,0,46,2,1,3,0.0,0.0,0.0,1,0,32,36,88.9,3,25,2,0,0,2024-10-19,['CM'],0,0,1,0,0,0,0,0,0,0,0,0,0
Mats Wieffer,Brighton & Hove Albion,27,NED,CM,24,20.0,0,0,0,0,1,1,0,0,8,2,0,1,0.2,0.2,0.0,0,0,2,3,66.7,1,2,0,0,0,2024-10-19,['CM'],0,0,1,0,0,0,0,0,0,0,0,0,0
Georginio Rutter,Brighton & Hove Albion,14,FRA,RM,22,71.0,0,1,0,0,0,0,0,0,28,6,1,0,0.0,0.0,0.4,3,1,10,11,90.9,3,13,1,2,0,2024-10-19,['RM'],0,0,0,0,0,0,0,0,0,0,1,0,0
Pervis Estupiñán,Brighton & Hove Albion,30,ECU,LB,26,19.0,0,0,0,0,0,0,0,0,11,1,1,0,0.0,0.0,0.0,1,0,7,8,87.5,0,4,0,0,0,2024-10-19,['LB'],0,0,0,0,0,0,1,0,0,0,0,0,0
Ferdi Kadioglu,Brighton & Hove Albion,24,TUR,"LB,RM",25,90.0,0,0,0,0,1,0,0,0,53,1,3,0,0.2,0.2,0.0,1,0,31,36,86.1,1,25,0,1,0,2024-10-19,"['LB', 'RM']",0,0,0,0,0,0,1,0,0,0,1,0,0
Igor,Brighton & Hove Albion,3,BRA,CB,26,90.0,0,0,0,0,1,0,0,0,46,0,0,2,0.1,0.1,0.0,0,0,27,33,81.8,0,22,1,1,0,2024-10-19,['CB'],0,1,0,0,0,0,0,0,0,0,0,0,0
Lewis Dunk,Brighton & Hove Albion,5,ENG,CB,32,90.0,0,0,0,0,1,0,0,0,42,2,0,2,0.1,0.1,0.0,0,0,27,30,90.0,1,16,1,0,0,2024-10-19,['CB'],0,1,0,0,0,0,0,0,0,0,0,0,0
Joël Veltman,Brighton & Hove Albion,34,NED,RB,32,90.0,0,0,0,0,0,0,0,0,43,2,0,1,0.0,0.0,0.2,1,0,21,32,65.6,1,17,1,2,0,2024-10-19,['RB'],0,0,0,0,0,0,0,0,0,1,0,0,0
Bart Verbruggen,Brighton & Hove Albion,1,NED,GK,22,90.0,0,0,0,0,0,0,0,0,62,0,0,0,0.0,0.0,0.0,0,0,37,53,69.8,0,33,0,0,0,2024-10-19,['GK'],0,0,0,0,0,1,0,0,0,0,0,0,0
Raúl Jiménez,Fulham,7,MEX,FW,33,90.0,1,0,0,0,4,2,0,0,31,2,1,1,0.7,0.7,0.0,0,0,10,18,55.6,0,18,0,1,0,2024-10-19,['FW'],0,0,0,0,1,0,0,0,0,0,0,0,0
Alex Iwobi,Fulham,17,NGA,"LW,DM,AM",28,90.0,0,0,0,0,0,0,0,0,63,3,0,1,0.0,0.0,0.1,2,0,45,56,80.4,9,50,4,2,2,2024-10-19,"['LW', 'DM', 'AM']",1,0,0,1,0,0,0,0,1,0,0,0,0
Adama Traoré,Fulham,11,ESP,RW,28,67.0,0,0,0,0,0,0,0,0,18,0,0,0,0.0,0.0,0.3,2,0,8,12,66.7,0,8,3,1,0,2024-10-19,['RW'],0,0,0,0,0,0,0,0,0,0,0,1,0
Reiss Nelson,Fulham,19,ENG,LW,24,23.0,0,0,0,0,0,0,0,0,25,0,0,1,0.0,0.0,0.1,3,0,17,21,81.0,2,19,2,3,0,2024-10-19,['LW'],0,0,0,0,0,0,0,0,1,0,0,0,0
Emile Smith Rowe,Fulham,32,ENG,"AM,RW",24,79.0,0,0,0,0,0,0,1,0,44,1,1,0,0.0,0.0,0.0,1,0,28,35,80.0,3,30,1,0,0,2024-10-19,"['AM', 'RW']",1,0,0,0,0,0,0,0,0,0,0,1,0
Tom Cairney,Fulham,10,SCO,DM,33,11.0,0,0,0,0,0,0,0,0,21,0,0,0,0.0,0.0,0.2,1,0,20,21,95.2,3,17,1,1,1,2024-10-19,['DM'],0,0,0,1,0,0,0,0,0,0,0,0,0
Sander Berge,Fulham,16,NOR,DM,26,79.0,0,0,0,0,0,0,0,0,43,2,4,2,0.0,0.0,0.0,0,0,33,36,91.7,4,22,1,0,0,2024-10-19,['DM'],0,0,0,1,0,0,0,0,0,0,0,0,0
Harry Wilson,Fulham,8,WAL,RW,27,11.0,0,0,0,0,0,0,0,0,12,0,0,0,0.0,0.0,0.0,1,0,8,11,72.7,1,6,0,1,0,2024-10-19,['RW'],0,0,0,0,0,0,0,0,0,0,0,1,0
Andreas Pereira,Fulham,18,BRA,DM,28,67.0,0,0,0,1,1,0,0,0,31,2,0,0,0.9,0.1,0.3,2,0,16,25,64.0,3,15,0,1,0,2024-10-19,['DM'],0,0,0,1,0,0,0,0,0,0,0,0,0
Issa Diop,Fulham,31,FRA,CB,27,23.0,0,0,0,0,1,1,1,0,22,0,0,0,0.0,0.0,0.0,1,0,17,18,94.4,3,11,0,0,0,2024-10-19,['CB'],0,1,0,0,0,0,0,0,0,0,0,0,0
Antonee Robinson,Fulham,33,USA,LB,27,90.0,0,0,0,0,1,0,0,0,65,5,2,0,0.0,0.0,0.0,2,0,37,50,74.0,2,32,4,1,0,2024-10-19,['LB'],0,0,0,0,0,0,1,0,0,0,0,0,0
Calvin Bassey,Fulham,3,NGA,CB,24,90.0,0,0,0,0,0,0,1,0,77,1,1,2,0.0,0.0,0.0,1,1,62,69,89.9,3,57,0,0,0,2024-10-19,['CB'],0,1,0,0,0,0,0,0,0,0,0,0,0
Joachim Andersen,Fulham,5,DEN,CB,28,63.0,0,0,0,0,0,0,0,1,53,1,3,0,0.0,0.0,0.0,1,0,36,42,85.7,3,31,0,0,0,2024-10-19,['CB'],0,1,0,0,0,0,0,0,0,0,0,0,0
Kenny Tete,Fulham,2,NED,RB,29,90.0,0,0,0,0,2,0,0,0,52,1,2,1,0.1,0.1,0.0,1,0,34,39,87.2,1,28,4,1,0,2024-10-19,['RB'],0,0,0,0,0,0,0,0,0,1,0,0,0
Bernd Leno,Fulham,1,GER,GK,32,90.0,0,1,0,0,0,0,0,0,33,0,0,0,0.0,0.0,0.1,1,1,27,30,90.0,0,21,0,0,0,2024-10-19,['GK'],0,0,0,0,0,1,0,0,0,0,0,0,0
Ollie Watkins,Aston Villa,11,ENG,FW,28,74.0,1,0,0,0,2,2,0,0,15,0,0,0,0.4,0.4,0.0,1,0,5,9,55.6,0,11,0,2,0,2024-10-19,['FW'],0,0,0,0,1,0,0,0,0,0,0,0,0
Jhon Durán,Aston Villa,9,COL,FW,20,16.0,0,0,0,0,1,0,0,0,7,0,0,0,0.0,0.0,0.0,1,0,3,4,75.0,0,3,1,0,0,2024-10-19,['FW'],0,0,0,0,1,0,0,0,0,0,0,0,0
Jacob Ramsey,Aston Villa,41,ENG,LW,23,82.0,0,1,0,0,1,1,0,0,32,0,0,2,0.1,0.1,0.6,5,1,21,27,77.8,5,21,3,2,1,2024-10-19,['LW'],0,0,0,0,0,0,0,0,1,0,0,0,0
Emi Buendía,Aston Villa,10,ARG,"AM,RW",27,8.0,0,0,0,0,0,0,0,0,9,1,0,0,0.0,0.0,0.0,1,0,7,8,87.5,1,8,0,0,0,2024-10-19,"['AM', 'RW']",1,0,0,0,0,0,0,0,0,0,0,1,0
Leon Bailey,Aston Villa,31,JAM,RW,27,60.0,0,0,0,0,1,0,1,0,33,0,1,1,0.0,0.0,0.1,2,0,13,17,76.5,3,17,2,3,1,2024-10-19,['RW'],0,0,0,0,0,0,0,0,0,0,0,1,0
Jaden Philogene Bidace,Aston Villa,19,ENG,RW,22,29.0,0,0,0,0,1,0,2,1,7,1,0,0,0.0,0.0,0.0,0,0,2,3,66.7,0,5,0,1,0,2024-10-19,['RW'],0,0,0,0,0,0,0,0,0,0,0,1,0
Morgan Rogers,Aston Villa,27,ENG,AM,22,82.0,1,0,0,0,3,1,1,0,34,0,2,1,0.7,0.7,0.0,5,0,19,24,79.2,6,17,5,2,1,2024-10-19,['AM'],1,0,0,0,0,0,0,0,0,0,0,0,0
John McGinn,Aston Villa,7,SCO,LW,30,8.0,0,0,0,0,0,0,0,0,5,1,0,0,0.0,0.0,0.0,1,0,4,4,100.0,1,1,0,0,0,2024-10-19,['LW'],0,0,0,0,0,0,0,0,1,0,0,0,0
Youri Tielemans,Aston Villa,8,BEL,DM,27,90.0,0,1,0,0,0,0,0,0,90,2,1,1,0.0,0.0,0.6,6,2,65,80,81.3,9,43,1,3,1,2024-10-19,['DM'],0,0,0,1,0,0,0,0,0,0,0,0,0
Amadou Onana,Aston Villa,24,BEL,DM,23,74.0,0,0,0,0,0,0,0,0,38,2,3,1,0.0,0.0,0.0,2,0,31,33,93.9,3,18,1,1,1,2024-10-19,['DM'],0,0,0,1,0,0,0,0,0,0,0,0,0
Ross Barkley,Aston Villa,6,ENG,DM,30,16.0,0,0,0,0,1,0,0,0,18,1,2,0,0.1,0.1,0.0,1,0,14,15,93.3,1,11,1,0,0,2024-10-19,['DM'],0,0,0,1,0,0,0,0,0,0,0,0,0
Lucas Digne,Aston Villa,12,FRA,LB,31,90.0,0,0,0,0,3,1,1,0,48,0,1,2,0.2,0.2,0.0,1,0,29,37,78.4,2,20,2,0,0,2024-10-19,['LB'],0,0,0,0,0,0,1,0,0,0,0,0,0
Pau Torres,Aston Villa,14,ESP,CB,27,90.0,0,0,0,0,1,0,0,0,55,1,1,0,0.1,0.1,0.0,1,1,43,49,87.8,5,29,2,1,1,2024-10-19,['CB'],0,1,0,0,0,0,0,0,0,0,0,0,0
Diego Carlos,Aston Villa,3,BRA,CB,31,90.0,0,0,0,0,0,0,0,0,60,1,2,0,0.0,0.0,0.0,0,0,48,51,94.1,1,30,0,0,0,2024-10-19,['CB'],0,1,0,0,0,0,0,0,0,0,0,0,0
Matty Cash,Aston Villa,2,POL,RB,27,90.0,0,0,0,0,0,0,0,0,61,1,1,1,0.0,0.0,0.0,0,0,41,50,82.0,4,28,2,2,2,2024-10-19,['RB'],0,0,0,0,0,0,0,0,0,1,0,0,0
Emiliano Martínez,Aston Villa,23,ARG,GK,32,90.0,0,0,0,0,0,0,0,0,35,0,0,0,0.0,0.0,0.0,0,0,29,33,87.9,0,20,0,0,0,2024-10-19,['GK'],0,0,0,0,0,1,0,0,0,0,0,0,0
Rasmus Højlund,Manchester United,9,DEN,FW,21,73.0,1,0,0,0,2,1,0,0,30,0,0,0,0.3,0.3,0.0,4,0,14,20,70.0,3,17,0,3,2,2024-10-19,['FW'],0,0,0,0,1,0,0,0,0,0,0,0,0
Joshua Zirkzee,Manchester United,11,NED,FW,23,17.0,0,0,0,0,0,0,0,0,12,0,0,0,0.0,0.0,0.0,1,0,5,9,55.6,1,9,0,1,0,2024-10-19,['FW'],0,0,0,0,1,0,0,0,0,0,0,0,0
Alejandro Garnacho,Manchester United,17,ARG,LW,20,89.0,1,0,0,0,8,5,0,0,45,2,2,0,0.4,0.4,0.0,3,0,22,29,75.9,3,34,11,4,2,2024-10-19,['LW'],0,0,0,0,0,0,0,0,1,0,0,0,0
Noussair Mazraoui,Manchester United,3,MAR,LW,26,1.0,0,0,0,0,0,0,0,0,6,2,0,0,0.0,0.0,0.0,0,0,2,4,50.0,0,0,0,0,0,2024-10-19,['LW'],0,0,0,0,0,0,0,0,1,0,0,0,0
Marcus Rashford,Manchester United,10,ENG,RW,26,90.0,0,1,0,0,2,0,0,0,60,1,0,1,0.1,0.1,0.2,8,1,42,49,85.7,8,38,4,3,0,2024-10-19,['RW'],0,0,0,0,0,0,0,0,0,0,0,1,0
Bruno Fernandes,Manchester United,8,POR,AM,30,90.0,0,1,0,0,5,2,0,0,70,4,0,0,0.1,0.1,0.3,3,1,49,59,83.1,5,34,2,0,0,2024-10-19,['AM'],1,0,0,0,0,0,0,0,0,0,0,0,0
Casemiro,Manchester United,18,BRA,DM,32,87.0,0,0,0,0,3,1,0,0,71,5,1,1,0.1,0.1,0.2,7,0,48,57,84.2,4,37,0,1,1,2024-10-19,['DM'],0,0,0,1,0,0,0,0,0,0,0,0,0
Manuel Ugarte Ribeiro,Manchester United,25,URU,DM,23,3.0,0,0,0,0,0,0,0,0,4,0,0,0,0.0,0.0,0.0,1,0,2,2,100.0,0,2,1,0,0,2024-10-19,['DM'],0,0,0,1,0,0,0,0,0,0,0,0,0
Christian Eriksen,Manchester United,14,DEN,DM,32,90.0,0,0,0,0,1,0,0,0,60,2,0,0,0.1,0.1,0.1,7,2,45,54,83.3,6,26,1,0,0,2024-10-19,['DM'],0,0,0,1,0,0,0,0,0,0,0,0,0
Lisandro Martínez,Manchester United,6,ARG,LB,26,90.0,0,0,0,0,1,1,0,0,62,3,2,2,0.0,0.0,0.0,3,0,39,50,78.0,8,21,2,0,0,2024-10-19,['LB'],0,0,0,0,0,0,1,0,0,0,0,0,0
Jonny Evans,Manchester United,35,NIR,CB,36,88.0,0,0,0,0,0,0,1,0,66,2,0,0,0.0,0.0,0.0,1,0,55,60,91.7,3,40,0,0,0,2024-10-19,['CB'],0,1,0,0,0,0,0,0,0,0,0,0,0
Victor Lindelöf,Manchester United,2,SWE,CB,30,2.0,0,0,0,0,0,0,0,0,2,0,0,0,0.0,0.0,0.0,0,0,1,1,100.0,0,0,0,0,0,2024-10-19,['CB'],0,1,0,0,0,0,0,0,0,0,0,0,0
Matthijs de Ligt,Manchester United,4,NED,CB,25,90.0,0,0,0,0,0,0,0,0,54,3,3,0,0.0,0.0,0.1,1,0,43,45,95.6,1,30,3,0,0,2024-10-19,['CB'],0,1,0,0,0,0,0,0,0,0,0,0,0
Diogo Dalot,Manchester United,20,POR,RB,25,90.0,0,0,0,0,1,1,1,0,50,0,0,1,0.4,0.4,0.0,1,0,39,44,88.6,4,28,2,0,0,2024-10-19,['RB'],0,0,0,0,0,0,0,0,0,1,0,0,0
André Onana,Manchester United,24,CMR,GK,28,90.0,0,0,0,0,0,0,0,0,49,0,0,0,0.0,0.0,0.4,2,0,30,48,62.5,0,36,0,0,0,2024-10-19,['GK'],0,0,0,0,0,1,0,0,0,0,0,0,0
Kevin Schade,Brentford,7,GER,FW,22,73.0,0,0,0,0,1,0,0,0,24,1,0,0,0.1,0.1,0.0,2,0,13,17,76.5,0,17,2,2,0,2024-10-19,['FW'],0,0,0,0,1,0,0,0,0,0,0,0,0
Fabio Carvalho,Brentford,14,POR,"AM,FW",22,17.0,0,0,0,0,2,0,0,0,6,0,0,0,0.2,0.2,0.0,0,0,1,3,33.3,0,6,0,0,0,2024-10-19,"['AM', 'FW']",1,0,0,0,1,0,0,0,0,0,0,0,0
Keane Lewis-Potter,Brentford,23,ENG,LW,23,65.0,0,0,0,0,1,0,0,0,16,1,0,0,0.1,0.1,0.0,0,0,9,11,81.8,0,12,1,2,1,2024-10-19,['LW'],0,0,0,0,0,0,0,0,1,0,0,0,0
Yoane Wissa,Brentford,11,COD,"LW,AM",28,25.0,0,0,0,0,0,0,0,0,9,0,0,0,0.0,0.0,0.0,0,0,5,6,83.3,0,8,0,1,0,2024-10-19,"['LW', 'AM']",1,0,0,0,0,0,0,0,1,0,0,0,0
Mikkel Damsgaard,Brentford,24,DEN,"RW,LM",24,90.0,0,1,0,0,1,0,0,0,67,1,1,0,0.1,0.1,0.5,3,1,37,55,67.3,7,49,3,5,3,2024-10-19,"['RW', 'LM']",0,0,0,0,0,0,0,1,0,0,0,1,0
Bryan Mbeumo,Brentford,19,CMR,"AM,FW,RW",25,90.0,0,0,0,0,1,0,0,0,50,2,0,2,0.0,0.0,0.0,4,0,25,35,71.4,2,39,3,5,4,2024-10-19,"['AM', 'FW', 'RW']",1,0,0,0,1,0,0,0,0,0,0,1,0
Vitaly Janelt,Brentford,27,GER,DM,26,74.0,0,0,0,0,0,0,0,0,40,0,0,0,0.0,0.0,0.0,0,0,35,38,92.1,1,32,2,0,0,2024-10-19,['DM'],0,0,0,1,0,0,0,0,0,0,0,0,0
Yehor Yarmoliuk,Brentford,18,UKR,RM,20,16.0,0,0,0,0,0,0,0,0,19,1,1,1,0.0,0.0,0.0,0,0,12,15,80.0,1,12,0,1,0,2024-10-19,['RM'],0,0,0,0,0,0,0,0,0,0,1,0,0
Christian Nørgaard,Brentford,6,DEN,"DM,CM",30,90.0,0,0,0,0,1,1,1,0,69,3,2,3,0.0,0.0,0.0,1,1,47,55,85.5,4,44,0,2,1,2024-10-19,"['DM', 'CM']",0,0,1,1,0,0,0,0,0,0,0,0,0
Kristoffer Ajer,Brentford,20,NOR,"LB,RB",26,90.0,0,0,0,0,0,0,1,0,57,1,0,0,0.0,0.0,0.0,1,0,45,52,86.5,6,43,3,0,0,2024-10-19,"['LB', 'RB']",0,0,0,0,0,0,1,0,0,1,0,0,0
Ethan Pinnock,Brentford,5,JAM,CB,31,90.0,1,0,0,0,1,1,0,0,85,4,2,1,0.5,0.5,0.1,2,0,63,68,92.6,3,53,0,0,0,2024-10-19,['CB'],0,1,0,0,0,0,0,0,0,0,0,0,0
Nathan Collins,Brentford,22,IRL,CB,23,90.0,0,0,0,0,0,0,0,0,92,0,2,3,0.0,0.0,0.2,2,0,70,78,89.7,7,62,2,1,1,2024-10-19,['CB'],0,1,0,0,0,0,0,0,0,0,0,0,0
Sepp van den Berg,Brentford,4,NED,RB,22,86.0,0,0,0,0,0,0,0,0,53,1,4,3,0.0,0.0,0.0,0,0,30,37,81.1,0,31,1,3,2,2024-10-19,['RB'],0,0,0,0,0,0,0,0,0,1,0,0,0
Mads Roerslev,Brentford,30,DEN,LB,25,4.0,0,0,0,0,0,0,0,0,4,0,0,1,0.0,0.0,0.0,0,0,2,3,66.7,1,2,0,0,0,2024-10-19,['LB'],0,0,0,0,0,0,1,0,0,0,0,0,0
Mark Flekken,Brentford,1,NED,GK,31,90.0,0,0,0,0,0,0,0,0,56,0,0,0,0.0,0.0,0.0,0,0,36,45,80.0,0,36,0,0,0,2024-10-19,['GK'],0,0,0,0,0,1,0,0,0,0,0,0,0
Evanilson,Bournemouth,9,BRA,FW,25,81.0,0,0,0,0,1,0,0,0,19,0,0,0,0.0,0.0,0.0,3,1,7,11,63.6,0,12,0,3,2,2024-10-19,['FW'],0,0,0,0,1,0,0,0,0,0,0,0,0
Enes Ünal,Bournemouth,26,TUR,FW,27,9.0,0,0,0,0,0,0,0,0,8,0,0,0,0.0,0.0,0.0,0,0,2,6,33.3,1,4,2,1,1,2024-10-19,['FW'],0,0,0,0,1,0,0,0,0,0,0,0,0
Antoine Semenyo,Bournemouth,24,GHA,"LW,RW",24,90.0,0,0,0,0,6,1,1,0,38,0,0,1,0.5,0.5,0.0,4,0,22,25,88.0,2,30,2,3,2,2024-10-19,"['LW', 'RW']",0,0,0,0,0,0,0,0,1,0,0,1,0
Dango Ouattara,Bournemouth,11,BFA,RW,22,62.0,0,0,0,0,0,0,0,0,34,2,0,2,0.0,0.0,0.2,1,0,12,25,48.0,0,14,6,4,2,2024-10-19,['RW'],0,0,0,0,0,0,0,0,0,0,0,1,0
Luis Sinisterra,Bournemouth,17,COL,LW,25,28.0,0,0,0,0,0,0,0,0,11,1,0,0,0.0,0.0,0.0,0,0,2,5,40.0,0,6,3,3,1,2024-10-19,['LW'],0,0,0,0,0,0,0,0,1,0,0,0,0
Marcus Tavernier,Bournemouth,16,ENG,AM,25,62.0,0,0,0,0,3,1,0,0,33,2,0,0,0.1,0.1,0.0,2,0,20,25,80.0,4,17,1,3,2,2024-10-19,['AM'],1,0,0,0,0,0,0,0,0,0,0,0,0
Ryan Christie,Bournemouth,10,SCO,DM,29,28.0,1,0,0,0,1,1,0,0,15,0,0,0,0.1,0.1,0.0,1,0,7,10,70.0,0,7,0,0,0,2024-10-19,['DM'],0,0,0,1,0,0,0,0,0,0,0,0,0
Lewis Cook,Bournemouth,4,ENG,DM,27,90.0,0,0,0,0,0,0,0,0,57,3,0,1,0.0,0.0,0.1,3,1,36,48,75.0,2,30,2,3,2,2024-10-19,['DM'],0,0,0,1,0,0,0,0,0,0,0,0,0
Alex Scott,Bournemouth,8,ENG,DM,21,62.0,0,0,0,0,0,0,0,0,42,0,1,3,0.0,0.0,0.1,4,0,30,34,88.2,6,29,2,4,2,2024-10-19,['DM'],0,0,0,1,0,0,0,0,0,0,0,0,0
Justin Kluivert,Bournemouth,19,NED,AM,25,28.0,1,1,1,1,0,0,0,0,5,0,0,0,0.8,0.0,0.1,1,1,3,3,100.0,0,2,0,0,0,2024-10-19,['AM'],1,0,0,0,0,0,0,0,0,0,0,0,0
Milos Kerkez,Bournemouth,3,HUN,LB,20,90.0,0,0,0,0,1,0,0,0,67,2,0,1,0.1,0.1,0.0,3,0,50,57,87.7,11,36,7,2,2,2024-10-19,['LB'],0,0,0,0,0,0,1,0,0,0,0,0,0
Marcos Senesi,Bournemouth,5,ARG,CB,27,90.0,0,0,0,0,0,0,0,0,74,4,1,1,0.0,0.0,0.0,2,0,47,62,75.8,4,40,2,0,0,2024-10-19,['CB'],0,1,0,0,0,0,0,0,0,0,0,0,0
Illia Zabarnyi,Bournemouth,27,UKR,CB,22,90.0,0,0,0,0,0,0,0,0,60,0,1,1,0.0,0.0,0.0,0,0,44,56,78.6,5,41,0,0,0,2024-10-19,['CB'],0,1,0,0,0,0,0,0,0,0,0,0,0
Julian Araujo,Bournemouth,22,MEX,RB,23,45.0,0,0,0,0,0,0,0,0,33,1,0,1,0.0,0.0,0.0,0,0,21,27,77.8,2,16,0,0,0,2024-10-19,['RB'],0,0,0,0,0,0,0,0,0,1,0,0,0
Adam Smith,Bournemouth,15,ENG,RB,33,45.0,0,0,0,0,0,0,0,0,17,1,0,1,0.0,0.0,0.0,1,0,10,14,71.4,0,6,0,0,0,2024-10-19,['RB'],0,0,0,0,0,0,0,0,0,1,0,0,0
Kepa Arrizabalaga,Bournemouth,13,ESP,GK,30,90.0,0,0,0,0,0,0,0,0,39,0,0,0,0.0,0.0,0.0,0,0,25,38,65.8,0,26,0,0,0,2024-10-19,['GK'],0,0,0,0,0,1,0,0,0,0,0,0,0
Kai Havertz,Arsenal,29,GER,FW,25,90.0,0,0,0,0,1,0,0,0,52,0,0,1,0.0,0.0,0.0,1,0,25,36,69.4,4,31,1,1,0,2024-10-19,['FW'],0,0,0,0,1,0,0,0,0,0,0,0,0
Leandro Trossard,Arsenal,19,BEL,LW,29,63.0,0,0,0,0,0,0,0,0,26,2,2,1,0.0,0.0,0.0,1,0,13,21,61.9,0,20,1,0,0,2024-10-19,['LW'],0,0,0,0,0,0,0,0,1,0,0,0,0
Gabriel Martinelli,Arsenal,11,BRA,LW,23,27.0,0,0,0,0,2,1,0,0,18,0,0,0,0.3,0.3,0.0,1,0,11,13,84.6,2,10,2,2,0,2024-10-19,['LW'],0,0,0,0,0,0,0,0,1,0,0,0,0
Raheem Sterling,Arsenal,30,ENG,RW,29,36.0,0,0,0,0,0,0,0,0,12,0,0,0,0.0,0.0,0.0,0,0,6,10,60.0,1,8,4,1,1,2024-10-19,['RW'],0,0,0,0,0,0,0,0,0,0,0,1,0
Jakub Kiwior,Arsenal,15,POL,CB,24,44.0,0,0,0,0,0,0,0,0,22,0,0,1,0.0,0.0,0.0,0,0,13,17,76.5,0,9,0,2,1,2024-10-19,['CB'],0,1,0,0,0,0,0,0,0,0,0,0,0
Gabriel Jesus,Arsenal,9,BRA,RW,27,10.0,0,0,0,0,0,0,0,0,10,0,0,0,0.0,0.0,0.0,0,0,3,6,50.0,0,10,1,1,1,2024-10-19,['RW'],0,0,0,0,0,0,0,0,0,0,0,1,0
Mikel Merino,Arsenal,23,ESP,"RW,AM",28,80.0,0,0,0,0,1,0,0,0,49,4,2,2,0.2,0.2,0.2,1,0,23,34,67.6,2,28,1,0,0,2024-10-19,"['RW', 'AM']",1,0,0,0,0,0,0,0,0,0,0,1,0
Ethan Nwaneri,Arsenal,53,ENG,AM,17,10.0,0,0,0,0,0,0,0,0,12,0,0,1,0.0,0.0,0.0,0,0,8,10,80.0,0,5,0,0,0,2024-10-19,['AM'],1,0,0,0,0,0,0,0,0,0,0,0,0
Declan Rice,Arsenal,41,ENG,DM,25,90.0,0,0,0,0,0,0,0,0,61,2,0,1,0.0,0.0,0.1,3,0,42,49,85.7,6,27,2,3,3,2024-10-19,['DM'],0,0,0,1,0,0,0,0,0,0,0,0,0
Thomas Partey,Arsenal,5,GHA,"DM,CB",31,90.0,0,0,0,0,1,0,0,0,69,2,0,1,0.1,0.1,0.0,2,0,55,63,87.3,6,37,1,2,1,2024-10-19,"['DM', 'CB']",0,1,0,1,0,0,0,0,0,0,0,0,0
Riccardo Calafiori,Arsenal,33,ITA,LB,22,90.0,0,0,0,0,0,0,0,0,62,3,0,2,0.0,0.0,0.0,0,0,38,48,79.2,1,23,0,1,0,2024-10-19,['LB'],0,0,0,0,0,0,1,0,0,0,0,0,0
Gabriel Magalhães,Arsenal,6,BRA,CB,26,90.0,0,0,0,0,1,0,0,0,60,0,0,2,0.0,0.0,0.0,0,0,42,51,82.4,2,35,0,0,0,2024-10-19,['CB'],0,1,0,0,0,0,0,0,0,0,0,0,0
William Saliba,Arsenal,2,FRA,CB,23,29.0,0,0,0,0,0,0,0,1,21,1,1,1,0.0,0.0,0.0,0,0,17,18,94.4,1,13,0,0,0,2024-10-19,['CB'],0,1,0,0,0,0,0,0,0,0,0,0,0
Ben White,Arsenal,4,ENG,RB,27,90.0,0,0,0,0,0,0,1,0,46,2,1,0,0.0,0.0,0.0,0,0,31,38,81.6,0,21,1,0,0,2024-10-19,['RB'],0,0,0,0,0,0,0,0,0,1,0,0,0
David Raya,Arsenal,22,ESP,GK,29,90.0,0,0,0,0,0,0,0,0,63,0,0,0,0.0,0.0,0.0,0,0,35,55,63.6,0,32,0,0,0,2024-10-19,['GK'],0,0,0,0,0,1,0,0,0,0,0,0,0
Matheus Cunha,Wolverhampton Wanderers,10,BRA,FW,25,66.0,0,0,0,0,1,0,0,0,22,2,0,2,0.0,0.0,0.2,2,0,11,13,84.6,2,16,0,3,2,2024-10-20,['FW'],0,0,0,0,1,0,0,0,0,0,0,0,0
Carlos Forbs,Wolverhampton Wanderers,26,POR,FW,20,24.0,0,0,0,0,0,0,0,0,9,1,0,1,0.0,0.0,0.0,0,0,4,6,66.7,0,4,1,0,0,2024-10-20,['FW'],0,0,0,0,1,0,0,0,0,0,0,0,0
Jørgen Strand Larsen,Wolverhampton Wanderers,9,NOR,FW,24,79.0,1,0,0,0,1,1,0,0,19,0,0,1,0.5,0.5,0.0,1,0,4,8,50.0,0,7,0,0,0,2024-10-20,['FW'],0,0,0,0,1,0,0,0,0,0,0,0,0
Gonçalo Guedes,Wolverhampton Wanderers,29,POR,FW,27,11.0,0,0,0,0,0,0,0,0,5,0,0,0,0.0,0.0,0.0,0,0,4,5,80.0,1,3,1,0,0,2024-10-20,['FW'],0,0,0,0,1,0,0,0,0,0,0,0,0
Mario Lemina,Wolverhampton Wanderers,5,GAB,CM,31,90.0,0,0,0,0,0,0,0,0,33,2,2,2,0.0,0.0,0.0,0,0,16,19,84.2,2,14,0,1,0,2024-10-20,['CM'],0,0,1,0,0,0,0,0,0,0,0,0,0
André,Wolverhampton Wanderers,7,BRA,CM,23,45.0,0,0,0,0,0,0,0,0,21,2,0,6,0.0,0.0,0.0,0,0,6,7,85.7,0,3,0,0,0,2024-10-20,['CM'],0,0,1,0,0,0,0,0,0,0,0,0,0
Tommy Doyle,Wolverhampton Wanderers,20,ENG,CM,23,45.0,0,0,0,0,0,0,0,0,16,1,1,1,0.0,0.0,0.0,0,0,8,9,88.9,1,6,0,0,0,2024-10-20,['CM'],0,0,1,0,0,0,0,0,0,0,0,0,0
João Gomes,Wolverhampton Wanderers,8,BRA,CM,23,89.0,0,0,0,0,0,0,1,0,33,6,1,3,0.0,0.0,0.0,0,0,10,17,58.8,1,11,1,1,1,2024-10-20,['CM'],0,0,1,0,0,0,0,0,0,0,0,0,0
Jean-Ricner Bellegarde,Wolverhampton Wanderers,27,FRA,CM,26,1.0,0,0,0,0,0,0,0,0,2,0,0,1,0.0,0.0,0.0,0,0,0,0,80.8,0,0,0,0,0,2024-10-20,['CM'],0,0,1,0,0,0,0,0,0,0,0,0,0
Rayan Aït-Nouri,Wolverhampton Wanderers,3,ALG,WB,23,90.0,0,0,0,0,0,0,0,0,37,5,0,2,0.0,0.0,0.0,1,0,16,25,64.0,0,18,2,3,1,2024-10-20,['WB'],0,0,0,0,0,0,0,0,0,0,0,0,1
Nélson Semedo,Wolverhampton Wanderers,22,POR,WB,30,90.0,0,1,0,0,1,1,1,0,37,2,0,1,0.2,0.2,0.5,1,1,16,22,72.7,1,18,2,1,0,2024-10-20,['WB'],0,0,0,0,0,0,0,0,0,0,0,0,1
Toti Gomes,Wolverhampton Wanderers,24,POR,CB,25,90.0,0,0,0,0,0,0,1,0,35,3,0,1,0.0,0.0,0.0,0,0,18,26,69.2,0,14,0,0,0,2024-10-20,['CB'],0,1,0,0,0,0,0,0,0,0,0,0,0
Craig Dawson,Wolverhampton Wanderers,15,ENG,CB,34,90.0,0,0,0,0,0,0,0,0,33,1,2,1,0.0,0.0,0.0,0,0,19,20,95.0,0,12,0,0,0,2024-10-20,['CB'],0,1,0,0,0,0,0,0,0,0,0,0,0
Santiago Bueno,Wolverhampton Wanderers,4,URU,CB,25,90.0,0,0,0,0,0,0,0,0,28,1,0,2,0.0,0.0,0.0,1,1,14,20,70.0,0,12,0,0,0,2024-10-20,['CB'],0,1,0,0,0,0,0,0,0,0,0,0,0
José Sá,Wolverhampton Wanderers,1,POR,GK,31,90.0,0,0,0,0,0,0,0,0,44,0,0,0,0.0,0.0,0.0,0,0,12,40,30.0,0,23,0,0,0,2024-10-20,['GK'],0,0,0,0,0,1,0,0,0,0,0,0,0
Erling Haaland,Manchester City,9,NOR,FW,24,90.0,0,0,0,0,0,0,0,0,13,0,0,0,0.0,0.0,0.0,1,0,6,8,75.0,1,8,0,1,0,2024-10-20,['FW'],0,0,0,0,1,0,0,0,0,0,0,0,0
Jeremy Doku,Manchester City,11,BEL,"LM,RM",22,65.0,0,1,0,0,3,0,0,0,68,3,0,1,0.1,0.1,0.1,5,1,39,54,72.2,8,49,18,9,6,2024-10-20,"['LM', 'RM']",0,0,0,0,0,0,0,1,0,0,1,0,0
Phil Foden,Manchester City,47,ENG,"CM,RM",24,25.0,0,1,0,0,1,0,0,0,17,0,0,0,0.0,0.0,0.3,5,2,13,16,81.3,2,11,0,0,0,2024-10-20,"['CM', 'RM']",0,0,1,0,0,0,0,0,0,0,1,0,0
Bernardo Silva,Manchester City,20,POR,"CM,RM",30,90.0,0,0,0,0,4,1,0,0,55,2,0,0,0.4,0.4,0.1,3,0,42,46,91.3,1,34,3,3,1,2024-10-20,"['CM', 'RM']",0,0,1,0,0,0,0,0,0,0,1,0,0
İlkay Gündoğan,Manchester City,19,GER,"CM,DM",33,90.0,0,0,0,0,3,1,0,0,91,0,0,1,0.4,0.4,0.2,5,0,65,83,78.3,6,47,3,0,0,2024-10-20,"['CM', 'DM']",0,0,1,1,0,0,0,0,0,0,0,0,0
Sávio,Manchester City,26,BRA,"RM,LM",20,72.0,0,0,0,0,4,1,1,0,87,3,0,1,0.3,0.3,0.3,7,0,52,68,76.5,5,55,10,11,2,2024-10-20,"['RM', 'LM']",0,0,0,0,0,0,0,1,0,0,1,0,0
Jack Grealish,Manchester City,10,ENG,LM,29,18.0,0,0,0,0,1,1,0,0,26,0,0,0,0.0,0.0,0.2,3,0,19,25,76.0,3,21,9,0,0,2024-10-20,['LM'],0,0,0,0,0,0,0,1,0,0,0,0,0
Mateo Kovačić,Manchester City,8,CRO,DM,30,85.0,0,0,0,0,1,0,0,0,81,1,0,1,0.0,0.0,0.0,4,0,64,71,90.1,9,63,4,5,1,2024-10-20,['DM'],0,0,0,1,0,0,0,0,0,0,0,0,0
Matheus Nunes,Manchester City,27,POR,CM,26,5.0,0,0,0,0,1,0,0,0,6,1,0,0,0.0,0.0,0.0,1,0,2,2,100.0,0,4,0,0,0,2024-10-20,['CM'],0,0,1,0,0,0,0,0,0,0,0,0,0
Joško Gvardiol,Manchester City,24,CRO,LB,22,90.0,1,0,0,0,1,1,0,0,133,1,0,0,0.0,0.0,0.1,4,1,117,128,91.4,30,105,5,0,0,2024-10-20,['LB'],0,0,0,0,0,0,1,0,0,0,0,0,0
Rúben Dias,Manchester City,3,POR,CB,27,90.0,0,0,0,0,2,1,0,0,129,0,1,0,0.1,0.1,0.0,2,0,113,123,91.9,18,98,2,0,0,2024-10-20,['CB'],0,1,0,0,0,0,0,0,0,0,0,0,0
John Stones,Manchester City,5,ENG,CB,30,90.0,1,0,0,0,1,1,0,0,97,1,0,1,0.3,0.3,0.0,1,0,79,92,85.9,8,64,6,0,0,2024-10-20,['CB'],0,1,0,0,0,0,0,0,0,0,0,0,0
Rico Lewis,Manchester City,82,ENG,RB,19,90.0,0,0,0,0,0,0,0,0,70,2,2,1,0.0,0.0,0.1,1,0,60,64,93.8,9,33,5,1,0,2024-10-20,['RB'],0,0,0,0,0,0,0,0,0,1,0,0,0
Ederson,Manchester City,31,BRA,GK,31,90.0,0,0,0,0,0,0,0,0,17,0,0,0,0.0,0.0,0.0,0,0,15,15,100.0,0,9,0,0,0,2024-10-20,['GK'],0,0,0,0,0,1,0,0,0,0,0,0,0
Diogo Jota,Liverpool,20,POR,FW,27,29.0,0,0,0,0,0,0,0,0,4,0,0,0,0.0,0.0,0.0,0,0,2,2,100.0,1,3,2,0,0,2024-10-20,['FW'],0,0,0,0,1,0,0,0,0,0,0,0,0
Darwin Núñez,Liverpool,9,URU,FW,25,61.0,0,0,0,0,0,0,1,0,14,3,0,0,0.0,0.0,0.0,2,0,6,8,75.0,1,9,0,0,0,2024-10-20,['FW'],0,0,0,0,1,0,0,0,0,0,0,0,0
Cody Gakpo,Liverpool,18,NED,LW,25,65.0,0,0,0,0,1,0,0,0,23,2,0,3,0.0,0.0,0.2,2,0,10,14,71.4,2,13,1,1,0,2024-10-20,['LW'],0,0,0,0,0,0,0,0,1,0,0,0,0
Luis Díaz,Liverpool,7,COL,LW,27,25.0,0,0,0,0,2,1,0,0,15,1,0,0,0.1,0.1,0.0,1,0,9,11,81.8,1,9,1,2,1,2024-10-20,['LW'],0,0,0,0,0,0,0,0,1,0,0,0,0
Mohamed Salah,Liverpool,11,EGY,RW,32,90.0,1,1,1,1,1,0,0,0,38,1,1,0,0.8,0.0,0.7,4,2,17,31,54.8,3,31,1,4,3,2024-10-20,['RW'],0,0,0,0,0,0,0,0,0,0,0,1,0
Dominik Szoboszlai,Liverpool,8,HUN,AM,23,90.0,0,0,0,0,1,1,1,0,47,0,1,3,0.2,0.2,0.0,1,1,31,38,81.6,5,20,3,0,0,2024-10-20,['AM'],1,0,0,0,0,0,0,0,0,0,0,0,0
Curtis Jones,Liverpool,17,ENG,DM,23,80.0,1,0,0,0,2,2,0,0,51,3,1,1,0.8,0.8,0.0,3,1,37,42,88.1,3,33,1,2,1,2024-10-20,['DM'],0,0,0,1,0,0,0,0,0,0,0,0,0
Alexis Mac Allister,Liverpool,10,ARG,DM,25,10.0,0,0,0,0,0,0,1,0,11,2,0,0,0.0,0.0,0.0,1,0,8,10,80.0,1,6,0,0,0,2024-10-20,['DM'],0,0,0,1,0,0,0,0,0,0,0,0,0
Ryan Gravenberch,Liverpool,38,NED,DM,22,90.0,0,0,0,0,0,0,0,0,46,1,0,0,0.0,0.0,0.0,2,0,34,39,87.2,2,25,1,0,0,2024-10-20,['DM'],0,0,0,1,0,0,0,0,0,0,0,0,0
Andrew Robertson,Liverpool,26,SCO,LB,30,90.0,0,0,0,0,0,0,0,0,62,3,0,1,0.0,0.0,0.0,1,0,47,55,85.5,4,27,0,0,0,2024-10-20,['LB'],0,0,0,0,0,0,1,0,0,0,0,0,0
Virgil van Dijk,Liverpool,4,NED,CB,33,90.0,0,0,0,0,1,0,0,0,70,1,1,0,0.0,0.0,0.0,0,0,54,63,85.7,4,36,0,0,0,2024-10-20,['CB'],0,1,0,0,0,0,0,0,0,0,0,0,0
Ibrahima Konaté,Liverpool,5,FRA,CB,25,90.0,0,0,0,0,0,0,1,0,46,1,0,1,0.0,0.0,0.0,0,0,36,40,90.0,2,23,0,0,0,2024-10-20,['CB'],0,1,0,0,0,0,0,0,0,0,0,0,0
Trent Alexander-Arnold,Liverpool,66,ENG,RB,26,80.0,0,0,0,0,0,0,0,0,44,4,1,2,0.0,0.0,0.0,0,0,24,35,68.6,0,13,0,1,0,2024-10-20,['RB'],0,0,0,0,0,0,0,0,0,1,0,0,0
Joe Gomez,Liverpool,2,ENG,RB,27,10.0,0,0,0,0,0,0,0,0,10,3,1,0,0.0,0.0,0.0,0,0,2,7,28.6,0,3,0,0,0,2024-10-20,['RB'],0,0,0,0,0,0,0,0,0,1,0,0,0
Caoimhín Kelleher,Liverpool,62,IRL,GK,25,90.0,0,0,0,0,0,0,0,0,44,0,0,0,0.0,0.0,0.0,0,0,28,44,63.6,0,33,0,0,0,2024-10-20,['GK'],0,0,0,0,0,1,0,0,0,0,0,0,0
Nicolas Jackson,Chelsea,15,SEN,FW,23,90.0,1,0,0,0,2,1,1,0,18,0,0,1,0.3,0.3,0.0,0,0,7,11,63.6,2,7,1,2,1,2024-10-20,['FW'],0,0,0,0,1,0,0,0,0,0,0,0,0
Jadon Sancho,Chelsea,19,ENG,LW,24,45.0,0,0,0,0,0,0,0,0,26,0,0,0,0.0,0.0,0.0,0,0,19,22,86.4,3,17,3,3,0,2024-10-20,['LW'],0,0,0,0,0,0,0,0,1,0,0,0,0
Pedro Neto,Chelsea,7,POR,"LW,RW",24,45.0,0,0,0,0,1,0,0,0,29,0,0,0,0.0,0.0,0.2,5,0,20,25,80.0,1,21,2,2,0,2024-10-20,"['LW', 'RW']",0,0,0,0,0,0,0,0,1,0,0,1,0
Noni Madueke,Chelsea,11,ENG,RW,22,75.0,0,0,0,0,1,1,0,0,33,1,0,0,0.0,0.0,0.1,1,0,23,25,92.0,0,28,8,5,2,2024-10-20,['RW'],0,0,0,0,0,0,0,0,0,0,0,1,0
Christopher Nkunku,Chelsea,18,FRA,LW,26,15.0,0,0,0,0,1,0,0,0,11,0,0,0,0.0,0.0,0.0,1,0,7,7,100.0,1,9,0,2,0,2024-10-20,['LW'],0,0,0,0,0,0,0,0,1,0,0,0,0
Cole Palmer,Chelsea,20,ENG,AM,22,90.0,0,0,0,0,4,0,0,0,42,0,0,1,0.4,0.4,0.1,4,0,25,30,83.3,3,26,2,5,1,2024-10-20,['AM'],1,0,0,0,0,0,0,0,0,0,0,0,0
Roméo Lavia,Chelsea,45,BEL,DM,20,52.0,0,0,0,0,0,0,0,0,30,2,2,2,0.0,0.0,0.0,0,0,21,22,95.5,0,18,1,3,3,2024-10-20,['DM'],0,0,0,1,0,0,0,0,0,0,0,0,0
Enzo Fernández,Chelsea,8,ARG,DM,23,38.0,0,0,0,0,0,0,0,0,25,1,0,1,0.0,0.0,0.0,1,0,18,22,81.8,3,13,1,0,0,2024-10-20,['DM'],0,0,0,1,0,0,0,0,0,0,0,0,0
Moisés Caicedo,Chelsea,25,ECU,DM,22,90.0,0,1,0,0,0,0,0,0,57,1,0,0,0.0,0.0,0.3,3,1,43,53,81.1,10,38,2,1,1,2024-10-20,['DM'],0,0,0,1,0,0,0,0,0,0,0,0,0
Malo Gusto,Chelsea,27,FRA,"LB,RB",21,90.0,0,0,0,0,2,0,0,0,78,3,4,2,0.1,0.1,0.0,1,1,58,65,89.2,8,44,3,3,1,2024-10-20,"['LB', 'RB']",0,0,0,0,0,0,1,0,0,1,0,0,0
Levi Colwill,Chelsea,6,ENG,CB,21,90.0,0,0,0,0,0,0,0,0,89,2,0,0,0.0,0.0,0.0,1,0,71,81,87.7,5,51,0,1,1,2024-10-20,['CB'],0,1,0,0,0,0,0,0,0,0,0,0,0
Tosin Adarabioyo,Chelsea,4,ENG,CB,27,52.0,0,0,0,0,0,0,1,0,48,0,0,0,0.0,0.0,0.0,0,0,43,46,93.5,0,30,0,0,0,2024-10-20,['CB'],0,1,0,0,0,0,0,0,0,0,0,0,0
Benoît Badiashile,Chelsea,5,FRA,CB,23,38.0,0,0,0,0,0,0,0,0,47,1,1,0,0.0,0.0,0.0,0,0,42,43,97.7,3,26,1,0,0,2024-10-20,['CB'],0,1,0,0,0,0,0,0,0,0,0,0,0
Reece James,Chelsea,24,ENG,RB,24,52.0,0,0,0,0,0,0,0,0,60,1,1,0,0.0,0.0,0.0,2,0,45,55,81.8,2,32,0,0,0,2024-10-20,['RB'],0,0,0,0,0,0,0,0,0,1,0,0,0
Renato Veiga,Chelsea,40,POR,LB,21,38.0,0,0,0,0,1,0,1,0,36,0,0,0,0.1,0.1,0.0,0,0,22,30,73.3,2,17,0,2,0,2024-10-20,['LB'],0,0,0,0,0,0,1,0,0,0,0,0,0
Robert Sánchez,Chelsea,1,ESP,GK,26,90.0,0,0,0,0,0,0,0,0,44,0,0,0,0.0,0.0,0.0,0,0,35,42,83.3,0,25,0,0,0,2024-10-20,['GK'],0,0,0,0,0,1,0,0,0,0,0,0,0
Chris Wood,Nottingham Forest,11,NZL,FW,32,83.0,1,0,0,0,4,2,0,0,22,0,0,0,0.9,0.9,0.1,1,0,8,14,57.1,0,8,0,0,0,2024-10-21,['FW'],0,0,0,0,1,0,0,0,0,0,0,0,0
Taiwo Awoniyi,Nottingham Forest,9,NGA,FW,27,7.0,0,0,0,0,0,0,0,0,6,0,0,0,0.0,0.0,0.0,0,0,3,4,75.0,0,3,1,1,0,2024-10-21,['FW'],0,0,0,0,1,0,0,0,0,0,0,0,0
Callum Hudson-Odoi,Nottingham Forest,14,ENG,LW,23,83.0,0,0,0,0,2,0,0,0,38,0,0,0,0.1,0.1,0.1,5,0,29,33,87.9,1,17,4,3,2,2024-10-21,['LW'],0,0,0,0,0,0,0,0,1,0,0,0,0
Ramón Sosa,Nottingham Forest,24,PAR,LW,25,7.0,0,0,0,0,1,0,0,0,9,0,1,0,0.0,0.0,0.0,0,0,4,5,80.0,0,4,0,1,1,2024-10-21,['LW'],0,0,0,0,0,0,0,0,1,0,0,0,0
Anthony Elanga,Nottingham Forest,21,SWE,RW,22,62.0,0,0,0,0,0,0,0,0,35,0,0,0,0.0,0.0,0.1,4,0,19,29,65.5,1,17,1,2,0,2024-10-21,['RW'],0,0,0,0,0,0,0,0,0,0,0,1,0
Jota Silva,Nottingham Forest,20,POR,RW,25,28.0,0,0,0,0,0,0,0,0,14,1,0,1,0.0,0.0,0.0,0,0,1,5,20.0,0,7,1,3,1,2024-10-21,['RW'],0,0,0,0,0,0,0,0,0,0,0,1,0
Elliot Anderson,Nottingham Forest,8,ENG,AM,21,77.0,0,0,0,0,4,2,1,0,59,1,0,2,0.3,0.3,0.9,11,0,39,43,90.7,4,26,4,6,6,2024-10-21,['AM'],1,0,0,0,0,0,0,0,0,0,0,0,0
Neco Williams,Nottingham Forest,7,WAL,LM,23,13.0,0,0,0,0,0,0,0,0,16,0,0,0,0.0,0.0,0.0,1,0,10,13,76.9,1,9,1,1,1,2024-10-21,['LM'],0,0,0,0,0,0,0,1,0,0,0,0,0
Nicolás Domínguez,Nottingham Forest,16,ARG,"DM,CM",26,90.0,0,0,0,0,2,1,1,0,75,2,2,5,0.1,0.1,0.0,1,0,56,62,90.3,7,30,4,0,0,2024-10-21,"['DM', 'CM']",0,0,1,1,0,0,0,0,0,0,0,0,0
Ryan Yates,Nottingham Forest,22,ENG,"DM,CM",26,90.0,0,0,0,0,4,0,0,0,55,1,5,0,0.3,0.3,0.2,6,0,26,34,76.5,2,26,0,0,0,2024-10-21,"['DM', 'CM']",0,0,1,1,0,0,0,0,0,0,0,0,0
Álex Moreno,Nottingham Forest,19,ESP,LB,31,77.0,0,0,0,0,2,0,0,0,62,2,0,4,0.0,0.0,0.1,3,1,38,51,74.5,8,32,4,2,1,2024-10-21,['LB'],0,0,0,0,0,0,1,0,0,0,0,0,0
Morato,Nottingham Forest,4,BRA,CB,23,13.0,0,0,0,0,0,0,0,0,8,0,0,0,0.0,0.0,0.0,1,0,5,8,62.5,0,4,0,0,0,2024-10-21,['CB'],0,1,0,0,0,0,0,0,0,0,0,0,0
Murillo,Nottingham Forest,5,BRA,CB,22,90.0,0,0,0,0,1,1,0,0,77,0,2,0,0.0,0.0,0.0,1,1,56,66,84.8,4,37,0,4,4,2024-10-21,['CB'],0,1,0,0,0,0,0,0,0,0,0,0,0
Nikola Milenković,Nottingham Forest,31,SRB,CB,27,90.0,0,0,0,0,0,0,0,0,52,0,2,2,0.0,0.0,0.0,0,0,35,44,79.5,2,18,0,0,0,2024-10-21,['CB'],0,1,0,0,0,0,0,0,0,0,0,0,0
Ola Aina,Nottingham Forest,34,NGA,"RB,RM",28,90.0,0,0,0,0,0,0,0,0,63,2,2,2,0.0,0.0,0.0,2,0,38,51,74.5,8,30,5,4,0,2024-10-21,"['RB', 'RM']",0,0,0,0,0,0,0,0,0,1,1,0,0
Matz Sels,Nottingham Forest,26,BEL,GK,32,90.0,0,0,0,0,0,0,0,0,34,0,0,0,0.0,0.0,0.0,0,0,24,31,77.4,0,22,0,0,0,2024-10-21,['GK'],0,0,0,0,0,1,0,0,0,0,0,0,0
Eddie Nketiah,Crystal Palace,9,ENG,FW,25,65.0,0,0,0,0,4,2,0,0,26,1,0,0,0.2,0.2,0.3,7,0,8,16,50.0,1,10,5,2,2,2024-10-21,['FW'],0,0,0,0,1,0,0,0,0,0,0,0,0
Jean-Philippe Mateta,Crystal Palace,14,FRA,FW,27,25.0,0,0,0,0,2,1,0,0,6,0,0,1,0.1,0.1,0.0,0,0,1,2,50.0,0,1,0,0,0,2024-10-21,['FW'],0,0,0,0,1,0,0,0,0,0,0,0,0
Eberechi Eze,Crystal Palace,10,ENG,"FW,AM",26,90.0,0,0,0,0,6,2,0,0,60,2,0,0,0.3,0.3,0.1,4,0,32,48,66.7,2,29,4,5,4,2024-10-21,"['FW', 'AM']",1,0,0,0,1,0,0,0,0,0,0,0,0
Tyrick Mitchell,Crystal Palace,3,ENG,LW,25,73.0,0,0,0,0,0,0,0,0,42,3,0,4,0.0,0.0,0.0,0,0,22,33,66.7,1,13,1,0,0,2024-10-21,['LW'],0,0,0,0,0,0,0,0,1,0,0,0,0
Jeffrey Schlupp,Crystal Palace,15,GHA,WB,31,17.0,0,0,0,0,1,1,0,0,19,2,0,1,0.0,0.0,0.0,2,0,9,11,81.8,2,8,0,0,0,2024-10-21,['WB'],0,0,0,0,0,0,0,0,0,0,0,0,1
Daniel Muñoz,Crystal Palace,12,COL,"RW,WB",28,90.0,0,0,0,0,0,0,1,0,66,4,1,1,0.0,0.0,0.2,4,0,35,49,71.4,2,30,2,0,0,2024-10-21,"['RW', 'WB']",0,0,0,0,0,0,0,0,0,0,0,1,1
Daichi Kamada,Crystal Palace,18,JPN,CM,28,87.0,0,0,0,0,2,1,1,0,42,3,0,1,0.2,0.2,0.1,2,0,29,34,85.3,6,20,1,0,0,2024-10-21,['CM'],0,0,1,0,0,0,0,0,0,0,0,0,0
Asher Agbinone,Crystal Palace,64,ENG,CM,19,3.0,0,0,0,0,1,0,0,0,4,0,0,0,0.0,0.0,0.0,1,0,1,2,50.0,0,2,2,1,0,2024-10-21,['CM'],0,0,1,0,0,0,0,0,0,0,0,0,0
Will Hughes,Crystal Palace,19,ENG,CM,29,73.0,0,0,0,0,1,0,0,0,39,3,1,4,0.1,0.1,0.1,5,0,22,30,73.3,5,15,0,0,0,2024-10-21,['CM'],0,0,1,0,0,0,0,0,0,0,0,0,0
Ismaila Sarr,Crystal Palace,7,SEN,AM,26,17.0,0,0,0,0,0,0,0,0,6,0,0,0,0.0,0.0,0.0,1,0,4,6,66.7,1,2,1,0,0,2024-10-21,['AM'],1,0,0,0,0,0,0,0,0,0,0,0,0
Jefferson Lerma,Crystal Palace,8,COL,"DM,CM",29,90.0,0,0,0,0,1,0,1,0,67,0,1,4,0.0,0.0,0.1,0,0,45,58,77.6,6,25,0,0,0,2024-10-21,"['DM', 'CM']",0,0,1,1,0,0,0,0,0,0,0,0,0
Marc Guéhi,Crystal Palace,6,ENG,CB,24,90.0,0,0,0,0,0,0,0,0,83,3,1,0,0.0,0.0,0.0,1,0,60,72,83.3,10,47,2,0,0,2024-10-21,['CB'],0,1,0,0,0,0,0,0,0,0,0,0,0
Maxence Lacroix,Crystal Palace,5,FRA,CB,24,90.0,0,0,0,0,0,0,0,0,64,0,1,2,0.0,0.0,0.0,1,0,47,53,88.7,2,39,0,0,0,2024-10-21,['CB'],0,1,0,0,0,0,0,0,0,0,0,0,0
Trevoh Chalobah,Crystal Palace,27,ENG,CB,25,90.0,0,0,0,0,2,0,0,0,60,2,0,4,0.1,0.1,0.0,2,0,40,46,87.0,4,26,0,1,0,2024-10-21,['CB'],0,1,0,0,0,0,0,0,0,0,0,0,0
Dean Henderson,Crystal Palace,1,ENG,GK,27,90.0,0,0,0,0,0,0,0,0,25,0,0,0,0.0,0.0,0.0,0,0,20,22,90.9,0,12,0,0,0,2024-10-21,['GK'],0,0,0,0,0,1,0,0,0,0,0,0,0
Jamie Vardy,Leicester City,9,ENG,FW,37,90.0,1,0,0,0,2,1,0,0,25,0,0,0,0.5,0.5,0.1,3,0,12,19,63.2,0,15,0,0,0,2024-10-25,['FW'],0,0,0,0,1,0,0,0,0,0,0,0,0
Stephy Mavididi,Leicester City,10,ENG,LW,26,67.0,0,0,0,0,2,0,1,0,40,0,0,0,0.0,0.0,0.0,3,1,21,31,67.7,2,32,6,2,0,2024-10-25,['LW'],0,0,0,0,0,0,0,0,1,0,0,0,0
Jordan Ayew,Leicester City,18,GHA,LW,33,23.0,0,0,0,0,0,0,1,0,14,0,0,0,0.0,0.0,0.0,1,0,10,12,83.3,0,12,0,0,0,2024-10-25,['LW'],0,0,0,0,0,0,0,0,1,0,0,0,0
Abdul Fatawu Issahaku,Leicester City,7,GHA,"RW,RM",20,90.0,0,0,0,0,1,0,0,0,66,1,0,1,0.0,0.0,0.0,2,0,29,45,64.4,4,45,12,10,3,2024-10-25,"['RW', 'RM']",0,0,0,0,0,0,0,0,0,0,1,1,0
Facundo Buonanotte,Leicester City,40,ARG,"AM,CM",19,90.0,0,0,0,0,4,0,0,0,79,2,2,4,0.1,0.1,0.0,3,0,45,51,88.2,5,44,7,5,2,2024-10-25,"['AM', 'CM']",1,0,1,0,0,0,0,0,0,0,0,0,0
Harry Winks,Leicester City,8,ENG,"DM,LM",28,90.0,0,1,0,0,1,0,1,0,87,0,0,2,0.0,0.0,0.5,3,1,69,81,85.2,8,70,2,0,0,2024-10-25,"['DM', 'LM']",0,0,0,1,0,0,0,1,0,0,0,0,0
Wilfred Ndidi,Leicester City,6,NGA,"DM,CM",27,73.0,0,0,0,0,1,0,0,0,45,1,0,2,0.0,0.0,0.0,0,0,29,35,82.9,3,27,2,0,0,2024-10-25,"['DM', 'CM']",0,0,1,1,0,0,0,0,0,0,0,0,0
Boubakary Soumaré,Leicester City,24,FRA,CM,25,17.0,0,0,0,0,0,0,1,0,13,1,0,0,0.0,0.0,0.0,0,0,9,11,81.8,1,8,1,1,1,2024-10-25,['CM'],0,0,1,0,0,0,0,0,0,0,0,0,0
James Justin,Leicester City,2,ENG,"LB,CB",26,90.0,0,0,0,0,0,0,0,0,95,3,1,0,0.0,0.0,0.0,3,0,71,84,84.5,10,61,2,1,0,2024-10-25,"['LB', 'CB']",0,1,0,0,0,0,1,0,0,0,0,0,0
Caleb Okoli,Leicester City,5,ITA,CB,23,90.0,0,0,0,0,0,0,0,0,86,3,2,2,0.0,0.0,0.0,0,0,70,74,94.6,7,60,1,0,0,2024-10-25,['CB'],0,1,0,0,0,0,0,0,0,0,0,0,0
Wout Faes,Leicester City,3,BEL,CB,26,90.0,0,0,0,0,0,0,0,0,81,1,0,2,0.0,0.0,0.0,0,0,68,75,90.7,8,64,0,0,0,2024-10-25,['CB'],0,1,0,0,0,0,0,0,0,0,0,0,0
Ricardo Pereira,Leicester City,21,POR,RB,31,67.0,0,0,0,0,0,0,1,0,54,2,1,1,0.0,0.0,0.0,0,0,43,48,89.6,3,33,0,0,0,2024-10-25,['RB'],0,0,0,0,0,0,0,0,0,1,0,0,0
Bilal El Khannouss,Leicester City,11,MAR,RW,20,23.0,0,0,0,0,0,0,0,0,14,0,0,0,0.0,0.0,0.0,0,0,11,13,84.6,4,15,2,1,0,2024-10-25,['RW'],0,0,0,0,0,0,0,0,0,0,0,1,0
Mads Hermansen,Leicester City,30,DEN,GK,24,90.0,0,0,0,0,0,0,0,0,41,0,0,1,0.0,0.0,0.0,0,0,31,36,86.1,0,25,0,0,0,2024-10-25,['GK'],0,0,0,0,0,1,0,0,0,0,0,0,0
Chris Wood,Nottingham Forest,11,NZL,FW,32,80.0,2,0,0,0,3,2,0,0,22,0,0,0,0.3,0.3,0.1,1,0,10,14,71.4,1,13,1,0,0,2024-10-25,['FW'],0,0,0,0,1,0,0,0,0,0,0,0,0
Taiwo Awoniyi,Nottingham Forest,9,NGA,FW,27,10.0,0,0,0,0,1,0,0,0,6,0,0,0,0.1,0.1,0.0,0,0,3,4,75.0,0,4,0,0,0,2024-10-25,['FW'],0,0,0,0,1,0,0,0,0,0,0,0,0
Callum Hudson-Odoi,Nottingham Forest,14,ENG,"LW,LM",23,75.0,0,0,0,0,2,1,0,0,38,3,1,0,0.1,0.1,0.0,6,1,23,28,82.1,2,27,5,8,6,2024-10-25,"['LW', 'LM']",0,0,0,0,0,0,0,1,1,0,0,0,0
Ramón Sosa,Nottingham Forest,24,PAR,LM,25,15.0,0,0,0,0,1,0,0,0,13,0,0,0,0.0,0.0,0.1,2,0,5,10,50.0,2,7,2,2,1,2024-10-25,['LM'],0,0,0,0,0,0,0,1,0,0,0,0,0
Anthony Elanga,Nottingham Forest,21,SWE,"RW,RM",22,75.0,0,0,0,0,1,0,0,0,30,0,0,1,0.0,0.0,0.0,3,0,8,24,33.3,2,14,4,2,0,2024-10-25,"['RW', 'RM']",0,0,0,0,0,0,0,0,0,0,1,1,0
Jota Silva,Nottingham Forest,20,POR,RM,25,15.0,0,0,0,0,1,0,0,0,7,1,1,0,0.0,0.0,0.0,1,0,1,3,33.3,0,5,2,1,0,2024-10-25,['RM'],0,0,0,0,0,0,0,0,0,0,1,0,0
Elliot Anderson,Nottingham Forest,8,ENG,AM,21,71.0,0,1,0,0,5,0,0,0,45,1,0,2,0.2,0.2,0.1,4,2,26,34,76.5,5,23,3,3,3,2024-10-25,['AM'],1,0,0,0,0,0,0,0,0,0,0,0,0
Neco Williams,Nottingham Forest,7,WAL,LB,23,19.0,0,0,0,0,0,0,0,0,11,2,0,1,0.0,0.0,0.0,0,0,4,6,66.7,0,3,0,0,0,2024-10-25,['LB'],0,0,0,0,0,0,1,0,0,0,0,0,0
Nicolás Domínguez,Nottingham Forest,16,ARG,"DM,CM",26,90.0,0,0,0,0,1,1,1,0,52,2,3,2,0.3,0.3,0.0,2,0,38,41,92.7,4,18,0,0,0,2024-10-25,"['DM', 'CM']",0,0,1,1,0,0,0,0,0,0,0,0,0
Ryan Yates,Nottingham Forest,22,ENG,"DM,CM",26,90.0,1,0,0,0,2,1,0,0,48,2,1,1,0.4,0.4,0.0,1,0,27,33,81.8,1,17,0,0,0,2024-10-25,"['DM', 'CM']",0,0,1,1,0,0,0,0,0,0,0,0,0
Álex Moreno,Nottingham Forest,19,ESP,LB,31,71.0,0,0,0,0,0,0,1,0,35,1,0,0,0.0,0.0,0.1,1,0,21,26,80.8,6,11,1,1,0,2024-10-25,['LB'],0,0,0,0,0,0,1,0,0,0,0,0,0
Morato,Nottingham Forest,4,BRA,CB,23,19.0,0,0,0,0,0,0,0,0,11,0,2,0,0.0,0.0,0.0,1,0,2,4,50.0,1,2,0,1,1,2024-10-25,['CB'],0,1,0,0,0,0,0,0,0,0,0,0,0
Murillo,Nottingham Forest,5,BRA,CB,22,90.0,0,0,0,0,2,0,0,0,42,2,0,3,0.2,0.2,0.4,4,0,25,30,83.3,3,12,0,1,0,2024-10-25,['CB'],0,1,0,0,0,0,0,0,0,0,0,0,0
Nikola Milenković,Nottingham Forest,31,SRB,CB,27,90.0,0,0,0,0,1,0,1,0,26,2,2,0,0.1,0.1,0.0,2,1,12,17,70.6,1,7,0,1,1,2024-10-25,['CB'],0,1,0,0,0,0,0,0,0,0,0,0,0
Ola Aina,Nottingham Forest,34,NGA,RB,28,90.0,0,0,0,0,0,0,0,0,52,3,0,0,0.0,0.0,0.0,1,0,21,38,55.3,3,25,1,4,3,2024-10-25,['RB'],0,0,0,0,0,0,0,0,0,1,0,0,0
Matz Sels,Nottingham Forest,26,BEL,GK,32,90.0,0,0,0,0,0,0,0,0,26,0,0,0,0.0,0.0,0.0,0,0,14,26,53.8,0,12,0,0,0,2024-10-25,['GK'],0,0,0,0,0,1,0,0,0,0,0,0,0
Yoane Wissa,Brentford,11,COD,FW,28,90.0,1,0,0,0,4,3,0,0,27,1,1,0,1.4,1.4,0.0,1,0,13,15,86.7,2,13,2,0,0,2024-10-26,['FW'],0,0,0,0,1,0,0,0,0,0,0,0,0
Keane Lewis-Potter,Brentford,23,ENG,LW,23,80.0,0,0,0,0,2,0,0,0,28,2,0,0,0.3,0.3,0.2,5,2,17,19,89.5,3,23,5,7,3,2024-10-26,['LW'],0,0,0,0,0,0,0,0,1,0,0,0,0
Fabio Carvalho,Brentford,14,POR,LW,22,10.0,0,0,0,0,0,0,0,0,5,0,0,0,0.0,0.0,0.0,0,0,2,4,50.0,0,2,0,1,0,2024-10-26,['LW'],0,0,0,0,0,0,0,0,1,0,0,0,0
Bryan Mbeumo,Brentford,19,CMR,RW,25,90.0,2,0,1,1,3,2,0,0,55,0,0,0,0.9,0.1,0.3,4,0,31,47,66.0,10,40,1,2,1,2024-10-26,['RW'],0,0,0,0,0,0,0,0,0,0,0,1,0
Mikkel Damsgaard,Brentford,24,DEN,AM,24,76.0,0,0,0,0,2,1,0,0,43,0,0,1,0.3,0.3,0.7,6,0,27,35,77.1,8,28,2,0,0,2024-10-26,['AM'],1,0,0,0,0,0,0,0,0,0,0,0,0
Kevin Schade,Brentford,7,GER,AM,22,14.0,0,0,0,0,1,0,0,0,6,0,0,0,0.1,0.1,0.0,0,0,0,3,0.0,0,3,0,1,1,2024-10-26,['AM'],1,0,0,0,0,0,0,0,0,0,0,0,0
Vitaly Janelt,Brentford,27,GER,DM,26,90.0,0,1,0,0,0,0,0,0,61,2,1,3,0.0,0.0,0.5,4,1,37,48,77.1,3,34,1,2,0,2024-10-26,['DM'],0,0,0,1,0,0,0,0,0,0,0,0,0
Christian Nørgaard,Brentford,6,DEN,DM,30,77.0,0,0,0,0,3,0,0,0,50,1,1,0,0.3,0.3,0.0,1,0,28,35,80.0,2,25,0,1,0,2024-10-26,['DM'],0,0,0,1,0,0,0,0,0,0,0,0,0
Mathias Jensen,Brentford,8,DEN,DM,28,13.0,0,0,0,0,0,0,0,0,30,0,0,1,0.0,0.0,0.0,3,0,25,28,89.3,9,23,3,1,0,2024-10-26,['DM'],0,0,0,1,0,0,0,0,0,0,0,0,0
Sepp van den Berg,Brentford,4,NED,LB,22,90.0,0,0,0,0,2,2,0,0,65,0,1,0,0.2,0.2,0.0,2,0,41,55,74.5,2,29,0,0,0,2024-10-26,['LB'],0,0,0,0,0,0,1,0,0,0,0,0,0
Ethan Pinnock,Brentford,5,JAM,CB,31,90.0,0,0,0,0,0,0,0,0,112,0,0,0,0.0,0.0,0.4,3,0,88,103,85.4,3,63,0,0,0,2024-10-26,['CB'],0,1,0,0,0,0,0,0,0,0,0,0,0
Nathan Collins,Brentford,22,IRL,CB,23,90.0,0,0,0,0,2,0,0,0,103,1,0,2,0.5,0.5,0.0,3,2,83,92,90.2,13,61,2,1,0,2024-10-26,['CB'],0,1,0,0,0,0,0,0,0,0,0,0,0
Mads Roerslev,Brentford,30,DEN,RB,25,90.0,0,1,0,0,0,0,0,0,79,1,0,0,0.0,0.0,1.1,6,1,63,75,84.0,9,48,3,0,0,2024-10-26,['RB'],0,0,0,0,0,0,0,0,0,1,0,0,0
Mark Flekken,Brentford,1,NED,GK,31,90.0,0,0,0,0,0,0,0,0,54,0,0,0,0.0,0.0,0.0,0,0,44,53,83.0,0,36,0,0,0,2024-10-26,['GK'],0,0,0,0,0,1,0,0,0,0,0,0,0
George Hirst,Ipswich Town,27,ENG,FW,25,72.0,1,1,0,0,1,1,0,0,24,0,0,0,0.3,0.3,0.2,3,1,9,15,60.0,4,15,2,1,0,2024-10-26,['FW'],0,0,0,0,1,0,0,0,0,0,0,0,0
Liam Delap,Ipswich Town,19,ENG,FW,21,18.0,1,0,0,0,2,1,0,0,6,0,0,0,0.2,0.2,0.0,0,0,0,1,0.0,0,4,1,0,0,2024-10-26,['FW'],0,0,0,0,1,0,0,0,0,0,0,0,0
Sammie Szmodics,Ipswich Town,23,IRL,LW,29,72.0,1,0,0,0,3,2,0,0,24,1,0,2,0.6,0.6,0.0,1,0,11,14,78.6,2,13,1,0,0,2024-10-26,['LW'],0,0,0,0,0,0,0,0,1,0,0,0,0
Jack Clarke,Ipswich Town,47,ENG,"LM,CM",23,18.0,0,0,0,0,0,0,0,0,9,0,0,0,0.0,0.0,0.0,0,0,4,6,66.7,0,5,0,1,1,2024-10-26,"['LM', 'CM']",0,0,1,0,0,0,0,1,0,0,0,0,0
Chiedozie Ogbene,Ipswich Town,21,IRL,RW,27,34.0,0,0,0,0,0,0,0,0,9,0,0,0,0.0,0.0,0.0,0,0,4,5,80.0,0,5,1,1,0,2024-10-26,['RW'],0,0,0,0,0,0,0,0,0,0,0,1,0
Wes Burns,Ipswich Town,7,WAL,"RW,RM,RB",29,56.0,0,0,0,0,1,0,0,0,23,3,2,0,0.1,0.1,0.0,0,0,8,13,61.5,0,14,4,1,0,2024-10-26,"['RW', 'RM', 'RB']",0,0,0,0,0,0,0,0,0,1,1,1,0
Conor Chaplin,Ipswich Town,10,ENG,AM,27,72.0,0,1,0,0,0,0,0,0,30,1,2,1,0.0,0.0,0.3,2,1,17,25,68.0,2,11,1,0,0,2024-10-26,['AM'],1,0,0,0,0,0,0,0,0,0,0,0,0
Luke Woolfenden,Ipswich Town,6,ENG,"RB,CB",26,18.0,0,0,0,0,0,0,0,0,5,0,0,0,0.0,0.0,0.0,0,0,1,3,33.3,0,1,0,0,0,2024-10-26,"['RB', 'CB']",0,1,0,0,0,0,0,0,0,1,0,0,0
Jens Cajuste,Ipswich Town,12,SWE,"DM,CM",25,89.0,0,0,0,0,0,0,0,0,44,1,2,4,0.0,0.0,0.0,1,0,23,35,65.7,1,20,1,0,0,2024-10-26,"['DM', 'CM']",0,0,1,1,0,0,0,0,0,0,0,0,0
Conor Townsend,Ipswich Town,22,ENG,CM,31,1.0,0,0,0,0,0,0,0,0,2,1,0,0,0.0,0.0,0.0,0,0,0,0,80.8,0,0,0,0,0,2024-10-26,['CM'],0,0,1,0,0,0,0,0,0,0,0,0,0
Kalvin Phillips,Ipswich Town,8,ENG,"DM,CM",28,90.0,0,0,0,0,0,0,0,0,53,2,1,2,0.0,0.0,0.0,2,1,30,43,69.8,4,19,1,2,2,2024-10-26,"['DM', 'CM']",0,0,1,1,0,0,0,0,0,0,0,0,0
Leif Davis,Ipswich Town,3,ENG,LB,24,90.0,0,1,0,0,3,0,1,0,53,1,2,2,0.2,0.2,0.2,5,1,28,40,70.0,1,21,0,0,0,2024-10-26,['LB'],0,0,0,0,0,0,1,0,0,0,0,0,0
Cameron Burgess,Ipswich Town,15,AUS,CB,29,90.0,0,0,0,0,1,1,0,0,54,1,2,1,0.0,0.0,0.0,2,1,34,38,89.5,4,16,0,0,0,2024-10-26,['CB'],0,1,0,0,0,0,0,0,0,0,0,0,0
Dara O'Shea,Ipswich Town,26,IRL,CB,25,90.0,0,0,0,0,0,0,0,0,43,0,0,0,0.0,0.0,0.0,0,0,16,28,57.1,1,16,0,0,0,2024-10-26,['CB'],0,1,0,0,0,0,0,0,0,0,0,0,0
Harry Clarke,Ipswich Town,2,ENG,RB,23,68.0,0,0,0,0,0,0,2,1,37,2,1,1,0.0,0.0,0.0,0,0,19,27,70.4,4,10,0,0,0,2024-10-26,['RB'],0,0,0,0,0,0,0,0,0,1,0,0,0
Arijanet Muric,Ipswich Town,1,KVX,GK,25,90.0,0,0,0,0,0,0,0,0,40,0,0,0,0.0,0.0,0.0,0,0,16,35,45.7,0,21,0,0,0,2024-10-26,['GK'],0,0,0,0,0,1,0,0,0,0,0,0,0
Danny Welbeck,Brighton & Hove Albion,18,ENG,FW,33,72.0,1,0,0,0,4,1,0,0,28,0,0,1,0.6,0.6,0.1,1,0,8,14,57.1,1,17,1,3,0,2024-10-26,['FW'],0,0,0,0,1,0,0,0,0,0,0,0,0
Evan Ferguson,Brighton & Hove Albion,28,IRL,FW,20,18.0,1,0,0,0,1,1,0,0,5,0,0,1,0.1,0.1,0.0,0,0,2,2,100.0,0,4,1,0,0,2024-10-26,['FW'],0,0,0,0,1,0,0,0,0,0,0,0,0
Georginio Rutter,Brighton & Hove Albion,14,FRA,FW,22,79.0,0,1,0,0,4,0,1,0,39,1,1,0,0.2,0.2,0.5,6,1,18,24,75.0,7,19,2,6,2,2024-10-26,['FW'],0,0,0,0,1,0,0,0,0,0,0,0,0
Tariq Lamptey,Brighton & Hove Albion,2,GHA,RB,24,11.0,0,1,0,0,0,0,0,0,6,0,0,1,0.0,0.0,0.1,1,1,4,4,100.0,0,4,1,0,0,2024-10-26,['RB'],0,0,0,0,0,0,0,0,0,1,0,0,0
Kaoru Mitoma,Brighton & Hove Albion,22,JPN,LM,27,88.0,0,0,0,0,4,1,0,0,46,0,1,3,0.2,0.2,0.1,3,0,26,31,83.9,3,27,4,7,3,2024-10-26,['LM'],0,0,0,0,0,0,0,1,0,0,0,0,0
Julio Enciso,Brighton & Hove Albion,10,PAR,LM,20,2.0,0,0,0,0,0,0,0,0,3,0,0,0,0.0,0.0,0.0,0,0,0,1,0.0,0,1,0,2,1,2024-10-26,['LM'],0,0,0,0,0,0,0,1,0,0,0,0,0
Yasin Ayari,Brighton & Hove Albion,26,SWE,CM,21,90.0,0,0,0,0,1,0,0,0,50,4,0,0,0.1,0.1,0.2,4,0,25,35,71.4,2,20,2,1,1,2024-10-26,['CM'],0,0,1,0,0,0,0,0,0,0,0,0,0
Carlos Baleba,Brighton & Hove Albion,20,CMR,CM,20,79.0,0,0,0,0,3,2,0,0,56,2,3,1,0.1,0.1,0.1,2,0,41,46,89.1,5,29,2,1,1,2024-10-26,['CM'],0,0,1,0,0,0,0,0,0,0,0,0,0
Mats Wieffer,Brighton & Hove Albion,27,NED,CM,24,11.0,0,0,0,0,0,0,0,0,8,0,0,1,0.0,0.0,0.0,0,0,3,5,60.0,0,4,1,0,0,2024-10-26,['CM'],0,0,1,0,0,0,0,0,0,0,0,0,0
Ferdi Kadioglu,Brighton & Hove Albion,24,TUR,RM,25,71.0,0,0,0,0,0,0,0,0,30,2,0,0,0.0,0.0,0.0,3,1,16,24,66.7,2,24,0,1,1,2024-10-26,['RM'],0,0,0,0,0,0,0,0,0,0,1,0,0
Brajan Gruda,Brighton & Hove Albion,8,GER,RM,20,19.0,0,0,0,0,0,0,0,0,7,2,0,1,0.0,0.0,0.0,0,0,2,2,100.0,0,1,0,0,0,2024-10-26,['RM'],0,0,0,0,0,0,0,0,0,0,1,0,0
Pervis Estupiñán,Brighton & Hove Albion,30,ECU,LB,26,90.0,0,0,0,0,1,1,1,0,85,3,2,2,0.0,0.0,0.0,3,0,57,70,81.4,7,37,3,0,0,2024-10-26,['LB'],0,0,0,0,0,0,1,0,0,0,0,0,0
Igor,Brighton & Hove Albion,3,BRA,CB,26,90.0,0,0,0,0,0,0,1,0,89,0,0,3,0.0,0.0,0.0,0,0,72,78,92.3,5,62,2,2,2,2024-10-26,['CB'],0,1,0,0,0,0,0,0,0,0,0,0,0
Jan Paul van Hecke,Brighton & Hove Albion,29,NED,CB,24,90.0,0,0,0,0,0,0,0,0,82,2,1,0,0.0,0.0,0.0,2,0,66,71,93.0,12,59,1,1,0,2024-10-26,['CB'],0,1,0,0,0,0,0,0,0,0,0,0,0
Joël Veltman,Brighton & Hove Albion,34,NED,"RB,CB",32,90.0,0,0,0,0,1,0,0,0,57,1,1,1,0.0,0.0,0.0,2,0,40,49,81.6,6,27,1,0,0,2024-10-26,"['RB', 'CB']",0,1,0,0,0,0,0,0,0,1,0,0,0
Bart Verbruggen,Brighton & Hove Albion,1,NED,GK,22,90.0,0,0,0,0,0,0,0,0,46,0,0,0,0.0,0.0,0.0,0,0,37,44,84.1,0,31,0,0,0,2024-10-26,['GK'],0,0,0,0,0,1,0,0,0,0,0,0,0
Jørgen Strand Larsen,Wolverhampton Wanderers,9,NOR,FW,24,89.0,0,0,0,0,2,2,1,0,23,1,0,2,0.2,0.2,0.0,3,0,8,16,50.0,1,12,0,0,0,2024-10-26,['FW'],0,0,0,0,1,0,0,0,0,0,0,0,0
André,Wolverhampton Wanderers,7,BRA,"CM,FW",23,1.0,0,0,0,0,0,0,0,0,2,0,0,1,0.0,0.0,0.0,0,0,1,1,100.0,0,1,0,0,0,2024-10-26,"['CM', 'FW']",0,0,1,0,1,0,0,0,0,0,0,0,0
Matheus Cunha,Wolverhampton Wanderers,10,BRA,"FW,AM",25,90.0,1,0,0,0,5,2,0,0,44,1,0,2,0.2,0.2,0.6,6,0,20,31,64.5,3,25,7,6,3,2024-10-26,"['FW', 'AM']",1,0,0,0,1,0,0,0,0,0,0,0,0
João Gomes,Wolverhampton Wanderers,8,BRA,"CM,AM",23,89.0,0,0,0,0,1,0,0,0,41,2,1,1,0.0,0.0,0.1,3,0,27,32,84.4,5,21,1,1,0,2024-10-26,"['CM', 'AM']",1,0,1,0,0,0,0,0,0,0,0,0,0
Gonçalo Guedes,Wolverhampton Wanderers,29,POR,"CM,FW",27,1.0,0,0,0,0,0,0,0,0,4,2,0,0,0.0,0.0,0.0,0,0,1,2,50.0,0,0,0,0,0,2024-10-26,"['CM', 'FW']",0,0,1,0,1,0,0,0,0,0,0,0,0
Mario Lemina,Wolverhampton Wanderers,5,GAB,CM,31,45.0,0,0,0,0,0,0,0,0,26,4,0,0,0.0,0.0,0.0,0,0,17,19,89.5,0,12,0,0,0,2024-10-26,['CM'],0,0,1,0,0,0,0,0,0,0,0,0,0
Pablo Sarabia,Wolverhampton Wanderers,21,ESP,RM,32,45.0,0,0,0,0,0,0,0,0,30,0,0,1,0.0,0.0,0.4,3,0,16,25,64.0,1,17,1,0,0,2024-10-26,['RM'],0,0,0,0,0,0,0,0,0,0,1,0,0
Tommy Doyle,Wolverhampton Wanderers,20,ENG,CM,23,90.0,0,1,0,0,1,0,0,0,67,0,0,1,0.2,0.2,0.1,5,2,54,59,91.5,7,43,0,3,2,2024-10-26,['CM'],0,0,1,0,0,0,0,0,0,0,0,0,0
Rayan Aït-Nouri,Wolverhampton Wanderers,3,ALG,"LB,WB",23,90.0,1,0,0,0,1,1,1,0,66,2,1,0,0.1,0.1,0.0,2,0,51,57,89.5,6,38,0,7,4,2024-10-26,"['LB', 'WB']",0,0,0,0,0,0,1,0,0,0,0,0,1
Nélson Semedo,Wolverhampton Wanderers,22,POR,"RB,WB",30,90.0,0,0,0,0,1,1,0,0,55,6,1,2,0.0,0.0,0.0,1,0,26,33,78.8,2,16,3,3,1,2024-10-26,"['RB', 'WB']",0,0,0,0,0,0,0,0,0,1,0,0,1
Toti Gomes,Wolverhampton Wanderers,24,POR,CB,25,45.0,0,0,0,0,0,0,1,0,45,3,1,0,0.0,0.0,0.0,1,0,30,38,78.9,2,29,1,1,0,2024-10-26,['CB'],0,1,0,0,0,0,0,0,0,0,0,0,0
Carlos Forbs,Wolverhampton Wanderers,26,POR,LM,20,44.0,0,0,0,0,0,0,0,0,21,0,0,1,0.0,0.0,0.0,0,0,11,17,64.7,1,13,3,3,2,2024-10-26,['LM'],0,0,0,0,0,0,0,1,0,0,0,0,0
Rodrigo Gomes,Wolverhampton Wanderers,19,POR,LM,21,1.0,0,0,0,0,0,0,0,0,0,0,0,0,0.0,0.0,0.0,0,0,0,0,80.8,0,0,0,0,0,2024-10-26,['LM'],0,0,0,0,0,0,0,1,0,0,0,0,0
Craig Dawson,Wolverhampton Wanderers,15,ENG,CB,34,90.0,0,0,0,0,2,0,0,0,84,2,2,4,0.3,0.3,0.0,2,1,64,69,92.8,2,51,0,0,0,2024-10-26,['CB'],0,1,0,0,0,0,0,0,0,0,0,0,0
Santiago Bueno,Wolverhampton Wanderers,4,URU,CB,25,90.0,0,0,0,0,1,1,0,0,61,1,3,3,0.2,0.2,0.0,0,0,44,52,84.6,2,37,0,0,0,2024-10-26,['CB'],0,1,0,0,0,0,0,0,0,0,0,0,0
José Sá,Wolverhampton Wanderers,1,POR,GK,31,90.0,0,0,0,0,0,0,0,0,32,0,0,0,0.0,0.0,0.0,0,0,18,29,62.1,0,18,0,0,0,2024-10-26,['GK'],0,0,0,0,0,1,0,0,0,0,0,0,0
Erling Haaland,Manchester City,9,NOR,FW,24,90.0,1,0,0,0,8,3,0,0,16,0,0,0,2.3,2.3,0.0,0,0,5,6,83.3,0,10,1,0,0,2024-10-26,['FW'],0,0,0,0,1,0,0,0,0,0,0,0,0
Matheus Nunes,Manchester City,27,POR,LM,26,85.0,0,1,0,0,2,0,0,0,75,1,1,0,0.1,0.1,0.4,5,1,58,67,86.6,10,54,5,2,1,2024-10-26,['LM'],0,0,0,0,0,0,0,1,0,0,0,0,0
İlkay Gündoğan,Manchester City,19,GER,CM,34,5.0,0,0,0,0,0,0,0,0,4,1,0,0,0.0,0.0,0.0,1,0,3,3,100.0,0,1,0,0,0,2024-10-26,['CM'],0,0,1,0,0,0,0,0,0,0,0,0,0
Bernardo Silva,Manchester City,20,POR,"CM,RM",30,90.0,0,0,0,0,0,0,0,0,56,1,2,0,0.0,0.0,0.1,4,1,45,53,84.9,7,40,5,1,1,2024-10-26,"['CM', 'RM']",0,0,1,0,0,0,0,0,0,0,1,0,0
Phil Foden,Manchester City,47,ENG,CM,24,90.0,0,0,0,0,3,0,0,0,67,0,1,0,0.2,0.2,0.9,8,0,49,59,83.1,3,37,2,1,1,2024-10-26,['CM'],0,0,1,0,0,0,0,0,0,0,0,0,0
Sávio,Manchester City,26,BRA,"RM,LM",20,90.0,0,0,0,0,2,1,0,0,66,0,1,1,0.1,0.1,1.2,10,0,46,56,82.1,5,53,13,8,6,2024-10-26,"['RM', 'LM']",0,0,0,0,0,0,0,1,0,0,1,0,0
Mateo Kovačić,Manchester City,8,CRO,DM,30,90.0,0,0,0,0,3,1,1,0,74,6,2,2,0.2,0.2,0.0,2,0,56,62,90.3,5,44,3,0,0,2024-10-26,['DM'],0,0,0,1,0,0,0,0,0,0,0,0,0
Joško Gvardiol,Manchester City,24,CRO,LB,22,90.0,0,0,0,0,2,0,0,0,117,1,2,2,0.1,0.1,0.2,3,0,99,106,93.4,15,87,4,0,0,2024-10-26,['LB'],0,0,0,0,0,0,1,0,0,0,0,0,0
Rúben Dias,Manchester City,3,POR,CB,27,90.0,0,0,0,0,1,1,0,0,97,2,0,0,0.0,0.0,0.0,2,0,90,93,96.8,7,78,0,0,0,2024-10-26,['CB'],0,1,0,0,0,0,0,0,0,0,0,0,0
Manuel Akanji,Manchester City,25,SUI,CB,29,90.0,0,0,0,0,1,1,0,0,92,0,1,1,0.0,0.0,0.1,3,0,80,87,92.0,4,75,5,0,0,2024-10-26,['CB'],0,1,0,0,0,0,0,0,0,0,0,0,0
Rico Lewis,Manchester City,82,ENG,RB,19,89.0,0,0,0,0,0,0,0,0,48,0,0,0,0.0,0.0,0.0,2,0,44,45,97.8,9,30,0,0,0,2024-10-26,['RB'],0,0,0,0,0,0,0,0,0,1,0,0,0
John Stones,Manchester City,5,ENG,"CB,RB",30,1.0,0,0,0,0,0,0,0,0,0,0,0,0,0.0,0.0,0.0,0,0,0,0,80.8,0,0,0,0,0,2024-10-26,"['CB', 'RB']",0,1,0,0,0,0,0,0,0,1,0,0,0
Ederson,Manchester City,31,BRA,GK,31,90.0,0,0,0,0,0,0,0,0,23,0,0,0,0.0,0.0,0.0,0,0,20,23,87.0,0,17,0,0,0,2024-10-26,['GK'],0,0,0,0,0,1,0,0,0,0,0,0,0
Cameron Archer,Southampton,19,ENG,FW,23,86.0,0,0,0,0,1,0,0,0,13,1,0,2,0.1,0.1,0.0,0,0,3,3,100.0,1,7,2,3,0,2024-10-26,['FW'],0,0,0,0,1,0,0,0,0,0,0,0,0
Paul Onuachu,Southampton,32,NGA,FW,30,4.0,0,0,0,0,2,1,0,0,5,0,0,0,0.0,0.0,0.0,0,0,1,3,33.3,1,2,0,0,0,2024-10-26,['FW'],0,0,0,0,1,0,0,0,0,0,0,0,0
Mateus Fernandes,Southampton,18,POR,"LM,CM",20,90.0,0,0,0,0,0,0,0,0,62,5,2,2,0.0,0.0,0.1,1,0,40,48,83.3,3,40,3,5,2,2024-10-26,"['LM', 'CM']",0,0,1,0,0,0,0,1,0,0,0,0,0
Adam Lallana,Southampton,10,ENG,CM,36,59.0,0,0,0,0,0,0,1,0,37,1,0,2,0.0,0.0,0.0,0,0,26,30,86.7,2,25,2,1,1,2024-10-26,['CM'],0,0,1,0,0,0,0,0,0,0,0,0,0
Joe Aribo,Southampton,7,NGA,CM,28,31.0,0,0,0,0,0,0,0,0,17,1,0,0,0.0,0.0,0.0,1,0,15,17,88.2,0,8,0,1,1,2024-10-26,['CM'],0,0,1,0,0,0,0,0,0,0,0,0,0
Flynn Downes,Southampton,4,ENG,CM,25,86.0,0,0,0,0,0,0,1,0,42,4,1,0,0.0,0.0,0.0,1,0,34,36,94.4,3,26,0,0,0,2024-10-26,['CM'],0,0,1,0,0,0,0,0,0,0,0,0,0
Kamaldeen Sulemana,Southampton,20,GHA,"LM,CM",22,4.0,0,0,0,0,0,0,0,0,0,0,0,0,0.0,0.0,0.0,0,0,0,0,80.8,0,0,0,0,0,2024-10-26,"['LM', 'CM']",0,0,1,0,0,0,0,1,0,0,0,0,0
Tyler Dibling,Southampton,33,ENG,RM,18,45.0,0,0,0,0,0,0,0,0,18,0,0,0,0.0,0.0,0.0,0,0,10,15,66.7,0,13,1,2,1,2024-10-26,['RM'],0,0,0,0,0,0,0,0,0,0,1,0,0
Adam Armstrong,Southampton,9,ENG,RM,27,45.0,0,0,0,0,2,1,1,0,7,0,0,0,0.1,0.1,0.0,1,0,4,4,100.0,2,6,3,0,0,2024-10-26,['RM'],0,0,0,0,0,0,0,0,0,0,1,0,0
Ryan Manning,Southampton,3,IRL,LB,28,76.0,0,0,0,0,0,0,0,0,29,0,0,2,0.0,0.0,0.0,0,0,18,22,81.8,0,16,2,0,0,2024-10-26,['LB'],0,0,0,0,0,0,1,0,0,0,0,0,0
James Bree,Southampton,14,ENG,RB,27,14.0,0,0,0,0,0,0,0,0,10,0,0,0,0.0,0.0,0.0,2,0,8,10,80.0,1,9,0,1,1,2024-10-26,['RB'],0,0,0,0,0,0,0,0,0,1,0,0,0
Jack Stephens,Southampton,5,ENG,CB,30,90.0,0,0,0,0,0,0,0,0,45,1,1,0,0.0,0.0,0.1,1,0,36,38,94.7,3,20,0,0,0,2024-10-26,['CB'],0,1,0,0,0,0,0,0,0,0,0,0,0
Jan Bednarek,Southampton,35,POL,CB,28,90.0,0,0,0,0,0,0,0,0,87,0,0,2,0.0,0.0,0.0,1,0,74,78,94.9,1,69,0,0,0,2024-10-26,['CB'],0,1,0,0,0,0,0,0,0,0,0,0,0
Taylor Harwood-Bellis,Southampton,6,ENG,CB,22,90.0,0,0,0,0,0,0,0,0,86,1,0,6,0.0,0.0,0.0,0,0,68,71,95.8,2,56,0,0,0,2024-10-26,['CB'],0,1,0,0,0,0,0,0,0,0,0,0,0
Kyle Walker-Peters,Southampton,2,ENG,"RB,LB",27,90.0,0,0,0,0,0,0,0,0,74,0,1,0,0.0,0.0,0.0,2,0,60,63,95.2,2,55,2,4,0,2024-10-26,"['RB', 'LB']",0,0,0,0,0,0,1,0,0,1,0,0,0
Aaron Ramsdale,Southampton,30,ENG,GK,26,90.0,0,0,0,0,0,0,0,0,68,0,1,0,0.0,0.0,0.0,0,0,57,65,87.7,0,54,0,0,0,2024-10-26,['GK'],0,0,0,0,0,1,0,0,0,0,0,0,0
Ollie Watkins,Aston Villa,11,ENG,FW,28,81.0,0,0,0,0,3,2,0,0,20,1,0,0,0.3,0.3,0.3,3,0,8,12,66.7,1,17,2,2,1,2024-10-26,['FW'],0,0,0,0,1,0,0,0,0,0,0,0,0
Boubacar Kamara,Aston Villa,44,FRA,CM,24,9.0,0,0,0,0,0,0,0,0,6,0,1,0,0.0,0.0,0.0,0,0,4,5,80.0,1,4,0,1,0,2024-10-26,['CM'],0,0,1,0,0,0,0,0,0,0,0,0,0
Morgan Rogers,Aston Villa,27,ENG,FW,22,56.0,0,0,0,0,1,0,0,0,15,1,0,0,0.1,0.1,0.1,1,0,10,12,83.3,2,16,1,0,0,2024-10-26,['FW'],0,0,0,0,1,0,0,0,0,0,0,0,0
Jhon Durán,Aston Villa,9,COL,FW,20,34.0,0,0,0,0,3,1,0,0,19,2,0,1,0.3,0.3,0.0,1,0,7,10,70.0,0,11,0,0,0,2024-10-26,['FW'],0,0,0,0,1,0,0,0,0,0,0,0,0
Jacob Ramsey,Aston Villa,41,ENG,LM,23,90.0,0,0,0,0,0,0,1,0,47,0,2,1,0.0,0.0,0.1,6,0,30,41,73.2,5,37,7,1,1,2024-10-26,['LM'],0,0,0,0,0,0,0,1,0,0,0,0,0
Youri Tielemans,Aston Villa,8,BEL,CM,27,90.0,0,0,0,0,4,1,1,0,88,1,2,1,0.2,0.2,0.1,8,0,56,78,71.8,13,51,7,2,0,2024-10-26,['CM'],0,0,1,0,0,0,0,0,0,0,0,0,0
Amadou Onana,Aston Villa,24,BEL,CM,23,45.0,0,0,0,0,2,1,1,0,39,1,0,1,0.2,0.2,0.0,1,0,28,32,87.5,1,27,0,1,1,2024-10-26,['CM'],0,0,1,0,0,0,0,0,0,0,0,0,0
Ross Barkley,Aston Villa,6,ENG,"CM,FW",30,45.0,1,0,0,0,2,1,1,0,28,0,0,1,0.5,0.5,0.0,0,0,18,23,78.3,1,16,0,0,0,2024-10-26,"['CM', 'FW']",0,0,1,0,1,0,0,0,0,0,0,0,0
John McGinn,Aston Villa,7,SCO,RM,30,70.0,0,0,0,0,0,0,1,0,22,0,0,1,0.0,0.0,0.1,3,0,14,18,77.8,3,15,0,1,1,2024-10-26,['RM'],0,0,0,0,0,0,0,0,0,0,1,0,0
Leon Bailey,Aston Villa,31,JAM,RM,27,20.0,0,1,0,0,0,0,0,0,4,0,0,0,0.0,0.0,0.2,1,1,1,2,50.0,0,2,0,0,0,2024-10-26,['RM'],0,0,0,0,0,0,0,0,0,0,1,0,0
Lucas Digne,Aston Villa,12,FRA,LB,31,70.0,0,0,0,0,0,0,1,0,39,2,3,0,0.0,0.0,0.3,2,0,29,34,85.3,1,21,0,1,0,2024-10-26,['LB'],0,0,0,0,0,0,1,0,0,0,0,0,0
Ian Maatsen,Aston Villa,22,NED,LB,22,20.0,0,0,0,0,0,0,0,0,11,0,0,0,0.0,0.0,0.0,1,1,6,7,85.7,0,5,0,2,0,2024-10-26,['LB'],0,0,0,0,0,0,1,0,0,0,0,0,0
Pau Torres,Aston Villa,14,ESP,CB,27,90.0,0,0,0,0,2,1,0,0,44,0,0,0,0.1,0.1,0.0,0,0,34,37,91.9,5,26,0,0,0,2024-10-26,['CB'],0,1,0,0,0,0,0,0,0,0,0,0,0
Ezri Konsa,Aston Villa,4,ENG,CB,27,90.0,0,0,0,0,1,1,0,0,73,2,1,0,0.1,0.1,0.1,3,0,59,67,88.1,3,57,0,1,1,2024-10-26,['CB'],0,1,0,0,0,0,0,0,0,0,0,0,0
Matty Cash,Aston Villa,2,POL,RB,27,90.0,0,0,0,0,0,0,1,0,52,1,2,1,0.0,0.0,0.1,2,0,39,45,86.7,1,27,1,1,1,2024-10-26,['RB'],0,0,0,0,0,0,0,0,0,1,0,0,0
Emiliano Martínez,Aston Villa,23,ARG,GK,32,90.0,0,0,0,0,0,0,0,0,55,0,0,0,0.0,0.0,0.0,1,0,40,52,76.9,0,29,0,0,0,2024-10-26,['GK'],0,0,0,0,0,1,0,0,0,0,0,0,0
Enes Ünal,Bournemouth,26,TUR,FW,27,63.0,0,0,0,0,2,0,1,0,23,1,0,0,0.1,0.1,0.0,0,0,8,11,72.7,2,10,0,2,0,2024-10-26,['FW'],0,0,0,0,1,0,0,0,0,0,0,0,0
Evanilson,Bournemouth,9,BRA,FW,25,27.0,1,0,0,0,1,1,0,0,8,0,0,0,0.0,0.0,0.0,1,0,3,5,60.0,0,7,1,0,0,2024-10-26,['FW'],0,0,0,0,1,0,0,0,0,0,0,0,0
Antoine Semenyo,Bournemouth,24,GHA,LW,24,90.0,0,0,0,0,1,0,1,0,38,2,0,0,0.0,0.0,0.1,3,0,18,28,64.3,0,32,4,3,2,2024-10-26,['LW'],0,0,0,0,0,0,0,0,1,0,0,0,0
Dango Ouattara,Bournemouth,11,BFA,"RW,LB",22,90.0,0,0,0,0,2,1,0,0,34,1,1,1,0.0,0.0,0.0,1,0,8,15,53.3,0,9,2,3,0,2024-10-26,"['RW', 'LB']",0,0,0,0,0,0,1,0,0,0,0,1,0
Justin Kluivert,Bournemouth,19,NED,AM,25,63.0,0,0,0,0,2,1,1,0,19,0,0,2,0.0,0.0,0.0,2,0,9,12,75.0,2,11,1,2,1,2024-10-26,['AM'],1,0,0,0,0,0,0,0,0,0,0,0,0
Marcus Tavernier,Bournemouth,16,ENG,AM,25,27.0,0,1,0,0,1,0,1,0,16,1,0,0,0.0,0.0,0.1,3,2,9,13,69.2,1,9,3,0,0,2024-10-26,['AM'],1,0,0,0,0,0,0,0,0,0,0,0,0
Lewis Cook,Bournemouth,4,ENG,DM,27,90.0,0,0,0,0,0,0,0,0,61,2,1,3,0.0,0.0,0.0,1,0,44,52,84.6,6,35,1,0,0,2024-10-26,['DM'],0,0,0,1,0,0,0,0,0,0,0,0,0
Ryan Christie,Bournemouth,10,SCO,DM,29,80.0,0,0,0,0,0,0,0,0,57,2,1,0,0.0,0.0,0.0,1,0,39,46,84.8,8,35,1,1,1,2024-10-26,['DM'],0,0,0,1,0,0,0,0,0,0,0,0,0
Tyler Adams,Bournemouth,12,USA,DM,25,10.0,0,0,0,0,0,0,0,0,3,0,0,0,0.0,0.0,0.0,0,0,3,3,100.0,1,2,0,0,0,2024-10-26,['DM'],0,0,0,1,0,0,0,0,0,0,0,0,0
Milos Kerkez,Bournemouth,3,HUN,LB,20,80.0,0,0,0,0,1,0,0,0,31,1,3,1,0.0,0.0,0.1,3,0,21,23,91.3,2,22,2,0,0,2024-10-26,['LB'],0,0,0,0,0,0,1,0,0,0,0,0,0
David Brooks,Bournemouth,7,WAL,RW,27,10.0,0,0,0,0,0,0,0,0,6,1,0,0,0.0,0.0,0.0,1,0,2,3,66.7,0,2,0,0,0,2024-10-26,['RW'],0,0,0,0,0,0,0,0,0,0,0,1,0
Marcos Senesi,Bournemouth,5,ARG,CB,27,90.0,0,0,0,0,0,0,0,0,74,3,1,1,0.0,0.0,0.0,1,0,52,68,76.5,8,52,1,1,1,2024-10-26,['CB'],0,1,0,0,0,0,0,0,0,0,0,0,0
Illia Zabarnyi,Bournemouth,27,UKR,CB,22,90.0,0,0,0,0,0,0,0,0,46,2,2,4,0.0,0.0,0.0,2,0,30,35,85.7,1,28,2,0,0,2024-10-26,['CB'],0,1,0,0,0,0,0,0,0,0,0,0,0
Julian Araujo,Bournemouth,22,MEX,RB,23,29.0,0,0,0,0,0,0,1,0,11,1,1,0,0.0,0.0,0.0,0,0,8,8,100.0,2,3,0,0,0,2024-10-26,['RB'],0,0,0,0,0,0,0,0,0,1,0,0,0
Adam Smith,Bournemouth,15,ENG,RB,33,61.0,0,0,0,0,0,0,1,0,27,0,1,1,0.0,0.0,0.0,1,0,16,20,80.0,1,12,0,1,0,2024-10-26,['RB'],0,0,0,0,0,0,0,0,0,1,0,0,0
Mark Travers,Bournemouth,42,IRL,GK,25,90.0,0,0,0,0,0,0,0,0,30,0,0,0,0.0,0.0,0.0,0,0,18,23,78.3,0,11,0,0,0,2024-10-26,['GK'],0,0,0,0,0,1,0,0,0,0,0,0,0
Dominic Calvert-Lewin,Everton,9,ENG,FW,27,80.0,0,0,0,0,1,0,0,0,25,1,1,0,0.1,0.1,0.1,1,0,9,15,60.0,1,11,0,0,0,2024-10-26,['FW'],0,0,0,0,1,0,0,0,0,0,0,0,0
Beto,Everton,14,GNB,FW,26,10.0,1,0,0,0,3,2,0,0,7,0,0,0,0.4,0.4,0.0,0,0,0,2,0.0,0,4,1,0,0,2024-10-26,['FW'],0,0,0,0,1,0,0,0,0,0,0,0,0
Iliman Ndiaye,Everton,10,SEN,LW,24,90.0,0,0,0,0,0,0,0,0,36,0,2,2,0.0,0.0,0.0,2,1,23,29,79.3,3,25,1,3,1,2024-10-26,['LW'],0,0,0,0,0,0,0,0,1,0,0,0,0
Jack Harrison,Everton,11,ENG,RW,27,67.0,0,0,0,0,1,0,0,0,27,1,0,2,0.1,0.1,0.1,1,0,8,15,53.3,1,16,0,2,0,2024-10-26,['RW'],0,0,0,0,0,0,0,0,0,0,0,1,0
Jesper Lindstrøm,Everton,29,DEN,RW,24,23.0,0,0,0,0,1,1,0,0,10,0,0,0,0.0,0.0,0.0,1,0,5,8,62.5,1,5,0,1,0,2024-10-26,['RW'],0,0,0,0,0,0,0,0,0,0,0,1,0
Dwight McNeil,Everton,7,ENG,AM,24,85.0,0,0,0,0,1,1,0,0,39,0,1,0,0.1,0.1,0.0,3,0,26,35,74.3,4,21,1,3,2,2024-10-26,['AM'],1,0,0,0,0,0,0,0,0,0,0,0,0
Jarrad Branthwaite,Everton,32,ENG,CB,22,5.0,0,0,0,0,0,0,0,0,6,0,0,0,0.0,0.0,0.0,1,0,2,4,50.0,0,3,0,0,0,2024-10-26,['CB'],0,1,0,0,0,0,0,0,0,0,0,0,0
Idrissa Gana Gueye,Everton,27,SEN,DM,35,90.0,0,0,0,0,1,0,0,0,56,5,2,1,0.0,0.0,0.0,0,0,41,48,85.4,7,28,1,2,2,2024-10-26,['DM'],0,0,0,1,0,0,0,0,0,0,0,0,0
Abdoulaye Doucouré,Everton,16,MLI,DM,31,79.0,0,0,0,0,1,1,0,0,42,3,1,1,0.1,0.1,0.0,2,0,33,37,89.2,2,16,1,0,0,2024-10-26,['DM'],0,0,0,1,0,0,0,0,0,0,0,0,0
Orel Mangala,Everton,8,BEL,DM,26,11.0,0,0,0,0,0,0,0,0,11,0,0,0,0.0,0.0,0.0,1,0,9,10,90.0,1,5,0,1,1,2024-10-26,['DM'],0,0,0,1,0,0,0,0,0,0,0,0,0
Vitaliy Mykolenko,Everton,19,UKR,LB,25,90.0,0,0,0,0,0,0,0,0,54,1,1,1,0.0,0.0,0.1,2,0,35,48,72.9,4,25,1,1,1,2024-10-26,['LB'],0,0,0,0,0,0,1,0,0,0,0,0,0
Michael Keane,Everton,5,ENG,"CB,AM",31,90.0,0,0,0,0,1,0,0,0,50,3,0,3,0.0,0.0,0.0,1,0,25,34,73.5,2,19,1,0,0,2024-10-26,"['CB', 'AM']",1,1,0,0,0,0,0,0,0,0,0,0,0
James Tarkowski,Everton,6,ENG,CB,31,90.0,0,0,0,0,0,0,1,0,59,2,0,1,0.0,0.0,0.1,3,0,42,49,85.7,3,25,0,0,0,2024-10-26,['CB'],0,1,0,0,0,0,0,0,0,0,0,0,0
Ashley Young,Everton,18,ENG,RB,39,90.0,0,1,0,0,0,0,0,0,61,3,0,0,0.0,0.0,0.3,1,1,44,53,83.0,4,26,1,0,0,2024-10-26,['RB'],0,0,0,0,0,0,0,0,0,1,0,0,0
Jordan Pickford,Everton,1,ENG,GK,30,90.0,0,0,0,0,0,0,0,0,47,0,0,0,0.0,0.0,0.0,1,0,29,42,69.0,0,24,0,0,0,2024-10-26,['GK'],0,0,0,0,0,1,0,0,0,0,0,0,0
Raúl Jiménez,Fulham,7,MEX,FW,33,89.0,0,0,0,0,4,1,0,0,41,1,0,3,0.5,0.5,0.4,2,0,20,26,76.9,5,17,0,2,1,2024-10-26,['FW'],0,0,0,0,1,0,0,0,0,0,0,0,0
Rodrigo Muniz,Fulham,9,BRA,FW,23,1.0,0,0,0,0,0,0,0,0,1,0,0,0,0.0,0.0,0.0,0,0,1,1,100.0,0,0,0,0,0,2024-10-26,['FW'],0,0,0,0,1,0,0,0,0,0,0,0,0
Alex Iwobi,Fulham,17,NGA,"LW,RW",28,89.0,1,0,0,0,2,1,0,0,60,1,0,1,0.2,0.2,0.0,1,0,36,49,73.5,6,44,5,6,3,2024-10-26,"['LW', 'RW']",0,0,0,0,0,0,0,0,1,0,0,1,0
Jorge Cuenca,Fulham,15,ESP,CB,24,1.0,0,0,0,0,0,0,0,0,4,1,0,0,0.0,0.0,0.0,0,0,1,2,50.0,1,1,0,0,0,2024-10-26,['CB'],0,1,0,0,0,0,0,0,0,0,0,0,0
Adama Traoré,Fulham,11,ESP,RW,28,67.0,0,0,0,0,1,1,0,0,36,0,0,1,0.1,0.1,0.2,4,0,21,29,72.4,3,29,1,1,0,2024-10-26,['RW'],0,0,0,0,0,0,0,0,0,0,0,1,0
Reiss Nelson,Fulham,19,ENG,"LW,LM",24,23.0,0,0,0,0,0,0,0,0,13,0,0,2,0.0,0.0,0.1,2,0,8,9,88.9,2,11,1,2,1,2024-10-26,"['LW', 'LM']",0,0,0,0,0,0,0,1,1,0,0,0,0
Emile Smith Rowe,Fulham,32,ENG,AM,24,78.0,0,1,0,0,2,0,0,0,55,2,0,0,0.3,0.3,0.1,5,2,44,46,95.7,2,41,1,2,1,2024-10-26,['AM'],1,0,0,0,0,0,0,0,0,0,0,0,0
Harrison Reed,Fulham,6,ENG,"DM,CM",29,12.0,0,0,0,0,1,0,0,0,9,0,0,0,0.0,0.0,0.0,0,0,4,7,57.1,0,2,0,0,0,2024-10-26,"['DM', 'CM']",0,0,1,1,0,0,0,0,0,0,0,0,0
Sander Berge,Fulham,16,NOR,"DM,CM",26,90.0,0,0,0,0,0,0,0,0,65,2,0,2,0.0,0.0,0.0,2,0,52,57,91.2,8,35,1,0,0,2024-10-26,"['DM', 'CM']",0,0,1,1,0,0,0,0,0,0,0,0,0
Andreas Pereira,Fulham,18,BRA,DM,28,78.0,0,0,0,0,1,0,0,0,44,0,0,0,0.0,0.0,0.1,4,0,29,40,72.5,4,29,0,1,0,2024-10-26,['DM'],0,0,0,1,0,0,0,0,0,0,0,0,0
Harry Wilson,Fulham,8,WAL,"AM,RM",27,12.0,0,0,0,0,0,0,0,0,5,0,0,0,0.0,0.0,0.0,0,0,4,4,100.0,1,4,0,0,0,2024-10-26,"['AM', 'RM']",1,0,0,0,0,0,0,0,0,0,1,0,0
Antonee Robinson,Fulham,33,USA,LB,27,90.0,0,0,0,0,1,0,0,0,77,2,0,0,0.0,0.0,0.0,1,0,52,65,80.0,3,32,1,1,0,2024-10-26,['LB'],0,0,0,0,0,0,1,0,0,0,0,0,0
Calvin Bassey,Fulham,3,NGA,CB,24,90.0,0,0,0,0,0,0,0,0,82,1,1,0,0.0,0.0,0.0,0,0,73,79,92.4,2,58,1,0,0,2024-10-26,['CB'],0,1,0,0,0,0,0,0,0,0,0,0,0
Issa Diop,Fulham,31,FRA,CB,27,90.0,0,0,0,0,1,0,0,0,91,0,1,1,0.1,0.1,0.0,1,0,72,80,90.0,2,70,0,1,1,2024-10-26,['CB'],0,1,0,0,0,0,0,0,0,0,0,0,0
Kenny Tete,Fulham,2,NED,RB,29,90.0,0,0,0,0,1,0,0,0,95,6,2,1,0.0,0.0,0.3,1,0,63,80,78.8,5,52,2,1,0,2024-10-26,['RB'],0,0,0,0,0,0,0,0,0,1,0,0,0
Bernd Leno,Fulham,1,GER,GK,32,90.0,0,0,0,0,0,0,0,0,64,0,0,0,0.0,0.0,0.0,0,0,59,64,92.2,0,53,0,0,0,2024-10-26,['GK'],0,0,0,0,0,1,0,0,0,0,0,0,0
Nicolas Jackson,Chelsea,15,SEN,FW,23,77.0,1,0,0,0,1,1,0,0,20,0,0,0,0.6,0.6,0.2,4,0,12,17,70.6,2,16,2,2,1,2024-10-27,['FW'],0,0,0,0,1,0,0,0,0,0,0,0,0
Christopher Nkunku,Chelsea,18,FRA,FW,26,13.0,0,0,0,0,2,0,1,0,6,0,0,0,0.1,0.1,0.0,3,0,2,2,100.0,1,4,2,1,1,2024-10-27,['FW'],0,0,0,0,1,0,0,0,0,0,0,0,0
Pedro Neto,Chelsea,7,POR,"LW,RW",24,90.0,0,1,0,0,5,2,1,0,49,0,2,2,0.2,0.2,0.8,5,2,30,35,85.7,1,31,5,5,3,2024-10-27,"['LW', 'RW']",0,0,0,0,0,0,0,0,1,0,0,1,0
Noni Madueke,Chelsea,11,ENG,RW,22,66.0,0,0,0,0,2,2,1,0,39,1,0,3,0.1,0.1,0.1,3,0,21,27,77.8,3,29,9,2,1,2024-10-27,['RW'],0,0,0,0,0,0,0,0,0,0,0,1,0
Mykhailo Mudryk,Chelsea,10,UKR,LW,23,24.0,0,0,0,0,1,1,0,0,12,1,0,1,0.3,0.3,0.0,0,0,5,5,100.0,0,7,1,1,0,2024-10-27,['LW'],0,0,0,0,0,0,0,0,1,0,0,0,0
Cole Palmer,Chelsea,20,ENG,AM,22,90.0,1,0,0,0,1,1,0,0,52,0,1,1,0.0,0.0,0.3,4,0,33,47,70.2,4,36,3,3,1,2024-10-27,['AM'],1,0,0,0,0,0,0,0,0,0,0,0,0
Roméo Lavia,Chelsea,45,BEL,DM,20,71.0,0,1,0,0,0,0,1,0,49,1,2,1,0.0,0.0,0.0,2,1,41,43,95.3,5,39,0,0,0,2024-10-27,['DM'],0,0,0,1,0,0,0,0,0,0,0,0,0
Enzo Fernández,Chelsea,8,ARG,DM,23,19.0,0,0,0,0,0,0,0,0,15,2,0,0,0.0,0.0,0.1,1,0,8,10,80.0,0,9,0,0,0,2024-10-27,['DM'],0,0,0,1,0,0,0,0,0,0,0,0,0
Moisés Caicedo,Chelsea,25,ECU,DM,22,90.0,0,0,0,0,1,0,0,0,69,4,6,1,0.1,0.1,0.1,3,0,49,53,92.5,7,36,0,1,0,2024-10-27,['DM'],0,0,0,1,0,0,0,0,0,0,0,0,0
Reece James,Chelsea,24,ENG,"LB,RB",24,90.0,0,0,0,0,0,0,0,0,79,0,2,2,0.0,0.0,0.0,0,0,59,73,80.8,2,49,0,0,0,2024-10-27,"['LB', 'RB']",0,0,0,0,0,0,1,0,0,1,0,0,0
Levi Colwill,Chelsea,6,ENG,CB,21,90.0,0,0,0,0,0,0,0,0,68,1,1,0,0.0,0.0,0.0,2,1,48,55,87.3,2,35,0,0,0,2024-10-27,['CB'],0,1,0,0,0,0,0,0,0,0,0,0,0
Wesley Fofana,Chelsea,29,FRA,CB,23,90.0,0,0,0,0,0,0,1,0,61,0,1,3,0.0,0.0,0.0,1,0,38,42,90.5,1,35,0,1,0,2024-10-27,['CB'],0,1,0,0,0,0,0,0,0,0,0,0,0
Malo Gusto,Chelsea,27,FRA,RB,21,77.0,0,0,0,0,4,0,0,0,52,2,1,1,0.3,0.3,0.0,1,0,35,41,85.4,5,36,0,1,0,2024-10-27,['RB'],0,0,0,0,0,0,0,0,0,1,0,0,0
Marc Cucurella,Chelsea,3,ESP,LB,26,13.0,0,0,0,0,0,0,0,0,3,0,0,0,0.0,0.0,0.0,0,0,2,3,66.7,0,3,0,0,0,2024-10-27,['LB'],0,0,0,0,0,0,1,0,0,0,0,0,0
Robert Sánchez,Chelsea,1,ESP,GK,26,90.0,0,0,0,0,0,0,1,0,44,0,0,0,0.0,0.0,0.0,0,0,21,42,50.0,0,34,0,0,0,2024-10-27,['GK'],0,0,0,0,0,1,0,0,0,0,0,0,0
Alexander Isak,Newcastle United,14,SWE,FW,25,90.0,1,0,0,0,3,1,0,0,37,1,0,1,1.2,1.2,0.2,1,0,18,25,72.0,2,24,2,2,1,2024-10-27,['FW'],0,0,0,0,1,0,0,0,0,0,0,0,0
Harvey Barnes,Newcastle United,11,ENG,LW,26,67.0,0,0,0,0,1,0,0,0,20,0,0,0,0.2,0.2,0.0,4,1,11,15,73.3,3,17,0,3,2,2024-10-27,['LW'],0,0,0,0,0,0,0,0,1,0,0,0,0
Joe Willock,Newcastle United,28,ENG,LW,25,23.0,0,0,0,0,0,0,0,0,14,1,0,0,0.0,0.0,0.2,1,0,9,12,75.0,0,12,1,1,0,2024-10-27,['LW'],0,0,0,0,0,0,0,0,1,0,0,0,0
Miguel Almirón,Newcastle United,24,PAR,RW,30,67.0,0,0,0,0,2,1,0,0,18,0,0,0,0.2,0.2,0.0,2,0,9,15,60.0,1,12,0,0,0,2024-10-27,['RW'],0,0,0,0,0,0,0,0,0,0,0,1,0
Jacob Murphy,Newcastle United,23,ENG,RW,29,23.0,0,0,0,0,0,0,0,0,14,0,0,0,0.0,0.0,0.0,0,0,9,14,64.3,1,11,1,0,0,2024-10-27,['RW'],0,0,0,0,0,0,0,0,0,0,0,1,0
Joelinton,Newcastle United,7,BRA,LM,28,88.0,0,0,0,0,0,0,0,0,44,1,2,0,0.0,0.0,0.0,2,0,34,40,85.0,5,28,1,3,1,2024-10-27,['LM'],0,0,0,0,0,0,0,1,0,0,0,0,0
William Osula,Newcastle United,18,DEN,LM,21,2.0,0,0,0,0,0,0,0,0,1,0,0,0,0.0,0.0,0.0,0,0,0,0,80.8,0,0,0,0,0,2024-10-27,['LM'],0,0,0,0,0,0,0,1,0,0,0,0,0
Bruno Guimarães,Newcastle United,39,BRA,CM,26,90.0,0,0,0,0,1,0,0,0,71,1,1,3,0.0,0.0,0.1,2,0,51,59,86.4,8,54,1,2,1,2024-10-27,['CM'],0,0,1,0,0,0,0,0,0,0,0,0,0
Sandro Tonali,Newcastle United,8,ITA,RM,24,67.0,0,0,0,0,1,0,1,0,26,2,0,1,0.0,0.0,0.0,1,0,13,18,72.2,1,14,0,1,1,2024-10-27,['RM'],0,0,0,0,0,0,0,0,0,0,1,0,0
Sean Longstaff,Newcastle United,36,ENG,RM,26,23.0,0,0,0,0,0,0,1,0,17,3,0,1,0.0,0.0,0.0,0,0,10,12,83.3,1,13,0,0,0,2024-10-27,['RM'],0,0,0,0,0,0,0,0,0,0,1,0,0
Lewis Hall,Newcastle United,20,ENG,LB,20,88.0,0,1,0,0,0,0,0,0,75,2,1,2,0.0,0.0,1.2,6,1,54,68,79.4,2,32,0,0,0,2024-10-27,['LB'],0,0,0,0,0,0,1,0,0,0,0,0,0
Lloyd Kelly,Newcastle United,25,ENG,LB,26,2.0,0,0,0,0,0,0,0,0,4,0,0,0,0.0,0.0,0.0,0,0,2,4,50.0,0,3,0,0,0,2024-10-27,['LB'],0,0,0,0,0,0,1,0,0,0,0,0,0
Dan Burn,Newcastle United,33,ENG,CB,32,90.0,0,0,0,0,1,0,0,0,74,0,0,0,0.1,0.1,0.0,0,0,62,69,89.9,2,46,0,0,0,2024-10-27,['CB'],0,1,0,0,0,0,0,0,0,0,0,0,0
Fabian Schär,Newcastle United,5,SUI,CB,32,90.0,0,0,0,0,2,0,1,0,70,1,1,1,0.1,0.1,0.0,0,0,49,60,81.7,4,48,0,0,0,2024-10-27,['CB'],0,1,0,0,0,0,0,0,0,0,0,0,0
Valentino Livramento,Newcastle United,21,ENG,RB,21,90.0,0,0,0,0,0,0,0,0,53,1,1,1,0.0,0.0,0.1,1,0,39,47,83.0,7,35,1,1,0,2024-10-27,['RB'],0,0,0,0,0,0,0,0,0,1,0,0,0
Nick Pope,Newcastle United,22,ENG,GK,32,90.0,0,0,0,0,0,0,0,0,43,0,0,0,0.0,0.0,0.0,0,0,30,37,81.1,0,23,0,0,0,2024-10-27,['GK'],0,0,0,0,0,1,0,0,0,0,0,0,0
Michail Antonio,West Ham United,9,JAM,FW,34,70.0,0,0,0,0,1,0,0,0,37,0,0,1,0.1,0.1,0.8,4,0,16,27,59.3,2,24,5,3,3,2024-10-27,['FW'],0,0,0,0,1,0,0,0,0,0,0,0,0
Danny Ings,West Ham United,18,ENG,FW,32,20.0,0,1,0,0,1,0,0,0,7,1,0,0,0.2,0.2,0.5,2,2,3,4,75.0,0,1,0,1,1,2024-10-27,['FW'],0,0,0,0,1,0,0,0,0,0,0,0,0
Carlos Soler,West Ham United,4,ESP,LW,27,45.0,0,0,0,0,0,0,0,0,17,0,0,1,0.0,0.0,0.0,1,0,11,14,78.6,1,8,1,0,0,2024-10-27,['LW'],0,0,0,0,0,0,0,0,1,0,0,0,0
Crysencio Summerville,West Ham United,7,NED,"LW,LM",22,45.0,1,0,0,0,1,1,1,0,18,0,0,0,0.5,0.5,0.2,5,0,9,14,64.3,3,9,2,3,3,2024-10-27,"['LW', 'LM']",0,0,0,0,0,0,0,1,1,0,0,0,0
Jarrod Bowen,West Ham United,20,ENG,"RW,RM",27,90.0,1,0,1,1,2,0,0,0,39,2,0,1,0.8,0.1,0.5,2,0,14,27,51.9,5,20,4,1,0,2024-10-27,"['RW', 'RM']",0,0,0,0,0,0,0,0,0,0,1,1,0
Lucas Paquetá,West Ham United,10,BRA,AM,27,45.0,0,0,0,0,1,0,1,0,33,0,1,0,0.0,0.0,0.0,0,0,21,29,72.4,2,16,0,0,0,2024-10-27,['AM'],1,0,0,0,0,0,0,0,0,0,0,0,0
Tomáš Souček,West Ham United,28,CZE,"AM,CM",29,45.0,0,0,0,0,1,0,0,0,33,0,2,0,0.0,0.0,0.0,0,0,19,22,86.4,3,10,0,1,0,2024-10-27,"['AM', 'CM']",1,0,1,0,0,0,0,0,0,0,0,0,0
Guido Rodríguez,West Ham United,24,ARG,DM,30,89.0,0,0,0,0,0,0,0,0,46,4,1,1,0.0,0.0,0.0,0,0,30,36,83.3,1,25,0,0,0,2024-10-27,['DM'],0,0,0,1,0,0,0,0,0,0,0,0,0
Aaron Cresswell,West Ham United,3,ENG,CB,34,1.0,0,0,0,0,0,0,1,0,5,0,0,0,0.0,0.0,0.0,0,0,1,3,33.3,0,0,0,0,0,2024-10-27,['CB'],0,1,0,0,0,0,0,0,0,0,0,0,0
Edson Álvarez,West Ham United,19,MEX,"DM,CM",27,90.0,0,0,0,0,0,0,0,0,62,1,3,2,0.0,0.0,0.0,1,0,43,49,87.8,4,40,2,0,0,2024-10-27,"['DM', 'CM']",0,0,1,1,0,0,0,0,0,0,0,0,0
Emerson Palmieri,West Ham United,33,ITA,LB,30,90.0,0,0,0,0,2,1,1,0,54,2,2,0,0.9,0.9,0.0,2,0,31,43,72.1,0,27,2,1,0,2024-10-27,['LB'],0,0,0,0,0,0,1,0,0,0,0,0,0
Max Kilman,West Ham United,26,ENG,CB,27,90.0,0,0,0,0,2,0,0,0,48,1,0,4,0.4,0.4,0.0,0,0,31,33,93.9,2,26,0,0,0,2024-10-27,['CB'],0,1,0,0,0,0,0,0,0,0,0,0,0
Konstantinos Mavropanos,West Ham United,15,GRE,CB,26,45.0,0,0,0,0,0,0,1,0,30,0,0,1,0.0,0.0,0.0,0,0,26,28,92.9,1,18,0,0,0,2024-10-27,['CB'],0,1,0,0,0,0,0,0,0,0,0,0,0
Jean-Clair Todibo,West Ham United,25,FRA,CB,24,45.0,0,0,0,0,0,0,0,0,28,0,1,0,0.0,0.0,0.0,1,0,19,22,86.4,4,15,0,0,0,2024-10-27,['CB'],0,1,0,0,0,0,0,0,0,0,0,0,0
Aaron Wan-Bissaka,West Ham United,29,ENG,RB,26,90.0,0,0,0,0,0,0,0,0,70,0,2,0,0.0,0.0,0.0,4,1,40,55,72.7,7,29,5,6,3,2024-10-27,['RB'],0,0,0,0,0,0,0,0,0,1,0,0,0
Łukasz Fabiański,West Ham United,1,POL,GK,39,90.0,0,0,0,0,0,0,0,0,35,0,0,0,0.0,0.0,0.0,0,0,24,30,80.0,0,16,0,0,0,2024-10-27,['GK'],0,0,0,0,0,1,0,0,0,0,0,0,0
Rasmus Højlund,Manchester United,9,DEN,FW,21,90.0,0,0,0,0,2,2,0,0,25,1,0,0,0.6,0.6,0.0,3,0,16,18,88.9,1,14,2,2,1,2024-10-27,['FW'],0,0,0,0,1,0,0,0,0,0,0,0,0
Alejandro Garnacho,Manchester United,17,ARG,LW,20,90.0,0,0,0,0,3,0,0,0,60,1,0,0,0.2,0.2,0.6,4,0,34,48,70.8,3,30,10,0,0,2024-10-27,['LW'],0,0,0,0,0,0,0,0,1,0,0,0,0
Marcus Rashford,Manchester United,10,ENG,RW,26,58.0,0,0,0,0,0,0,0,0,31,0,0,0,0.0,0.0,0.0,1,0,17,25,68.0,0,23,0,3,1,2024-10-27,['RW'],0,0,0,0,0,0,0,0,0,0,0,1,0
Amad Diallo,Manchester United,16,CIV,RW,22,32.0,0,0,0,0,2,1,0,0,27,1,0,0,0.0,0.0,0.0,2,0,17,20,85.0,4,17,0,3,1,2024-10-27,['RW'],0,0,0,0,0,0,0,0,0,0,0,1,0
Bruno Fernandes,Manchester United,8,POR,"AM,DM",30,90.0,0,0,0,0,5,0,0,0,91,1,0,0,0.5,0.5,0.7,6,0,61,78,78.2,10,62,3,3,1,2024-10-27,"['AM', 'DM']",1,0,0,1,0,0,0,0,0,0,0,0,0
Casemiro,Manchester United,18,BRA,DM,32,90.0,1,0,0,0,2,2,0,0,94,2,1,3,0.4,0.4,0.3,7,0,65,77,84.4,10,51,1,1,1,2024-10-27,['DM'],0,0,0,1,0,0,0,0,0,0,0,0,0
Christian Eriksen,Manchester United,14,DEN,DM,32,78.0,0,0,0,0,1,0,0,0,51,1,1,1,0.0,0.0,0.1,3,0,36,45,80.0,3,26,0,0,0,2024-10-27,['DM'],0,0,0,1,0,0,0,0,0,0,0,0,0
Joshua Zirkzee,Manchester United,11,NED,"AM,DM",23,12.0,0,1,0,0,2,0,0,0,6,0,0,0,0.2,0.2,0.3,1,1,1,4,25.0,0,3,0,0,0,2024-10-27,"['AM', 'DM']",1,0,0,1,0,0,0,0,0,0,0,0,0
Noussair Mazraoui,Manchester United,3,MAR,LB,26,83.0,0,0,0,0,0,0,0,0,64,5,0,3,0.0,0.0,0.0,1,0,46,50,92.0,4,29,0,1,1,2024-10-27,['LB'],0,0,0,0,0,0,1,0,0,0,0,0,0
Victor Lindelöf,Manchester United,2,SWE,CB,30,7.0,0,0,0,0,0,0,0,0,17,0,0,0,0.0,0.0,0.0,1,0,14,16,87.5,4,11,0,0,0,2024-10-27,['CB'],0,1,0,0,0,0,0,0,0,0,0,0,0
Lisandro Martínez,Manchester United,6,ARG,"CB,LB",26,90.0,0,0,0,0,0,0,0,0,76,5,0,3,0.0,0.0,0.0,0,0,56,63,88.9,2,43,0,0,0,2024-10-27,"['CB', 'LB']",0,1,0,0,0,0,1,0,0,0,0,0,0
Matthijs de Ligt,Manchester United,4,NED,CB,25,90.0,0,0,0,0,0,0,1,0,63,0,2,1,0.0,0.0,0.0,1,0,53,55,96.4,2,40,0,0,0,2024-10-27,['CB'],0,1,0,0,0,0,0,0,0,0,0,0,0
Diogo Dalot,Manchester United,20,POR,RB,25,90.0,0,0,0,0,1,0,0,0,70,2,2,2,0.5,0.5,0.1,5,0,45,59,76.3,4,38,1,1,1,2024-10-27,['RB'],0,0,0,0,0,0,0,0,0,1,0,0,0
André Onana,Manchester United,24,CMR,GK,28,90.0,0,0,0,0,0,0,0,0,39,0,0,0,0.0,0.0,0.0,0,0,25,37,67.6,0,30,0,0,0,2024-10-27,['GK'],0,0,0,0,0,1,0,0,0,0,0,0,0
Jean-Philippe Mateta,Crystal Palace,14,FRA,FW,27,90.0,1,0,0,0,1,1,1,0,24,0,0,0,0.1,0.1,0.0,0,0,10,15,66.7,2,7,0,0,0,2024-10-27,['FW'],0,0,0,0,1,0,0,0,0,0,0,0,0
Eberechi Eze,Crystal Palace,10,ENG,AM,26,90.0,0,1,0,0,4,1,0,0,56,3,0,2,0.2,0.2,0.1,3,1,23,40,57.5,4,30,3,7,3,2024-10-27,['AM'],1,0,0,0,0,0,0,0,0,0,0,0,0
Ismaila Sarr,Crystal Palace,7,SEN,AM,26,66.0,0,0,0,0,2,2,0,0,21,1,0,1,0.1,0.1,0.0,5,0,8,13,61.5,1,12,4,0,0,2024-10-27,['AM'],1,0,0,0,0,0,0,0,0,0,0,0,0
Eddie Nketiah,Crystal Palace,9,ENG,AM,25,24.0,0,0,0,0,0,0,0,0,14,3,0,0,0.0,0.0,0.0,1,0,6,8,75.0,0,7,1,1,0,2024-10-27,['AM'],1,0,0,0,0,0,0,0,0,0,0,0,0
Jefferson Lerma,Crystal Palace,8,COL,CM,30,21.0,0,0,0,0,0,0,0,0,12,1,1,2,0.0,0.0,0.0,0,0,3,6,50.0,0,4,0,0,0,2024-10-27,['CM'],0,0,1,0,0,0,0,0,0,0,0,0,0
Will Hughes,Crystal Palace,19,ENG,CM,29,69.0,0,0,0,0,1,0,1,0,39,3,2,1,0.0,0.0,0.1,4,0,13,27,48.1,2,10,2,0,0,2024-10-27,['CM'],0,0,1,0,0,0,0,0,0,0,0,0,0
Adam Wharton,Crystal Palace,20,ENG,CM,20,87.0,0,0,0,0,2,1,0,0,47,4,3,2,0.1,0.1,0.0,4,0,18,29,62.1,9,14,1,0,0,2024-10-27,['CM'],0,0,1,0,0,0,0,0,0,0,0,0,0
Daichi Kamada,Crystal Palace,18,JPN,CM,28,3.0,0,0,0,0,0,0,0,0,6,1,0,1,0.0,0.0,0.0,0,0,2,3,66.7,1,2,1,0,0,2024-10-27,['CM'],0,0,1,0,0,0,0,0,0,0,0,0,0
Tyrick Mitchell,Crystal Palace,3,ENG,WB,25,90.0,0,0,0,0,0,0,0,0,48,1,1,1,0.0,0.0,0.1,2,0,21,34,61.8,4,21,2,2,1,2024-10-27,['WB'],0,0,0,0,0,0,0,0,0,0,0,0,1
Daniel Muñoz,Crystal Palace,12,COL,WB,28,90.0,0,0,0,0,2,0,1,0,52,9,1,1,0.1,0.1,0.2,3,1,23,31,74.2,4,17,1,2,0,2024-10-27,['WB'],0,0,0,0,0,0,0,0,0,0,0,0,1
Marc Guéhi,Crystal Palace,6,ENG,CB,24,90.0,0,0,0,0,1,1,0,0,30,0,0,5,0.2,0.2,0.0,0,0,12,14,85.7,1,8,0,0,0,2024-10-27,['CB'],0,1,0,0,0,0,0,0,0,0,0,0,0
Maxence Lacroix,Crystal Palace,5,FRA,CB,24,90.0,0,0,0,0,1,0,1,0,30,3,2,0,0.1,0.1,0.0,0,0,15,21,71.4,3,12,0,0,0,2024-10-27,['CB'],0,1,0,0,0,0,0,0,0,0,0,0,0
Trevoh Chalobah,Crystal Palace,27,ENG,CB,25,90.0,0,0,0,0,0,0,0,0,37,3,1,2,0.0,0.0,0.0,0,0,13,23,56.5,2,9,0,0,0,2024-10-27,['CB'],0,1,0,0,0,0,0,0,0,0,0,0,0
Dean Henderson,Crystal Palace,1,ENG,GK,27,90.0,0,0,0,0,0,0,0,0,34,0,0,0,0.0,0.0,0.0,0,0,14,32,43.8,0,18,0,0,0,2024-10-27,['GK'],0,0,0,0,0,1,0,0,0,0,0,0,0
Dominic Solanke,Tottenham Hotspur,19,ENG,FW,27,90.0,0,0,0,0,1,0,0,0,36,1,0,1,0.0,0.0,0.0,2,0,12,22,54.5,5,20,2,6,2,2024-10-27,['FW'],0,0,0,0,1,0,0,0,0,0,0,0,0
Mikey Moore,Tottenham Hotspur,47,ENG,LW,17,61.0,0,0,0,0,0,0,0,0,22,0,1,0,0.0,0.0,0.0,5,0,11,15,73.3,3,18,2,4,0,2024-10-27,['LW'],0,0,0,0,0,0,0,0,1,0,0,0,0
Timo Werner,Tottenham Hotspur,16,GER,LM,28,29.0,0,0,0,0,0,0,0,0,15,0,0,1,0.0,0.0,0.0,0,0,8,13,61.5,4,12,2,0,0,2024-10-27,['LM'],0,0,0,0,0,0,0,1,0,0,0,0,0
Brennan Johnson,Tottenham Hotspur,22,WAL,"RW,RM",23,90.0,0,0,0,0,3,0,1,0,28,3,0,0,0.3,0.3,0.1,2,0,11,22,50.0,3,16,2,1,1,2024-10-27,"['RW', 'RM']",0,0,0,0,0,0,0,0,0,0,1,1,0
James Maddison,Tottenham Hotspur,10,ENG,LM,27,61.0,0,0,0,0,2,2,0,0,46,2,0,1,0.1,0.1,0.1,1,0,29,37,78.4,8,30,0,2,1,2024-10-27,['LM'],0,0,0,0,0,0,0,1,0,0,0,0,0
Richarlison,Tottenham Hotspur,9,BRA,FW,27,29.0,0,0,0,0,0,0,1,0,12,1,0,0,0.0,0.0,0.0,0,0,5,7,71.4,2,7,0,1,0,2024-10-27,['FW'],0,0,0,0,1,0,0,0,0,0,0,0,0
Yves Bissouma,Tottenham Hotspur,8,MLI,CM,28,86.0,0,0,0,0,0,0,0,0,59,1,2,2,0.0,0.0,0.0,1,0,36,43,83.7,4,31,0,5,1,2024-10-27,['CM'],0,0,1,0,0,0,0,0,0,0,0,0,0
Rodrigo Bentancur,Tottenham Hotspur,30,URU,CM,27,4.0,0,0,0,0,1,0,0,0,17,0,0,0,0.0,0.0,0.0,1,0,15,16,93.8,1,14,0,0,0,2024-10-27,['CM'],0,0,1,0,0,0,0,0,0,0,0,0,0
Dejan Kulusevski,Tottenham Hotspur,21,SWE,RM,24,61.0,0,0,0,0,1,1,1,0,28,0,1,1,0.1,0.1,0.0,1,0,17,24,70.8,2,18,4,1,1,2024-10-27,['RM'],0,0,0,0,0,0,0,0,0,0,1,0,0
Pape Matar Sarr,Tottenham Hotspur,29,SEN,CM,22,29.0,0,0,0,0,0,0,0,0,37,1,1,0,0.0,0.0,0.0,0,0,31,35,88.6,6,29,2,1,0,2024-10-27,['CM'],0,0,1,0,0,0,0,0,0,0,0,0,0
Destiny Udogie,Tottenham Hotspur,13,ITA,LB,21,90.0,0,0,0,0,0,0,0,0,80,1,1,2,0.0,0.0,0.1,2,0,51,62,82.3,8,50,3,5,2,2024-10-27,['LB'],0,0,0,0,0,0,1,0,0,0,0,0,0
Micky van de Ven,Tottenham Hotspur,37,NED,CB,23,90.0,0,0,0,0,1,0,1,0,85,1,2,0,0.1,0.1,0.0,1,0,64,75,85.3,1,55,0,1,1,2024-10-27,['CB'],0,1,0,0,0,0,0,0,0,0,0,0,0
Cristian Romero,Tottenham Hotspur,17,ARG,CB,26,90.0,0,0,0,0,1,0,0,0,93,6,2,1,0.1,0.1,0.1,2,0,67,77,87.0,2,51,0,1,0,2024-10-27,['CB'],0,1,0,0,0,0,0,0,0,0,0,0,0
Pedro Porro,Tottenham Hotspur,23,ESP,RB,25,90.0,0,0,0,0,1,0,0,0,86,2,0,0,0.0,0.0,0.0,2,0,50,81,61.7,6,45,3,0,0,2024-10-27,['RB'],0,0,0,0,0,0,0,0,0,1,0,0,0
Guglielmo Vicario,Tottenham Hotspur,1,ITA,GK,28,90.0,0,0,0,0,0,0,0,0,46,0,0,0,0.0,0.0,0.0,0,0,38,42,90.5,0,32,0,0,0,2024-10-27,['GK'],0,0,0,0,0,1,0,0,0,0,0,0,0
Leandro Trossard,Arsenal,19,BEL,"FW,LM",29,90.0,0,0,0,0,0,0,0,0,32,2,0,2,0.0,0.0,0.0,1,0,20,26,76.9,6,18,2,1,1,2024-10-27,"['FW', 'LM']",0,0,0,0,1,0,0,1,0,0,0,0,0
Kai Havertz,Arsenal,29,GER,FW,25,90.0,0,0,0,0,2,0,0,0,40,0,0,1,0.2,0.2,0.1,2,0,18,24,75.0,2,16,2,3,0,2024-10-27,['FW'],0,0,0,0,1,0,0,0,0,0,0,0,0
Gabriel Martinelli,Arsenal,11,BRA,LM,23,84.0,0,0,0,0,1,0,0,0,35,1,0,0,0.1,0.1,0.1,1,0,16,28,57.1,1,20,5,2,2,2024-10-27,['LM'],0,0,0,0,0,0,0,1,0,0,0,0,0
Ethan Nwaneri,Arsenal,53,ENG,FW,17,6.0,0,0,0,0,0,0,0,0,5,0,0,1,0.0,0.0,0.0,0,0,2,3,66.7,0,2,0,0,0,2024-10-27,['FW'],0,0,0,0,1,0,0,0,0,0,0,0,0
Mikel Merino,Arsenal,23,ESP,CM,28,90.0,1,0,0,0,2,1,0,0,43,3,1,1,0.4,0.4,0.0,2,0,27,34,79.4,7,19,1,0,0,2024-10-27,['CM'],0,0,1,0,0,0,0,0,0,0,0,0,0
Declan Rice,Arsenal,41,ENG,CM,25,90.0,0,1,0,0,0,0,0,0,60,2,2,1,0.0,0.0,0.4,3,1,45,56,80.4,7,21,3,0,0,2024-10-27,['CM'],0,0,1,0,0,0,0,0,0,0,0,0,0
Bukayo Saka,Arsenal,7,ENG,RM,23,84.0,1,0,0,0,2,1,0,0,36,1,0,1,0.2,0.2,0.0,2,1,15,26,57.7,1,21,2,4,2,2024-10-27,['RM'],0,0,0,0,0,0,0,0,0,0,1,0,0
Gabriel Jesus,Arsenal,9,BRA,RM,27,6.0,0,0,0,0,2,1,1,0,6,0,0,0,0.1,0.1,0.0,2,0,1,2,50.0,0,4,0,2,1,2024-10-27,['RM'],0,0,0,0,0,0,0,0,0,0,1,0,0
Jurriën Timber,Arsenal,12,NED,LB,23,75.0,0,0,0,0,0,0,0,0,30,2,0,1,0.0,0.0,0.1,1,0,18,20,90.0,5,11,2,0,0,2024-10-27,['LB'],0,0,0,0,0,0,1,0,0,0,0,0,0
Myles Lewis-Skelly,Arsenal,49,ENG,LB,18,15.0,0,0,0,0,0,0,0,0,13,1,0,0,0.0,0.0,0.0,0,0,8,11,72.7,2,4,1,0,0,2024-10-27,['LB'],0,0,0,0,0,0,1,0,0,0,0,0,0
Gabriel Magalhães,Arsenal,6,BRA,CB,26,53.0,0,0,0,0,0,0,0,0,34,0,2,0,0.0,0.0,0.0,0,0,25,31,80.6,0,15,0,0,0,2024-10-27,['CB'],0,1,0,0,0,0,0,0,0,0,0,0,0
Jakub Kiwior,Arsenal,15,POL,CB,24,37.0,0,0,0,0,0,0,0,0,15,0,0,1,0.0,0.0,0.0,0,0,9,10,90.0,1,4,0,0,0,2024-10-27,['CB'],0,1,0,0,0,0,0,0,0,0,0,0,0
Ben White,Arsenal,4,ENG,CB,27,90.0,0,1,0,0,0,0,0,0,58,0,1,0,0.0,0.0,0.2,1,1,46,52,88.5,4,27,0,0,0,2024-10-27,['CB'],0,1,0,0,0,0,0,0,0,0,0,0,0
Thomas Partey,Arsenal,5,GHA,RB,31,90.0,0,0,0,0,0,0,0,0,70,5,1,1,0.0,0.0,0.0,2,1,45,57,78.9,3,26,1,1,0,2024-10-27,['RB'],0,0,0,0,0,0,0,0,0,1,0,0,0
David Raya,Arsenal,22,ESP,GK,29,90.0,0,0,0,0,0,0,1,0,37,0,0,0,0.0,0.0,0.0,0,0,25,35,71.4,0,22,0,0,0,2024-10-27,['GK'],0,0,0,0,0,1,0,0,0,0,0,0,0
Darwin Núñez,Liverpool,9,URU,FW,25,90.0,0,1,0,0,0,0,1,0,24,1,0,0,0.0,0.0,0.3,2,1,13,18,72.2,2,14,0,3,2,2024-10-27,['FW'],0,0,0,0,1,0,0,0,0,0,0,0,0
Luis Díaz,Liverpool,7,COL,LW,27,62.0,0,1,0,0,0,0,0,0,27,3,1,1,0.0,0.0,0.3,1,1,11,14,78.6,0,14,1,5,2,2024-10-27,['LW'],0,0,0,0,0,0,0,0,1,0,0,0,0
Cody Gakpo,Liverpool,18,NED,LW,25,28.0,0,0,0,0,0,0,0,0,22,0,1,0,0.0,0.0,0.0,1,0,13,19,68.4,1,16,1,1,1,2024-10-27,['LW'],0,0,0,0,0,0,0,0,1,0,0,0,0
Mohamed Salah,Liverpool,11,EGY,RW,32,90.0,1,0,0,0,3,2,0,0,42,0,0,0,0.4,0.4,0.0,2,0,26,37,70.3,3,29,4,4,2,2024-10-27,['RW'],0,0,0,0,0,0,0,0,0,0,0,1,0
Curtis Jones,Liverpool,17,ENG,"AM,DM",23,89.0,0,0,0,0,1,0,0,0,54,3,0,2,0.1,0.1,0.0,0,0,42,43,97.7,6,32,0,1,0,2024-10-27,"['AM', 'DM']",1,0,0,1,0,0,0,0,0,0,0,0,0
Wataru Endo,Liverpool,3,JPN,DM,31,1.0,0,0,0,0,0,0,0,0,1,0,0,0,0.0,0.0,0.0,0,0,1,1,100.0,0,0,0,0,0,2024-10-27,['DM'],0,0,0,1,0,0,0,0,0,0,0,0,0
Alexis Mac Allister,Liverpool,10,ARG,DM,25,62.0,0,0,0,0,1,1,1,0,25,1,0,0,0.1,0.1,0.0,2,0,16,20,80.0,4,11,0,0,0,2024-10-27,['DM'],0,0,0,1,0,0,0,0,0,0,0,0,0
Dominik Szoboszlai,Liverpool,8,HUN,AM,24,28.0,0,0,0,0,0,0,0,0,15,0,0,2,0.0,0.0,0.0,0,0,11,13,84.6,0,9,2,0,0,2024-10-27,['AM'],1,0,0,0,0,0,0,0,0,0,0,0,0
Ryan Gravenberch,Liverpool,38,NED,DM,22,90.0,0,0,0,0,1,0,0,0,61,2,1,2,0.0,0.0,0.0,1,0,42,47,89.4,2,36,0,2,1,2024-10-27,['DM'],0,0,0,1,0,0,0,0,0,0,0,0,0
Andrew Robertson,Liverpool,26,SCO,LB,30,62.0,0,0,0,0,0,0,0,0,34,1,0,0,0.0,0.0,0.0,1,0,21,30,70.0,1,13,0,1,0,2024-10-27,['LB'],0,0,0,0,0,0,1,0,0,0,0,0,0
Kostas Tsimikas,Liverpool,21,GRE,LB,28,28.0,0,0,0,0,0,0,0,0,28,2,1,0,0.0,0.0,0.0,0,0,20,24,83.3,1,12,0,0,0,2024-10-27,['LB'],0,0,0,0,0,0,1,0,0,0,0,0,0
Virgil van Dijk,Liverpool,4,NED,CB,33,90.0,1,0,0,0,1,1,0,0,93,1,1,0,0.3,0.3,0.0,1,0,73,84,86.9,1,48,0,0,0,2024-10-27,['CB'],0,1,0,0,0,0,0,0,0,0,0,0,0
Ibrahima Konaté,Liverpool,5,FRA,CB,25,90.0,0,0,0,0,0,0,0,0,71,2,0,1,0.0,0.0,0.0,1,0,54,61,88.5,2,40,0,0,0,2024-10-27,['CB'],0,1,0,0,0,0,0,0,0,0,0,0,0
Trent Alexander-Arnold,Liverpool,66,ENG,RB,26,90.0,0,0,0,0,2,0,0,0,66,0,0,1,0.0,0.0,0.1,3,2,42,61,68.9,5,33,1,0,0,2024-10-27,['RB'],0,0,0,0,0,0,0,0,0,1,0,0,0
Caoimhín Kelleher,Liverpool,62,IRL,GK,25,90.0,0,0,0,0,0,0,0,0,42,0,0,0,0.0,0.0,0.0,0,0,26,42,61.9,0,32,0,1,1,2024-10-27,['GK'],0,0,0,0,0,1,0,0,0,0,0,0,0
Alexander Isak,Newcastle United,14,SWE,FW,25,90.0,1,0,0,0,2,2,0,0,28,0,0,0,0.3,0.3,0.0,0,0,15,20,75.0,1,14,1,3,1,2024-11-02,['FW'],0,0,0,0,1,0,0,0,0,0,0,0,0
Joelinton,Newcastle United,7,BRA,LW,28,90.0,0,0,0,0,1,1,0,0,35,2,0,0,0.0,0.0,0.0,1,0,23,25,92.0,3,21,0,0,0,2024-11-02,['LW'],0,0,0,0,0,0,0,0,1,0,0,0,0
Anthony Gordon,Newcastle United,10,ENG,RW,23,84.0,0,1,0,0,0,0,0,0,38,3,1,0,0.0,0.0,0.3,3,1,18,34,52.9,3,25,4,0,0,2024-11-02,['RW'],0,0,0,0,0,0,0,0,0,0,0,1,0
Harvey Barnes,Newcastle United,11,ENG,"RW,RM",26,6.0,0,0,0,0,0,0,0,0,5,1,0,1,0.0,0.0,0.0,1,0,2,4,50.0,0,2,0,0,0,2024-11-02,"['RW', 'RM']",0,0,0,0,0,0,0,0,0,0,1,1,0
Joe Willock,Newcastle United,28,ENG,LM,25,64.0,0,0,0,0,2,1,1,0,24,2,0,2,0.1,0.1,0.0,4,0,11,14,78.6,3,15,2,1,1,2024-11-02,['LM'],0,0,0,0,0,0,0,1,0,0,0,0,0
Sandro Tonali,Newcastle United,8,ITA,"LM,CM",24,26.0,0,0,0,0,0,0,1,0,13,0,1,0,0.0,0.0,0.0,0,0,5,8,62.5,0,3,1,2,0,2024-11-02,"['LM', 'CM']",0,0,1,0,0,0,0,1,0,0,0,0,0
Bruno Guimarães,Newcastle United,39,BRA,CM,26,89.0,0,0,0,0,2,0,0,0,51,1,0,1,0.0,0.0,0.0,2,0,28,37,75.7,3,35,1,2,2,2024-11-02,['CM'],0,0,1,0,0,0,0,0,0,0,0,0,0
Lloyd Kelly,Newcastle United,25,ENG,"CB,CM",26,1.0,0,0,0,0,0,0,0,0,1,0,0,0,0.0,0.0,0.0,0,0,0,1,0.0,0,0,0,0,0,2024-11-02,"['CB', 'CM']",0,1,1,0,0,0,0,0,0,0,0,0,0
Sean Longstaff,Newcastle United,36,ENG,RM,27,90.0,0,0,0,0,1,0,0,0,29,6,1,2,0.0,0.0,0.0,2,1,14,19,73.7,4,16,0,0,0,2024-11-02,['RM'],0,0,0,0,0,0,0,0,0,0,1,0,0
Lewis Hall,Newcastle United,20,ENG,LB,20,90.0,0,0,0,0,0,0,0,0,57,4,1,2,0.0,0.0,0.0,0,0,30,41,73.2,0,16,0,0,0,2024-11-02,['LB'],0,0,0,0,0,0,1,0,0,0,0,0,0
Dan Burn,Newcastle United,33,ENG,CB,32,90.0,0,0,0,0,0,0,0,0,26,0,0,0,0.0,0.0,0.0,0,0,16,23,69.6,0,8,0,0,0,2024-11-02,['CB'],0,1,0,0,0,0,0,0,0,0,0,0,0
Fabian Schär,Newcastle United,5,SUI,CB,32,90.0,0,0,0,0,1,0,1,0,46,0,1,1,0.1,0.1,0.0,1,0,22,33,66.7,3,21,0,1,1,2024-11-02,['CB'],0,1,0,0,0,0,0,0,0,0,0,0,0
Valentino Livramento,Newcastle United,21,ENG,RB,21,90.0,0,0,0,0,0,0,0,0,44,4,1,0,0.0,0.0,0.1,4,0,28,34,82.4,4,20,1,1,1,2024-11-02,['RB'],0,0,0,0,0,0,0,0,0,1,0,0,0
Nick Pope,Newcastle United,22,ENG,GK,32,90.0,0,0,0,0,0,0,1,0,28,0,0,0,0.0,0.0,0.0,0,0,6,28,21.4,0,13,0,0,0,2024-11-02,['GK'],0,0,0,0,0,1,0,0,0,0,0,0,0
Leandro Trossard,Arsenal,19,BEL,FW,29,70.0,0,0,0,0,2,0,0,0,34,1,0,2,0.1,0.1,0.0,1,0,16,20,80.0,5,20,2,2,0,2024-11-02,['FW'],0,0,0,0,1,0,0,0,0,0,0,0,0
Gabriel Jesus,Arsenal,9,BRA,"FW,LW",27,20.0,0,0,0,0,0,0,0,0,19,0,0,1,0.0,0.0,0.0,0,0,12,16,75.0,0,12,1,1,0,2024-11-02,"['FW', 'LW']",0,0,0,0,1,0,0,0,1,0,0,0,0
Kai Havertz,Arsenal,29,GER,FW,25,90.0,0,0,0,0,0,0,1,0,29,1,1,2,0.0,0.0,0.2,2,0,14,18,77.8,1,17,0,0,0,2024-11-02,['FW'],0,0,0,0,1,0,0,0,0,0,0,0,0
Gabriel Martinelli,Arsenal,11,BRA,LM,23,60.0,0,0,0,0,0,0,0,0,30,1,1,1,0.0,0.0,0.0,1,0,13,18,72.2,2,18,3,7,1,2024-11-02,['LM'],0,0,0,0,0,0,0,1,0,0,0,0,0
Ethan Nwaneri,Arsenal,53,ENG,"LM,RW",17,30.0,0,0,0,0,1,0,0,0,8,1,0,1,0.0,0.0,0.0,0,0,6,6,100.0,0,7,1,0,0,2024-11-02,"['LM', 'RW']",0,0,0,0,0,0,0,1,0,0,0,1,0
Mikel Merino,Arsenal,23,ESP,CM,28,60.0,0,0,0,0,2,0,1,0,29,1,0,1,0.4,0.4,0.0,1,0,17,23,73.9,6,14,0,0,0,2024-11-02,['CM'],0,0,1,0,0,0,0,0,0,0,0,0,0
Oleksandr Zinchenko,Arsenal,17,UKR,"CM,LM",27,30.0,0,0,0,0,0,0,0,0,38,0,0,2,0.0,0.0,0.0,1,0,26,34,76.5,7,26,0,0,0,2024-11-02,"['CM', 'LM']",0,0,1,0,0,0,0,1,0,0,0,0,0
Declan Rice,Arsenal,41,ENG,CM,25,90.0,0,0,0,0,2,0,0,0,76,2,2,2,0.3,0.3,0.1,3,0,54,66,81.8,7,32,1,1,0,2024-11-02,['CM'],0,0,1,0,0,0,0,0,0,0,0,0,0
Bukayo Saka,Arsenal,7,ENG,RM,23,90.0,0,0,0,0,2,0,0,0,47,3,0,0,0.2,0.2,0.3,2,0,26,31,83.9,1,36,3,4,0,2024-11-02,['RM'],0,0,0,0,0,0,0,0,0,0,1,0,0
Jurriën Timber,Arsenal,12,NED,LB,23,70.0,0,0,0,0,1,0,1,0,46,0,0,2,0.0,0.0,0.0,2,0,36,40,90.0,6,27,2,1,1,2024-11-02,['LB'],0,0,0,0,0,0,1,0,0,0,0,0,0
Ben White,Arsenal,4,ENG,"LB,CB",27,20.0,0,0,0,0,0,0,0,0,35,0,1,0,0.0,0.0,0.0,1,0,27,34,79.4,3,17,2,0,0,2024-11-02,"['LB', 'CB']",0,1,0,0,0,0,1,0,0,0,0,0,0
Gabriel Magalhães,Arsenal,6,BRA,CB,26,90.0,0,0,0,0,0,0,0,0,76,1,0,2,0.0,0.0,0.0,1,0,62,72,86.1,3,44,0,0,0,2024-11-02,['CB'],0,1,0,0,0,0,0,0,0,0,0,0,0
William Saliba,Arsenal,2,FRA,CB,23,90.0,0,0,0,0,0,0,0,0,75,3,1,0,0.0,0.0,0.0,2,0,63,67,94.0,1,34,0,0,0,2024-11-02,['CB'],0,1,0,0,0,0,0,0,0,0,0,0,0
Thomas Partey,Arsenal,5,GHA,RB,31,85.0,0,0,0,0,0,0,0,0,78,3,0,0,0.0,0.0,0.4,1,0,62,70,88.6,12,39,0,1,1,2024-11-02,['RB'],0,0,0,0,0,0,0,0,0,1,0,0,0
Jorginho,Arsenal,20,ITA,CM,32,5.0,0,0,0,0,0,0,1,0,7,0,0,0,0.0,0.0,0.0,0,0,5,7,71.4,1,4,0,0,0,2024-11-02,['CM'],0,0,1,0,0,0,0,0,0,0,0,0,0
David Raya,Arsenal,22,ESP,GK,29,90.0,0,0,0,0,0,0,0,0,32,0,0,0,0.0,0.0,0.0,1,0,24,32,75.0,0,25,0,0,0,2024-11-02,['GK'],0,0,0,0,0,1,0,0,0,0,0,0,0
Cameron Archer,Southampton,19,ENG,FW,23,89.0,0,0,0,0,1,0,0,0,23,1,0,0,0.1,0.1,0.2,1,0,10,12,83.3,1,17,1,4,1,2024-11-02,['FW'],0,0,0,0,1,0,0,0,0,0,0,0,0
Paul Onuachu,Southampton,32,NGA,FW,30,1.0,0,0,0,0,0,0,1,0,4,0,0,0,0.0,0.0,0.0,0,0,1,2,50.0,0,2,0,1,0,2024-11-02,['FW'],0,0,0,0,1,0,0,0,0,0,0,0,0
Mateus Fernandes,Southampton,18,POR,"LM,CM",20,89.0,0,0,0,0,0,0,1,0,58,2,1,1,0.0,0.0,0.0,2,0,39,44,88.6,8,40,4,9,6,2024-11-02,"['LM', 'CM']",0,0,1,0,0,0,0,1,0,0,0,0,0
Lesley Ugochukwu,Southampton,26,FRA,CM,20,1.0,0,0,0,0,0,0,0,0,2,1,1,0,0.0,0.0,0.0,0,0,1,1,100.0,0,1,0,0,0,2024-11-02,['CM'],0,0,1,0,0,0,0,0,0,0,0,0,0
Adam Lallana,Southampton,10,ENG,CM,36,45.0,0,0,0,0,0,0,0,0,35,1,0,0,0.0,0.0,0.0,0,0,25,28,89.3,7,24,1,2,1,2024-11-02,['CM'],0,0,1,0,0,0,0,0,0,0,0,0,0
Joe Aribo,Southampton,7,NGA,CM,28,45.0,0,0,0,0,2,1,0,0,39,1,0,1,0.0,0.0,0.0,0,0,24,27,88.9,0,27,2,0,0,2024-11-02,['CM'],0,0,1,0,0,0,0,0,0,0,0,0,0
Flynn Downes,Southampton,4,ENG,CM,25,90.0,0,0,0,0,0,0,0,0,61,2,1,1,0.0,0.0,0.1,1,0,51,54,94.4,4,45,3,0,0,2024-11-02,['CM'],0,0,1,0,0,0,0,0,0,0,0,0,0
Adam Armstrong,Southampton,9,ENG,"RM,LW",27,90.0,1,0,0,0,3,1,0,0,41,0,0,0,0.3,0.3,0.0,1,0,22,31,71.0,1,35,0,2,1,2024-11-02,"['RM', 'LW']",0,0,0,0,0,0,0,0,1,0,1,0,0
Ryan Manning,Southampton,3,IRL,LB,28,58.0,0,0,0,0,0,0,0,0,27,0,0,0,0.0,0.0,0.1,2,0,20,24,83.3,1,16,0,1,0,2024-11-02,['LB'],0,0,0,0,0,0,1,0,0,0,0,0,0
Tyler Dibling,Southampton,33,ENG,"LB,RW",18,32.0,0,0,0,0,0,0,1,0,19,1,0,0,0.0,0.0,0.0,3,0,12,14,85.7,3,14,1,3,1,2024-11-02,"['LB', 'RW']",0,0,0,0,0,0,1,0,0,0,0,1,0
Jack Stephens,Southampton,5,ENG,CB,30,78.0,0,0,0,0,0,0,0,0,75,1,0,0,0.0,0.0,0.0,0,0,65,71,91.5,6,50,0,0,0,2024-11-02,['CB'],0,1,0,0,0,0,0,0,0,0,0,0,0
Yukinari Sugawara,Southampton,16,JPN,RB,24,12.0,0,1,0,0,0,0,0,0,8,0,0,0,0.0,0.0,0.1,1,1,5,7,71.4,0,5,2,0,0,2024-11-02,['RB'],0,0,0,0,0,0,0,0,0,1,0,0,0
Jan Bednarek,Southampton,35,POL,CB,28,90.0,0,0,0,0,0,0,1,0,92,0,3,0,0.0,0.0,0.0,0,0,79,85,92.9,1,65,0,1,1,2024-11-02,['CB'],0,1,0,0,0,0,0,0,0,0,0,0,0
Taylor Harwood-Bellis,Southampton,6,ENG,CB,22,90.0,0,0,0,0,2,0,0,0,111,2,0,1,0.3,0.3,0.0,1,1,89,97,91.8,7,77,0,0,0,2024-11-02,['CB'],0,1,0,0,0,0,0,0,0,0,0,0,0
Kyle Walker-Peters,Southampton,2,ENG,"RB,LB",27,90.0,0,0,0,0,1,0,0,0,93,2,1,2,0.0,0.0,0.2,5,0,79,84,94.0,3,74,4,3,1,2024-11-02,"['RB', 'LB']",0,0,0,0,0,0,1,0,0,1,0,0,0
Aaron Ramsdale,Southampton,30,ENG,GK,26,90.0,0,0,0,0,0,0,0,0,48,0,0,0,0.0,0.0,0.0,0,0,37,45,82.2,0,30,0,0,0,2024-11-02,['GK'],0,0,0,0,0,1,0,0,0,0,0,0,0
Dominic Calvert-Lewin,Everton,9,ENG,FW,27,61.0,0,0,0,0,1,0,0,0,13,0,0,0,0.1,0.1,0.0,0,0,4,8,50.0,0,7,1,2,2,2024-11-02,['FW'],0,0,0,0,1,0,0,0,0,0,0,0,0
Beto,Everton,14,GNB,FW,26,29.0,0,0,0,0,1,0,0,0,4,0,0,0,0.7,0.7,0.0,2,0,0,1,0.0,0,4,1,1,1,2024-11-02,['FW'],0,0,0,0,1,0,0,0,0,0,0,0,0
Iliman Ndiaye,Everton,10,SEN,LW,24,61.0,0,0,0,0,2,1,0,0,23,2,1,0,0.0,0.0,0.0,1,0,10,13,76.9,0,13,4,2,0,2024-11-02,['LW'],0,0,0,0,0,0,0,0,1,0,0,0,0
Jack Harrison,Everton,11,ENG,"AM,RM,LW",27,29.0,0,0,0,0,2,0,0,0,10,0,0,0,0.3,0.3,0.0,0,0,6,7,85.7,0,5,0,0,0,2024-11-02,"['AM', 'RM', 'LW']",1,0,0,0,0,0,0,0,1,0,1,0,0
Jesper Lindstrøm,Everton,29,DEN,RW,24,87.0,0,0,0,0,3,2,0,0,45,3,1,1,0.1,0.1,0.1,6,0,21,29,72.4,0,19,3,2,1,2024-11-02,['RW'],0,0,0,0,0,0,0,0,0,0,0,1,0
Jarrad Branthwaite,Everton,32,ENG,CB,22,3.0,0,0,0,0,0,0,0,0,6,0,0,0,0.0,0.0,0.0,0,0,5,6,83.3,0,5,1,0,0,2024-11-02,['CB'],0,1,0,0,0,0,0,0,0,0,0,0,0
Dwight McNeil,Everton,7,ENG,"AM,LW,LM",24,90.0,0,0,0,0,0,0,0,0,39,1,0,1,0.0,0.0,0.3,4,0,21,32,65.6,2,22,3,6,4,2024-11-02,"['AM', 'LW', 'LM']",1,0,0,0,0,0,0,1,1,0,0,0,0
Orel Mangala,Everton,8,BEL,"DM,CM",26,90.0,0,0,0,0,3,1,0,0,36,2,1,0,0.2,0.2,0.0,3,0,25,28,89.3,1,18,0,3,3,2024-11-02,"['DM', 'CM']",0,0,1,1,0,0,0,0,0,0,0,0,0
Idrissa Gana Gueye,Everton,27,SEN,"DM,CM",35,90.0,0,0,0,0,1,0,0,0,53,6,1,1,0.0,0.0,0.1,4,0,38,40,95.0,6,22,1,0,0,2024-11-02,"['DM', 'CM']",0,0,1,1,0,0,0,0,0,0,0,0,0
Vitaliy Mykolenko,Everton,19,UKR,LB,25,90.0,0,0,0,0,1,0,0,0,46,3,1,0,0.0,0.0,0.0,1,0,26,38,68.4,4,24,2,0,0,2024-11-02,['LB'],0,0,0,0,0,0,1,0,0,0,0,0,0
Michael Keane,Everton,5,ENG,"CB,FW",31,90.0,0,0,0,0,1,1,1,0,41,1,0,1,0.1,0.1,0.0,1,0,30,34,88.2,1,16,0,0,0,2024-11-02,"['CB', 'FW']",0,1,0,0,1,0,0,0,0,0,0,0,0
James Tarkowski,Everton,6,ENG,CB,31,90.0,0,0,0,0,1,0,1,0,45,2,0,2,0.0,0.0,0.7,1,0,29,35,82.9,1,17,0,0,0,2024-11-02,['CB'],0,1,0,0,0,0,0,0,0,0,0,0,0
Ashley Young,Everton,18,ENG,RB,39,90.0,0,0,0,0,0,0,0,0,42,1,2,0,0.0,0.0,0.1,5,0,27,36,75.0,9,17,1,1,0,2024-11-02,['RB'],0,0,0,0,0,0,0,0,0,1,0,0,0
Jordan Pickford,Everton,1,ENG,GK,30,90.0,0,0,0,0,0,0,0,0,34,0,1,0,0.0,0.0,0.0,0,0,21,33,63.6,0,13,0,0,0,2024-11-02,['GK'],0,0,0,0,0,1,0,0,0,0,0,0,0
Darwin Núñez,Liverpool,9,URU,FW,25,76.0,0,0,0,0,1,1,0,0,19,0,1,1,0.1,0.1,0.2,3,0,6,10,60.0,2,12,1,3,2,2024-11-02,['FW'],0,0,0,0,1,0,0,0,0,0,0,0,0
Wataru Endo,Liverpool,3,JPN,DM,31,14.0,0,0,0,0,0,0,0,0,10,3,0,0,0.0,0.0,0.0,0,0,6,6,100.0,0,4,0,0,0,2024-11-02,['DM'],0,0,0,1,0,0,0,0,0,0,0,0,0
Cody Gakpo,Liverpool,18,NED,"LW,FW",25,90.0,1,0,0,0,3,1,0,0,36,1,0,1,0.1,0.1,0.0,3,0,20,25,80.0,3,27,4,1,1,2024-11-02,"['LW', 'FW']",0,0,0,0,1,0,0,0,1,0,0,0,0
Mohamed Salah,Liverpool,11,EGY,RW,32,89.0,1,0,0,0,3,2,0,0,29,0,0,0,0.5,0.5,0.2,3,0,14,22,63.6,3,23,5,2,1,2024-11-02,['RW'],0,0,0,0,0,0,0,0,0,0,0,1,0
Conor Bradley,Liverpool,84,NIR,RW,21,1.0,0,0,0,0,0,0,0,0,2,0,0,0,0.0,0.0,0.0,0,0,1,1,100.0,0,1,0,0,0,2024-11-02,['RW'],0,0,0,0,0,0,0,0,0,0,0,1,0
Dominik Szoboszlai,Liverpool,8,HUN,AM,24,65.0,0,0,0,0,0,0,0,0,35,1,1,1,0.0,0.0,0.0,3,0,28,31,90.3,4,13,0,1,1,2024-11-02,['AM'],1,0,0,0,0,0,0,0,0,0,0,0,0
Luis Díaz,Liverpool,7,COL,"LW,AM",27,25.0,0,0,0,0,0,0,0,0,16,0,0,0,0.0,0.0,0.0,3,1,10,10,100.0,1,9,1,3,0,2024-11-02,"['LW', 'AM']",1,0,0,0,0,0,0,0,1,0,0,0,0
Alexis Mac Allister,Liverpool,10,ARG,DM,25,65.0,0,0,0,0,1,1,1,0,48,3,1,1,0.0,0.0,0.0,1,0,27,38,71.1,2,23,1,3,1,2024-11-02,['DM'],0,0,0,1,0,0,0,0,0,0,0,0,0
Curtis Jones,Liverpool,17,ENG,"AM,DM",23,25.0,0,1,0,0,2,0,0,0,16,0,0,1,0.2,0.2,0.1,1,1,10,10,100.0,1,8,2,0,0,2024-11-02,"['AM', 'DM']",1,0,0,1,0,0,0,0,0,0,0,0,0
Ryan Gravenberch,Liverpool,38,NED,DM,22,90.0,0,0,0,0,1,0,0,0,54,1,4,3,0.0,0.0,0.0,2,1,33,41,80.5,4,27,1,0,0,2024-11-02,['DM'],0,0,0,1,0,0,0,0,0,0,0,0,0
Kostas Tsimikas,Liverpool,21,GRE,LB,28,90.0,0,0,0,0,1,1,0,0,79,7,0,1,0.0,0.0,0.5,3,0,56,67,83.6,8,34,0,1,1,2024-11-02,['LB'],0,0,0,0,0,0,1,0,0,0,0,0,0
Virgil van Dijk,Liverpool,4,NED,CB,33,90.0,0,1,0,0,0,0,0,0,91,1,1,1,0.0,0.0,0.0,2,1,74,84,88.1,3,51,0,0,0,2024-11-02,['CB'],0,1,0,0,0,0,0,0,0,0,0,0,0
Ibrahima Konaté,Liverpool,5,FRA,CB,25,45.0,0,0,0,0,2,0,0,0,35,1,0,0,0.3,0.3,0.0,1,0,25,28,89.3,1,20,1,0,0,2024-11-02,['CB'],0,1,0,0,0,0,0,0,0,0,0,0,0
Joe Gomez,Liverpool,2,ENG,CB,27,45.0,0,0,0,0,2,2,0,0,32,1,0,2,0.3,0.3,0.0,0,0,22,25,88.0,0,16,0,0,0,2024-11-02,['CB'],0,1,0,0,0,0,0,0,0,0,0,0,0
Trent Alexander-Arnold,Liverpool,66,ENG,RB,26,90.0,0,0,0,0,0,0,0,0,72,9,2,0,0.0,0.0,0.2,4,0,35,58,60.3,5,23,1,2,1,2024-11-02,['RB'],0,0,0,0,0,0,0,0,0,1,0,0,0
Caoimhín Kelleher,Liverpool,62,IRL,GK,25,90.0,0,0,0,0,0,0,0,0,28,0,0,0,0.0,0.0,0.0,1,0,22,27,81.5,0,24,0,0,0,2024-11-02,['GK'],0,0,0,0,0,1,0,0,0,0,0,0,0
Danny Welbeck,Brighton & Hove Albion,18,ENG,"FW,AM",33,90.0,0,1,0,0,4,1,0,0,34,0,0,2,0.3,0.3,0.1,2,0,20,23,87.0,4,13,0,0,0,2024-11-02,"['FW', 'AM']",1,0,0,0,1,0,0,0,0,0,0,0,0
Georginio Rutter,Brighton & Hove Albion,14,FRA,"FW,AM",22,90.0,0,0,0,0,2,2,0,0,34,1,0,0,0.3,0.3,0.1,2,0,8,13,61.5,2,18,1,4,0,2024-11-02,"['FW', 'AM']",1,0,0,0,1,0,0,0,0,0,0,0,0
Kaoru Mitoma,Brighton & Hove Albion,22,JPN,LM,27,86.0,0,0,0,0,2,0,0,0,48,1,0,1,0.1,0.1,0.2,4,1,30,37,81.1,5,31,5,8,3,2024-11-02,['LM'],0,0,0,0,0,0,0,1,0,0,0,0,0
Simon Adingra,Brighton & Hove Albion,11,CIV,"WB,LM",22,4.0,0,0,0,0,0,0,0,0,9,0,0,0,0.0,0.0,0.0,2,0,6,7,85.7,0,4,2,1,1,2024-11-02,"['WB', 'LM']",0,0,0,0,0,0,0,1,0,0,0,0,1
Yasin Ayari,Brighton & Hove Albion,26,SWE,CM,21,75.0,0,0,0,0,1,1,0,0,55,4,3,1,0.0,0.0,0.4,3,0,31,38,81.6,4,28,1,5,2,2024-11-02,['CM'],0,0,1,0,0,0,0,0,0,0,0,0,0
Mats Wieffer,Brighton & Hove Albion,27,NED,CM,24,15.0,0,0,0,0,1,0,0,0,19,2,0,0,0.0,0.0,0.0,2,0,10,14,71.4,2,8,0,1,0,2024-11-02,['CM'],0,0,1,0,0,0,0,0,0,0,0,0,0
Jack Hinshelwood,Brighton & Hove Albion,41,ENG,CM,19,87.0,0,0,0,0,0,0,0,0,60,2,0,0,0.0,0.0,0.0,2,0,52,57,91.2,4,26,2,0,0,2024-11-02,['CM'],0,0,1,0,0,0,0,0,0,0,0,0,0
Evan Ferguson,Brighton & Hove Albion,28,IRL,FW,20,3.0,0,0,0,0,0,0,0,0,0,0,0,0,0.0,0.0,0.0,0,0,0,0,80.8,0,0,0,0,0,2024-11-02,['FW'],0,0,0,0,1,0,0,0,0,0,0,0,0
Ferdi Kadioglu,Brighton & Hove Albion,24,TUR,"RM,RB",25,86.0,1,0,0,0,2,1,1,0,40,3,0,2,0.2,0.2,0.0,2,1,23,26,88.5,0,24,0,2,0,2024-11-02,"['RM', 'RB']",0,0,0,0,0,0,0,0,0,1,1,0,0
Jakub Moder,Brighton & Hove Albion,15,POL,"CM,RB",25,4.0,0,0,0,0,0,0,0,0,9,0,0,0,0.0,0.0,0.0,1,0,9,9,100.0,3,6,2,0,0,2024-11-02,"['CM', 'RB']",0,0,1,0,0,0,0,0,0,1,0,0,0
Pervis Estupiñán,Brighton & Hove Albion,30,ECU,"LB,CB",26,90.0,0,0,0,0,0,0,0,0,78,3,3,0,0.0,0.0,0.0,0,0,57,65,87.7,7,27,3,2,0,2024-11-02,"['LB', 'CB']",0,1,0,0,0,0,1,0,0,0,0,0,0
Igor,Brighton & Hove Albion,3,BRA,CB,26,90.0,0,0,0,0,0,0,0,0,70,0,1,3,0.0,0.0,0.0,0,0,60,64,93.8,5,33,2,0,0,2024-11-02,['CB'],0,1,0,0,0,0,0,0,0,0,0,0,0
Jan Paul van Hecke,Brighton & Hove Albion,29,NED,CB,24,90.0,0,0,0,0,1,0,0,0,69,1,0,2,0.0,0.0,0.0,1,0,56,62,90.3,4,43,0,2,2,2024-11-02,['CB'],0,1,0,0,0,0,0,0,0,0,0,0,0
Joël Veltman,Brighton & Hove Albion,34,NED,RB,32,75.0,0,0,0,0,0,0,0,0,53,0,2,1,0.0,0.0,0.0,0,0,34,44,77.3,2,22,1,0,0,2024-11-02,['RB'],0,0,0,0,0,0,0,0,0,1,0,0,0
Brajan Gruda,Brighton & Hove Albion,8,GER,"RM,WB",20,15.0,0,0,0,0,0,0,0,0,14,1,0,0,0.0,0.0,0.0,1,0,6,8,75.0,0,9,0,1,0,2024-11-02,"['RM', 'WB']",0,0,0,0,0,0,0,0,0,0,1,0,1
Bart Verbruggen,Brighton & Hove Albion,1,NED,GK,22,90.0,0,0,0,0,0,0,0,0,43,0,0,0,0.0,0.0,0.0,0,0,27,38,71.1,0,29,0,0,0,2024-11-02,['GK'],0,0,0,0,0,1,0,0,0,0,0,0,0
Chris Wood,Nottingham Forest,11,NZL,FW,32,78.0,1,0,0,0,2,1,0,0,25,0,0,1,0.8,0.8,0.0,0,0,13,17,76.5,0,13,1,0,0,2024-11-02,['FW'],0,0,0,0,1,0,0,0,0,0,0,0,0
Taiwo Awoniyi,Nottingham Forest,9,NGA,FW,27,12.0,0,0,0,0,1,0,0,0,2,0,0,0,0.1,0.1,0.0,0,0,0,0,80.8,0,1,0,0,0,2024-11-02,['FW'],0,0,0,0,1,0,0,0,0,0,0,0,0
Callum Hudson-Odoi,Nottingham Forest,14,ENG,LW,23,88.0,1,0,0,0,4,2,0,0,66,1,1,1,0.3,0.3,0.1,5,0,48,53,90.6,5,46,7,1,0,2024-11-02,['LW'],0,0,0,0,0,0,0,0,1,0,0,0,0
Ramón Sosa,Nottingham Forest,24,PAR,LW,25,2.0,0,0,0,0,1,1,0,0,3,1,0,0,0.0,0.0,0.0,1,0,2,2,100.0,1,4,1,1,1,2024-11-02,['LW'],0,0,0,0,0,0,0,0,1,0,0,0,0
Anthony Elanga,Nottingham Forest,21,SWE,RW,22,62.0,0,0,0,0,0,0,0,0,31,1,0,1,0.0,0.0,0.1,1,0,9,22,40.9,1,16,2,3,0,2024-11-02,['RW'],0,0,0,0,0,0,0,0,0,0,0,1,0
Jota Silva,Nottingham Forest,20,POR,RW,25,28.0,0,0,0,0,0,0,0,0,8,0,0,0,0.0,0.0,0.0,1,0,4,6,66.7,1,7,1,1,1,2024-11-02,['RW'],0,0,0,0,0,0,0,0,0,0,0,1,0
Morgan Gibbs-White,Nottingham Forest,10,ENG,AM,24,62.0,0,0,0,0,1,0,0,0,44,2,1,1,0.2,0.2,0.1,5,1,33,37,89.2,6,30,2,1,1,2024-11-02,['AM'],1,0,0,0,0,0,0,0,0,0,0,0,0
Elliot Anderson,Nottingham Forest,8,ENG,AM,21,28.0,0,1,0,0,0,0,1,0,33,1,0,0,0.0,0.0,0.4,5,2,24,28,85.7,2,20,0,1,0,2024-11-02,['AM'],1,0,0,0,0,0,0,0,0,0,0,0,0
Nicolás Domínguez,Nottingham Forest,16,ARG,DM,26,90.0,0,0,0,0,2,0,0,0,70,5,1,1,0.2,0.2,0.0,2,0,48,54,88.9,5,41,1,0,0,2024-11-02,['DM'],0,0,0,1,0,0,0,0,0,0,0,0,0
Ryan Yates,Nottingham Forest,22,ENG,DM,26,90.0,0,0,0,0,2,0,0,0,72,2,1,1,0.1,0.1,0.0,1,0,45,58,77.6,3,44,1,0,0,2024-11-02,['DM'],0,0,0,1,0,0,0,0,0,0,0,0,0
Álex Moreno,Nottingham Forest,19,ESP,LB,31,90.0,0,1,0,0,1,0,0,0,77,0,1,0,0.0,0.0,0.8,3,1,53,65,81.5,4,42,5,2,2,2024-11-02,['LB'],0,0,0,0,0,0,1,0,0,0,0,0,0
Murillo,Nottingham Forest,5,BRA,CB,22,90.0,0,0,0,0,2,0,0,0,54,0,0,1,0.1,0.1,0.0,1,0,36,45,80.0,7,31,0,0,0,2024-11-02,['CB'],0,1,0,0,0,0,0,0,0,0,0,0,0
Nikola Milenković,Nottingham Forest,31,SRB,CB,27,90.0,0,0,0,0,2,1,0,0,43,1,0,0,0.4,0.4,0.0,3,0,32,36,88.9,5,29,1,0,0,2024-11-02,['CB'],0,1,0,0,0,0,0,0,0,0,0,0,0
Ola Aina,Nottingham Forest,34,NGA,RB,28,88.0,1,0,0,0,1,1,0,0,58,4,1,0,0.1,0.1,0.0,6,1,38,46,82.6,5,31,1,2,1,2024-11-02,['RB'],0,0,0,0,0,0,0,0,0,1,0,0,0
Eric da Silva Moreira,Nottingham Forest,17,GER,RB,18,2.0,0,0,0,0,0,0,0,0,0,0,0,0,0.0,0.0,0.0,0,0,0,0,80.8,0,0,0,0,0,2024-11-02,['RB'],0,0,0,0,0,0,0,0,0,1,0,0,0
Matz Sels,Nottingham Forest,26,BEL,GK,32,90.0,0,0,0,0,0,0,0,0,20,0,0,0,0.0,0.0,0.0,0,0,12,20,60.0,0,14,0,0,0,2024-11-02,['GK'],0,0,0,0,0,1,0,0,0,0,0,0,0
Jarrod Bowen,West Ham United,20,ENG,"RM,FW",27,90.0,0,0,0,0,2,1,0,0,42,1,1,0,0.0,0.0,0.0,2,0,21,30,70.0,4,21,3,6,5,2024-11-02,"['RM', 'FW']",0,0,0,0,1,0,0,0,0,0,1,0,0
Crysencio Summerville,West Ham United,7,NED,AM,23,45.0,0,0,0,0,0,0,0,0,17,0,0,0,0.0,0.0,0.0,0,0,7,10,70.0,0,10,0,2,0,2024-11-02,['AM'],1,0,0,0,0,0,0,0,0,0,0,0,0
Michail Antonio,West Ham United,9,JAM,FW,34,45.0,0,0,0,0,1,0,0,0,13,0,0,1,0.0,0.0,0.0,1,0,6,8,75.0,1,4,0,1,0,2024-11-02,['FW'],0,0,0,0,1,0,0,0,0,0,0,0,0
Lucas Paquetá,West Ham United,10,BRA,"AM,LM,CM",27,90.0,0,0,0,0,1,0,1,0,47,4,0,1,0.1,0.1,0.0,0,0,22,29,75.9,3,27,0,2,1,2024-11-02,"['AM', 'LM', 'CM']",1,0,1,0,0,0,0,1,0,0,0,0,0
Edson Álvarez,West Ham United,19,MEX,CM,27,44.0,0,0,0,0,0,0,2,1,28,0,0,1,0.0,0.0,0.0,0,0,15,25,60.0,0,18,1,1,0,2024-11-02,['CM'],0,0,1,0,0,0,0,0,0,0,0,0,0
Guido Rodríguez,West Ham United,24,ARG,CM,30,45.0,0,0,0,0,0,0,1,0,26,0,0,1,0.0,0.0,0.0,0,0,17,24,70.8,1,11,1,0,0,2024-11-02,['CM'],0,0,1,0,0,0,0,0,0,0,0,0,0
Carlos Soler,West Ham United,4,ESP,"CM,LM",27,45.0,0,0,0,0,0,0,0,0,16,1,0,0,0.0,0.0,0.0,0,0,10,14,71.4,0,11,1,1,0,2024-11-02,"['CM', 'LM']",0,0,1,0,0,0,0,1,0,0,0,0,0
Emerson Palmieri,West Ham United,33,ITA,"WB,LB",30,78.0,0,0,0,0,0,0,0,0,42,1,1,2,0.0,0.0,0.0,1,0,24,32,75.0,0,18,1,0,0,2024-11-02,"['WB', 'LB']",0,0,0,0,0,0,1,0,0,0,0,0,1
Andy Irving,West Ham United,39,SCO,CM,24,12.0,0,0,0,0,0,0,0,0,11,1,0,1,0.0,0.0,0.0,0,0,6,6,100.0,0,4,0,0,0,2024-11-02,['CM'],0,0,1,0,0,0,0,0,0,0,0,0,0
Aaron Wan-Bissaka,West Ham United,29,ENG,"WB,RB,LB",26,90.0,0,0,0,0,0,0,0,0,45,0,4,1,0.0,0.0,0.0,1,0,29,37,78.4,5,21,4,3,2,2024-11-02,"['WB', 'RB', 'LB']",0,0,0,0,0,0,1,0,0,1,0,0,1
Max Kilman,West Ham United,26,ENG,CB,27,90.0,0,0,0,0,0,0,0,0,71,1,2,1,0.0,0.0,0.0,0,0,45,57,78.9,3,46,3,1,1,2024-11-02,['CB'],0,1,0,0,0,0,0,0,0,0,0,0,0
Jean-Clair Todibo,West Ham United,25,FRA,"CB,CM",24,90.0,0,0,0,0,0,0,0,0,72,2,1,0,0.0,0.0,0.0,0,0,57,63,90.5,0,47,1,2,1,2024-11-02,"['CB', 'CM']",0,1,1,0,0,0,0,0,0,0,0,0,0
Konstantinos Mavropanos,West Ham United,15,GRE,"CB,RB",26,90.0,0,0,0,0,0,0,0,0,64,2,2,0,0.0,0.0,0.0,0,0,47,55,85.5,3,45,2,1,0,2024-11-02,"['CB', 'RB']",0,1,0,0,0,0,0,0,0,1,0,0,0
Łukasz Fabiański,West Ham United,1,POL,GK,39,90.0,0,0,0,0,0,0,0,0,35,0,0,0,0.0,0.0,0.0,0,0,20,33,60.6,0,17,0,0,0,2024-11-02,['GK'],0,0,0,0,0,1,0,0,0,0,0,0,0
Liam Delap,Ipswich Town,19,ENG,FW,21,74.0,0,0,0,0,0,0,0,0,11,0,0,0,0.0,0.0,0.0,3,0,6,7,85.7,3,10,2,5,4,2024-11-02,['FW'],0,0,0,0,1,0,0,0,0,0,0,0,0
George Hirst,Ipswich Town,27,ENG,FW,25,16.0,0,0,0,0,0,0,1,0,6,0,0,0,0.0,0.0,0.0,0,0,1,3,33.3,0,4,0,0,0,2024-11-02,['FW'],0,0,0,0,1,0,0,0,0,0,0,0,0
Sammie Szmodics,Ipswich Town,23,IRL,LW,29,73.0,0,0,0,0,1,0,0,0,18,0,1,1,0.3,0.3,0.0,0,0,6,10,60.0,0,8,0,2,1,2024-11-02,['LW'],0,0,0,0,0,0,0,0,1,0,0,0,0
Jack Clarke,Ipswich Town,47,ENG,LW,23,17.0,0,0,0,0,0,0,0,0,3,0,0,0,0.0,0.0,0.0,0,0,1,2,50.0,0,1,1,0,0,2024-11-02,['LW'],0,0,0,0,0,0,0,0,1,0,0,0,0
Omari Hutchinson,Ipswich Town,20,ENG,RW,21,80.0,0,0,0,0,3,0,0,0,41,1,0,0,0.1,0.1,0.4,5,1,17,24,70.8,0,23,3,7,0,2024-11-02,['RW'],0,0,0,0,0,0,0,0,0,0,0,1,0
Wes Burns,Ipswich Town,7,WAL,RW,29,10.0,0,0,0,0,0,0,0,0,3,0,1,0,0.0,0.0,0.0,0,0,0,0,80.8,0,0,0,0,0,2024-11-02,['RW'],0,0,0,0,0,0,0,0,0,0,0,1,0
Conor Chaplin,Ipswich Town,10,ENG,AM,27,80.0,0,0,0,0,3,0,1,0,34,1,0,1,0.2,0.2,0.0,4,0,23,27,85.2,4,15,1,0,0,2024-11-02,['AM'],1,0,0,0,0,0,0,0,0,0,0,0,0
Jens Cajuste,Ipswich Town,12,SWE,DM,25,10.0,0,0,0,0,0,0,1,0,3,1,0,0,0.0,0.0,0.0,0,0,0,1,0.0,0,0,0,0,0,2024-11-02,['DM'],0,0,0,1,0,0,0,0,0,0,0,0,0
Kalvin Phillips,Ipswich Town,8,ENG,DM,28,76.0,0,0,0,0,3,0,2,1,51,1,0,3,0.1,0.1,0.0,2,0,28,37,75.7,2,24,1,2,1,2024-11-02,['DM'],0,0,0,1,0,0,0,0,0,0,0,0,0
Sam Morsy,Ipswich Town,5,EGY,DM,33,90.0,0,1,0,0,0,0,0,0,58,4,0,2,0.0,0.0,0.1,3,1,44,49,89.8,2,37,0,1,1,2024-11-02,['DM'],0,0,0,1,0,0,0,0,0,0,0,0,0
Leif Davis,Ipswich Town,3,ENG,LB,24,90.0,1,0,0,0,1,1,0,0,53,4,1,1,0.1,0.1,0.2,6,0,28,38,73.7,0,17,2,2,1,2024-11-02,['LB'],0,0,0,0,0,0,1,0,0,0,0,0,0
Cameron Burgess,Ipswich Town,15,AUS,CB,29,90.0,0,0,0,0,0,0,0,0,52,0,0,2,0.0,0.0,0.0,0,0,34,48,70.8,3,30,1,0,0,2024-11-02,['CB'],0,1,0,0,0,0,0,0,0,0,0,0,0
Dara O'Shea,Ipswich Town,26,IRL,CB,25,90.0,0,0,0,0,2,0,0,0,55,0,2,5,0.2,0.2,0.0,0,0,25,35,71.4,7,17,0,0,0,2024-11-02,['CB'],0,1,0,0,0,0,0,0,0,0,0,0,0
Ben Johnson,Ipswich Town,18,ENG,RB,24,90.0,0,0,0,0,1,1,0,0,68,4,4,1,0.0,0.0,0.1,3,0,37,51,72.5,2,21,2,1,0,2024-11-02,['RB'],0,0,0,0,0,0,0,0,0,1,0,0,0
Arijanet Muric,Ipswich Town,1,KVX,GK,25,90.0,0,0,0,0,0,0,1,0,31,0,0,0,0.0,0.0,0.0,0,0,16,27,59.3,0,15,0,0,0,2024-11-02,['GK'],0,0,0,0,0,1,0,0,0,0,0,0,0
Jamie Vardy,Leicester City,9,ENG,FW,37,90.0,0,1,0,0,1,0,0,0,16,0,0,0,0.0,0.0,0.3,3,1,9,13,69.2,1,11,1,0,0,2024-11-02,['FW'],0,0,0,0,1,0,0,0,0,0,0,0,0
Stephy Mavididi,Leicester City,10,ENG,LW,26,70.0,0,0,0,0,1,0,1,0,34,1,0,1,0.2,0.2,0.1,2,0,16,21,76.2,2,19,4,4,3,2024-11-02,['LW'],0,0,0,0,0,0,0,0,1,0,0,0,0
Kasey McAteer,Leicester City,35,IRL,"LW,WB",22,20.0,0,0,0,0,1,0,0,0,20,2,0,0,0.0,0.0,0.0,1,0,13,15,86.7,0,12,1,1,0,2024-11-02,"['LW', 'WB']",0,0,0,0,0,0,0,0,1,0,0,0,1
Abdul Fatawu Issahaku,Leicester City,7,GHA,"RW,WB",20,90.0,0,0,0,0,2,1,0,0,50,3,1,1,0.1,0.1,0.1,3,0,18,31,58.1,0,35,5,12,5,2024-11-02,"['RW', 'WB']",0,0,0,0,0,0,0,0,0,0,0,1,1
Facundo Buonanotte,Leicester City,40,ARG,AM,19,90.0,0,0,0,0,3,2,1,0,48,0,0,3,0.2,0.2,0.3,9,0,29,35,82.9,5,31,3,5,3,2024-11-02,['AM'],1,0,0,0,0,0,0,0,0,0,0,0,0
Harry Winks,Leicester City,8,ENG,"DM,CM",28,90.0,0,0,0,0,4,1,0,0,67,1,0,0,0.1,0.1,0.1,3,0,46,55,83.6,6,36,4,0,0,2024-11-02,"['DM', 'CM']",0,0,1,1,0,0,0,0,0,0,0,0,0
Wilfred Ndidi,Leicester City,6,NGA,DM,27,70.0,0,0,0,0,0,0,0,0,35,1,1,3,0.0,0.0,0.1,1,0,21,25,84.0,3,19,0,0,0,2024-11-02,['DM'],0,0,0,1,0,0,0,0,0,0,0,0,0
Boubakary Soumaré,Leicester City,24,FRA,"DM,CB",25,20.0,0,0,0,0,1,0,0,0,16,0,0,0,0.0,0.0,0.0,2,0,12,14,85.7,3,10,0,1,0,2024-11-02,"['DM', 'CB']",0,1,0,1,0,0,0,0,0,0,0,0,0
Victor Bernth Kristiansen,Leicester City,16,DEN,LB,21,85.0,0,0,0,0,0,0,0,0,58,6,1,1,0.0,0.0,0.1,1,0,34,44,77.3,1,30,3,2,0,2024-11-02,['LB'],0,0,0,0,0,0,1,0,0,0,0,0,0
Jordan Ayew,Leicester City,18,GHA,FW,33,5.0,1,0,0,0,5,1,0,0,6,0,0,0,0.7,0.7,0.0,2,1,1,1,100.0,0,3,1,0,0,2024-11-02,['FW'],0,0,0,0,1,0,0,0,0,0,0,0,0
Jannik Vestergaard,Leicester City,23,DEN,CB,32,90.0,0,0,0,0,0,0,0,0,88,3,1,1,0.0,0.0,0.0,1,0,70,77,90.9,7,53,1,0,0,2024-11-02,['CB'],0,1,0,0,0,0,0,0,0,0,0,0,0
Wout Faes,Leicester City,3,BEL,CB,26,90.0,0,0,0,0,2,0,0,0,63,3,0,1,0.1,0.1,0.0,1,0,47,54,87.0,6,38,1,1,1,2024-11-02,['CB'],0,1,0,0,0,0,0,0,0,0,0,0,0
Ricardo Pereira,Leicester City,21,POR,RB,31,79.0,0,0,0,0,0,0,0,0,43,1,0,2,0.0,0.0,0.0,2,0,33,40,82.5,2,24,1,0,0,2024-11-02,['RB'],0,0,0,0,0,0,0,0,0,1,0,0,0
Bilal El Khannouss,Leicester City,11,MAR,"CM,RB",20,11.0,0,0,0,0,0,0,0,0,9,0,0,0,0.0,0.0,0.1,2,0,4,8,50.0,1,4,0,0,0,2024-11-02,"['CM', 'RB']",0,0,1,0,0,0,0,0,0,1,0,0,0
Mads Hermansen,Leicester City,30,DEN,GK,24,90.0,0,0,0,0,0,0,0,0,43,0,0,0,0.0,0.0,0.0,0,0,19,42,45.2,0,27,0,0,0,2024-11-02,['GK'],0,0,0,0,0,1,0,0,0,0,0,0,0
Evanilson,Bournemouth,9,BRA,FW,25,76.0,1,0,0,0,2,2,0,0,13,0,0,0,0.5,0.5,0.0,0,0,6,8,75.0,0,6,1,0,0,2024-11-02,['FW'],0,0,0,0,1,0,0,0,0,0,0,0,0
Enes Ünal,Bournemouth,26,TUR,AM,27,14.0,0,0,0,0,0,0,0,0,9,0,0,0,0.0,0.0,0.0,0,0,3,5,60.0,0,5,1,1,0,2024-11-02,['AM'],1,0,0,0,0,0,0,0,0,0,0,0,0
Marcus Tavernier,Bournemouth,16,ENG,LW,25,89.0,0,0,0,0,1,0,0,0,41,2,1,0,0.1,0.1,0.1,3,0,25,31,80.6,2,28,1,2,0,2024-11-02,['LW'],0,0,0,0,0,0,0,0,1,0,0,0,0
Dean Huijsen,Bournemouth,2,ESP,LW,19,1.0,0,0,0,0,0,0,0,0,3,0,0,0,0.0,0.0,0.0,0,0,1,1,100.0,0,1,0,0,0,2024-11-02,['LW'],0,0,0,0,0,0,0,0,1,0,0,0,0
Antoine Semenyo,Bournemouth,24,GHA,RW,24,90.0,1,0,0,0,4,2,0,0,52,3,0,0,0.6,0.6,0.2,7,1,30,39,76.9,5,39,10,8,6,2024-11-02,['RW'],0,0,0,0,0,0,0,0,0,0,0,1,0
Justin Kluivert,Bournemouth,19,NED,AM,25,76.0,0,0,0,0,3,2,0,0,31,0,1,1,0.4,0.4,0.1,2,0,21,23,91.3,6,17,0,0,0,2024-11-02,['AM'],1,0,0,0,0,0,0,0,0,0,0,0,0
David Brooks,Bournemouth,7,WAL,FW,27,14.0,0,0,0,0,1,0,0,0,6,0,0,1,0.1,0.1,0.0,0,0,1,2,50.0,0,4,1,1,0,2024-11-02,['FW'],0,0,0,0,1,0,0,0,0,0,0,0,0
Ryan Christie,Bournemouth,10,SCO,DM,29,65.0,0,0,0,0,0,0,1,0,30,1,1,1,0.0,0.0,0.0,0,0,22,26,84.6,2,17,0,1,1,2024-11-02,['DM'],0,0,0,1,0,0,0,0,0,0,0,0,0
Tyler Adams,Bournemouth,12,USA,DM,25,25.0,0,0,0,0,0,0,1,0,13,1,1,2,0.0,0.0,0.1,1,0,5,8,62.5,1,3,0,0,0,2024-11-02,['DM'],0,0,0,1,0,0,0,0,0,0,0,0,0
Lewis Cook,Bournemouth,4,ENG,DM,27,90.0,0,0,0,0,0,0,0,0,45,3,4,0,0.0,0.0,0.0,0,0,27,34,79.4,3,21,1,0,0,2024-11-02,['DM'],0,0,0,1,0,0,0,0,0,0,0,0,0
Milos Kerkez,Bournemouth,3,HUN,LB,20,90.0,0,2,0,0,0,0,0,0,49,0,1,2,0.0,0.0,0.7,3,3,34,39,87.2,0,30,3,4,2,2024-11-02,['LB'],0,0,0,0,0,0,1,0,0,0,0,0,0
Marcos Senesi,Bournemouth,5,ARG,CB,27,90.0,0,0,0,0,0,0,0,0,66,3,0,1,0.0,0.0,0.0,2,0,48,57,84.2,4,42,1,1,1,2024-11-02,['CB'],0,1,0,0,0,0,0,0,0,0,0,0,0
Illia Zabarnyi,Bournemouth,27,UKR,CB,22,90.0,0,0,0,0,0,0,0,0,43,0,1,0,0.0,0.0,0.0,1,0,28,31,90.3,1,27,0,0,0,2024-11-02,['CB'],0,1,0,0,0,0,0,0,0,0,0,0,0
Adam Smith,Bournemouth,15,ENG,RB,33,90.0,0,0,0,0,1,0,0,0,44,3,2,0,0.6,0.6,0.0,1,0,24,27,88.9,2,17,0,2,1,2024-11-02,['RB'],0,0,0,0,0,0,0,0,0,1,0,0,0
Mark Travers,Bournemouth,42,IRL,GK,25,90.0,0,0,0,0,0,0,0,0,35,0,0,0,0.0,0.0,0.0,0,0,22,31,71.0,0,16,0,0,0,2024-11-02,['GK'],0,0,0,0,0,1,0,0,0,0,0,0,0
Erling Haaland,Manchester City,9,NOR,FW,24,90.0,0,0,0,0,5,2,0,0,18,0,0,1,0.9,0.9,0.0,1,0,5,7,71.4,0,10,0,0,0,2024-11-02,['FW'],0,0,0,0,1,0,0,0,0,0,0,0,0
Matheus Nunes,Manchester City,27,POR,"LM,LW,CM",26,90.0,0,0,0,0,0,0,0,0,63,5,0,0,0.0,0.0,0.5,7,0,39,53,73.6,3,46,7,2,1,2024-11-02,"['LM', 'LW', 'CM']",0,0,1,0,0,0,0,1,1,0,0,0,0
İlkay Gündoğan,Manchester City,19,GER,"CM,DM",34,84.0,0,1,0,0,0,0,0,0,72,1,0,0,0.0,0.0,0.1,2,1,60,66,90.9,4,51,3,2,0,2024-11-02,"['CM', 'DM']",0,0,1,1,0,0,0,0,0,0,0,0,0
Jeremy Doku,Manchester City,11,BEL,LM,22,6.0,0,0,0,0,1,1,0,0,13,1,0,0,0.0,0.0,0.0,1,0,4,7,57.1,0,11,8,2,0,2024-11-02,['LM'],0,0,0,0,0,0,0,1,0,0,0,0,0
Bernardo Silva,Manchester City,20,POR,"CM,RW,RM",30,90.0,0,0,0,0,1,0,0,0,79,0,1,1,0.1,0.1,0.0,4,0,60,74,81.1,8,52,5,2,2,2024-11-02,"['CM', 'RW', 'RM']",0,0,1,0,0,0,0,0,0,0,1,1,0
Phil Foden,Manchester City,47,ENG,"RM,AM,CM",24,90.0,0,0,0,0,4,0,0,0,67,0,0,1,0.3,0.3,0.2,5,0,41,55,74.5,11,48,2,4,1,2024-11-02,"['RM', 'AM', 'CM']",1,0,1,0,0,0,0,0,0,0,1,0,0
Mateo Kovačić,Manchester City,8,CRO,DM,30,90.0,0,0,0,0,3,0,0,0,82,0,1,1,0.1,0.1,0.0,2,1,73,74,98.6,5,59,1,2,1,2024-11-02,['DM'],0,0,0,1,0,0,0,0,0,0,0,0,0
Joško Gvardiol,Manchester City,24,CRO,"LB,CB",22,90.0,1,0,0,0,3,1,0,0,74,2,2,2,0.1,0.1,0.0,3,0,51,56,91.1,6,44,2,3,1,2024-11-02,"['LB', 'CB']",0,1,0,0,0,0,1,0,0,0,0,0,0
Nathan Aké,Manchester City,6,NED,CB,29,72.0,0,0,0,0,1,0,0,0,79,0,0,0,0.0,0.0,0.0,1,0,74,76,97.4,4,61,2,0,0,2024-11-02,['CB'],0,1,0,0,0,0,0,0,0,0,0,0,0
Rico Lewis,Manchester City,82,ENG,LB,19,18.0,0,0,0,0,0,0,0,0,25,1,0,1,0.0,0.0,0.0,5,0,22,22,100.0,2,18,1,0,0,2024-11-02,['LB'],0,0,0,0,0,0,1,0,0,0,0,0,0
Manuel Akanji,Manchester City,25,SUI,CB,29,90.0,0,0,0,0,0,0,0,0,50,2,0,0,0.0,0.0,0.0,0,0,44,46,95.7,0,31,0,0,0,2024-11-02,['CB'],0,1,0,0,0,0,0,0,0,0,0,0,0
Kyle Walker,Manchester City,2,ENG,RB,34,90.0,0,0,0,0,0,0,1,0,67,2,1,2,0.0,0.0,0.0,3,0,48,61,78.7,4,38,0,0,0,2024-11-02,['RB'],0,0,0,0,0,0,0,0,0,1,0,0,0
Ederson,Manchester City,31,BRA,GK,31,90.0,0,0,0,0,0,0,0,0,59,0,0,0,0.0,0.0,0.0,0,0,49,55,89.1,0,41,0,0,0,2024-11-02,['GK'],0,0,0,0,0,1,0,0,0,0,0,0,0
Jørgen Strand Larsen,Wolverhampton Wanderers,9,NOR,FW,24,90.0,1,0,0,0,2,2,0,0,26,1,0,0,0.7,0.7,0.1,1,0,10,16,62.5,1,18,0,0,0,2024-11-02,['FW'],0,0,0,0,1,0,0,0,0,0,0,0,0
Matheus Cunha,Wolverhampton Wanderers,10,BRA,AM,25,90.0,0,1,0,0,2,0,0,0,54,1,0,1,0.1,0.1,1.0,6,3,27,39,69.2,7,30,2,6,3,2024-11-02,['AM'],1,0,0,0,0,0,0,0,0,0,0,0,0
Pablo Sarabia,Wolverhampton Wanderers,21,ESP,AM,32,61.0,0,0,0,0,1,1,0,0,38,2,1,0,0.4,0.4,0.0,1,0,21,31,67.7,3,19,1,0,0,2024-11-02,['AM'],1,0,0,0,0,0,0,0,0,0,0,0,0
Gonçalo Guedes,Wolverhampton Wanderers,29,POR,RW,27,29.0,0,1,0,0,1,1,1,0,15,4,0,1,0.1,0.1,0.2,2,1,9,11,81.8,3,9,1,0,0,2024-11-02,['RW'],0,0,0,0,0,0,0,0,0,0,0,1,0
João Gomes,Wolverhampton Wanderers,8,BRA,"CM,DM",23,90.0,1,0,0,0,1,1,0,0,58,3,1,1,0.2,0.2,0.1,4,0,40,49,81.6,4,34,3,4,4,2024-11-02,"['CM', 'DM']",0,0,1,1,0,0,0,0,0,0,0,0,0
Tommy Doyle,Wolverhampton Wanderers,20,ENG,CM,23,62.0,0,0,0,0,1,1,0,0,53,1,1,0,0.0,0.0,0.0,1,0,43,49,87.8,2,35,2,0,0,2024-11-02,['CM'],0,0,1,0,0,0,0,0,0,0,0,0,0
Mario Lemina,Wolverhampton Wanderers,5,GAB,DM,31,28.0,0,0,0,0,1,0,0,0,32,3,3,0,0.0,0.0,0.0,0,0,19,23,82.6,4,13,0,2,2,2024-11-02,['DM'],0,0,0,1,0,0,0,0,0,0,0,0,0
Rayan Aït-Nouri,Wolverhampton Wanderers,3,ALG,"WB,LB",23,90.0,0,0,0,0,2,0,0,0,67,0,4,2,0.1,0.1,0.0,0,0,42,54,77.8,1,29,2,3,1,2024-11-02,"['WB', 'LB']",0,0,0,0,0,0,1,0,0,0,0,0,1
Nélson Semedo,Wolverhampton Wanderers,22,POR,"WB,RB",30,90.0,0,0,0,0,0,0,0,0,76,1,1,2,0.0,0.0,0.0,2,0,52,66,78.8,5,41,2,4,2,2024-11-02,"['WB', 'RB']",0,0,0,0,0,0,0,0,0,1,0,0,1
Toti Gomes,Wolverhampton Wanderers,24,POR,CB,25,62.0,0,0,0,0,0,0,0,0,53,2,2,0,0.0,0.0,0.0,1,0,33,43,76.7,3,28,0,2,2,2024-11-02,['CB'],0,1,0,0,0,0,0,0,0,0,0,0,0
Jean-Ricner Bellegarde,Wolverhampton Wanderers,27,FRA,LW,26,28.0,0,0,0,0,0,0,0,0,14,0,0,0,0.0,0.0,0.1,2,0,11,11,100.0,1,7,0,1,0,2024-11-02,['LW'],0,0,0,0,0,0,0,0,1,0,0,0,0
Craig Dawson,Wolverhampton Wanderers,15,ENG,CB,34,90.0,0,0,0,0,0,0,0,0,67,4,0,2,0.0,0.0,0.0,0,0,45,53,84.9,2,31,1,0,0,2024-11-02,['CB'],0,1,0,0,0,0,0,0,0,0,0,0,0
Santiago Bueno,Wolverhampton Wanderers,4,URU,CB,25,90.0,0,0,0,0,0,0,0,0,61,3,0,3,0.0,0.0,0.0,1,0,42,50,84.0,2,36,0,1,0,2024-11-02,['CB'],0,1,0,0,0,0,0,0,0,0,0,0,0
José Sá,Wolverhampton Wanderers,1,POR,GK,31,90.0,0,0,0,0,0,0,0,0,40,0,0,0,0.0,0.0,0.0,0,0,29,39,74.4,0,25,0,0,0,2024-11-02,['GK'],0,0,0,0,0,1,0,0,0,0,0,0,0
Jean-Philippe Mateta,Crystal Palace,14,FRA,FW,27,90.0,0,0,0,0,4,0,0,0,29,1,0,1,0.4,0.4,0.2,3,0,11,18,61.1,4,8,1,1,0,2024-11-02,['FW'],0,0,0,0,1,0,0,0,0,0,0,0,0
Eddie Nketiah,Crystal Palace,9,ENG,AM,25,83.0,0,0,0,0,2,1,0,0,37,2,0,2,0.1,0.1,0.3,3,0,14,19,73.7,1,18,5,5,2,2024-11-02,['AM'],1,0,0,0,0,0,0,0,0,0,0,0,0
Nathaniel Clyne,Crystal Palace,17,ENG,WB,33,7.0,0,0,0,0,0,0,0,0,5,1,0,0,0.0,0.0,0.0,0,0,2,2,100.0,0,2,0,0,0,2024-11-02,['WB'],0,0,0,0,0,0,0,0,0,0,0,0,1
Ismaila Sarr,Crystal Palace,7,SEN,AM,26,89.0,0,0,0,0,4,2,0,0,43,1,0,3,0.5,0.5,0.1,5,1,15,21,71.4,2,15,3,2,1,2024-11-02,['AM'],1,0,0,0,0,0,0,0,0,0,0,0,0
Jeffrey Schlupp,Crystal Palace,15,GHA,AM,31,1.0,0,0,0,0,0,0,0,0,1,0,0,0,0.0,0.0,0.0,0,0,0,0,80.8,0,0,0,0,0,2024-11-02,['AM'],1,0,0,0,0,0,0,0,0,0,0,0,0
Daichi Kamada,Crystal Palace,18,JPN,CM,28,90.0,0,0,0,0,2,1,0,0,59,3,2,0,0.1,0.1,0.3,5,1,37,45,82.2,5,26,1,1,0,2024-11-02,['CM'],0,0,1,0,0,0,0,0,0,0,0,0,0
Will Hughes,Crystal Palace,19,ENG,CM,29,79.0,0,0,0,0,1,0,1,0,40,1,0,0,0.2,0.2,0.0,2,0,27,35,77.1,7,22,3,2,0,2024-11-02,['CM'],0,0,1,0,0,0,0,0,0,0,0,0,0
Cheick Doucouré,Crystal Palace,28,MLI,CM,24,11.0,0,0,0,0,0,0,0,0,4,0,0,0,0.0,0.0,0.0,0,0,4,4,100.0,0,3,0,0,0,2024-11-02,['CM'],0,0,1,0,0,0,0,0,0,0,0,0,0
Tyrick Mitchell,Crystal Palace,3,ENG,WB,25,90.0,0,0,0,0,1,0,0,0,53,1,0,1,0.1,0.1,0.3,3,0,35,47,74.5,3,25,1,0,0,2024-11-02,['WB'],0,0,0,0,0,0,0,0,0,0,0,0,1
Daniel Muñoz,Crystal Palace,12,COL,"WB,AM",28,90.0,0,1,0,0,2,0,1,0,51,2,1,1,0.4,0.4,0.7,3,1,21,36,58.3,2,15,0,2,1,2024-11-02,"['WB', 'AM']",1,0,0,0,0,0,0,0,0,0,0,0,1
Marc Guéhi,Crystal Palace,6,ENG,CB,24,90.0,1,0,0,0,2,1,0,0,82,1,1,3,0.7,0.7,0.0,2,0,55,66,83.3,4,39,0,1,1,2024-11-02,['CB'],0,1,0,0,0,0,0,0,0,0,0,0,0
Maxence Lacroix,Crystal Palace,5,FRA,CB,24,90.0,0,0,0,0,0,0,0,0,61,1,2,0,0.0,0.0,0.0,2,0,37,50,74.0,2,30,1,4,2,2024-11-02,['CB'],0,1,0,0,0,0,0,0,0,0,0,0,0
Trevoh Chalobah,Crystal Palace,27,ENG,CB,25,90.0,1,0,0,0,1,1,0,0,51,0,3,3,0.1,0.1,0.2,1,0,23,32,71.9,1,17,2,3,2,2024-11-02,['CB'],0,1,0,0,0,0,0,0,0,0,0,0,0
Dean Henderson,Crystal Palace,1,ENG,GK,27,90.0,0,0,0,0,0,0,0,0,30,0,0,0,0.0,0.0,0.0,0,0,18,28,64.3,0,21,0,0,0,2024-11-02,['GK'],0,0,0,0,0,1,0,0,0,0,0,0,0
Dominic Solanke,Tottenham Hotspur,19,ENG,FW,27,90.0,2,0,0,0,5,3,0,0,17,2,0,1,1.5,1.5,0.0,1,1,3,5,60.0,0,10,0,0,0,2024-11-03,['FW'],0,0,0,0,1,0,0,0,0,0,0,0,0
Son Heung-min,Tottenham Hotspur,7,KOR,LW,32,55.0,0,1,0,0,0,0,0,0,37,2,0,0,0.0,0.0,0.6,8,1,24,29,82.8,3,25,6,9,2,2024-11-03,['LW'],0,0,0,0,0,0,0,0,1,0,0,0,0
Richarlison,Tottenham Hotspur,9,BRA,LW,27,26.0,0,1,0,0,0,0,0,0,13,0,0,0,0.0,0.0,0.8,2,1,7,10,70.0,0,9,3,3,0,2024-11-03,['LW'],0,0,0,0,0,0,0,0,1,0,0,0,0
James Maddison,Tottenham Hotspur,10,ENG,RM,27,9.0,1,0,0,0,1,1,0,0,6,0,0,0,0.1,0.1,0.0,1,1,5,5,100.0,1,2,0,0,0,2024-11-03,['RM'],0,0,0,0,0,0,0,0,0,0,1,0,0
Brennan Johnson,Tottenham Hotspur,22,WAL,RW,23,90.0,1,0,0,0,1,1,0,0,36,1,1,4,0.6,0.6,0.0,0,0,12,22,54.5,1,14,1,3,1,2024-11-03,['RW'],0,0,0,0,0,0,0,0,0,0,0,1,0
Pape Matar Sarr,Tottenham Hotspur,29,SEN,LM,22,90.0,0,0,0,0,4,1,0,0,76,0,2,1,0.1,0.1,0.0,5,2,60,65,92.3,8,51,4,1,0,2024-11-03,['LM'],0,0,0,0,0,0,0,1,0,0,0,0,0
Rodrigo Bentancur,Tottenham Hotspur,30,URU,CM,27,55.0,0,0,0,0,3,0,0,0,48,3,2,1,0.1,0.1,0.0,3,0,31,35,88.6,4,19,0,0,0,2024-11-03,['CM'],0,0,1,0,0,0,0,0,0,0,0,0,0
Yves Bissouma,Tottenham Hotspur,8,MLI,CM,28,35.0,0,0,0,0,0,0,0,0,29,1,1,0,0.0,0.0,0.0,0,0,23,23,100.0,2,10,1,0,0,2024-11-03,['CM'],0,0,1,0,0,0,0,0,0,0,0,0,0
Dejan Kulusevski,Tottenham Hotspur,21,SWE,"RM,LW",24,90.0,0,1,0,0,0,0,0,0,36,3,1,3,0.0,0.0,0.7,3,1,12,23,52.2,5,14,3,3,1,2024-11-03,"['RM', 'LW']",0,0,0,0,0,0,0,0,1,0,1,0,0
Destiny Udogie,Tottenham Hotspur,13,ITA,LB,21,81.0,0,0,0,0,0,0,0,0,42,2,2,1,0.0,0.0,0.1,3,1,32,34,94.1,5,19,2,0,0,2024-11-03,['LB'],0,0,0,0,0,0,1,0,0,0,0,0,0
Archie Gray,Tottenham Hotspur,14,ENG,LB,18,9.0,0,0,0,0,0,0,0,0,6,0,0,0,0.0,0.0,0.0,0,0,3,3,100.0,0,3,0,0,0,2024-11-03,['LB'],0,0,0,0,0,0,1,0,0,0,0,0,0
Radu Drăgușin,Tottenham Hotspur,6,ROU,CB,22,90.0,0,0,0,0,0,0,0,0,65,0,1,1,0.0,0.0,0.0,0,0,53,59,89.8,7,38,1,0,0,2024-11-03,['CB'],0,1,0,0,0,0,0,0,0,0,0,0,0
Cristian Romero,Tottenham Hotspur,17,ARG,CB,26,60.0,0,0,0,0,0,0,1,0,44,1,4,0,0.0,0.0,0.0,2,0,38,40,95.0,5,28,0,1,1,2024-11-03,['CB'],0,1,0,0,0,0,0,0,0,0,0,0,0
Ben Davies,Tottenham Hotspur,33,WAL,CB,31,30.0,0,0,0,0,0,0,0,0,18,1,1,0,0.0,0.0,0.0,0,0,13,13,100.0,0,4,0,0,0,2024-11-03,['CB'],0,1,0,0,0,0,0,0,0,0,0,0,0
Pedro Porro,Tottenham Hotspur,23,ESP,RB,25,90.0,0,0,0,0,2,0,1,0,67,1,1,1,0.0,0.0,0.0,2,0,35,51,68.6,4,24,2,0,0,2024-11-03,['RB'],0,0,0,0,0,0,0,0,0,1,0,0,0
Guglielmo Vicario,Tottenham Hotspur,1,ITA,GK,28,90.0,0,0,0,0,0,0,0,0,20,0,0,0,0.0,0.0,0.0,0,0,18,18,100.0,0,11,0,0,0,2024-11-03,['GK'],0,0,0,0,0,1,0,0,0,0,0,0,0
Ollie Watkins,Aston Villa,11,ENG,FW,28,90.0,0,0,0,0,2,0,0,0,22,0,0,1,0.5,0.5,0.0,1,0,7,13,53.8,0,8,3,1,0,2024-11-03,['FW'],0,0,0,0,1,0,0,0,0,0,0,0,0
Jacob Ramsey,Aston Villa,41,ENG,"LW,LM",23,80.0,0,0,0,0,1,0,0,0,36,1,3,2,0.0,0.0,0.0,2,0,21,24,87.5,1,24,1,5,3,2024-11-03,"['LW', 'LM']",0,0,0,0,0,0,0,1,1,0,0,0,0
Jaden Philogene Bidace,Aston Villa,19,ENG,LM,22,10.0,0,0,0,0,0,0,0,0,5,0,0,0,0.0,0.0,0.0,1,0,4,5,80.0,0,5,1,0,0,2024-11-03,['LM'],0,0,0,0,0,0,0,1,0,0,0,0,0
John McGinn,Aston Villa,7,SCO,"RW,RM",30,79.0,0,0,0,0,2,0,0,0,38,2,1,1,0.1,0.1,0.0,2,0,23,25,92.0,4,19,0,4,1,2024-11-03,"['RW', 'RM']",0,0,0,0,0,0,0,0,0,0,1,1,0
Leon Bailey,Aston Villa,31,JAM,RM,27,11.0,0,0,0,0,1,0,0,0,8,0,0,0,0.0,0.0,0.0,0,0,4,7,57.1,1,6,2,0,0,2024-11-03,['RM'],0,0,0,0,0,0,0,0,0,0,1,0,0
Morgan Rogers,Aston Villa,27,ENG,AM,22,68.0,1,0,0,0,2,1,0,0,24,1,0,0,0.8,0.8,0.2,2,0,11,14,78.6,1,16,2,3,2,2024-11-03,['AM'],1,0,0,0,0,0,0,0,0,0,0,0,0
Jhon Durán,Aston Villa,9,COL,FW,20,22.0,0,0,0,0,0,0,0,0,7,0,0,0,0.0,0.0,0.0,0,0,2,4,50.0,0,2,0,0,0,2024-11-03,['FW'],0,0,0,0,1,0,0,0,0,0,0,0,0
Youri Tielemans,Aston Villa,8,BEL,"DM,CM",27,80.0,0,0,0,0,0,0,0,0,47,1,2,0,0.0,0.0,0.1,5,0,34,43,79.1,5,33,1,2,1,2024-11-03,"['DM', 'CM']",0,0,1,1,0,0,0,0,0,0,0,0,0
Boubacar Kamara,Aston Villa,44,FRA,CM,24,10.0,0,0,0,0,0,0,0,0,14,1,0,0,0.0,0.0,0.0,0,0,11,12,91.7,1,9,0,0,0,2024-11-03,['CM'],0,0,1,0,0,0,0,0,0,0,0,0,0
Amadou Onana,Aston Villa,24,BEL,"DM,CM",23,90.0,0,0,0,0,2,0,0,0,51,3,2,0,0.1,0.1,0.0,1,1,35,36,97.2,2,25,1,2,1,2024-11-03,"['DM', 'CM']",0,0,1,1,0,0,0,0,0,0,0,0,0
Lucas Digne,Aston Villa,12,FRA,LB,31,90.0,0,0,0,0,1,0,0,0,72,1,1,2,0.0,0.0,0.8,4,0,39,58,67.2,2,39,1,2,0,2024-11-03,['LB'],0,0,0,0,0,0,1,0,0,0,0,0,0
Pau Torres,Aston Villa,14,ESP,CB,27,90.0,0,0,0,0,0,0,0,0,55,1,0,2,0.0,0.0,0.0,0,0,41,50,82.0,3,32,1,4,4,2024-11-03,['CB'],0,1,0,0,0,0,0,0,0,0,0,0,0
Ezri Konsa,Aston Villa,4,ENG,"CB,RB",27,90.0,0,0,0,0,0,0,0,0,50,2,1,1,0.0,0.0,0.0,0,0,39,42,92.9,2,22,0,2,2,2024-11-03,"['CB', 'RB']",0,1,0,0,0,0,0,0,0,1,0,0,0
Matty Cash,Aston Villa,2,POL,RB,27,59.0,0,0,0,0,0,0,0,0,33,5,1,0,0.0,0.0,0.0,0,0,23,29,79.3,2,15,0,0,0,2024-11-03,['RB'],0,0,0,0,0,0,0,0,0,1,0,0,0
Diego Carlos,Aston Villa,3,BRA,CB,31,31.0,0,0,0,0,1,0,0,0,19,1,0,0,0.4,0.4,0.0,1,0,15,16,93.8,0,14,0,0,0,2024-11-03,['CB'],0,1,0,0,0,0,0,0,0,0,0,0,0
Emiliano Martínez,Aston Villa,23,ARG,GK,32,90.0,0,0,0,0,0,0,0,0,44,0,0,0,0.0,0.0,0.0,1,0,33,42,78.6,0,31,0,0,0,2024-11-03,['GK'],0,0,0,0,0,1,0,0,0,0,0,0,0
Rasmus Højlund,Manchester United,9,DEN,FW,21,83.0,0,0,0,0,0,0,0,0,22,0,0,0,0.0,0.0,0.2,3,1,11,14,78.6,0,15,2,4,1,2024-11-03,['FW'],0,0,0,0,1,0,0,0,0,0,0,0,0
Joshua Zirkzee,Manchester United,11,NED,FW,23,7.0,0,0,0,0,0,0,0,0,3,0,0,0,0.0,0.0,0.0,0,0,1,3,33.3,1,0,0,0,0,2024-11-03,['FW'],0,0,0,0,1,0,0,0,0,0,0,0,0
Marcus Rashford,Manchester United,10,ENG,"RW,LW",27,72.0,0,0,0,0,2,1,1,0,34,0,0,3,0.2,0.2,0.0,2,0,16,23,69.6,2,15,1,5,1,2024-11-03,"['RW', 'LW']",0,0,0,0,0,0,0,0,1,0,0,1,0
Amad Diallo,Manchester United,16,CIV,RW,22,18.0,0,0,0,0,0,0,1,0,7,1,0,0,0.0,0.0,0.0,1,0,3,5,60.0,0,5,2,0,0,2024-11-03,['RW'],0,0,0,0,0,0,0,0,0,0,0,1,0
Alejandro Garnacho,Manchester United,17,ARG,"LW,RW",20,90.0,0,0,0,0,4,2,0,0,40,0,0,2,0.5,0.5,0.0,1,0,20,27,74.1,0,30,7,4,1,2024-11-03,"['LW', 'RW']",0,0,0,0,0,0,0,0,1,0,0,1,0
Bruno Fernandes,Manchester United,8,POR,AM,30,90.0,1,0,1,1,3,0,0,0,69,4,1,1,1.3,0.5,0.5,6,0,33,54,61.1,7,34,1,2,1,2024-11-03,['AM'],1,0,0,0,0,0,0,0,0,0,0,0,0
Manuel Ugarte Ribeiro,Manchester United,25,URU,DM,23,83.0,0,0,0,0,0,0,1,0,36,1,1,0,0.0,0.0,0.0,3,0,22,29,75.9,2,24,1,1,0,2024-11-03,['DM'],0,0,0,1,0,0,0,0,0,0,0,0,0
Victor Lindelöf,Manchester United,2,SWE,DM,30,7.0,0,0,0,0,0,0,0,0,7,0,1,0,0.0,0.0,0.0,1,0,4,5,80.0,1,2,0,0,0,2024-11-03,['DM'],0,0,0,1,0,0,0,0,0,0,0,0,0
Casemiro,Manchester United,18,BRA,DM,32,90.0,0,0,0,0,1,0,1,0,64,4,2,4,0.0,0.0,0.0,1,1,33,46,71.7,4,25,1,0,0,2024-11-03,['DM'],0,0,0,1,0,0,0,0,0,0,0,0,0
Noussair Mazraoui,Manchester United,3,MAR,LB,26,90.0,0,0,0,0,0,0,0,0,53,6,2,1,0.0,0.0,0.0,2,0,37,40,92.5,6,20,2,6,5,2024-11-03,['LB'],0,0,0,0,0,0,1,0,0,0,0,0,0
Lisandro Martínez,Manchester United,6,ARG,CB,26,90.0,0,0,0,0,0,0,1,0,70,2,2,1,0.0,0.0,0.0,0,0,56,64,87.5,2,35,0,1,1,2024-11-03,['CB'],0,1,0,0,0,0,0,0,0,0,0,0,0
Matthijs de Ligt,Manchester United,4,NED,CB,25,90.0,0,0,0,0,0,0,0,0,45,0,1,2,0.0,0.0,0.0,1,0,38,40,95.0,2,29,0,0,0,2024-11-03,['CB'],0,1,0,0,0,0,0,0,0,0,0,0,0
Diogo Dalot,Manchester United,20,POR,RB,25,90.0,0,0,0,0,0,0,1,0,59,4,1,1,0.0,0.0,0.0,0,0,40,48,83.3,3,34,0,1,0,2024-11-03,['RB'],0,0,0,0,0,0,0,0,0,1,0,0,0
André Onana,Manchester United,24,CMR,GK,28,90.0,0,0,0,0,0,0,0,0,45,0,0,0,0.0,0.0,0.0,0,0,30,43,69.8,0,38,0,0,0,2024-11-03,['GK'],0,0,0,0,0,1,0,0,0,0,0,0,0
Nicolas Jackson,Chelsea,15,SEN,FW,23,90.0,0,0,0,0,1,1,1,0,25,1,0,1,0.1,0.1,0.1,1,0,12,15,80.0,0,13,0,2,1,2024-11-03,['FW'],0,0,0,0,1,0,0,0,0,0,0,0,0
Pedro Neto,Chelsea,7,POR,"LW,RW",24,90.0,0,0,0,0,2,1,0,0,40,2,0,1,0.1,0.1,0.0,2,1,21,26,80.8,2,29,6,6,2,2024-11-03,"['LW', 'RW']",0,0,0,0,0,0,0,0,1,0,0,1,0
Noni Madueke,Chelsea,11,ENG,RW,22,69.0,0,0,0,0,2,0,0,0,31,1,0,1,0.5,0.5,0.0,2,0,16,22,72.7,6,15,1,3,1,2024-11-03,['RW'],0,0,0,0,0,0,0,0,0,0,0,1,0
Mykhailo Mudryk,Chelsea,10,UKR,LW,23,21.0,0,0,0,0,0,0,0,0,9,0,0,0,0.0,0.0,0.0,0,0,5,6,83.3,0,7,0,1,0,2024-11-03,['LW'],0,0,0,0,0,0,0,0,1,0,0,0,0
Cole Palmer,Chelsea,20,ENG,AM,22,90.0,0,0,0,0,3,0,0,0,49,1,0,0,0.2,0.2,0.6,6,0,30,42,71.4,3,33,4,6,4,2024-11-03,['AM'],1,0,0,0,0,0,0,0,0,0,0,0,0
Roméo Lavia,Chelsea,45,BEL,DM,20,69.0,0,0,0,0,0,0,0,0,47,4,0,1,0.0,0.0,0.0,1,0,31,38,81.6,3,23,1,3,3,2024-11-03,['DM'],0,0,0,1,0,0,0,0,0,0,0,0,0
Enzo Fernández,Chelsea,8,ARG,DM,23,21.0,0,0,0,0,1,0,0,0,16,1,0,0,0.1,0.1,0.0,1,1,10,15,66.7,1,8,1,0,0,2024-11-03,['DM'],0,0,0,1,0,0,0,0,0,0,0,0,0
Moisés Caicedo,Chelsea,25,ECU,DM,23,90.0,1,0,0,0,1,1,0,0,54,3,1,1,0.0,0.0,0.1,2,0,37,44,84.1,6,30,0,3,2,2024-11-03,['DM'],0,0,0,1,0,0,0,0,0,0,0,0,0
Reece James,Chelsea,24,ENG,"RB,LB",24,90.0,0,0,0,0,0,0,0,0,95,1,0,2,0.0,0.0,0.0,1,0,77,90,85.6,3,42,0,3,1,2024-11-03,"['RB', 'LB']",0,0,0,0,0,0,1,0,0,1,0,0,0
Levi Colwill,Chelsea,6,ENG,CB,21,90.0,0,0,0,0,1,0,0,0,79,1,3,2,0.0,0.0,0.0,1,0,60,68,88.2,5,44,0,0,0,2024-11-03,['CB'],0,1,0,0,0,0,0,0,0,0,0,0,0
Wesley Fofana,Chelsea,29,FRA,CB,23,90.0,0,0,0,0,0,0,0,0,71,3,2,2,0.0,0.0,0.0,1,0,49,58,84.5,1,42,0,1,1,2024-11-03,['CB'],0,1,0,0,0,0,0,0,0,0,0,0,0
Malo Gusto,Chelsea,27,FRA,RB,21,45.0,0,0,0,0,0,0,1,0,39,0,1,0,0.0,0.0,0.0,1,0,22,34,64.7,5,23,1,0,0,2024-11-03,['RB'],0,0,0,0,0,0,0,0,0,1,0,0,0
Marc Cucurella,Chelsea,3,ESP,LB,26,45.0,0,0,0,0,1,0,0,0,24,2,0,1,0.0,0.0,0.0,2,0,17,20,85.0,3,9,2,1,0,2024-11-03,['LB'],0,0,0,0,0,0,1,0,0,0,0,0,0
Robert Sánchez,Chelsea,1,ESP,GK,26,90.0,0,0,0,0,0,0,0,0,37,0,0,0,0.0,0.0,0.0,0,0,27,34,79.4,0,22,0,0,0,2024-11-03,['GK'],0,0,0,0,0,1,0,0,0,0,0,0,0
Raúl Jiménez,Fulham,7,MEX,FW,33,72.0,0,0,0,0,2,1,0,0,25,1,1,0,0.1,0.1,0.0,0,0,11,15,73.3,0,21,0,0,0,2024-11-04,['FW'],0,0,0,0,1,0,0,0,0,0,0,0,0
Rodrigo Muniz,Fulham,9,BRA,FW,23,18.0,0,0,0,0,0,0,1,0,3,0,0,0,0.0,0.0,0.0,0,0,1,1,100.0,0,1,0,0,0,2024-11-04,['FW'],0,0,0,0,1,0,0,0,0,0,0,0,0
Reiss Nelson,Fulham,19,ENG,"LW,RW",24,81.0,0,0,0,0,3,2,0,0,65,0,0,3,0.2,0.2,0.1,8,0,46,53,86.8,3,49,10,9,5,2024-11-04,"['LW', 'RW']",0,0,0,0,0,0,0,0,1,0,0,1,0
Harry Wilson,Fulham,8,WAL,RW,27,9.0,2,0,0,0,3,2,1,0,11,0,0,0,0.3,0.3,0.0,0,0,5,8,62.5,2,5,0,0,0,2024-11-04,['RW'],0,0,0,0,0,0,0,0,0,0,0,1,0
Alex Iwobi,Fulham,17,NGA,"LW,RW",28,90.0,0,0,0,0,3,1,0,0,65,1,1,0,0.1,0.1,0.2,3,0,45,57,78.9,9,55,4,1,0,2024-11-04,"['LW', 'RW']",0,0,0,0,0,0,0,0,1,0,0,1,0
Emile Smith Rowe,Fulham,32,ENG,AM,24,81.0,0,0,0,0,2,1,0,0,71,2,1,0,0.2,0.2,0.2,7,0,61,64,95.3,14,52,6,1,0,2024-11-04,['AM'],1,0,0,0,0,0,0,0,0,0,0,0,0
Tom Cairney,Fulham,10,SCO,AM,33,9.0,0,0,0,0,0,0,0,0,12,0,0,0,0.0,0.0,0.1,5,1,10,12,83.3,2,8,0,0,0,2024-11-04,['AM'],1,0,0,0,0,0,0,0,0,0,0,0,0
Sander Berge,Fulham,16,NOR,DM,26,90.0,0,0,0,0,0,0,0,0,79,4,2,1,0.0,0.0,0.1,4,1,68,74,91.9,8,54,2,0,0,2024-11-04,['DM'],0,0,0,1,0,0,0,0,0,0,0,0,0
Andreas Pereira,Fulham,18,BRA,DM,28,64.0,0,0,0,0,2,0,0,0,56,1,0,1,0.1,0.1,0.0,3,0,33,46,71.7,9,29,1,1,1,2024-11-04,['DM'],0,0,0,1,0,0,0,0,0,0,0,0,0
Adama Traoré,Fulham,11,ESP,DM,28,26.0,0,1,0,0,3,0,0,0,17,0,0,0,0.2,0.2,0.1,5,1,6,11,54.5,0,9,4,3,2,2024-11-04,['DM'],0,0,0,1,0,0,0,0,0,0,0,0,0
Antonee Robinson,Fulham,33,USA,LB,27,90.0,0,1,0,0,0,0,0,0,100,0,4,0,0.0,0.0,0.2,6,1,79,95,83.2,10,56,7,4,4,2024-11-04,['LB'],0,0,0,0,0,0,1,0,0,0,0,0,0
Calvin Bassey,Fulham,3,NGA,CB,24,90.0,0,0,0,0,2,2,0,0,80,2,0,1,0.0,0.0,0.0,0,0,61,72,84.7,4,52,0,0,0,2024-11-04,['CB'],0,1,0,0,0,0,0,0,0,0,0,0,0
Joachim Andersen,Fulham,5,DEN,CB,28,90.0,0,0,0,0,2,1,0,0,103,0,1,0,0.1,0.1,0.0,2,0,76,97,78.4,5,71,0,0,0,2024-11-04,['CB'],0,1,0,0,0,0,0,0,0,0,0,0,0
Kenny Tete,Fulham,2,NED,RB,29,72.0,0,0,0,0,2,1,0,0,57,4,3,2,0.1,0.1,0.0,3,0,41,44,93.2,4,30,2,0,0,2024-11-04,['RB'],0,0,0,0,0,0,0,0,0,1,0,0,0
Timothy Castagne,Fulham,21,BEL,RB,28,18.0,0,0,0,0,2,1,0,0,19,0,0,0,0.1,0.1,0.0,1,0,11,15,73.3,0,10,0,0,0,2024-11-04,['RB'],0,0,0,0,0,0,0,0,0,1,0,0,0
Bernd Leno,Fulham,1,GER,GK,32,90.0,0,0,0,0,0,0,0,0,49,0,0,0,0.0,0.0,0.0,0,0,41,48,85.4,0,37,0,0,0,2024-11-04,['GK'],0,0,0,0,0,1,0,0,0,0,0,0,0
Yoane Wissa,Brentford,11,COD,FW,28,71.0,0,0,0,0,0,0,0,0,23,0,0,0,0.0,0.0,0.0,2,0,12,18,66.7,0,10,0,1,1,2024-11-04,['FW'],0,0,0,0,1,0,0,0,0,0,0,0,0
Kevin Schade,Brentford,7,GER,FW,22,19.0,0,0,0,0,0,0,0,0,14,0,0,1,0.0,0.0,0.0,0,0,7,7,100.0,2,6,0,3,1,2024-11-04,['FW'],0,0,0,0,1,0,0,0,0,0,0,0,0
Keane Lewis-Potter,Brentford,23,ENG,LW,23,72.0,0,0,0,0,1,0,0,0,17,2,0,1,0.1,0.1,0.1,1,0,6,9,66.7,0,11,5,1,0,2024-11-04,['LW'],0,0,0,0,0,0,0,0,1,0,0,0,0
Fabio Carvalho,Brentford,14,POR,"LW,FW",22,18.0,0,0,0,0,1,1,0,0,9,0,0,0,0.3,0.3,0.0,1,0,4,5,80.0,0,4,0,0,0,2024-11-04,"['LW', 'FW']",0,0,0,0,1,0,0,0,1,0,0,0,0
Bryan Mbeumo,Brentford,19,CMR,RW,25,86.0,0,0,0,0,0,0,0,0,26,0,1,0,0.0,0.0,0.0,0,0,11,16,68.8,2,14,1,1,1,2024-11-04,['RW'],0,0,0,0,0,0,0,0,0,0,0,1,0
Ben Mee,Brentford,16,ENG,"RW,CB",35,4.0,0,0,0,0,0,0,0,0,5,1,1,1,0.0,0.0,0.0,0,0,0,2,0.0,0,1,0,0,0,2024-11-04,"['RW', 'CB']",0,1,0,0,0,0,0,0,0,0,0,1,0
Mikkel Damsgaard,Brentford,24,DEN,AM,24,71.0,0,0,0,0,0,0,0,0,38,4,0,0,0.0,0.0,0.0,1,1,18,30,60.0,2,17,0,1,0,2024-11-04,['AM'],1,0,0,0,0,0,0,0,0,0,0,0,0
Mathias Jensen,Brentford,8,DEN,"AM,CM",28,19.0,0,0,0,0,0,0,0,0,9,0,0,0,0.0,0.0,0.0,0,0,3,4,75.0,0,2,0,0,0,2024-11-04,"['AM', 'CM']",1,0,1,0,0,0,0,0,0,0,0,0,0
Vitaly Janelt,Brentford,27,GER,DM,26,89.0,1,0,0,0,2,1,0,0,41,1,3,2,0.1,0.1,0.0,0,0,21,26,80.8,4,20,0,1,1,2024-11-04,['DM'],0,0,0,1,0,0,0,0,0,0,0,0,0
Yehor Yarmoliuk,Brentford,18,UKR,CM,20,1.0,0,0,0,0,1,0,0,0,4,0,0,0,0.1,0.1,0.0,0,0,3,3,100.0,0,2,0,0,0,2024-11-04,['CM'],0,0,1,0,0,0,0,0,0,0,0,0,0
Christian Nørgaard,Brentford,6,DEN,"DM,CM",30,90.0,0,1,0,0,0,0,0,0,40,4,1,4,0.0,0.0,0.1,2,1,21,29,72.4,9,16,1,0,0,2024-11-04,"['DM', 'CM']",0,0,1,1,0,0,0,0,0,0,0,0,0
Sepp van den Berg,Brentford,4,NED,LB,22,90.0,0,0,0,0,0,0,0,0,34,1,1,1,0.0,0.0,0.0,0,0,17,24,70.8,1,9,0,0,0,2024-11-04,['LB'],0,0,0,0,0,0,1,0,0,0,0,0,0
Ethan Pinnock,Brentford,5,JAM,CB,31,90.0,0,0,0,0,0,0,0,0,53,1,1,4,0.0,0.0,0.0,0,0,25,35,71.4,6,15,0,2,1,2024-11-04,['CB'],0,1,0,0,0,0,0,0,0,0,0,0,0
Nathan Collins,Brentford,22,IRL,CB,23,90.0,0,0,0,0,0,0,0,0,59,1,4,1,0.0,0.0,0.0,0,0,31,46,67.4,3,29,0,0,0,2024-11-04,['CB'],0,1,0,0,0,0,0,0,0,0,0,0,0
Mads Roerslev,Brentford,30,DEN,RB,25,90.0,0,0,0,0,0,0,1,0,46,1,0,2,0.0,0.0,0.3,2,0,26,33,78.8,7,19,1,3,2,2024-11-04,['RB'],0,0,0,0,0,0,0,0,0,1,0,0,0
Mark Flekken,Brentford,1,NED,GK,31,90.0,0,0,0,0,0,0,0,0,54,0,0,0,0.0,0.0,0.0,0,0,32,51,62.7,0,37,0,0,0,2024-11-04,['GK'],0,0,0,0,0,1,0,0,0,0,0,0,0
Yoane Wissa,Brentford,11,COD,FW,28,90.0,2,0,0,0,2,2,0,0,32,0,0,0,0.6,0.6,0.0,1,0,18,22,81.8,1,18,1,3,1,2024-11-09,['FW'],0,0,0,0,1,0,0,0,0,0,0,0,0
Mikkel Damsgaard,Brentford,24,DEN,"LW,LM",24,89.0,1,0,0,0,2,1,0,0,54,4,1,1,0.1,0.1,0.1,4,1,27,37,73.0,6,26,2,2,1,2024-11-09,"['LW', 'LM']",0,0,0,0,0,0,0,1,1,0,0,0,0
Yunus Emre Konak,Brentford,26,TUR,LM,18,1.0,0,0,0,0,0,0,0,0,3,0,0,0,0.0,0.0,0.0,0,0,1,2,50.0,1,1,1,0,0,2024-11-09,['LM'],0,0,0,0,0,0,0,1,0,0,0,0,0
Bryan Mbeumo,Brentford,19,CMR,RW,25,89.0,0,1,0,0,1,0,0,0,40,1,0,0,0.1,0.1,0.1,1,1,17,30,56.7,2,21,1,0,0,2024-11-09,['RW'],0,0,0,0,0,0,0,0,0,0,0,1,0
Fabio Carvalho,Brentford,14,POR,RW,22,1.0,0,0,0,0,0,0,1,0,1,0,0,0,0.0,0.0,0.0,0,0,1,1,100.0,0,0,0,0,0,2024-11-09,['RW'],0,0,0,0,0,0,0,0,0,0,0,1,0
Vitaly Janelt,Brentford,27,GER,"LM,CM",26,90.0,0,1,0,0,2,1,0,0,59,1,0,0,0.1,0.1,0.6,3,1,38,53,71.7,6,23,2,0,0,2024-11-09,"['LM', 'CM']",0,0,1,0,0,0,0,1,0,0,0,0,0
Christian Nørgaard,Brentford,6,DEN,CM,30,82.0,0,0,0,0,1,1,0,0,60,1,1,2,0.1,0.1,0.0,2,1,33,50,66.0,4,25,0,0,0,2024-11-09,['CM'],0,0,1,0,0,0,0,0,0,0,0,0,0
Kevin Schade,Brentford,7,GER,LW,22,8.0,0,0,0,0,1,0,1,0,9,0,0,0,0.3,0.3,0.0,0,0,1,3,33.3,1,4,0,1,0,2024-11-09,['LW'],0,0,0,0,0,0,0,0,1,0,0,0,0
Mathias Jensen,Brentford,8,DEN,RM,28,78.0,0,0,0,0,1,1,0,0,39,0,1,1,0.0,0.0,0.0,3,1,22,34,64.7,7,16,0,2,1,2024-11-09,['RM'],0,0,0,0,0,0,0,0,0,0,1,0,0
Yehor Yarmoliuk,Brentford,18,UKR,RM,20,12.0,0,0,0,0,0,0,0,0,13,1,0,2,0.0,0.0,0.0,0,0,3,5,60.0,1,2,0,1,0,2024-11-09,['RM'],0,0,0,0,0,0,0,0,0,0,1,0,0
Keane Lewis-Potter,Brentford,23,ENG,LB,23,90.0,0,0,0,0,0,0,0,0,53,0,1,0,0.0,0.0,0.2,4,1,34,44,77.3,4,18,3,0,0,2024-11-09,['LB'],0,0,0,0,0,0,1,0,0,0,0,0,0
Ethan Pinnock,Brentford,5,JAM,CB,31,90.0,0,0,0,0,0,0,0,0,63,0,2,2,0.0,0.0,0.1,4,0,40,54,74.1,2,29,0,1,1,2024-11-09,['CB'],0,1,0,0,0,0,0,0,0,0,0,0,0
Nathan Collins,Brentford,22,IRL,CB,23,90.0,0,0,0,0,0,0,0,0,61,1,0,4,0.0,0.0,0.3,1,0,32,42,76.2,2,14,0,0,0,2024-11-09,['CB'],0,1,0,0,0,0,0,0,0,0,0,0,0
Sepp van den Berg,Brentford,4,NED,RB,22,90.0,0,0,0,0,2,0,0,0,48,2,0,0,0.2,0.2,0.0,0,0,31,38,81.6,2,14,0,0,0,2024-11-09,['RB'],0,0,0,0,0,0,0,0,0,1,0,0,0
Mark Flekken,Brentford,1,NED,GK,31,90.0,0,0,0,0,0,0,0,0,44,0,0,0,0.0,0.0,0.0,0,0,35,42,83.3,0,24,0,0,0,2024-11-09,['GK'],0,0,0,0,0,1,0,0,0,0,0,0,0
Evanilson,Bournemouth,9,BRA,FW,25,90.0,1,0,0,0,1,1,0,0,23,0,0,2,1.0,1.0,0.1,4,1,8,14,57.1,0,11,2,2,2,2024-11-09,['FW'],0,0,0,0,1,0,0,0,0,0,0,0,0
Justin Kluivert,Bournemouth,19,NED,LW,25,75.0,1,0,0,0,1,1,0,0,38,1,0,1,0.1,0.1,0.1,3,1,19,27,70.4,4,23,5,1,0,2024-11-09,['LW'],0,0,0,0,0,0,0,0,1,0,0,0,0
David Brooks,Bournemouth,7,WAL,RM,27,15.0,0,0,0,0,0,0,0,0,7,0,0,0,0.0,0.0,0.0,0,0,3,7,42.9,1,6,0,0,0,2024-11-09,['RM'],0,0,0,0,0,0,0,0,0,0,1,0,0
Antoine Semenyo,Bournemouth,24,GHA,"RW,LM",24,90.0,0,0,0,0,5,1,0,0,51,1,1,1,0.3,0.3,0.0,2,0,23,38,60.5,3,30,6,2,1,2024-11-09,"['RW', 'LM']",0,0,0,0,0,0,0,1,0,0,0,1,0
Ryan Christie,Bournemouth,10,SCO,"AM,DM",29,75.0,0,0,0,0,1,0,1,0,43,1,0,2,0.1,0.1,0.8,2,0,24,30,80.0,5,22,2,3,2,2024-11-09,"['AM', 'DM']",1,0,0,1,0,0,0,0,0,0,0,0,0
Enes Ünal,Bournemouth,26,TUR,FW,27,15.0,0,0,0,0,1,0,0,0,5,0,0,0,0.1,0.1,0.0,0,0,0,2,0.0,0,2,0,0,0,2024-11-09,['FW'],0,0,0,0,1,0,0,0,0,0,0,0,0
Tyler Adams,Bournemouth,12,USA,DM,25,66.0,0,0,0,0,1,0,0,0,52,4,3,2,0.0,0.0,0.0,2,0,30,37,81.1,1,22,0,0,0,2024-11-09,['DM'],0,0,0,1,0,0,0,0,0,0,0,0,0
Marcus Tavernier,Bournemouth,16,ENG,"CM,AM",25,24.0,0,0,0,0,0,0,0,0,18,1,1,0,0.0,0.0,0.2,5,0,11,13,84.6,4,8,1,2,1,2024-11-09,"['CM', 'AM']",1,0,1,0,0,0,0,0,0,0,0,0,0
Lewis Cook,Bournemouth,4,ENG,"DM,CM",27,90.0,0,1,0,0,3,0,0,0,61,3,1,1,0.1,0.1,0.1,2,1,36,46,78.3,3,27,1,1,0,2024-11-09,"['DM', 'CM']",0,0,1,1,0,0,0,0,0,0,0,0,0
Milos Kerkez,Bournemouth,3,HUN,LB,21,90.0,0,0,0,0,0,0,0,0,57,2,1,0,0.0,0.0,0.1,2,0,37,46,80.4,3,25,1,0,0,2024-11-09,['LB'],0,0,0,0,0,0,1,0,0,0,0,0,0
Marcos Senesi,Bournemouth,5,ARG,CB,27,66.0,0,0,0,0,1,0,1,0,51,2,1,0,0.7,0.7,0.0,1,0,29,43,67.4,2,37,1,0,0,2024-11-09,['CB'],0,1,0,0,0,0,0,0,0,0,0,0,0
Dean Huijsen,Bournemouth,2,ESP,CB,19,24.0,0,0,0,0,1,0,0,0,25,0,0,1,0.2,0.2,0.1,1,0,14,20,70.0,3,12,2,0,0,2024-11-09,['CB'],0,1,0,0,0,0,0,0,0,0,0,0,0
Illia Zabarnyi,Bournemouth,27,UKR,CB,22,90.0,0,0,0,0,0,0,1,0,55,1,0,1,0.0,0.0,0.0,1,0,34,44,77.3,4,31,0,0,0,2024-11-09,['CB'],0,1,0,0,0,0,0,0,0,0,0,0,0
Adam Smith,Bournemouth,15,ENG,RB,33,83.0,0,0,0,0,0,0,1,0,44,0,0,0,0.0,0.0,0.0,0,0,24,35,68.6,2,16,0,0,0,2024-11-09,['RB'],0,0,0,0,0,0,0,0,0,1,0,0,0
Julian Araujo,Bournemouth,22,MEX,RB,23,7.0,0,0,0,0,0,0,0,0,3,0,0,0,0.0,0.0,0.0,0,0,2,2,100.0,0,1,0,0,0,2024-11-09,['RB'],0,0,0,0,0,0,0,0,0,1,0,0,0
Kepa Arrizabalaga,Bournemouth,13,ESP,GK,30,90.0,0,0,0,0,0,0,0,0,31,0,0,0,0.0,0.0,0.0,1,0,21,30,70.0,0,17,0,0,0,2024-11-09,['GK'],0,0,0,0,0,1,0,0,0,0,0,0,0
Michail Antonio,West Ham United,9,JAM,FW,34,66.0,0,0,0,0,1,1,0,0,28,1,0,0,0.0,0.0,0.0,1,0,12,16,75.0,1,19,3,2,0,2024-11-09,['FW'],0,0,0,0,1,0,0,0,0,0,0,0,0
Danny Ings,West Ham United,18,ENG,FW,32,24.0,0,0,0,0,2,2,0,0,13,0,0,0,0.3,0.3,0.0,1,0,7,10,70.0,0,9,2,1,1,2024-11-09,['FW'],0,0,0,0,1,0,0,0,0,0,0,0,0
Crysencio Summerville,West Ham United,7,NED,LM,23,82.0,0,0,0,0,1,1,0,0,39,2,0,1,0.3,0.3,0.1,2,0,18,27,66.7,3,19,2,5,1,2024-11-09,['LM'],0,0,0,0,0,0,0,1,0,0,0,0,0
Luis Guilherme,West Ham United,17,BRA,LM,18,8.0,0,0,0,0,0,0,0,0,6,0,0,1,0.0,0.0,0.0,0,0,1,3,33.3,0,3,0,2,0,2024-11-09,['LM'],0,0,0,0,0,0,0,1,0,0,0,0,0
Lucas Paquetá,West Ham United,10,BRA,CM,27,90.0,0,0,0,0,1,0,0,0,82,0,0,5,0.0,0.0,0.6,4,0,50,64,78.1,9,44,2,2,1,2024-11-09,['CM'],0,0,1,0,0,0,0,0,0,0,0,0,0
Tomáš Souček,West Ham United,28,CZE,"CM,DM",29,90.0,0,0,0,0,0,0,0,0,56,2,0,0,0.0,0.0,0.0,0,0,45,51,88.2,4,34,0,0,0,2024-11-09,"['CM', 'DM']",0,0,1,1,0,0,0,0,0,0,0,0,0
Jarrod Bowen,West Ham United,20,ENG,RM,27,90.0,0,0,0,0,3,1,0,0,49,2,2,1,0.1,0.1,0.0,4,0,18,27,66.7,5,29,4,10,4,2024-11-09,['RM'],0,0,0,0,0,0,0,0,0,0,1,0,0
Guido Rodríguez,West Ham United,24,ARG,DM,30,66.0,0,0,0,0,1,1,0,0,48,0,0,4,0.0,0.0,0.0,0,0,33,40,82.5,2,25,0,0,0,2024-11-09,['DM'],0,0,0,1,0,0,0,0,0,0,0,0,0
Carlos Soler,West Ham United,4,ESP,CM,27,24.0,0,0,0,0,1,0,0,0,13,0,1,0,0.0,0.0,0.0,3,0,11,11,100.0,2,6,1,0,0,2024-11-09,['CM'],0,0,1,0,0,0,0,0,0,0,0,0,0
Emerson Palmieri,West Ham United,33,ITA,LB,30,90.0,0,0,0,0,1,0,0,0,70,5,0,2,0.0,0.0,0.0,2,0,43,57,75.4,1,24,1,0,0,2024-11-09,['LB'],0,0,0,0,0,0,1,0,0,0,0,0,0
Max Kilman,West Ham United,26,ENG,CB,27,90.0,0,0,0,0,0,0,0,0,61,0,0,1,0.0,0.0,0.0,0,0,34,49,69.4,3,31,1,0,0,2024-11-09,['CB'],0,1,0,0,0,0,0,0,0,0,0,0,0
Jean-Clair Todibo,West Ham United,25,FRA,CB,24,90.0,0,0,0,0,0,0,0,0,62,1,0,4,0.0,0.0,0.0,1,0,42,48,87.5,2,37,0,1,0,2024-11-09,['CB'],0,1,0,0,0,0,0,0,0,0,0,0,0
Aaron Wan-Bissaka,West Ham United,29,ENG,RB,26,66.0,0,0,0,0,0,0,0,0,53,0,1,1,0.0,0.0,0.0,0,0,32,43,74.4,0,23,0,0,0,2024-11-09,['RB'],0,0,0,0,0,0,0,0,0,1,0,0,0
Vladimír Coufal,West Ham United,5,CZE,RB,32,24.0,0,0,0,0,0,0,1,0,19,0,0,0,0.0,0.0,0.0,0,0,10,17,58.8,1,10,1,1,0,2024-11-09,['RB'],0,0,0,0,0,0,0,0,0,1,0,0,0
Łukasz Fabiański,West Ham United,1,POL,GK,39,90.0,0,0,0,0,0,0,0,0,30,0,0,0,0.0,0.0,0.0,1,0,18,29,62.1,0,18,0,0,0,2024-11-09,['GK'],0,0,0,0,0,1,0,0,0,0,0,0,0
Dominic Calvert-Lewin,Everton,9,ENG,FW,27,74.0,0,0,0,0,4,1,0,0,29,2,1,0,0.2,0.2,0.1,4,0,11,18,61.1,2,13,2,0,0,2024-11-09,['FW'],0,0,0,0,1,0,0,0,0,0,0,0,0
Beto,Everton,14,GNB,FW,26,16.0,0,0,0,0,0,0,0,0,7,0,0,0,0.0,0.0,0.0,0,0,1,2,50.0,0,4,0,2,1,2024-11-09,['FW'],0,0,0,0,1,0,0,0,0,0,0,0,0
Iliman Ndiaye,Everton,10,SEN,LW,24,90.0,0,0,0,0,2,1,0,0,59,4,2,1,0.1,0.1,0.0,1,0,30,38,78.9,2,36,4,11,7,2024-11-09,['LW'],0,0,0,0,0,0,0,0,1,0,0,0,0
Jesper Lindstrøm,Everton,29,DEN,RW,24,90.0,0,0,0,0,3,1,0,0,62,1,1,3,0.4,0.4,0.1,7,0,28,46,60.9,1,22,3,3,0,2024-11-09,['RW'],0,0,0,0,0,0,0,0,0,0,0,1,0
Abdoulaye Doucouré,Everton,16,MLI,AM,31,85.0,0,0,0,0,1,0,0,0,39,0,0,1,0.2,0.2,0.1,6,0,32,35,91.4,4,20,1,1,1,2024-11-09,['AM'],1,0,0,0,0,0,0,0,0,0,0,0,0
Jack Harrison,Everton,11,ENG,AM,27,5.0,0,0,0,0,0,0,0,0,1,0,0,0,0.0,0.0,0.0,0,0,0,1,0.0,0,1,0,0,0,2024-11-09,['AM'],1,0,0,0,0,0,0,0,0,0,0,0,0
Orel Mangala,Everton,8,BEL,DM,26,90.0,0,0,0,0,1,0,0,0,44,2,0,0,0.0,0.0,0.3,1,0,36,40,90.0,3,22,0,0,0,2024-11-09,['DM'],0,0,0,1,0,0,0,0,0,0,0,0,0
Idrissa Gana Gueye,Everton,27,SEN,DM,35,90.0,0,0,0,0,2,0,1,0,79,2,0,1,0.1,0.1,0.3,5,0,53,67,79.1,4,39,1,1,0,2024-11-09,['DM'],0,0,0,1,0,0,0,0,0,0,0,0,0
Vitaliy Mykolenko,Everton,19,UKR,LB,25,90.0,0,0,0,0,2,0,0,0,74,1,0,0,0.0,0.0,0.0,3,0,48,68,70.6,4,21,1,0,0,2024-11-09,['LB'],0,0,0,0,0,0,1,0,0,0,0,0,0
Jarrad Branthwaite,Everton,32,ENG,CB,22,90.0,0,0,0,0,0,0,0,0,53,3,1,2,0.0,0.0,0.0,1,0,32,42,76.2,1,18,0,1,0,2024-11-09,['CB'],0,1,0,0,0,0,0,0,0,0,0,0,0
James Tarkowski,Everton,6,ENG,CB,31,90.0,0,0,0,0,1,1,0,0,64,2,2,2,0.1,0.1,0.0,0,0,44,53,83.0,1,25,1,1,1,2024-11-09,['CB'],0,1,0,0,0,0,0,0,0,0,0,0,0
Ashley Young,Everton,18,ENG,RB,39,90.0,0,0,0,0,2,0,1,0,77,3,1,1,0.1,0.1,0.1,3,0,43,66,65.2,3,33,1,0,0,2024-11-09,['RB'],0,0,0,0,0,0,0,0,0,1,0,0,0
Jordan Pickford,Everton,1,ENG,GK,30,90.0,0,0,0,0,0,0,0,0,45,0,0,0,0.0,0.0,0.0,0,0,26,39,66.7,0,17,0,0,0,2024-11-09,['GK'],0,0,0,0,0,1,0,0,0,0,0,0,0
Jean-Philippe Mateta,Crystal Palace,14,FRA,FW,27,90.0,0,0,0,0,6,1,0,0,24,0,0,0,0.8,0.8,0.0,1,0,9,12,75.0,1,13,1,1,0,2024-11-09,['FW'],0,0,0,0,1,0,0,0,0,0,0,0,0
Ismaila Sarr,Crystal Palace,7,SEN,AM,26,87.0,0,0,0,0,0,0,0,0,38,0,1,0,0.0,0.0,0.5,3,0,21,32,65.6,2,26,2,2,1,2024-11-09,['AM'],1,0,0,0,0,0,0,0,0,0,0,0,0
Asher Agbinone,Crystal Palace,64,ENG,AM,19,3.0,0,0,0,0,0,0,0,0,4,2,0,0,0.0,0.0,0.0,0,0,1,1,100.0,0,3,0,1,0,2024-11-09,['AM'],1,0,0,0,0,0,0,0,0,0,0,0,0
Daichi Kamada,Crystal Palace,18,JPN,"AM,CM",28,75.0,0,0,0,0,0,0,0,1,42,0,2,1,0.0,0.0,0.1,2,0,27,32,84.4,3,21,0,0,0,2024-11-09,"['AM', 'CM']",1,0,1,0,0,0,0,0,0,0,0,0,0
Marc Guéhi,Crystal Palace,6,ENG,"CB,CM",24,90.0,0,0,0,0,2,1,0,0,47,3,1,1,0.1,0.1,0.0,1,0,30,34,88.2,6,24,0,0,0,2024-11-09,"['CB', 'CM']",0,1,1,0,0,0,0,0,0,0,0,0,0
Justin Devenny,Crystal Palace,55,NIR,CM,21,73.0,0,0,0,0,1,0,0,0,33,3,0,0,0.1,0.1,0.2,4,0,20,26,76.9,2,12,2,1,0,2024-11-09,['CM'],0,0,1,0,0,0,0,0,0,0,0,0,0
Jeffrey Schlupp,Crystal Palace,15,GHA,CM,31,17.0,0,0,0,0,0,0,0,0,8,0,0,1,0.0,0.0,0.0,1,0,6,6,100.0,0,1,0,0,0,2024-11-09,['CM'],0,0,1,0,0,0,0,0,0,0,0,0,0
Tyrick Mitchell,Crystal Palace,3,ENG,WB,25,90.0,0,0,0,0,0,0,0,0,50,3,0,2,0.0,0.0,0.1,4,0,32,39,82.1,0,25,2,1,1,2024-11-09,['WB'],0,0,0,0,0,0,0,0,0,0,0,0,1
Daniel Muñoz,Crystal Palace,12,COL,"WB,AM",28,87.0,0,0,0,0,2,2,0,0,56,3,4,2,0.5,0.5,0.1,3,0,24,37,64.9,0,24,3,4,2,2024-11-09,"['WB', 'AM']",1,0,0,0,0,0,0,0,0,0,0,0,1
Caleb Kporha,Crystal Palace,58,ENG,WB,18,3.0,0,0,0,0,0,0,0,0,5,0,0,0,0.0,0.0,0.0,0,0,3,5,60.0,0,2,1,0,0,2024-11-09,['WB'],0,0,0,0,0,0,0,0,0,0,0,0,1
Nathaniel Clyne,Crystal Palace,17,ENG,"CB,WB",33,61.0,0,0,0,0,0,0,0,0,32,0,2,2,0.0,0.0,0.0,0,0,21,25,84.0,1,14,1,0,0,2024-11-09,"['CB', 'WB']",0,1,0,0,0,0,0,0,0,0,0,0,1
Cheick Doucouré,Crystal Palace,28,MLI,CM,24,29.0,0,0,0,0,1,0,0,0,18,0,1,0,0.0,0.0,0.0,0,0,12,13,92.3,1,10,0,1,0,2024-11-09,['CM'],0,0,1,0,0,0,0,0,0,0,0,0,0
Maxence Lacroix,Crystal Palace,5,FRA,CB,24,90.0,0,0,0,0,1,0,1,0,59,2,2,4,0.0,0.0,0.0,0,0,34,41,82.9,4,24,0,1,1,2024-11-09,['CB'],0,1,0,0,0,0,0,0,0,0,0,0,0
Trevoh Chalobah,Crystal Palace,27,ENG,CB,25,90.0,0,0,0,0,0,0,0,0,60,3,6,0,0.0,0.0,0.0,1,0,33,46,71.7,1,28,1,1,1,2024-11-09,['CB'],0,1,0,0,0,0,0,0,0,0,0,0,0
Dean Henderson,Crystal Palace,1,ENG,GK,27,90.0,0,0,0,0,0,0,0,0,41,0,0,0,0.0,0.0,0.0,0,0,20,36,55.6,0,21,0,0,0,2024-11-09,['GK'],0,0,0,0,0,1,0,0,0,0,0,0,0
Raúl Jiménez,Fulham,7,MEX,FW,33,74.0,0,1,0,0,2,0,0,0,40,1,1,0,0.1,0.1,0.2,4,1,19,28,67.9,5,28,1,3,2,2024-11-09,['FW'],0,0,0,0,1,0,0,0,0,0,0,0,0
Rodrigo Muniz,Fulham,9,BRA,FW,23,16.0,0,0,0,0,0,0,0,0,4,0,0,0,0.0,0.0,0.0,0,0,1,1,100.0,0,3,0,0,0,2024-11-09,['FW'],0,0,0,0,1,0,0,0,0,0,0,0,0
Reiss Nelson,Fulham,19,ENG,LW,24,81.0,0,0,0,0,4,2,0,0,57,0,0,0,0.3,0.3,0.1,5,0,40,45,88.9,8,43,7,5,2,2024-11-09,['LW'],0,0,0,0,0,0,0,0,1,0,0,0,0
Harry Wilson,Fulham,8,WAL,"RW,LW",27,9.0,1,0,0,0,1,1,0,0,10,1,0,1,0.4,0.4,0.0,0,0,4,6,66.7,0,6,1,0,0,2024-11-09,"['RW', 'LW']",0,0,0,0,0,0,0,0,1,0,0,1,0
Alex Iwobi,Fulham,17,NGA,RW,28,88.0,0,1,0,0,2,1,1,0,68,3,0,1,0.1,0.1,1.1,6,1,42,57,73.7,10,46,5,2,2,2024-11-09,['RW'],0,0,0,0,0,0,0,0,0,0,0,1,0
Adama Traoré,Fulham,11,ESP,LW,28,2.0,0,0,0,0,0,0,0,0,5,0,0,0,0.0,0.0,0.0,0,0,3,5,60.0,0,2,0,0,0,2024-11-09,['LW'],0,0,0,0,0,0,0,0,1,0,0,0,0
Emile Smith Rowe,Fulham,32,ENG,AM,24,88.0,1,0,0,0,2,1,0,0,60,1,1,2,0.2,0.2,0.1,6,2,42,48,87.5,10,37,7,4,3,2024-11-09,['AM'],1,0,0,0,0,0,0,0,0,0,0,0,0
Harrison Reed,Fulham,6,ENG,AM,29,2.0,0,0,0,0,0,0,0,0,8,0,0,0,0.0,0.0,0.0,0,0,8,8,100.0,1,4,0,0,0,2024-11-09,['AM'],1,0,0,0,0,0,0,0,0,0,0,0,0
Sander Berge,Fulham,16,NOR,DM,26,90.0,0,0,0,0,0,0,0,0,65,1,2,1,0.0,0.0,0.0,1,0,53,60,88.3,3,34,0,0,0,2024-11-09,['DM'],0,0,0,1,0,0,0,0,0,0,0,0,0
Andreas Pereira,Fulham,18,BRA,DM,28,82.0,0,0,0,0,2,2,0,0,58,1,1,0,0.5,0.5,0.2,9,0,39,53,73.6,6,34,1,0,0,2024-11-09,['DM'],0,0,0,1,0,0,0,0,0,0,0,0,0
Tom Cairney,Fulham,10,SCO,DM,33,8.0,0,0,0,0,0,0,0,0,21,1,0,0,0.0,0.0,0.0,0,0,19,20,95.0,0,15,0,0,0,2024-11-09,['DM'],0,0,0,1,0,0,0,0,0,0,0,0,0
Antonee Robinson,Fulham,33,USA,LB,27,90.0,0,0,0,0,2,0,0,0,93,1,4,2,0.1,0.1,0.1,3,0,64,83,77.1,4,58,1,1,0,2024-11-09,['LB'],0,0,0,0,0,0,1,0,0,0,0,0,0
Calvin Bassey,Fulham,3,NGA,CB,24,90.0,0,0,0,0,0,0,0,0,72,1,0,0,0.0,0.0,0.0,0,0,55,65,84.6,2,53,0,0,0,2024-11-09,['CB'],0,1,0,0,0,0,0,0,0,0,0,0,0
Joachim Andersen,Fulham,5,DEN,CB,28,90.0,0,0,0,0,1,0,0,0,100,1,1,1,0.0,0.0,0.0,0,0,78,89,87.6,6,56,0,1,1,2024-11-09,['CB'],0,1,0,0,0,0,0,0,0,0,0,0,0
Kenny Tete,Fulham,2,NED,RB,29,90.0,0,0,0,0,1,0,0,0,83,4,1,3,0.0,0.0,0.0,0,0,57,69,82.6,2,46,4,1,0,2024-11-09,['RB'],0,0,0,0,0,0,0,0,0,1,0,0,0
Bernd Leno,Fulham,1,GER,GK,32,90.0,0,0,0,0,0,0,0,0,40,0,0,0,0.0,0.0,0.0,0,0,36,39,92.3,0,29,0,0,0,2024-11-09,['GK'],0,0,0,0,0,1,0,0,0,0,0,0,0
Jørgen Strand Larsen,Wolverhampton Wanderers,9,NOR,FW,24,72.0,0,0,0,0,1,1,0,0,15,0,2,1,0.0,0.0,0.0,0,0,6,9,66.7,0,6,1,0,0,2024-11-09,['FW'],0,0,0,0,1,0,0,0,0,0,0,0,0
Gonçalo Guedes,Wolverhampton Wanderers,29,POR,FW,27,18.0,0,0,0,0,0,0,0,0,4,0,0,0,0.0,0.0,0.0,0,0,0,3,0.0,0,2,0,0,0,2024-11-09,['FW'],0,0,0,0,1,0,0,0,0,0,0,0,0
Rayan Aït-Nouri,Wolverhampton Wanderers,3,ALG,LW,23,89.0,0,0,0,0,1,0,0,0,40,4,0,2,0.1,0.1,0.0,1,0,21,29,72.4,1,24,2,6,4,2024-11-09,['LW'],0,0,0,0,0,0,0,0,1,0,0,0,0
Matt Doherty,Wolverhampton Wanderers,2,IRL,LW,32,1.0,0,0,0,0,0,0,0,0,0,0,0,0,0.0,0.0,0.0,0,0,0,0,80.8,0,0,0,0,0,2024-11-09,['LW'],0,0,0,0,0,0,0,0,1,0,0,0,0
Pablo Sarabia,Wolverhampton Wanderers,21,ESP,RW,32,45.0,1,0,0,0,1,1,0,0,18,1,0,0,1.0,1.0,0.0,1,1,6,11,54.5,2,11,0,3,1,2024-11-09,['RW'],0,0,0,0,0,0,0,0,0,0,0,1,0
Jean-Ricner Bellegarde,Wolverhampton Wanderers,27,FRA,RW,26,45.0,0,0,0,0,1,0,1,0,18,0,0,1,0.0,0.0,0.0,1,0,4,6,66.7,0,11,0,6,1,2024-11-09,['RW'],0,0,0,0,0,0,0,0,0,0,0,1,0
Matheus Cunha,Wolverhampton Wanderers,10,BRA,AM,25,89.0,1,1,0,0,2,1,0,0,31,1,1,2,0.1,0.1,1.0,2,1,16,18,88.9,5,15,4,5,2,2024-11-09,['AM'],1,0,0,0,0,0,0,0,0,0,0,0,0
Rodrigo Gomes,Wolverhampton Wanderers,19,POR,AM,21,1.0,0,0,0,0,0,0,0,0,2,0,0,0,0.0,0.0,0.0,0,0,2,2,100.0,1,2,0,0,0,2024-11-09,['AM'],1,0,0,0,0,0,0,0,0,0,0,0,0
João Gomes,Wolverhampton Wanderers,8,BRA,DM,23,90.0,0,0,0,0,1,1,0,0,41,0,2,3,0.0,0.0,0.0,0,0,19,30,63.3,2,18,1,1,1,2024-11-09,['DM'],0,0,0,1,0,0,0,0,0,0,0,0,0
Mario Lemina,Wolverhampton Wanderers,5,GAB,DM,31,90.0,0,1,0,0,1,0,0,0,30,2,1,0,0.0,0.0,0.0,4,1,17,23,73.9,2,12,1,1,1,2024-11-09,['DM'],0,0,0,1,0,0,0,0,0,0,0,0,0
Toti Gomes,Wolverhampton Wanderers,24,POR,LB,25,90.0,0,0,0,0,0,0,0,0,56,3,0,0,0.0,0.0,0.0,1,0,36,45,80.0,2,28,0,1,1,2024-11-09,['LB'],0,0,0,0,0,0,1,0,0,0,0,0,0
Craig Dawson,Wolverhampton Wanderers,15,ENG,CB,34,90.0,0,0,0,0,0,0,0,0,52,1,0,2,0.0,0.0,0.0,1,1,35,38,92.1,1,33,0,1,0,2024-11-09,['CB'],0,1,0,0,0,0,0,0,0,0,0,0,0
Santiago Bueno,Wolverhampton Wanderers,4,URU,CB,26,90.0,0,0,0,0,0,0,0,0,37,1,0,2,0.0,0.0,0.0,0,0,27,31,87.1,1,19,0,0,0,2024-11-09,['CB'],0,1,0,0,0,0,0,0,0,0,0,0,0
Nélson Semedo,Wolverhampton Wanderers,22,POR,RB,30,90.0,0,0,0,0,0,0,0,0,36,1,1,2,0.0,0.0,0.1,1,0,23,26,88.5,2,15,0,1,1,2024-11-09,['RB'],0,0,0,0,0,0,0,0,0,1,0,0,0
José Sá,Wolverhampton Wanderers,1,POR,GK,31,90.0,0,0,0,0,0,0,0,0,29,0,0,0,0.0,0.0,0.0,0,0,15,28,53.6,0,15,0,0,0,2024-11-09,['GK'],0,0,0,0,0,1,0,0,0,0,0,0,0
Cameron Archer,Southampton,19,ENG,FW,23,72.0,0,0,0,0,0,0,0,0,11,1,0,0,0.0,0.0,0.0,0,0,5,6,83.3,0,8,1,0,0,2024-11-09,['FW'],0,0,0,0,1,0,0,0,0,0,0,0,0
Paul Onuachu,Southampton,32,NGA,FW,30,18.0,0,0,0,0,0,0,0,0,5,0,0,0,0.0,0.0,0.0,0,0,2,4,50.0,0,2,0,0,0,2024-11-09,['FW'],0,0,0,0,1,0,0,0,0,0,0,0,0
Mateus Fernandes,Southampton,18,POR,"LM,DM,AM",20,90.0,0,0,0,0,3,0,0,0,73,4,0,1,0.2,0.2,0.2,5,0,46,62,74.2,9,42,6,2,1,2024-11-09,"['LM', 'DM', 'AM']",1,0,0,1,0,0,0,1,0,0,0,0,0
Adam Lallana,Southampton,10,ENG,CM,36,59.0,0,0,0,0,0,0,0,0,62,0,0,1,0.0,0.0,0.1,3,0,48,54,88.9,3,37,1,1,0,2024-11-09,['CM'],0,0,1,0,0,0,0,0,0,0,0,0,0
Lesley Ugochukwu,Southampton,26,FRA,DM,20,31.0,0,0,0,0,0,0,1,0,26,0,0,1,0.0,0.0,0.0,1,0,19,25,76.0,2,15,1,1,1,2024-11-09,['DM'],0,0,0,1,0,0,0,0,0,0,0,0,0
Joe Aribo,Southampton,7,NGA,"CM,DM",28,72.0,0,0,0,0,0,0,0,0,42,2,0,1,0.0,0.0,0.0,1,0,29,34,85.3,3,21,0,2,1,2024-11-09,"['CM', 'DM']",0,0,1,1,0,0,0,0,0,0,0,0,0
Ben Brereton,Southampton,17,CHI,RW,25,18.0,0,0,0,0,1,0,0,0,8,1,0,0,0.1,0.1,0.0,0,0,1,4,25.0,0,4,0,0,0,2024-11-09,['RW'],0,0,0,0,0,0,0,0,0,0,0,1,0
Adam Armstrong,Southampton,9,ENG,"RM,LW",27,90.0,0,0,0,0,1,0,0,0,39,3,0,0,0.1,0.1,0.0,0,0,25,30,83.3,1,23,1,1,0,2024-11-09,"['RM', 'LW']",0,0,0,0,0,0,0,0,1,0,1,0,0
Ryan Manning,Southampton,3,IRL,LB,28,45.0,0,0,0,0,0,0,0,0,40,0,1,1,0.0,0.0,0.2,3,0,26,36,72.2,0,17,0,1,1,2024-11-09,['LB'],0,0,0,0,0,0,1,0,0,0,0,0,0
Tyler Dibling,Southampton,33,ENG,"AM,LB,RW",18,45.0,0,0,0,0,1,0,0,0,30,1,0,0,0.0,0.0,0.0,0,0,16,21,76.2,2,20,4,6,3,2024-11-09,"['AM', 'LB', 'RW']",1,0,0,0,0,0,1,0,0,0,0,1,0
Jack Stephens,Southampton,5,ENG,CB,30,59.0,0,0,0,0,0,0,0,0,71,0,2,0,0.0,0.0,0.0,2,0,62,64,96.9,9,43,5,1,0,2024-11-09,['CB'],0,1,0,0,0,0,0,0,0,0,0,0,0
Yukinari Sugawara,Southampton,16,JPN,RB,24,31.0,0,0,0,0,1,0,0,0,33,0,0,1,0.0,0.0,0.0,0,0,25,29,86.2,2,15,0,1,0,2024-11-09,['RB'],0,0,0,0,0,0,0,0,0,1,0,0,0
Jan Bednarek,Southampton,35,POL,CB,28,90.0,0,0,0,0,1,0,0,0,125,0,0,0,0.0,0.0,0.0,1,0,118,122,96.7,7,78,2,1,1,2024-11-09,['CB'],0,1,0,0,0,0,0,0,0,0,0,0,0
Taylor Harwood-Bellis,Southampton,6,ENG,CB,22,90.0,0,0,0,0,1,0,1,0,118,1,1,1,0.2,0.2,0.0,1,0,107,115,93.0,4,69,1,0,0,2024-11-09,['CB'],0,1,0,0,0,0,0,0,0,0,0,0,0
Kyle Walker-Peters,Southampton,2,ENG,"RB,LB",27,90.0,0,0,0,0,0,0,1,0,84,3,1,2,0.0,0.0,0.0,1,0,67,75,89.3,4,54,3,1,1,2024-11-09,"['RB', 'LB']",0,0,0,0,0,0,1,0,0,1,0,0,0
Aaron Ramsdale,Southampton,30,ENG,GK,26,90.0,0,0,0,0,0,0,1,0,43,0,0,0,0.0,0.0,0.0,0,0,39,43,90.7,0,31,0,0,0,2024-11-09,['GK'],0,0,0,0,0,1,0,0,0,0,0,0,0
Danny Welbeck,Brighton & Hove Albion,18,ENG,FW,33,90.0,0,0,0,0,2,0,0,0,30,2,0,1,0.3,0.3,0.0,3,1,17,21,81.0,0,15,1,1,0,2024-11-09,['FW'],0,0,0,0,1,0,0,0,0,0,0,0,0
Georginio Rutter,Brighton & Hove Albion,14,FRA,FW,22,65.0,0,0,0,0,1,0,0,0,20,1,0,1,0.2,0.2,0.0,0,0,11,13,84.6,2,10,1,0,0,2024-11-09,['FW'],0,0,0,0,1,0,0,0,0,0,0,0,0
Brajan Gruda,Brighton & Hove Albion,8,GER,RM,20,25.0,0,0,0,0,0,0,0,0,10,0,0,0,0.0,0.0,0.1,1,0,7,9,77.8,0,7,3,1,1,2024-11-09,['RM'],0,0,0,0,0,0,0,0,0,0,1,0,0
Kaoru Mitoma,Brighton & Hove Albion,22,JPN,LM,27,89.0,0,0,0,0,1,1,0,0,44,1,2,3,0.2,0.2,0.3,4,1,21,31,67.7,2,25,2,3,0,2024-11-09,['LM'],0,0,0,0,0,0,0,1,0,0,0,0,0
Jakub Moder,Brighton & Hove Albion,15,POL,LM,25,1.0,0,0,0,0,0,0,0,0,7,0,0,0,0.0,0.0,0.0,0,0,2,4,50.0,0,1,0,0,0,2024-11-09,['LM'],0,0,0,0,0,0,0,1,0,0,0,0,0
Yasin Ayari,Brighton & Hove Albion,26,SWE,CM,21,45.0,0,0,0,0,0,0,1,0,28,1,0,1,0.0,0.0,0.0,0,0,19,23,82.6,2,17,0,1,0,2024-11-09,['CM'],0,0,1,0,0,0,0,0,0,0,0,0,0
Carlos Baleba,Brighton & Hove Albion,20,CMR,CM,20,45.0,0,0,0,0,1,0,0,0,30,3,1,1,0.1,0.1,0.2,1,0,18,19,94.7,2,14,0,2,1,2024-11-09,['CM'],0,0,1,0,0,0,0,0,0,0,0,0,0
Jack Hinshelwood,Brighton & Hove Albion,41,ENG,CM,19,56.0,0,0,0,0,1,1,0,0,34,1,0,2,0.3,0.3,0.0,0,0,26,28,92.9,1,18,0,0,0,2024-11-09,['CM'],0,0,1,0,0,0,0,0,0,0,0,0,0
Matt O'Riley,Brighton & Hove Albion,33,DEN,CM,23,34.0,1,0,0,0,1,1,0,0,12,1,1,0,0.5,0.5,0.0,2,0,7,9,77.8,0,6,0,0,0,2024-11-09,['CM'],0,0,1,0,0,0,0,0,0,0,0,0,0
Simon Adingra,Brighton & Hove Albion,11,CIV,RM,22,64.0,0,0,0,0,0,0,0,0,18,2,1,0,0.0,0.0,0.0,0,0,9,9,100.0,2,11,0,1,0,2024-11-09,['RM'],0,0,0,0,0,0,0,0,0,0,1,0,0
João Pedro,Brighton & Hove Albion,9,BRA,FW,23,26.0,1,1,0,0,2,1,0,0,22,0,2,0,0.5,0.5,0.5,1,1,10,16,62.5,2,13,1,0,0,2024-11-09,['FW'],0,0,0,0,1,0,0,0,0,0,0,0,0
Pervis Estupiñán,Brighton & Hove Albion,30,ECU,LB,26,90.0,0,0,0,0,1,0,0,0,56,4,2,0,0.1,0.1,0.5,2,0,38,45,84.4,3,29,1,0,0,2024-11-09,['LB'],0,0,0,0,0,0,1,0,0,0,0,0,0
Igor,Brighton & Hove Albion,3,BRA,CB,26,90.0,0,0,0,0,0,0,1,0,87,0,1,0,0.0,0.0,0.0,1,0,73,79,92.4,0,61,0,0,0,2024-11-09,['CB'],0,1,0,0,0,0,0,0,0,0,0,0,0
Jan Paul van Hecke,Brighton & Hove Albion,29,NED,CB,24,90.0,0,0,0,0,0,0,1,0,84,0,1,4,0.0,0.0,0.3,3,1,72,75,96.0,5,65,0,0,0,2024-11-09,['CB'],0,1,0,0,0,0,0,0,0,0,0,0,0
Joël Veltman,Brighton & Hove Albion,34,NED,RB,32,90.0,0,0,0,0,0,0,0,0,51,0,1,1,0.0,0.0,0.0,0,0,35,42,83.3,2,35,1,2,0,2024-11-09,['RB'],0,0,0,0,0,0,0,0,0,1,0,0,0
Bart Verbruggen,Brighton & Hove Albion,1,NED,GK,22,90.0,0,0,0,0,0,0,0,0,35,0,0,0,0.0,0.0,0.0,0,0,25,30,83.3,0,20,0,0,0,2024-11-09,['GK'],0,0,0,0,0,1,0,0,0,0,0,0,0
Erling Haaland,Manchester City,9,NOR,FW,24,90.0,1,0,0,0,7,3,1,0,21,0,0,0,1.4,1.4,0.0,3,1,9,12,75.0,1,7,2,0,0,2024-11-09,['FW'],0,0,0,0,1,0,0,0,0,0,0,0,0
Matheus Nunes,Manchester City,27,POR,"LM,CM",26,90.0,0,0,0,0,0,0,0,0,41,2,0,1,0.0,0.0,0.0,2,0,28,34,82.4,4,27,2,2,1,2024-11-09,"['LM', 'CM']",0,0,1,0,0,0,0,1,0,0,0,0,0
İlkay Gündoğan,Manchester City,19,GER,CM,34,71.0,0,0,0,0,0,0,0,0,52,0,1,0,0.0,0.0,0.0,2,0,39,46,84.8,4,23,0,5,2,2024-11-09,['CM'],0,0,1,0,0,0,0,0,0,0,0,0,0
Bernardo Silva,Manchester City,20,POR,"RM,CM",30,19.0,0,0,0,0,1,1,0,0,17,0,0,1,0.1,0.1,0.0,1,0,8,12,66.7,1,10,2,1,1,2024-11-09,"['RM', 'CM']",0,0,1,0,0,0,0,0,0,0,1,0,0
Phil Foden,Manchester City,47,ENG,"CM,LM",24,90.0,0,0,0,0,2,0,0,0,57,1,0,1,0.1,0.1,0.5,6,0,42,48,87.5,6,37,4,4,1,2024-11-09,"['CM', 'LM']",0,0,1,0,0,0,0,1,0,0,0,0,0
Sávio,Manchester City,26,BRA,RM,20,73.0,0,0,0,0,2,1,0,0,44,2,0,0,0.6,0.6,0.1,3,0,25,32,78.1,2,28,2,6,4,2024-11-09,['RM'],0,0,0,0,0,0,0,0,0,0,1,0,0
Kevin De Bruyne,Manchester City,17,BEL,CM,33,17.0,0,0,0,0,1,0,0,0,25,0,0,0,0.0,0.0,0.0,1,0,14,22,63.6,5,19,3,0,0,2024-11-09,['CM'],0,0,1,0,0,0,0,0,0,0,0,0,0
Mateo Kovačić,Manchester City,8,CRO,DM,30,90.0,0,0,0,0,1,1,0,0,88,0,0,1,0.0,0.0,1.2,7,0,76,82,92.7,9,67,4,5,5,2024-11-09,['DM'],0,0,0,1,0,0,0,0,0,0,0,0,0
Rico Lewis,Manchester City,82,ENG,LB,19,90.0,0,0,0,0,0,0,1,0,62,1,1,0,0.0,0.0,0.0,1,0,52,55,94.5,6,35,1,1,1,2024-11-09,['LB'],0,0,0,0,0,0,1,0,0,0,0,0,0
Joško Gvardiol,Manchester City,24,CRO,CB,22,90.0,0,0,0,0,1,0,0,0,85,2,1,1,0.1,0.1,0.0,0,0,74,77,96.1,6,60,2,0,0,2024-11-09,['CB'],0,1,0,0,0,0,0,0,0,0,0,0,0
Jahmai Simpson-Pusey,Manchester City,66,ENG,CB,19,90.0,0,0,0,0,0,0,1,0,113,1,0,1,0.0,0.0,0.0,0,0,99,107,92.5,3,70,1,1,0,2024-11-09,['CB'],0,1,0,0,0,0,0,0,0,0,0,0,0
Kyle Walker,Manchester City,2,ENG,RB,34,90.0,0,0,0,0,0,0,0,0,105,3,1,1,0.0,0.0,0.1,1,0,90,100,90.0,5,50,1,0,0,2024-11-09,['RB'],0,0,0,0,0,0,0,0,0,1,0,0,0
Ederson,Manchester City,31,BRA,GK,31,90.0,0,0,0,0,0,0,0,0,63,0,0,0,0.0,0.0,0.0,0,0,57,62,91.9,0,34,0,0,0,2024-11-09,['GK'],0,0,0,0,0,1,0,0,0,0,0,0,0
Darwin Núñez,Liverpool,9,URU,FW,25,64.0,1,0,0,0,6,3,0,0,26,0,0,0,1.0,1.0,0.0,3,0,14,16,87.5,0,14,2,1,1,2024-11-09,['FW'],0,0,0,0,1,0,0,0,0,0,0,0,0
Cody Gakpo,Liverpool,18,NED,"FW,LW",25,26.0,0,0,0,0,2,1,0,0,10,0,0,0,0.1,0.1,0.0,0,0,6,7,85.7,0,5,1,0,0,2024-11-09,"['FW', 'LW']",0,0,0,0,1,0,0,0,1,0,0,0,0
Luis Díaz,Liverpool,7,COL,"LW,FW",27,90.0,0,0,0,0,1,0,0,0,43,1,0,1,0.0,0.0,0.1,5,0,24,33,72.7,3,28,5,5,3,2024-11-09,"['LW', 'FW']",0,0,0,0,1,0,0,0,1,0,0,0,0
Mohamed Salah,Liverpool,11,EGY,RW,32,90.0,1,1,0,0,3,1,0,0,46,2,0,0,0.8,0.8,0.7,2,0,21,32,65.6,5,27,2,2,0,2024-11-09,['RW'],0,0,0,0,0,0,0,0,0,0,0,1,0
Curtis Jones,Liverpool,17,ENG,AM,23,64.0,0,0,0,0,0,0,0,0,47,1,0,1,0.0,0.0,0.0,0,0,35,40,87.5,6,26,1,2,1,2024-11-09,['AM'],1,0,0,0,0,0,0,0,0,0,0,0,0
Dominik Szoboszlai,Liverpool,8,HUN,AM,24,26.0,0,0,0,0,0,0,0,0,13,0,0,0,0.0,0.0,0.1,1,0,12,13,92.3,2,9,1,1,1,2024-11-09,['AM'],1,0,0,0,0,0,0,0,0,0,0,0,0
Alexis Mac Allister,Liverpool,10,ARG,DM,25,86.0,0,0,0,0,0,0,0,0,73,2,0,2,0.0,0.0,0.0,2,0,61,67,91.0,2,36,1,0,0,2024-11-09,['DM'],0,0,0,1,0,0,0,0,0,0,0,0,0
Wataru Endo,Liverpool,3,JPN,DM,31,4.0,0,0,0,0,0,0,0,0,5,0,0,1,0.0,0.0,0.0,0,0,4,4,100.0,0,3,0,0,0,2024-11-09,['DM'],0,0,0,1,0,0,0,0,0,0,0,0,0
Ryan Gravenberch,Liverpool,38,NED,DM,22,90.0,0,0,0,0,1,0,0,0,73,1,4,2,0.0,0.0,0.0,1,0,50,57,87.7,3,39,2,3,3,2024-11-09,['DM'],0,0,0,1,0,0,0,0,0,0,0,0,0
Andrew Robertson,Liverpool,26,SCO,LB,30,90.0,0,0,0,0,0,0,0,0,95,1,2,0,0.0,0.0,0.3,3,0,71,84,84.5,7,48,1,1,0,2024-11-09,['LB'],0,0,0,0,0,0,1,0,0,0,0,0,0
Virgil van Dijk,Liverpool,4,NED,CB,33,90.0,0,0,0,0,0,0,0,0,121,1,0,3,0.0,0.0,0.0,3,1,110,116,94.8,5,78,0,0,0,2024-11-09,['CB'],0,1,0,0,0,0,0,0,0,0,0,0,0
Ibrahima Konaté,Liverpool,5,FRA,CB,25,90.0,0,0,0,0,1,0,0,0,83,1,1,1,0.1,0.1,0.0,1,0,69,74,93.2,3,46,0,0,0,2024-11-09,['CB'],0,1,0,0,0,0,0,0,0,0,0,0,0
Trent Alexander-Arnold,Liverpool,66,ENG,RB,26,24.0,0,0,0,0,0,0,0,0,19,1,0,0,0.0,0.0,0.1,1,0,15,19,78.9,3,10,2,0,0,2024-11-09,['RB'],0,0,0,0,0,0,0,0,0,1,0,0,0
Conor Bradley,Liverpool,84,NIR,RB,21,66.0,0,0,0,0,0,0,0,0,62,1,0,0,0.0,0.0,0.0,1,0,48,53,90.6,4,36,3,0,0,2024-11-09,['RB'],0,0,0,0,0,0,0,0,0,1,0,0,0
Caoimhín Kelleher,Liverpool,62,IRL,GK,25,90.0,0,0,0,0,0,0,0,0,31,0,0,0,0.0,0.0,0.0,0,0,24,29,82.8,0,18,0,0,0,2024-11-09,['GK'],0,0,0,0,0,1,0,0,0,0,0,0,0
Ollie Watkins,Aston Villa,11,ENG,FW,28,64.0,0,0,0,0,3,0,0,0,15,0,0,0,0.4,0.4,0.0,2,0,6,6,100.0,1,14,2,2,1,2024-11-09,['FW'],0,0,0,0,1,0,0,0,0,0,0,0,0
Jhon Durán,Aston Villa,9,COL,FW,20,26.0,0,0,0,0,0,0,0,0,7,0,0,0,0.0,0.0,0.0,0,0,4,5,80.0,1,3,0,1,1,2024-11-09,['FW'],0,0,0,0,1,0,0,0,0,0,0,0,0
Jacob Ramsey,Aston Villa,41,ENG,LW,23,44.0,0,0,0,0,2,0,0,0,20,0,0,2,0.1,0.1,0.0,2,0,10,12,83.3,4,14,3,2,2,2024-11-09,['LW'],0,0,0,0,0,0,0,0,1,0,0,0,0
John McGinn,Aston Villa,7,SCO,LW,30,46.0,0,0,0,0,1,0,0,0,21,2,0,2,0.0,0.0,0.2,1,0,9,16,56.3,1,10,2,0,0,2024-11-09,['LW'],0,0,0,0,0,0,0,0,1,0,0,0,0
Leon Bailey,Aston Villa,31,JAM,RW,27,64.0,0,0,0,0,1,0,0,0,21,0,0,1,0.1,0.1,0.0,1,0,11,16,68.8,1,9,0,1,1,2024-11-09,['RW'],0,0,0,0,0,0,0,0,0,0,0,1,0
Jaden Philogene Bidace,Aston Villa,19,ENG,RW,22,26.0,0,0,0,0,1,0,0,0,7,0,0,1,0.2,0.2,0.0,0,0,3,4,75.0,0,4,1,1,0,2024-11-09,['RW'],0,0,0,0,0,0,0,0,0,0,0,1,0
Morgan Rogers,Aston Villa,27,ENG,AM,22,90.0,0,0,0,0,1,0,1,0,42,1,0,1,0.2,0.2,0.1,2,0,18,31,58.1,4,20,3,2,1,2024-11-09,['AM'],1,0,0,0,0,0,0,0,0,0,0,0,0
Youri Tielemans,Aston Villa,8,BEL,DM,27,90.0,0,0,0,0,0,0,1,0,55,3,2,1,0.0,0.0,0.4,3,0,36,42,85.7,5,25,1,1,1,2024-11-09,['DM'],0,0,0,1,0,0,0,0,0,0,0,0,0
Amadou Onana,Aston Villa,24,BEL,DM,23,73.0,0,0,0,0,1,1,0,0,32,3,3,1,0.2,0.2,0.0,2,0,19,26,73.1,3,14,0,0,0,2024-11-09,['DM'],0,0,0,1,0,0,0,0,0,0,0,0,0
Boubacar Kamara,Aston Villa,44,FRA,DM,24,17.0,0,0,0,0,0,0,1,0,10,0,0,0,0.0,0.0,0.0,0,0,7,9,77.8,0,5,0,0,0,2024-11-09,['DM'],0,0,0,1,0,0,0,0,0,0,0,0,0
Lucas Digne,Aston Villa,12,FRA,LB,31,73.0,0,0,0,0,1,0,0,0,35,1,0,0,0.2,0.2,0.2,3,0,21,28,75.0,0,13,0,1,1,2024-11-09,['LB'],0,0,0,0,0,0,1,0,0,0,0,0,0
Ian Maatsen,Aston Villa,22,NED,LB,22,17.0,0,0,0,0,0,0,0,0,23,1,0,0,0.0,0.0,0.0,3,0,16,21,76.2,1,10,2,1,1,2024-11-09,['LB'],0,0,0,0,0,0,1,0,0,0,0,0,0
Pau Torres,Aston Villa,14,ESP,CB,27,90.0,0,0,0,0,0,0,0,0,53,2,0,1,0.0,0.0,0.0,0,0,41,45,91.1,4,24,0,2,1,2024-11-09,['CB'],0,1,0,0,0,0,0,0,0,0,0,0,0
Diego Carlos,Aston Villa,3,BRA,CB,31,90.0,0,0,0,0,1,1,0,0,63,1,0,0,0.1,0.1,0.0,1,0,46,59,78.0,2,33,0,1,1,2024-11-09,['CB'],0,1,0,0,0,0,0,0,0,0,0,0,0
Ezri Konsa,Aston Villa,4,ENG,RB,27,90.0,0,0,0,0,0,0,0,0,45,2,1,0,0.0,0.0,0.0,1,0,31,36,86.1,1,22,0,1,0,2024-11-09,['RB'],0,0,0,0,0,0,0,0,0,1,0,0,0
Emiliano Martínez,Aston Villa,23,ARG,GK,32,90.0,0,0,0,0,0,0,0,0,33,0,0,0,0.0,0.0,0.0,0,0,28,33,84.8,0,25,0,0,0,2024-11-09,['GK'],0,0,0,0,0,1,0,0,0,0,0,0,0
Rasmus Højlund,Manchester United,9,DEN,FW,21,74.0,0,0,0,0,1,0,0,0,19,0,0,0,0.1,0.1,0.0,1,0,11,11,100.0,0,18,0,2,1,2024-11-10,['FW'],0,0,0,0,1,0,0,0,0,0,0,0,0
Joshua Zirkzee,Manchester United,11,NED,FW,23,16.0,0,0,0,0,1,0,0,0,9,0,0,0,0.0,0.0,0.0,1,0,7,8,87.5,3,6,0,0,0,2024-11-10,['FW'],0,0,0,0,1,0,0,0,0,0,0,0,0
Marcus Rashford,Manchester United,10,ENG,LW,27,56.0,0,0,0,0,0,0,0,0,39,0,0,0,0.0,0.0,0.0,1,0,24,33,72.7,1,36,1,5,2,2024-11-10,['LW'],0,0,0,0,0,0,0,0,1,0,0,0,0
Alejandro Garnacho,Manchester United,17,ARG,LW,20,34.0,1,0,0,0,2,1,0,0,19,1,0,0,0.1,0.1,0.0,0,0,6,9,66.7,1,11,1,2,0,2024-11-10,['LW'],0,0,0,0,0,0,0,0,1,0,0,0,0
Amad Diallo,Manchester United,16,CIV,RW,22,90.0,0,1,0,0,4,1,0,0,43,2,2,0,0.3,0.3,0.0,4,1,20,27,74.1,2,26,7,5,4,2024-11-10,['RW'],0,0,0,0,0,0,0,0,0,0,0,1,0
Bruno Fernandes,Manchester United,8,POR,AM,30,90.0,1,1,0,0,2,1,0,0,67,4,1,1,0.2,0.2,0.2,8,2,40,56,71.4,8,45,3,1,0,2024-11-10,['AM'],1,0,0,0,0,0,0,0,0,0,0,0,0
Manuel Ugarte Ribeiro,Manchester United,25,URU,DM,23,90.0,0,0,0,0,1,0,0,0,67,8,3,0,0.0,0.0,0.2,2,0,47,51,92.2,5,39,1,1,1,2024-11-10,['DM'],0,0,0,1,0,0,0,0,0,0,0,0,0
Casemiro,Manchester United,18,BRA,DM,32,78.0,0,0,0,0,1,0,0,0,55,7,0,1,0.1,0.1,0.2,4,0,36,41,87.8,4,28,0,0,0,2024-11-10,['DM'],0,0,0,1,0,0,0,0,0,0,0,0,0
Christian Eriksen,Manchester United,14,DEN,DM,32,12.0,0,0,0,0,0,0,0,0,15,0,0,1,0.0,0.0,0.0,2,1,12,12,100.0,0,8,0,0,0,2024-11-10,['DM'],0,0,0,1,0,0,0,0,0,0,0,0,0
Noussair Mazraoui,Manchester United,3,MAR,"LB,RB",26,90.0,0,0,0,0,1,0,0,0,61,5,0,3,0.0,0.0,0.1,2,0,41,48,85.4,2,30,5,2,2,2024-11-10,"['LB', 'RB']",0,0,0,0,0,0,1,0,0,1,0,0,0
Lisandro Martínez,Manchester United,6,ARG,"CB,LB",26,90.0,0,0,0,0,0,0,0,0,95,3,1,0,0.0,0.0,0.0,0,0,73,84,86.9,17,62,0,0,0,2024-11-10,"['CB', 'LB']",0,1,0,0,0,0,1,0,0,0,0,0,0
Matthijs de Ligt,Manchester United,4,NED,CB,25,90.0,0,0,0,0,0,0,0,0,67,0,0,0,0.0,0.0,0.0,0,0,55,59,93.2,3,48,0,0,0,2024-11-10,['CB'],0,1,0,0,0,0,0,0,0,0,0,0,0
Diogo Dalot,Manchester United,20,POR,RB,25,56.0,0,0,0,0,0,0,0,0,40,3,0,0,0.0,0.0,0.0,0,0,29,35,82.9,2,27,0,0,0,2024-11-10,['RB'],0,0,0,0,0,0,0,0,0,1,0,0,0
Jonny Evans,Manchester United,35,NIR,"CB,RB",36,34.0,0,0,0,0,0,0,0,0,20,0,0,0,0.0,0.0,0.0,0,0,14,18,77.8,0,12,0,1,1,2024-11-10,"['CB', 'RB']",0,1,0,0,0,0,0,0,0,1,0,0,0
André Onana,Manchester United,24,CMR,GK,28,90.0,0,0,0,0,0,0,0,0,43,0,0,0,0.0,0.0,0.0,0,0,31,42,73.8,0,34,0,0,0,2024-11-10,['GK'],0,0,0,0,0,1,0,0,0,0,0,0,0
Jordan Ayew,Leicester City,18,GHA,FW,33,87.0,0,0,0,0,1,1,0,0,36,2,1,1,0.0,0.0,0.0,1,0,17,22,77.3,2,14,0,2,0,2024-11-10,['FW'],0,0,0,0,1,0,0,0,0,0,0,0,0
Odsonne Édouard,Leicester City,29,FRA,FW,26,3.0,0,0,0,0,0,0,0,0,2,1,0,0,0.0,0.0,0.0,0,0,0,0,80.8,0,2,0,0,0,2024-11-10,['FW'],0,0,0,0,1,0,0,0,0,0,0,0,0
Abdul Fatawu Issahaku,Leicester City,7,GHA,"LW,RB",20,90.0,0,0,0,0,1,1,0,0,40,1,0,2,0.0,0.0,0.0,4,0,16,26,61.5,3,31,7,16,12,2024-11-10,"['LW', 'RB']",0,0,0,0,0,0,0,0,1,1,0,0,0
Facundo Buonanotte,Leicester City,40,ARG,RW,19,90.0,0,0,0,0,0,0,1,0,62,1,1,3,0.0,0.0,0.5,3,0,30,42,71.4,2,28,2,12,5,2024-11-10,['RW'],0,0,0,0,0,0,0,0,0,0,0,1,0
Wilfred Ndidi,Leicester City,6,NGA,LM,27,69.0,0,0,0,0,3,2,0,0,35,2,1,2,0.5,0.5,0.0,1,0,21,24,87.5,4,15,1,3,1,2024-11-10,['LM'],0,0,0,0,0,0,0,1,0,0,0,0,0
Bilal El Khannouss,Leicester City,11,MAR,LM,20,21.0,0,0,0,0,0,0,0,0,12,0,0,0,0.0,0.0,0.0,0,0,8,11,72.7,0,5,0,0,0,2024-11-10,['LM'],0,0,0,0,0,0,0,1,0,0,0,0,0
Harry Winks,Leicester City,8,ENG,CM,28,90.0,0,0,0,0,1,1,0,0,77,2,0,1,0.0,0.0,0.0,1,0,65,73,89.0,12,48,1,0,0,2024-11-10,['CM'],0,0,1,0,0,0,0,0,0,0,0,0,0
Boubakary Soumaré,Leicester City,24,FRA,RM,25,90.0,0,0,0,0,0,0,0,0,80,2,2,2,0.0,0.0,0.0,1,0,61,69,88.4,5,52,1,3,1,2024-11-10,['RM'],0,0,0,0,0,0,0,0,0,0,1,0,0
Victor Bernth Kristiansen,Leicester City,16,DEN,LB,21,90.0,0,0,0,0,0,0,0,0,59,2,0,1,0.0,0.0,0.0,0,0,39,49,79.6,4,33,0,0,0,2024-11-10,['LB'],0,0,0,0,0,0,1,0,0,0,0,0,0
Jannik Vestergaard,Leicester City,23,DEN,CB,32,90.0,0,0,0,0,0,0,0,0,66,1,0,0,0.0,0.0,0.0,0,0,57,63,90.5,0,46,0,0,0,2024-11-10,['CB'],0,1,0,0,0,0,0,0,0,0,0,0,0
Wout Faes,Leicester City,3,BEL,CB,26,90.0,0,0,0,0,0,0,0,0,65,3,1,1,0.0,0.0,0.0,0,0,44,51,86.3,5,38,0,0,0,2024-11-10,['CB'],0,1,0,0,0,0,0,0,0,0,0,0,0
James Justin,Leicester City,2,ENG,RB,26,82.0,0,0,0,0,0,0,0,0,65,5,1,1,0.0,0.0,0.0,0,0,39,53,73.6,0,29,0,1,0,2024-11-10,['RB'],0,0,0,0,0,0,0,0,0,1,0,0,0
Kasey McAteer,Leicester City,35,IRL,"LW,RB",22,8.0,0,0,0,0,0,0,0,0,5,0,0,0,0.0,0.0,0.0,0,0,4,5,80.0,0,3,0,0,0,2024-11-10,"['LW', 'RB']",0,0,0,0,0,0,0,0,1,1,0,0,0
Mads Hermansen,Leicester City,30,DEN,GK,24,90.0,0,0,0,0,0,0,0,0,29,0,0,0,0.0,0.0,0.0,0,0,20,28,71.4,0,22,0,0,0,2024-11-10,['GK'],0,0,0,0,0,1,0,0,0,0,0,0,0
Chris Wood,Nottingham Forest,11,NZL,FW,32,90.0,0,0,0,0,0,0,0,0,24,0,0,1,0.0,0.0,0.1,2,0,12,19,63.2,2,12,0,0,0,2024-11-10,['FW'],0,0,0,0,1,0,0,0,0,0,0,0,0
Callum Hudson-Odoi,Nottingham Forest,14,ENG,LW,24,58.0,0,0,0,0,0,0,0,0,25,0,0,0,0.0,0.0,0.0,0,0,19,23,82.6,0,15,2,0,0,2024-11-10,['LW'],0,0,0,0,0,0,0,0,1,0,0,0,0
Jota Silva,Nottingham Forest,20,POR,"RW,RM",25,32.0,0,0,0,0,0,0,0,0,19,2,1,1,0.0,0.0,0.1,2,0,8,11,72.7,1,12,2,2,1,2024-11-10,"['RW', 'RM']",0,0,0,0,0,0,0,0,0,0,1,1,0
Anthony Elanga,Nottingham Forest,21,SWE,"RW,LW,AM",22,87.0,0,1,0,0,2,0,0,0,41,4,0,0,0.1,0.1,0.4,6,2,17,31,54.8,3,14,4,4,2,2024-11-10,"['RW', 'LW', 'AM']",1,0,0,0,0,0,0,0,1,0,0,1,0
Taiwo Awoniyi,Nottingham Forest,9,NGA,"FW,AM",27,3.0,0,0,0,0,0,0,0,0,1,0,0,0,0.0,0.0,0.0,0,0,1,1,100.0,0,0,0,0,0,2024-11-10,"['FW', 'AM']",1,0,0,0,1,0,0,0,0,0,0,0,0
Morgan Gibbs-White,Nottingham Forest,10,ENG,AM,24,58.0,0,0,0,0,1,0,0,0,30,2,0,0,0.1,0.1,0.0,0,0,15,24,62.5,1,19,3,3,1,2024-11-10,['AM'],1,0,0,0,0,0,0,0,0,0,0,0,0
Elliot Anderson,Nottingham Forest,8,ENG,"AM,DM,CM",22,32.0,0,0,0,0,0,0,0,0,26,1,0,0,0.0,0.0,0.0,0,0,19,23,82.6,3,15,1,1,0,2024-11-10,"['AM', 'DM', 'CM']",1,0,1,1,0,0,0,0,0,0,0,0,0
Nicolás Domínguez,Nottingham Forest,16,ARG,DM,26,73.0,0,0,0,0,1,1,0,0,53,3,1,2,0.0,0.0,0.0,0,0,39,45,86.7,2,26,1,1,0,2024-11-10,['DM'],0,0,0,1,0,0,0,0,0,0,0,0,0
Ramón Sosa,Nottingham Forest,24,PAR,"LW,LB",25,17.0,0,0,0,0,1,0,0,0,12,0,0,0,0.1,0.1,0.0,1,0,9,9,100.0,1,6,0,1,0,2024-11-10,"['LW', 'LB']",0,0,0,0,0,0,1,0,1,0,0,0,0
Ryan Yates,Nottingham Forest,22,ENG,"DM,CM",26,90.0,0,0,0,0,1,1,1,0,54,4,0,0,0.1,0.1,0.0,2,0,39,45,86.7,6,23,1,0,0,2024-11-10,"['DM', 'CM']",0,0,1,1,0,0,0,0,0,0,0,0,0
Álex Moreno,Nottingham Forest,19,ESP,LB,31,87.0,0,0,0,0,0,0,0,0,50,4,3,1,0.0,0.0,0.0,0,0,22,33,66.7,1,18,2,2,1,2024-11-10,['LB'],0,0,0,0,0,0,1,0,0,0,0,0,0
James Ward-Prowse,Nottingham Forest,18,ENG,"LM,LB",30,3.0,0,0,0,0,0,0,0,0,8,0,0,0,0.0,0.0,0.0,1,0,6,8,75.0,1,6,0,0,0,2024-11-10,"['LM', 'LB']",0,0,0,0,0,0,1,1,0,0,0,0,0
Murillo,Nottingham Forest,5,BRA,CB,22,90.0,1,0,0,0,2,1,0,0,53,4,1,1,0.2,0.2,0.0,0,0,29,37,78.4,4,23,1,0,0,2024-11-10,['CB'],0,1,0,0,0,0,0,0,0,0,0,0,0
Nikola Milenković,Nottingham Forest,31,SRB,CB,27,90.0,0,0,0,0,1,0,0,0,47,3,0,1,0.0,0.0,0.0,0,0,30,37,81.1,1,22,1,0,0,2024-11-10,['CB'],0,1,0,0,0,0,0,0,0,0,0,0,0
Ola Aina,Nottingham Forest,34,NGA,RB,28,90.0,0,0,0,0,0,0,0,0,63,2,1,1,0.0,0.0,0.0,1,0,40,56,71.4,5,26,2,1,1,2024-11-10,['RB'],0,0,0,0,0,0,0,0,0,1,0,0,0
Matz Sels,Nottingham Forest,26,BEL,GK,32,90.0,0,0,0,0,0,0,0,0,31,0,0,0,0.0,0.0,0.0,1,0,14,27,51.9,0,14,0,0,0,2024-11-10,['GK'],0,0,0,0,0,1,0,0,0,0,0,0,0
Alexander Isak,Newcastle United,14,SWE,FW,25,89.0,1,1,0,0,3,1,0,0,41,0,0,1,0.6,0.6,0.4,4,1,25,29,86.2,4,29,3,2,0,2024-11-10,['FW'],0,0,0,0,1,0,0,0,0,0,0,0,0
William Osula,Newcastle United,18,DEN,FW,21,1.0,0,0,0,0,0,0,0,0,0,0,0,0,0.0,0.0,0.0,0,0,0,0,80.8,0,0,0,0,0,2024-11-10,['FW'],0,0,0,0,1,0,0,0,0,0,0,0,0
Joelinton,Newcastle United,7,BRA,"RW,LW",28,90.0,1,0,0,0,2,1,0,0,63,3,1,1,0.1,0.1,0.0,3,0,38,51,74.5,4,42,6,2,0,2024-11-10,"['RW', 'LW']",0,0,0,0,0,0,0,0,1,0,0,1,0
Anthony Gordon,Newcastle United,10,ENG,"RW,LW",23,79.0,0,0,0,0,2,1,0,0,52,1,1,0,0.2,0.2,0.3,4,0,34,44,77.3,7,35,2,3,0,2024-11-10,"['RW', 'LW']",0,0,0,0,0,0,0,0,1,0,0,1,0
Harvey Barnes,Newcastle United,11,ENG,LW,26,11.0,1,0,0,0,2,1,0,0,12,0,0,0,0.3,0.3,0.0,0,0,6,7,85.7,0,6,1,0,0,2024-11-10,['LW'],0,0,0,0,0,0,0,0,1,0,0,0,0
Joe Willock,Newcastle United,28,ENG,LM,25,68.0,0,0,0,0,2,0,0,0,45,1,0,2,0.1,0.1,0.3,4,0,25,32,78.1,4,30,2,0,0,2024-11-10,['LM'],0,0,0,0,0,0,0,1,0,0,0,0,0
Sandro Tonali,Newcastle United,8,ITA,LM,24,22.0,0,1,0,0,0,0,0,0,15,2,1,1,0.0,0.0,0.1,2,2,9,12,75.0,2,5,2,0,0,2024-11-10,['LM'],0,0,0,0,0,0,0,1,0,0,0,0,0
Bruno Guimarães,Newcastle United,39,BRA,CM,26,90.0,0,0,0,0,3,1,0,0,51,1,0,0,0.1,0.1,0.0,5,1,34,39,87.2,8,37,1,2,0,2024-11-10,['CM'],0,0,1,0,0,0,0,0,0,0,0,0,0
Sean Longstaff,Newcastle United,36,ENG,RM,27,90.0,0,0,0,0,1,0,0,0,56,4,0,0,0.2,0.2,0.1,2,1,42,48,87.5,9,29,2,2,1,2024-11-10,['RM'],0,0,0,0,0,0,0,0,0,0,1,0,0
Lewis Hall,Newcastle United,20,ENG,LB,20,90.0,0,0,0,0,0,0,0,0,100,1,5,1,0.0,0.0,0.0,2,0,76,90,84.4,12,57,2,1,0,2024-11-10,['LB'],0,0,0,0,0,0,1,0,0,0,0,0,0
Dan Burn,Newcastle United,33,ENG,CB,32,90.0,0,0,0,0,1,1,1,0,71,0,0,0,0.1,0.1,0.1,1,0,55,62,88.7,0,44,0,0,0,2024-11-10,['CB'],0,1,0,0,0,0,0,0,0,0,0,0,0
Fabian Schär,Newcastle United,5,SUI,CB,32,90.0,0,0,0,0,1,0,0,0,74,0,2,2,0.0,0.0,0.0,0,0,51,59,86.4,4,53,2,2,1,2024-11-10,['CB'],0,1,0,0,0,0,0,0,0,0,0,0,0
Valentino Livramento,Newcastle United,21,ENG,RB,21,90.0,0,0,0,0,0,0,0,0,63,0,3,1,0.0,0.0,0.0,0,0,42,52,80.8,2,39,2,2,0,2024-11-10,['RB'],0,0,0,0,0,0,0,0,0,1,0,0,0
Nick Pope,Newcastle United,22,ENG,GK,32,90.0,0,0,0,0,0,0,0,0,23,0,1,1,0.0,0.0,0.0,0,0,16,21,76.2,0,15,0,0,0,2024-11-10,['GK'],0,0,0,0,0,1,0,0,0,0,0,0,0
Dominic Solanke,Tottenham Hotspur,19,ENG,FW,27,90.0,0,0,0,0,4,2,0,0,39,0,0,2,0.4,0.4,0.0,0,0,17,23,73.9,2,22,1,6,3,2024-11-10,['FW'],0,0,0,0,1,0,0,0,0,0,0,0,0
Son Heung-min,Tottenham Hotspur,7,KOR,"LW,AM",32,90.0,0,0,0,0,4,2,0,0,57,0,0,1,0.1,0.1,0.7,7,0,35,43,81.4,8,43,4,5,3,2024-11-10,"['LW', 'AM']",1,0,0,0,0,0,0,0,1,0,0,0,0
Brennan Johnson,Tottenham Hotspur,22,WAL,RW,23,83.0,0,0,0,0,3,0,0,0,30,0,0,1,0.6,0.6,0.0,1,0,16,25,64.0,1,22,1,0,0,2024-11-10,['RW'],0,0,0,0,0,0,0,0,0,0,0,1,0
James Maddison,Tottenham Hotspur,10,ENG,DM,27,7.0,0,0,0,0,0,0,0,0,14,2,0,1,0.0,0.0,0.0,0,0,8,10,80.0,2,8,0,0,0,2024-11-10,['DM'],0,0,0,1,0,0,0,0,0,0,0,0,0
Pape Matar Sarr,Tottenham Hotspur,29,SEN,LM,22,65.0,0,0,0,0,0,0,0,0,60,0,4,0,0.0,0.0,0.0,1,0,47,53,88.7,8,35,1,4,2,2024-11-10,['LM'],0,0,0,0,0,0,0,1,0,0,0,0,0
Timo Werner,Tottenham Hotspur,16,GER,"LM,LW",28,25.0,0,0,0,0,2,0,0,0,19,0,0,0,0.2,0.2,0.0,1,0,9,17,52.9,2,15,5,0,0,2024-11-10,"['LM', 'LW']",0,0,0,0,0,0,0,1,1,0,0,0,0
Rodrigo Bentancur,Tottenham Hotspur,30,URU,CM,27,83.0,1,0,0,0,3,1,1,0,69,7,3,0,0.2,0.2,0.0,1,0,46,54,85.2,7,43,1,2,1,2024-11-10,['CM'],0,0,1,0,0,0,0,0,0,0,0,0,0
Yves Bissouma,Tottenham Hotspur,8,MLI,DM,28,7.0,0,0,0,0,0,0,0,0,10,0,0,0,0.0,0.0,0.0,0,0,9,10,90.0,2,9,2,0,0,2024-11-10,['DM'],0,0,0,1,0,0,0,0,0,0,0,0,0
Dejan Kulusevski,Tottenham Hotspur,21,SWE,"RM,RW",24,90.0,0,0,0,0,0,0,0,0,55,1,0,0,0.0,0.0,0.1,5,0,30,47,63.8,3,36,3,2,1,2024-11-10,"['RM', 'RW']",0,0,0,0,0,0,0,0,0,0,1,1,0
Destiny Udogie,Tottenham Hotspur,13,ITA,LB,21,90.0,0,0,0,0,0,0,0,0,61,1,2,4,0.0,0.0,0.1,3,0,47,52,90.4,9,33,2,0,0,2024-11-10,['LB'],0,0,0,0,0,0,1,0,0,0,0,0,0
Radu Drăgușin,Tottenham Hotspur,6,ROU,CB,22,90.0,0,0,0,0,0,0,0,0,93,0,1,1,0.0,0.0,0.0,0,0,73,83,88.0,5,54,2,0,0,2024-11-10,['CB'],0,1,0,0,0,0,0,0,0,0,0,0,0
Cristian Romero,Tottenham Hotspur,17,ARG,CB,26,90.0,0,0,0,0,1,0,0,0,90,0,0,0,0.1,0.1,0.1,2,0,72,84,85.7,6,63,3,0,0,2024-11-10,['CB'],0,1,0,0,0,0,0,0,0,0,0,0,0
Pedro Porro,Tottenham Hotspur,23,ESP,RB,25,90.0,0,1,0,0,0,0,0,0,93,2,2,1,0.0,0.0,0.2,9,2,63,86,73.3,5,55,7,3,1,2024-11-10,['RB'],0,0,0,0,0,0,0,0,0,1,0,0,0
Guglielmo Vicario,Tottenham Hotspur,1,ITA,GK,28,90.0,0,0,0,0,0,0,0,0,24,0,1,0,0.0,0.0,0.0,1,0,22,22,100.0,0,14,0,0,0,2024-11-10,['GK'],0,0,0,0,0,1,0,0,0,0,0,0,0
Liam Delap,Ipswich Town,19,ENG,FW,21,69.0,1,1,0,0,1,1,1,0,16,0,0,0,0.9,0.9,0.3,3,1,5,7,71.4,2,12,2,1,1,2024-11-10,['FW'],0,0,0,0,1,0,0,0,0,0,0,0,0
George Hirst,Ipswich Town,27,ENG,FW,25,21.0,0,0,0,0,0,0,0,0,15,0,0,0,0.0,0.0,0.0,0,0,4,10,40.0,0,8,1,0,0,2024-11-10,['FW'],0,0,0,0,1,0,0,0,0,0,0,0,0
Sammie Szmodics,Ipswich Town,23,IRL,LW,29,70.0,1,0,0,0,2,2,0,0,30,2,0,1,0.4,0.4,0.0,1,0,10,18,55.6,1,15,2,0,0,2024-11-10,['LW'],0,0,0,0,0,0,0,0,1,0,0,0,0
Jack Clarke,Ipswich Town,47,ENG,LW,23,20.0,0,0,0,0,1,0,0,0,14,1,0,1,0.0,0.0,0.0,0,0,6,11,54.5,0,7,0,0,0,2024-11-10,['LW'],0,0,0,0,0,0,0,0,1,0,0,0,0
Ben Johnson,Ipswich Town,18,ENG,RW,24,90.0,0,0,0,0,0,0,1,0,29,3,1,1,0.0,0.0,0.0,2,1,12,17,70.6,1,14,0,1,1,2024-11-10,['RW'],0,0,0,0,0,0,0,0,0,0,0,1,0
Omari Hutchinson,Ipswich Town,20,ENG,AM,21,90.0,0,0,0,0,1,0,1,0,43,2,2,2,0.1,0.1,0.0,3,0,23,27,85.2,3,28,4,9,5,2024-11-10,['AM'],1,0,0,0,0,0,0,0,0,0,0,0,0
Jens Cajuste,Ipswich Town,12,SWE,DM,25,89.0,0,0,0,0,0,0,0,0,33,2,0,4,0.0,0.0,0.0,1,0,15,20,75.0,1,15,1,3,3,2024-11-10,['DM'],0,0,0,1,0,0,0,0,0,0,0,0,0
Massimo Luongo,Ipswich Town,25,AUS,DM,32,1.0,0,0,0,0,0,0,0,0,0,0,0,0,0.0,0.0,0.0,0,0,0,0,80.8,0,0,0,0,0,2024-11-10,['DM'],0,0,0,1,0,0,0,0,0,0,0,0,0
Sam Morsy,Ipswich Town,5,EGY,DM,33,90.0,0,0,0,0,0,0,0,0,44,2,3,2,0.0,0.0,0.0,0,0,31,34,91.2,1,26,0,1,1,2024-11-10,['DM'],0,0,0,1,0,0,0,0,0,0,0,0,0
Leif Davis,Ipswich Town,3,ENG,LB,24,90.0,0,0,0,0,1,0,1,0,48,1,1,0,0.0,0.0,0.2,3,0,24,36,66.7,3,25,2,2,2,2024-11-10,['LB'],0,0,0,0,0,0,1,0,0,0,0,0,0
Cameron Burgess,Ipswich Town,15,AUS,CB,29,90.0,0,0,0,0,1,0,0,0,43,0,2,0,0.1,0.1,0.0,0,0,19,29,65.5,2,20,0,0,0,2024-11-10,['CB'],0,1,0,0,0,0,0,0,0,0,0,0,0
Dara O'Shea,Ipswich Town,26,IRL,CB,25,90.0,0,0,0,0,1,0,0,0,39,2,0,4,0.1,0.1,0.0,0,0,16,23,69.6,0,17,0,0,0,2024-11-10,['CB'],0,1,0,0,0,0,0,0,0,0,0,0,0
Axel Tuanzebe,Ipswich Town,40,COD,RB,26,90.0,0,0,0,0,0,0,1,0,40,2,2,2,0.0,0.0,0.0,0,0,19,35,54.3,0,20,1,0,0,2024-11-10,['RB'],0,0,0,0,0,0,0,0,0,1,0,0,0
Arijanet Muric,Ipswich Town,1,KVX,GK,26,90.0,0,0,0,0,0,0,0,0,52,0,0,0,0.0,0.0,0.0,0,0,26,45,57.8,0,26,0,0,0,2024-11-10,['GK'],0,0,0,0,0,1,0,0,0,0,0,0,0
Nicolas Jackson,Chelsea,15,SEN,FW,23,87.0,0,0,0,0,2,1,0,0,18,1,0,0,0.1,0.1,0.1,5,0,7,11,63.6,2,12,1,2,1,2024-11-10,['FW'],0,0,0,0,1,0,0,0,0,0,0,0,0
Christopher Nkunku,Chelsea,18,FRA,FW,26,3.0,0,0,0,0,0,0,0,0,0,0,0,0,0.0,0.0,0.0,0,0,0,0,80.8,0,1,0,0,0,2024-11-10,['FW'],0,0,0,0,1,0,0,0,0,0,0,0,0
Pedro Neto,Chelsea,7,POR,"LW,RW",24,90.0,1,0,0,0,3,1,1,0,35,1,1,2,0.1,0.1,0.7,4,1,20,23,87.0,1,25,5,1,0,2024-11-10,"['LW', 'RW']",0,0,0,0,0,0,0,0,1,0,0,1,0
Noni Madueke,Chelsea,11,ENG,RW,22,67.0,0,0,0,0,4,0,1,0,27,1,0,1,0.3,0.3,0.4,2,0,16,20,80.0,5,20,6,3,3,2024-11-10,['RW'],0,0,0,0,0,0,0,0,0,0,0,1,0
Mykhailo Mudryk,Chelsea,10,UKR,LW,23,23.0,0,0,0,0,0,0,0,0,9,1,0,1,0.0,0.0,0.0,2,0,4,6,66.7,0,4,1,2,1,2024-11-10,['LW'],0,0,0,0,0,0,0,0,1,0,0,0,0
Cole Palmer,Chelsea,20,ENG,AM,22,90.0,0,0,0,0,4,1,0,0,47,1,0,1,0.2,0.2,0.0,2,0,23,34,67.6,6,28,4,4,1,2024-11-10,['AM'],1,0,0,0,0,0,0,0,0,0,0,0,0
Roméo Lavia,Chelsea,45,BEL,DM,20,67.0,0,0,0,0,0,0,0,0,28,1,0,0,0.0,0.0,0.1,2,0,26,27,96.3,1,22,0,0,0,2024-11-10,['DM'],0,0,0,1,0,0,0,0,0,0,0,0,0
Enzo Fernández,Chelsea,8,ARG,DM,23,23.0,0,1,0,0,0,0,0,0,22,3,0,0,0.0,0.0,0.1,2,1,14,18,77.8,0,6,2,0,0,2024-11-10,['DM'],0,0,0,1,0,0,0,0,0,0,0,0,0
Moisés Caicedo,Chelsea,25,ECU,DM,23,90.0,0,0,0,0,0,0,0,0,63,3,1,3,0.0,0.0,0.0,6,0,52,55,94.5,4,45,0,1,0,2024-11-10,['DM'],0,0,0,1,0,0,0,0,0,0,0,0,0
Marc Cucurella,Chelsea,3,ESP,LB,26,90.0,0,0,0,0,0,0,1,0,55,3,3,3,0.0,0.0,0.0,1,0,39,42,92.9,1,29,1,0,0,2024-11-10,['LB'],0,0,0,0,0,0,1,0,0,0,0,0,0
Levi Colwill,Chelsea,6,ENG,CB,21,90.0,0,0,0,0,0,0,1,0,85,2,1,1,0.0,0.0,0.0,2,0,65,79,82.3,0,53,0,0,0,2024-11-10,['CB'],0,1,0,0,0,0,0,0,0,0,0,0,0
Wesley Fofana,Chelsea,29,FRA,CB,23,90.0,0,0,0,0,1,0,0,0,62,0,0,1,0.4,0.4,0.0,1,0,48,51,94.1,2,37,2,2,1,2024-11-10,['CB'],0,1,0,0,0,0,0,0,0,0,0,0,0
Malo Gusto,Chelsea,27,FRA,RB,21,81.0,0,0,0,0,3,0,0,0,47,1,1,1,0.6,0.6,0.0,3,0,32,38,84.2,3,25,1,0,0,2024-11-10,['RB'],0,0,0,0,0,0,0,0,0,1,0,0,0
Reece James,Chelsea,24,ENG,RB,24,9.0,0,0,0,0,0,0,0,0,4,0,0,0,0.0,0.0,0.0,0,0,2,3,66.7,1,2,0,0,0,2024-11-10,['RB'],0,0,0,0,0,0,0,0,0,1,0,0,0
Robert Sánchez,Chelsea,1,ESP,GK,26,90.0,0,0,0,0,0,0,0,0,42,0,0,0,0.0,0.0,0.0,0,0,28,40,70.0,1,25,0,0,0,2024-11-10,['GK'],0,0,0,0,0,1,0,0,0,0,0,0,0
Kai Havertz,Arsenal,29,GER,FW,25,90.0,0,0,0,0,0,0,1,0,23,1,0,2,0.0,0.0,0.0,1,0,9,12,75.0,3,9,0,1,0,2024-11-10,['FW'],0,0,0,0,1,0,0,0,0,0,0,0,0
Gabriel Martinelli,Arsenal,11,BRA,LW,23,70.0,1,0,0,0,3,2,0,0,24,1,0,1,0.5,0.5,0.0,1,0,11,17,64.7,1,16,2,1,1,2024-11-10,['LW'],0,0,0,0,0,0,0,0,1,0,0,0,0
Leandro Trossard,Arsenal,19,BEL,LW,29,20.0,0,0,0,0,2,0,0,0,11,0,0,0,0.5,0.5,0.1,1,0,5,8,62.5,0,8,1,1,1,2024-11-10,['LW'],0,0,0,0,0,0,0,0,1,0,0,0,0
Bukayo Saka,Arsenal,7,ENG,RW,23,80.0,0,0,0,0,2,0,0,0,32,0,1,1,0.0,0.0,0.0,2,0,14,21,66.7,1,22,3,6,2,2024-11-10,['RW'],0,0,0,0,0,0,0,0,0,0,0,1,0
Gabriel Jesus,Arsenal,9,BRA,RW,27,10.0,0,0,0,0,0,0,0,0,11,0,0,0,0.0,0.0,0.0,0,0,8,10,80.0,0,12,0,1,0,2024-11-10,['RW'],0,0,0,0,0,0,0,0,0,0,0,1,0
Declan Rice,Arsenal,41,ENG,LM,25,70.0,0,0,0,0,0,0,0,0,48,3,0,0,0.0,0.0,0.0,1,0,33,42,78.6,2,24,1,1,1,2024-11-10,['LM'],0,0,0,0,0,0,0,1,0,0,0,0,0
Mikel Merino,Arsenal,23,ESP,LM,28,20.0,0,0,0,0,1,1,0,0,24,0,1,2,0.1,0.1,0.0,1,0,16,19,84.2,3,17,0,2,2,2024-11-10,['LM'],0,0,0,0,0,0,0,1,0,0,0,0,0
Thomas Partey,Arsenal,5,GHA,CM,31,90.0,0,0,0,0,1,0,0,0,71,2,1,0,0.2,0.2,0.0,3,1,58,65,89.2,6,49,0,0,0,2024-11-10,['CM'],0,0,1,0,0,0,0,0,0,0,0,0,0
Martin Ødegaard,Arsenal,8,NOR,RM,25,90.0,0,1,0,0,2,0,0,0,45,2,0,1,0.1,0.1,0.4,5,1,36,40,90.0,10,37,2,1,0,2024-11-10,['RM'],0,0,0,0,0,0,0,0,0,0,1,0,0
Jurriën Timber,Arsenal,12,NED,LB,23,90.0,0,0,0,0,1,0,0,0,32,0,1,2,0.0,0.0,0.0,1,0,19,23,82.6,3,11,1,2,1,2024-11-10,['LB'],0,0,0,0,0,0,1,0,0,0,0,0,0
Gabriel Magalhães,Arsenal,6,BRA,CB,26,90.0,0,0,0,0,0,0,0,0,74,0,0,2,0.0,0.0,0.0,1,0,59,67,88.1,4,42,1,0,0,2024-11-10,['CB'],0,1,0,0,0,0,0,0,0,0,0,0,0
William Saliba,Arsenal,2,FRA,CB,23,90.0,0,0,0,0,0,0,0,0,74,2,0,1,0.0,0.0,0.5,2,0,62,68,91.2,2,51,2,0,0,2024-11-10,['CB'],0,1,0,0,0,0,0,0,0,0,0,0,0
Ben White,Arsenal,4,ENG,RB,27,90.0,0,0,0,0,1,0,1,0,56,1,2,2,0.0,0.0,0.2,2,0,37,46,80.4,4,20,0,0,0,2024-11-10,['RB'],0,0,0,0,0,0,0,0,0,1,0,0,0
David Raya,Arsenal,22,ESP,GK,29,90.0,0,0,0,0,0,0,0,0,40,0,0,0,0.0,0.0,0.0,0,0,33,37,89.2,0,29,0,0,0,2024-11-10,['GK'],0,0,0,0,0,1,0,0,0,0,0,0,0
Jamie Vardy,Leicester City,9,ENG,FW,37,78.0,0,0,0,0,0,0,0,0,13,0,0,1,0.0,0.0,0.0,1,0,6,7,85.7,1,4,0,0,0,2024-11-23,['FW'],0,0,0,0,1,0,0,0,0,0,0,0,0
Patson Daka,Leicester City,20,ZAM,FW,26,12.0,0,0,0,0,1,0,0,0,3,0,0,0,0.1,0.1,0.0,0,0,1,2,50.0,0,3,0,0,0,2024-11-23,['FW'],0,0,0,0,1,0,0,0,0,0,0,0,0
Wilfred Ndidi,Leicester City,6,NGA,FW,27,70.0,0,0,0,0,1,0,1,0,21,1,0,0,0.2,0.2,0.0,0,0,13,17,76.5,1,12,0,1,1,2024-11-23,['FW'],0,0,0,0,1,0,0,0,0,0,0,0,0
Jordan Ayew,Leicester City,18,GHA,FW,33,20.0,1,0,1,1,0,0,0,0,13,0,1,0,0.8,0.0,0.0,0,0,5,6,83.3,0,8,0,3,0,2024-11-23,['FW'],0,0,0,0,1,0,0,0,0,0,0,0,0
Bilal El Khannouss,Leicester City,11,MAR,LM,20,78.0,0,0,0,0,0,0,0,0,42,2,0,0,0.0,0.0,0.0,0,0,22,33,66.7,2,25,3,6,3,2024-11-23,['LM'],0,0,0,0,0,0,0,1,0,0,0,0,0
Bobby Reid,Leicester City,14,JAM,RM,31,12.0,0,0,0,0,0,0,0,0,7,1,0,0,0.0,0.0,0.0,1,1,4,6,66.7,0,5,1,0,0,2024-11-23,['RM'],0,0,0,0,0,0,0,0,0,0,1,0,0
Harry Winks,Leicester City,8,ENG,CM,28,10.0,0,0,0,0,0,0,0,0,5,0,1,0,0.0,0.0,0.0,0,0,1,2,50.0,0,4,0,0,0,2024-11-23,['CM'],0,0,1,0,0,0,0,0,0,0,0,0,0
Oliver Skipp,Leicester City,22,ENG,CM,24,80.0,0,0,0,0,0,0,1,0,36,1,0,1,0.0,0.0,0.0,1,0,24,33,72.7,3,26,2,0,0,2024-11-23,['CM'],0,0,1,0,0,0,0,0,0,0,0,0,0
Boubakary Soumaré,Leicester City,24,FRA,CM,25,90.0,0,0,0,0,0,0,1,0,62,2,0,1,0.0,0.0,0.0,1,0,45,49,91.8,2,41,0,4,0,2024-11-23,['CM'],0,0,1,0,0,0,0,0,0,0,0,0,0
Kasey McAteer,Leicester City,35,IRL,RM,23,70.0,0,0,0,0,1,0,0,0,21,0,0,0,0.0,0.0,0.0,0,0,9,12,75.0,1,14,2,2,1,2024-11-23,['RM'],0,0,0,0,0,0,0,0,0,0,1,0,0
Stephy Mavididi,Leicester City,10,ENG,"LM,RM",26,20.0,0,0,0,0,0,0,0,0,13,1,0,2,0.0,0.0,0.0,2,1,7,7,100.0,3,9,2,2,1,2024-11-23,"['LM', 'RM']",0,0,0,0,0,0,0,1,0,0,1,0,0
Victor Bernth Kristiansen,Leicester City,16,DEN,LB,21,90.0,0,0,0,0,0,0,0,0,50,5,0,1,0.0,0.0,0.3,2,0,31,44,70.5,2,16,0,0,0,2024-11-23,['LB'],0,0,0,0,0,0,1,0,0,0,0,0,0
Caleb Okoli,Leicester City,5,ITA,CB,23,90.0,0,0,0,0,0,0,0,0,66,1,1,3,0.0,0.0,0.0,0,0,40,55,72.7,1,35,0,0,0,2024-11-23,['CB'],0,1,0,0,0,0,0,0,0,0,0,0,0
Wout Faes,Leicester City,3,BEL,CB,26,90.0,0,0,0,0,0,0,1,0,49,1,2,0,0.0,0.0,0.0,0,0,24,35,68.6,1,24,0,0,0,2024-11-23,['CB'],0,1,0,0,0,0,0,0,0,0,0,0,0
James Justin,Leicester City,2,ENG,RB,26,90.0,0,0,0,0,0,0,0,0,60,3,3,6,0.0,0.0,0.0,0,0,33,42,78.6,1,28,2,1,0,2024-11-23,['RB'],0,0,0,0,0,0,0,0,0,1,0,0,0
Mads Hermansen,Leicester City,30,DEN,GK,24,90.0,0,0,0,0,0,0,0,0,39,0,0,0,0.0,0.0,0.0,0,0,21,36,58.3,0,27,0,0,0,2024-11-23,['GK'],0,0,0,0,0,1,0,0,0,0,0,0,0
Nicolas Jackson,Chelsea,15,SEN,FW,23,89.0,1,0,0,0,3,3,0,0,26,2,1,0,0.4,0.4,0.4,4,2,7,9,77.8,0,13,2,2,1,2024-11-23,['FW'],0,0,0,0,1,0,0,0,0,0,0,0,0
Kiernan Dewsbury-Hall,Chelsea,22,ENG,AM,26,1.0,0,0,0,0,0,0,0,0,0,0,0,0,0.0,0.0,0.0,0,0,0,0,80.8,0,0,0,0,0,2024-11-23,['AM'],1,0,0,0,0,0,0,0,0,0,0,0,0
João Félix,Chelsea,14,POR,LW,25,80.0,0,0,0,0,3,0,0,0,60,3,0,1,0.1,0.1,0.1,3,0,37,44,84.1,3,41,3,9,4,2024-11-23,['LW'],0,0,0,0,0,0,0,0,1,0,0,0,0
Christopher Nkunku,Chelsea,18,FRA,LW,27,10.0,0,0,0,0,1,0,0,0,9,0,0,0,0.1,0.1,0.0,0,0,6,6,100.0,1,5,0,1,0,2024-11-23,['LW'],0,0,0,0,0,0,0,0,1,0,0,0,0
Noni Madueke,Chelsea,11,ENG,RW,22,84.0,0,0,0,0,3,2,0,0,40,1,0,0,0.5,0.5,0.1,3,0,23,30,76.7,6,29,7,6,2,2024-11-23,['RW'],0,0,0,0,0,0,0,0,0,0,0,1,0
Jadon Sancho,Chelsea,19,ENG,RW,24,6.0,0,0,0,0,0,0,0,0,4,0,0,0,0.0,0.0,0.0,0,0,2,3,66.7,0,3,0,1,1,2024-11-23,['RW'],0,0,0,0,0,0,0,0,0,0,0,1,0
Cole Palmer,Chelsea,20,ENG,"AM,FW",22,90.0,0,0,0,0,2,0,0,0,58,0,0,1,0.9,0.9,0.1,4,0,33,48,68.8,12,31,2,2,0,2024-11-23,"['AM', 'FW']",1,0,0,0,1,0,0,0,0,0,0,0,0
Enzo Fernández,Chelsea,8,ARG,DM,23,90.0,1,1,0,0,3,1,0,0,81,5,1,3,0.9,0.9,0.3,8,1,50,62,80.6,6,40,0,2,0,2024-11-23,['DM'],0,0,0,1,0,0,0,0,0,0,0,0,0
Moisés Caicedo,Chelsea,25,ECU,DM,23,80.0,0,0,0,0,1,0,1,0,82,3,1,0,0.1,0.1,0.0,3,0,67,71,94.4,5,50,1,2,1,2024-11-23,['DM'],0,0,0,1,0,0,0,0,0,0,0,0,0
Roméo Lavia,Chelsea,45,BEL,DM,20,10.0,0,0,0,0,0,0,1,0,6,0,0,0,0.0,0.0,0.0,0,0,5,6,83.3,0,2,0,0,0,2024-11-23,['DM'],0,0,0,1,0,0,0,0,0,0,0,0,0
Marc Cucurella,Chelsea,3,ESP,LB,26,90.0,0,0,0,0,0,0,0,0,73,3,2,1,0.0,0.0,0.2,1,0,53,65,81.5,2,40,1,1,0,2024-11-23,['LB'],0,0,0,0,0,0,1,0,0,0,0,0,0
Benoît Badiashile,Chelsea,5,FRA,CB,23,90.0,0,0,0,0,0,0,0,0,110,0,4,1,0.0,0.0,0.0,0,0,92,103,89.3,9,66,2,1,0,2024-11-23,['CB'],0,1,0,0,0,0,0,0,0,0,0,0,0
Levi Colwill,Chelsea,6,ENG,CB,21,90.0,0,0,0,0,0,0,0,0,94,0,0,1,0.0,0.0,0.0,0,0,84,93,90.3,7,64,0,0,0,2024-11-23,['CB'],0,1,0,0,0,0,0,0,0,0,0,0,0
Wesley Fofana,Chelsea,29,FRA,RB,23,90.0,0,0,0,0,0,0,0,0,80,1,0,0,0.0,0.0,0.0,0,0,66,74,89.2,6,46,5,2,1,2024-11-23,['RB'],0,0,0,0,0,0,0,0,0,1,0,0,0
Robert Sánchez,Chelsea,1,ESP,GK,27,90.0,0,0,0,0,0,0,1,0,32,0,0,0,0.0,0.0,0.0,0,0,20,31,64.5,0,21,0,0,0,2024-11-23,['GK'],0,0,0,0,0,1,0,0,0,0,0,0,0
Gabriel Jesus,Arsenal,9,BRA,FW,27,90.0,0,0,0,0,1,0,1,0,34,1,0,0,0.1,0.1,0.1,3,0,22,26,84.6,4,18,0,1,0,2024-11-23,['FW'],0,0,0,0,1,0,0,0,0,0,0,0,0
Leandro Trossard,Arsenal,19,BEL,LW,29,90.0,0,0,0,0,3,2,0,0,54,1,0,1,0.2,0.2,0.1,4,0,26,40,65.0,7,30,5,6,2,2024-11-23,['LW'],0,0,0,0,0,0,0,0,1,0,0,0,0
Bukayo Saka,Arsenal,7,ENG,RW,23,82.0,1,1,0,0,6,2,1,0,61,0,0,1,0.3,0.3,0.3,10,2,38,46,82.6,7,40,12,6,2,2024-11-23,['RW'],0,0,0,0,0,0,0,0,0,0,0,1,0
Raheem Sterling,Arsenal,30,ENG,RW,29,8.0,0,1,0,0,0,0,0,0,7,1,0,0,0.0,0.0,0.1,1,1,4,5,80.0,0,5,0,0,0,2024-11-23,['RW'],0,0,0,0,0,0,0,0,0,0,0,1,0
Mikel Merino,Arsenal,23,ESP,LM,28,90.0,0,0,0,0,1,0,0,0,48,3,2,2,0.0,0.0,0.0,0,0,29,36,80.6,2,28,0,0,0,2024-11-23,['LM'],0,0,0,0,0,0,0,1,0,0,0,0,0
Jorginho,Arsenal,20,ITA,CM,32,45.0,0,0,0,0,0,0,1,0,34,0,0,0,0.0,0.0,0.1,1,0,29,33,87.9,4,22,0,0,0,2024-11-23,['CM'],0,0,1,0,0,0,0,0,0,0,0,0,0
Thomas Partey,Arsenal,5,GHA,CM,31,45.0,1,0,0,0,2,1,0,0,43,4,1,0,0.1,0.1,0.0,0,0,33,34,97.1,4,25,1,0,0,2024-11-23,['CM'],0,0,1,0,0,0,0,0,0,0,0,0,0
Martin Ødegaard,Arsenal,8,NOR,RM,25,81.0,0,1,0,0,2,0,0,0,78,0,0,1,0.3,0.3,0.2,10,2,61,70,87.1,14,59,4,4,3,2024-11-23,['RM'],0,0,0,0,0,0,0,0,0,0,1,0,0
Ethan Nwaneri,Arsenal,53,ENG,RM,17,9.0,1,0,0,0,2,1,0,0,15,0,0,0,0.1,0.1,0.1,3,1,12,12,100.0,2,11,1,1,1,2024-11-23,['RM'],0,0,0,0,0,0,0,0,0,0,1,0,0
Riccardo Calafiori,Arsenal,33,ITA,LB,22,66.0,0,0,0,0,0,0,0,0,39,2,1,0,0.0,0.0,0.0,0,0,30,33,90.9,1,16,2,0,0,2024-11-23,['LB'],0,0,0,0,0,0,1,0,0,0,0,0,0
Oleksandr Zinchenko,Arsenal,17,UKR,LB,27,24.0,0,0,0,0,0,0,0,0,15,0,0,0,0.0,0.0,0.0,0,0,11,14,78.6,1,10,0,0,0,2024-11-23,['LB'],0,0,0,0,0,0,1,0,0,0,0,0,0
Gabriel Magalhães,Arsenal,6,BRA,CB,26,90.0,0,0,0,0,1,0,0,0,93,1,0,0,0.1,0.1,0.0,1,0,84,87,96.6,6,55,1,0,0,2024-11-23,['CB'],0,1,0,0,0,0,0,0,0,0,0,0,0
William Saliba,Arsenal,2,FRA,"CB,RB",23,90.0,0,0,0,0,0,0,0,0,105,2,0,1,0.0,0.0,0.0,1,0,96,98,98.0,7,67,0,0,0,2024-11-23,"['CB', 'RB']",0,1,0,0,0,0,0,0,0,1,0,0,0
Jurriën Timber,Arsenal,12,NED,RB,23,87.0,0,0,0,0,1,0,0,0,64,0,0,0,0.0,0.0,0.1,3,0,52,58,89.7,5,33,1,1,0,2024-11-23,['RB'],0,0,0,0,0,0,0,0,0,1,0,0,0
Jakub Kiwior,Arsenal,15,POL,CB,24,3.0,0,0,0,0,0,0,0,0,3,0,0,0,0.0,0.0,0.0,0,0,3,3,100.0,0,2,0,0,0,2024-11-23,['CB'],0,1,0,0,0,0,0,0,0,0,0,0,0
David Raya,Arsenal,22,ESP,GK,29,90.0,0,0,0,0,0,0,0,0,37,0,0,0,0.0,0.0,0.0,0,0,30,36,83.3,0,27,0,0,0,2024-11-23,['GK'],0,0,0,0,0,1,0,0,0,0,0,0,0
Taiwo Awoniyi,Nottingham Forest,9,NGA,FW,27,62.0,0,0,0,0,0,0,0,0,17,1,0,0,0.0,0.0,0.0,0,0,6,9,66.7,0,7,0,1,0,2024-11-23,['FW'],0,0,0,0,1,0,0,0,0,0,0,0,0
Chris Wood,Nottingham Forest,11,NZL,FW,32,28.0,0,0,0,0,0,0,0,0,11,0,0,0,0.0,0.0,0.0,1,0,5,8,62.5,0,4,1,0,0,2024-11-23,['FW'],0,0,0,0,1,0,0,0,0,0,0,0,0
Callum Hudson-Odoi,Nottingham Forest,14,ENG,LW,24,90.0,0,0,0,0,1,0,0,0,30,2,0,0,0.0,0.0,0.0,1,0,20,25,80.0,3,19,6,2,2,2024-11-23,['LW'],0,0,0,0,0,0,0,0,1,0,0,0,0
Anthony Elanga,Nottingham Forest,21,SWE,RW,22,45.0,0,0,0,0,0,0,0,0,15,0,0,0,0.0,0.0,0.0,1,0,7,10,70.0,0,7,1,1,0,2024-11-23,['RW'],0,0,0,0,0,0,0,0,0,0,0,1,0
Jota Silva,Nottingham Forest,20,POR,"AM,RW",25,45.0,0,0,0,0,1,0,0,0,16,0,1,0,0.1,0.1,0.0,1,0,5,8,62.5,1,12,0,3,0,2024-11-23,"['AM', 'RW']",1,0,0,0,0,0,0,0,0,0,0,1,0
Ryan Yates,Nottingham Forest,22,ENG,"AM,DM",27,90.0,0,0,0,0,2,0,1,0,39,1,2,1,0.1,0.1,0.0,1,0,25,31,80.6,4,12,0,1,0,2024-11-23,"['AM', 'DM']",1,0,0,1,0,0,0,0,0,0,0,0,0
Nicolás Domínguez,Nottingham Forest,16,ARG,DM,26,62.0,0,0,0,0,1,0,0,0,39,2,3,1,0.0,0.0,0.0,0,0,23,28,82.1,0,13,0,2,1,2024-11-23,['DM'],0,0,0,1,0,0,0,0,0,0,0,0,0
Ramón Sosa,Nottingham Forest,24,PAR,RW,25,28.0,0,0,0,0,0,0,0,0,6,0,0,0,0.0,0.0,0.1,2,0,4,6,66.7,0,7,0,1,1,2024-11-23,['RW'],0,0,0,0,0,0,0,0,0,0,0,1,0
James Ward-Prowse,Nottingham Forest,18,ENG,DM,30,90.0,0,0,0,0,0,0,0,0,38,1,0,0,0.0,0.0,0.1,3,0,28,33,84.8,4,13,0,0,0,2024-11-23,['DM'],0,0,0,1,0,0,0,0,0,0,0,0,0
Álex Moreno,Nottingham Forest,19,ESP,LB,31,72.0,0,0,0,0,0,0,0,0,25,4,1,1,0.0,0.0,0.0,0,0,13,18,72.2,1,7,1,1,0,2024-11-23,['LB'],0,0,0,0,0,0,1,0,0,0,0,0,0
Neco Williams,Nottingham Forest,7,WAL,LB,23,18.0,0,0,0,0,0,0,0,0,9,1,0,0,0.0,0.0,0.0,0,0,5,6,83.3,4,3,2,1,0,2024-11-23,['LB'],0,0,0,0,0,0,1,0,0,0,0,0,0
Murillo,Nottingham Forest,5,BRA,CB,22,90.0,0,0,0,0,1,0,0,0,58,1,0,5,0.0,0.0,0.0,2,0,38,45,84.4,3,27,0,0,0,2024-11-23,['CB'],0,1,0,0,0,0,0,0,0,0,0,0,0
Nikola Milenković,Nottingham Forest,31,SRB,CB,27,90.0,0,0,0,0,1,0,0,0,39,1,1,2,0.0,0.0,0.0,0,0,29,32,90.6,1,20,0,0,0,2024-11-23,['CB'],0,1,0,0,0,0,0,0,0,0,0,0,0
Ola Aina,Nottingham Forest,34,NGA,RB,28,90.0,0,0,0,0,0,0,1,0,49,2,2,0,0.0,0.0,0.0,1,0,29,41,70.7,3,22,2,1,0,2024-11-23,['RB'],0,0,0,0,0,0,0,0,0,1,0,0,0
Matz Sels,Nottingham Forest,26,BEL,GK,32,90.0,0,0,0,0,0,0,0,0,31,0,0,0,0.0,0.0,0.0,0,0,16,27,59.3,0,9,0,0,0,2024-11-23,['GK'],0,0,0,0,0,1,0,0,0,0,0,0,0
Evanilson,Bournemouth,9,BRA,FW,25,90.0,0,0,0,0,5,2,0,0,16,1,0,0,0.5,0.5,0.0,1,0,7,8,87.5,0,11,2,0,0,2024-11-23,['FW'],0,0,0,0,1,0,0,0,0,0,0,0,0
Antoine Semenyo,Bournemouth,24,GHA,"LW,RW",24,90.0,0,0,0,0,5,1,1,0,57,1,0,1,0.3,0.3,0.2,3,0,32,41,78.0,3,40,3,5,2,2024-11-23,"['LW', 'RW']",0,0,0,0,0,0,0,0,1,0,0,1,0
Marcus Tavernier,Bournemouth,16,ENG,"RW,DM",25,90.0,0,0,0,0,1,0,0,0,65,2,0,1,0.0,0.0,0.1,5,1,42,53,79.2,6,45,1,3,2,2024-11-23,"['RW', 'DM']",0,0,0,1,0,0,0,0,0,0,0,1,0
Justin Kluivert,Bournemouth,19,NED,AM,25,74.0,0,0,0,0,3,1,0,0,27,0,0,0,0.2,0.2,0.2,3,0,14,21,66.7,2,17,0,2,0,2024-11-23,['AM'],1,0,0,0,0,0,0,0,0,0,0,0,0
David Brooks,Bournemouth,7,WAL,"RW,AM",27,16.0,1,0,0,0,2,1,0,0,27,0,1,0,0.1,0.1,0.3,4,0,17,23,73.9,2,20,4,0,0,2024-11-23,"['RW', 'AM']",1,0,0,0,0,0,0,0,0,0,0,1,0
Lewis Cook,Bournemouth,4,ENG,DM,27,90.0,0,0,0,0,0,0,1,0,54,1,1,0,0.0,0.0,0.2,5,0,38,49,77.6,7,34,0,0,0,2024-11-23,['DM'],0,0,0,1,0,0,0,0,0,0,0,0,0
Tyler Adams,Bournemouth,12,USA,DM,25,64.0,0,0,0,0,0,0,0,0,47,5,2,0,0.0,0.0,0.0,1,0,36,39,92.3,4,35,0,1,0,2024-11-23,['DM'],0,0,0,1,0,0,0,0,0,0,0,0,0
Dango Ouattara,Bournemouth,11,BFA,"LB,LW",22,26.0,0,0,0,0,0,0,0,0,23,2,1,0,0.0,0.0,0.2,1,0,11,15,73.3,1,9,1,1,0,2024-11-23,"['LB', 'LW']",0,0,0,0,0,0,1,0,1,0,0,0,0
Milos Kerkez,Bournemouth,3,HUN,LB,21,80.0,0,0,0,0,0,0,0,0,49,3,1,2,0.0,0.0,0.3,2,0,35,41,85.4,6,35,6,0,0,2024-11-23,['LB'],0,0,0,0,0,0,1,0,0,0,0,0,0
Enes Ünal,Bournemouth,26,TUR,AM,27,10.0,0,1,0,0,1,0,0,0,8,0,0,0,0.2,0.2,0.1,1,1,3,5,60.0,0,7,0,2,0,2024-11-23,['AM'],1,0,0,0,0,0,0,0,0,0,0,0,0
Marcos Senesi,Bournemouth,5,ARG,CB,27,64.0,0,0,0,0,0,0,0,0,57,2,0,0,0.0,0.0,0.0,1,0,39,52,75.0,3,44,1,1,0,2024-11-23,['CB'],0,1,0,0,0,0,0,0,0,0,0,0,0
Dean Huijsen,Bournemouth,2,ESP,CB,19,26.0,0,0,0,0,2,0,0,0,43,1,1,0,0.2,0.2,0.0,1,0,31,37,83.8,5,30,1,0,0,2024-11-23,['CB'],0,1,0,0,0,0,0,0,0,0,0,0,0
Illia Zabarnyi,Bournemouth,27,UKR,CB,22,90.0,0,0,0,0,0,0,0,0,83,0,2,0,0.0,0.0,0.0,4,0,67,77,87.0,10,73,3,2,1,2024-11-23,['CB'],0,1,0,0,0,0,0,0,0,0,0,0,0
Adam Smith,Bournemouth,15,ENG,RB,33,74.0,0,0,0,0,0,0,0,0,33,2,1,1,0.0,0.0,0.0,0,0,23,27,85.2,3,18,0,1,0,2024-11-23,['RB'],0,0,0,0,0,0,0,0,0,1,0,0,0
Max Aarons,Bournemouth,37,ENG,RB,24,16.0,0,0,0,0,0,0,0,0,21,0,0,0,0.0,0.0,0.0,2,0,17,20,85.0,4,17,1,0,0,2024-11-23,['RB'],0,0,0,0,0,0,0,0,0,1,0,0,0
Kepa Arrizabalaga,Bournemouth,13,ESP,GK,30,90.0,0,0,0,0,0,0,0,0,36,0,0,0,0.0,0.0,0.0,0,0,30,34,88.2,0,24,0,0,0,2024-11-23,['GK'],0,0,0,0,0,1,0,0,0,0,0,0,0
Danny Welbeck,Brighton & Hove Albion,18,ENG,FW,33,85.0,0,0,0,0,0,0,0,0,39,2,1,0,0.0,0.0,0.1,4,1,24,28,85.7,2,30,1,0,0,2024-11-23,['FW'],0,0,0,0,1,0,0,0,0,0,0,0,0
Evan Ferguson,Brighton & Hove Albion,28,IRL,FW,20,5.0,0,0,0,0,0,0,0,0,7,2,0,0,0.0,0.0,0.0,0,0,2,3,66.7,0,2,0,0,0,2024-11-23,['FW'],0,0,0,0,1,0,0,0,0,0,0,0,0
Kaoru Mitoma,Brighton & Hove Albion,22,JPN,LW,27,90.0,1,0,0,0,1,1,0,0,39,0,0,0,0.4,0.4,0.0,0,0,24,30,80.0,3,30,1,2,0,2024-11-23,['LW'],0,0,0,0,0,0,0,0,1,0,0,0,0
Georginio Rutter,Brighton & Hove Albion,14,FRA,RW,22,63.0,0,0,0,0,2,1,1,0,25,0,1,0,0.2,0.2,0.0,2,1,7,18,38.9,0,17,1,2,0,2024-11-23,['RW'],0,0,0,0,0,0,0,0,0,0,0,1,0
Simon Adingra,Brighton & Hove Albion,11,CIV,RW,22,27.0,0,0,0,0,0,0,0,0,14,2,0,0,0.0,0.0,0.0,0,0,6,8,75.0,1,10,3,2,1,2024-11-23,['RW'],0,0,0,0,0,0,0,0,0,0,0,1,0
João Pedro,Brighton & Hove Albion,9,BRA,AM,23,63.0,1,1,0,0,1,1,0,0,38,1,0,0,0.3,0.3,0.6,2,1,22,31,71.0,3,29,2,1,1,2024-11-23,['AM'],1,0,0,0,0,0,0,0,0,0,0,0,0
Mats Wieffer,Brighton & Hove Albion,27,NED,DM,25,27.0,0,0,0,0,0,0,0,0,17,2,1,0,0.0,0.0,0.0,1,0,9,13,69.2,0,6,0,0,0,2024-11-23,['DM'],0,0,0,1,0,0,0,0,0,0,0,0,0
Yasin Ayari,Brighton & Hove Albion,26,SWE,DM,21,75.0,0,0,0,0,0,0,0,0,55,3,0,0,0.0,0.0,0.0,2,0,42,45,93.3,1,41,1,3,2,2024-11-23,['DM'],0,0,0,1,0,0,0,0,0,0,0,0,0
Matt O'Riley,Brighton & Hove Albion,33,DEN,DM,24,15.0,0,0,0,0,1,0,0,0,11,0,0,1,0.0,0.0,0.0,0,0,6,7,85.7,1,4,0,0,0,2024-11-23,['DM'],0,0,0,1,0,0,0,0,0,0,0,0,0
Carlos Baleba,Brighton & Hove Albion,20,CMR,DM,20,58.0,0,0,0,0,0,0,2,1,45,1,1,1,0.0,0.0,0.0,0,0,37,39,94.9,5,33,2,1,0,2024-11-23,['DM'],0,0,0,1,0,0,0,0,0,0,0,0,0
Pervis Estupiñán,Brighton & Hove Albion,30,ECU,LB,26,90.0,0,0,0,0,0,0,0,0,70,2,1,0,0.0,0.0,0.0,0,0,50,58,86.2,2,39,2,3,2,2024-11-23,['LB'],0,0,0,0,0,0,1,0,0,0,0,0,0
Igor,Brighton & Hove Albion,3,BRA,CB,26,90.0,0,0,0,0,0,0,0,0,65,1,0,2,0.0,0.0,0.0,0,0,46,54,85.2,2,42,0,0,0,2024-11-23,['CB'],0,1,0,0,0,0,0,0,0,0,0,0,0
Jan Paul van Hecke,Brighton & Hove Albion,29,NED,CB,24,90.0,0,0,0,0,1,1,1,0,46,1,0,2,0.0,0.0,0.0,0,0,29,37,78.4,4,21,2,0,0,2024-11-23,['CB'],0,1,0,0,0,0,0,0,0,0,0,0,0
Joël Veltman,Brighton & Hove Albion,34,NED,RB,32,90.0,0,0,0,0,0,0,0,0,39,3,1,1,0.0,0.0,0.0,0,0,16,23,69.6,1,12,1,2,1,2024-11-23,['RB'],0,0,0,0,0,0,0,0,0,1,0,0,0
Bart Verbruggen,Brighton & Hove Albion,1,NED,GK,22,90.0,0,0,0,0,0,0,0,0,55,0,0,0,0.0,0.0,0.0,0,0,38,52,73.1,0,32,0,1,1,2024-11-23,['GK'],0,0,0,0,0,1,0,0,0,0,0,0,0
Ollie Watkins,Aston Villa,11,ENG,FW,28,90.0,1,0,0,0,5,2,0,0,26,0,0,1,1.3,1.3,0.0,3,1,9,12,75.0,0,15,3,3,1,2024-11-23,['FW'],0,0,0,0,1,0,0,0,0,0,0,0,0
John McGinn,Aston Villa,7,SCO,LW,30,68.0,0,1,0,0,3,0,0,0,37,1,0,0,0.4,0.4,1.1,4,1,25,30,83.3,7,23,0,2,0,2024-11-23,['LW'],0,0,0,0,0,0,0,0,1,0,0,0,0
Jhon Durán,Aston Villa,9,COL,LW,20,22.0,0,0,0,0,1,0,0,0,6,0,0,0,0.0,0.0,0.1,1,0,3,3,100.0,1,2,1,0,0,2024-11-23,['LW'],0,0,0,0,0,0,0,0,1,0,0,0,0
Leon Bailey,Aston Villa,31,JAM,RW,27,81.0,0,0,0,0,1,0,0,0,45,0,0,3,0.1,0.1,0.2,3,0,22,32,68.8,1,30,5,3,0,2024-11-23,['RW'],0,0,0,0,0,0,0,0,0,0,0,1,0
Jaden Philogene Bidace,Aston Villa,19,ENG,RW,22,9.0,0,0,0,0,0,0,0,0,9,0,0,1,0.0,0.0,0.0,0,0,1,4,25.0,0,4,1,1,0,2024-11-23,['RW'],0,0,0,0,0,0,0,0,0,0,0,1,0
Morgan Rogers,Aston Villa,27,ENG,AM,22,81.0,0,0,0,0,1,0,0,0,46,2,0,0,0.2,0.2,0.1,3,0,20,31,64.5,4,26,2,5,2,2024-11-23,['AM'],1,0,0,0,0,0,0,0,0,0,0,0,0
Emi Buendía,Aston Villa,10,ARG,AM,27,9.0,0,0,0,0,0,0,1,0,12,0,0,2,0.0,0.0,0.0,1,0,5,8,62.5,1,4,0,0,0,2024-11-23,['AM'],1,0,0,0,0,0,0,0,0,0,0,0,0
Youri Tielemans,Aston Villa,8,BEL,DM,27,90.0,0,1,0,1,0,0,0,0,98,1,0,0,0.8,0.0,0.3,3,1,81,94,86.2,10,53,2,0,0,2024-11-23,['DM'],0,0,0,1,0,0,0,0,0,0,0,0,0
Ross Barkley,Aston Villa,6,ENG,DM,30,90.0,1,0,0,0,2,1,0,0,68,1,1,1,0.2,0.2,0.0,1,1,49,62,79.0,6,38,2,3,3,2024-11-23,['DM'],0,0,0,1,0,0,0,0,0,0,0,0,0
Ian Maatsen,Aston Villa,22,NED,LB,22,68.0,0,0,0,0,2,1,1,0,57,0,1,1,0.1,0.1,0.1,4,0,44,51,86.3,3,30,1,1,1,2024-11-23,['LB'],0,0,0,0,0,0,1,0,0,0,0,0,0
Lucas Digne,Aston Villa,12,FRA,LB,31,22.0,0,0,0,0,0,0,0,0,24,1,0,0,0.0,0.0,0.0,0,0,16,22,72.7,0,15,0,1,1,2024-11-23,['LB'],0,0,0,0,0,0,1,0,0,0,0,0,0
Pau Torres,Aston Villa,14,ESP,CB,27,90.0,0,0,0,0,0,0,0,0,96,2,0,0,0.0,0.0,0.0,0,0,85,93,91.4,10,61,2,1,1,2024-11-23,['CB'],0,1,0,0,0,0,0,0,0,0,0,0,0
Diego Carlos,Aston Villa,3,BRA,CB,31,90.0,0,0,0,0,1,0,1,0,102,0,1,1,0.1,0.1,0.0,0,0,85,94,90.4,13,72,2,1,1,2024-11-23,['CB'],0,1,0,0,0,0,0,0,0,0,0,0,0
Lamare Bogarde,Aston Villa,26,NED,RB,20,45.0,0,0,0,0,0,0,0,0,41,0,0,1,0.0,0.0,0.0,1,0,34,39,87.2,2,23,4,1,1,2024-11-23,['RB'],0,0,0,0,0,0,0,0,0,1,0,0,0
Matty Cash,Aston Villa,2,POL,RB,27,45.0,0,0,0,0,0,0,0,0,50,1,1,0,0.0,0.0,0.0,1,0,40,46,87.0,2,33,1,2,1,2024-11-23,['RB'],0,0,0,0,0,0,0,0,0,1,0,0,0
Emiliano Martínez,Aston Villa,23,ARG,GK,32,90.0,0,0,0,0,0,0,0,0,38,0,0,0,0.0,0.0,0.0,0,0,35,37,94.6,0,24,0,0,0,2024-11-23,['GK'],0,0,0,0,0,1,0,0,0,0,0,0,0
Jean-Philippe Mateta,Crystal Palace,14,FRA,FW,27,90.0,0,1,0,0,2,1,0,0,31,1,0,1,0.1,0.1,0.5,3,1,13,20,65.0,3,19,4,2,2,2024-11-23,['FW'],0,0,0,0,1,0,0,0,0,0,0,0,0
Justin Devenny,Crystal Palace,55,NIR,AM,21,73.0,1,0,0,0,2,1,0,0,20,1,0,1,0.3,0.3,0.0,0,0,10,14,71.4,1,8,1,0,0,2024-11-23,['AM'],1,0,0,0,0,0,0,0,0,0,0,0,0
Jeffrey Schlupp,Crystal Palace,15,GHA,AM,31,17.0,0,0,0,0,1,1,0,0,8,0,0,2,0.0,0.0,0.0,1,0,1,3,33.3,0,2,1,0,0,2024-11-23,['AM'],1,0,0,0,0,0,0,0,0,0,0,0,0
Ismaila Sarr,Crystal Palace,7,SEN,AM,26,89.0,1,1,0,0,4,3,0,0,34,1,0,1,0.7,0.7,0.2,4,1,11,19,57.9,1,21,6,3,1,2024-11-23,['AM'],1,0,0,0,0,0,0,0,0,0,0,0,0
Nathaniel Clyne,Crystal Palace,17,ENG,WB,33,1.0,0,0,0,0,0,0,0,0,4,0,0,0,0.0,0.0,0.0,0,0,1,4,25.0,0,2,1,0,0,2024-11-23,['WB'],0,0,0,0,0,0,0,0,0,0,0,0,1
Cheick Doucouré,Crystal Palace,28,MLI,CM,24,63.0,0,0,0,0,0,0,0,0,32,0,3,2,0.0,0.0,0.0,1,1,18,22,81.8,1,14,0,1,0,2024-11-23,['CM'],0,0,1,0,0,0,0,0,0,0,0,0,0
Jefferson Lerma,Crystal Palace,8,COL,CM,30,27.0,0,0,0,0,1,0,0,0,11,0,0,0,0.0,0.0,0.0,0,0,8,9,88.9,0,6,0,0,0,2024-11-23,['CM'],0,0,1,0,0,0,0,0,0,0,0,0,0
Will Hughes,Crystal Palace,19,ENG,CM,29,89.0,0,0,0,0,0,0,0,0,40,6,0,0,0.0,0.0,0.1,4,0,20,31,64.5,3,12,1,0,0,2024-11-23,['CM'],0,0,1,0,0,0,0,0,0,0,0,0,0
Chris Richards,Crystal Palace,26,USA,CM,24,1.0,0,0,0,0,0,0,0,0,5,0,0,0,0.0,0.0,0.0,1,0,3,5,60.0,0,0,0,0,0,2024-11-23,['CM'],0,0,1,0,0,0,0,0,0,0,0,0,0
Tyrick Mitchell,Crystal Palace,3,ENG,WB,25,90.0,0,0,0,0,1,0,1,0,44,2,1,3,0.0,0.0,0.1,2,0,20,33,60.6,3,21,1,1,0,2024-11-23,['WB'],0,0,0,0,0,0,0,0,0,0,0,0,1
Daniel Muñoz,Crystal Palace,12,COL,"WB,AM",28,90.0,0,0,0,0,1,0,0,0,47,3,1,2,0.0,0.0,0.1,3,0,16,29,55.2,2,9,1,1,0,2024-11-23,"['WB', 'AM']",1,0,0,0,0,0,0,0,0,0,0,0,1
Marc Guéhi,Crystal Palace,6,ENG,CB,24,90.0,0,0,0,0,0,0,0,0,40,3,0,1,0.0,0.0,0.0,2,1,27,31,87.1,3,17,0,0,0,2024-11-23,['CB'],0,1,0,0,0,0,0,0,0,0,0,0,0
Maxence Lacroix,Crystal Palace,5,FRA,CB,24,90.0,0,0,0,0,1,0,0,0,41,5,3,1,0.1,0.1,0.0,0,0,16,23,69.6,2,11,0,0,0,2024-11-23,['CB'],0,1,0,0,0,0,0,0,0,0,0,0,0
Trevoh Chalobah,Crystal Palace,27,ENG,CB,25,90.0,0,0,0,0,0,0,1,0,36,1,2,3,0.0,0.0,0.0,0,0,16,24,66.7,1,11,0,0,0,2024-11-23,['CB'],0,1,0,0,0,0,0,0,0,0,0,0,0
Dean Henderson,Crystal Palace,1,ENG,GK,27,90.0,0,0,0,0,0,0,0,0,30,0,0,0,0.0,0.0,0.0,0,0,13,26,50.0,0,13,0,0,0,2024-11-23,['GK'],0,0,0,0,0,1,0,0,0,0,0,0,0
Dominic Calvert-Lewin,Everton,9,ENG,FW,27,90.0,0,0,0,0,5,2,0,0,21,0,0,0,0.2,0.2,0.0,1,0,6,10,60.0,0,14,4,1,0,2024-11-23,['FW'],0,0,0,0,1,0,0,0,0,0,0,0,0
Iliman Ndiaye,Everton,10,SEN,"LW,RW",24,90.0,0,0,0,0,3,0,0,0,53,0,0,2,0.1,0.1,0.2,8,0,34,40,85.0,3,26,4,5,4,2024-11-23,"['LW', 'RW']",0,0,0,0,0,0,0,0,1,0,0,1,0
Jesper Lindstrøm,Everton,29,DEN,RW,24,71.0,0,0,0,0,2,0,0,0,38,2,0,0,0.1,0.1,0.1,3,0,19,27,70.4,3,19,5,1,0,2024-11-23,['RW'],0,0,0,0,0,0,0,0,0,0,0,1,0
Beto,Everton,14,GNB,AM,26,19.0,0,0,0,0,4,1,0,0,10,0,0,0,0.4,0.4,0.0,0,0,3,4,75.0,0,5,0,1,1,2024-11-23,['AM'],1,0,0,0,0,0,0,0,0,0,0,0,0
Dwight McNeil,Everton,7,ENG,"AM,LW",25,90.0,0,0,0,0,5,1,0,0,76,0,0,0,0.2,0.2,0.1,9,0,51,62,82.3,7,49,6,5,2,2024-11-23,"['AM', 'LW']",1,0,0,0,0,0,0,0,1,0,0,0,0
Idrissa Gana Gueye,Everton,27,SEN,DM,35,90.0,0,0,0,0,4,1,0,0,89,5,0,1,0.1,0.1,0.2,7,0,64,75,85.3,13,43,4,1,1,2024-11-23,['DM'],0,0,0,1,0,0,0,0,0,0,0,0,0
Abdoulaye Doucouré,Everton,16,MLI,DM,31,71.0,0,0,0,0,0,0,0,0,38,1,0,1,0.0,0.0,0.0,3,0,28,34,82.4,2,26,0,0,0,2024-11-23,['DM'],0,0,0,1,0,0,0,0,0,0,0,0,0
Orel Mangala,Everton,8,BEL,DM,26,19.0,0,0,0,0,0,0,0,0,20,0,0,0,0.0,0.0,0.0,0,0,17,19,89.5,2,13,0,0,0,2024-11-23,['DM'],0,0,0,1,0,0,0,0,0,0,0,0,0
Vitaliy Mykolenko,Everton,19,UKR,LB,25,90.0,0,0,0,0,3,0,0,0,69,2,1,0,0.2,0.2,0.0,3,0,42,55,76.4,5,30,2,1,1,2024-11-23,['LB'],0,0,0,0,0,0,1,0,0,0,0,0,0
Jarrad Branthwaite,Everton,32,ENG,CB,22,90.0,0,0,0,0,1,0,0,0,64,1,1,0,0.0,0.0,0.0,3,0,48,54,88.9,3,28,1,0,0,2024-11-23,['CB'],0,1,0,0,0,0,0,0,0,0,0,0,0
James Tarkowski,Everton,6,ENG,CB,32,90.0,0,0,0,0,0,0,0,0,65,0,0,3,0.0,0.0,0.1,7,0,50,55,90.9,8,23,0,1,1,2024-11-23,['CB'],0,1,0,0,0,0,0,0,0,0,0,0,0
Ashley Young,Everton,18,ENG,RB,39,90.0,0,0,0,0,0,0,0,0,72,1,1,0,0.0,0.0,0.3,6,0,54,67,80.6,12,35,5,0,0,2024-11-23,['RB'],0,0,0,0,0,0,0,0,0,1,0,0,0
Jordan Pickford,Everton,1,ENG,GK,30,90.0,0,0,0,0,0,0,0,0,33,0,0,0,0.0,0.0,0.0,1,0,24,31,77.4,0,18,0,0,0,2024-11-23,['GK'],0,0,0,0,0,1,0,0,0,0,0,0,0
Yoane Wissa,Brentford,11,COD,FW,28,71.0,0,0,0,0,2,1,0,0,18,0,0,0,0.8,0.8,0.0,1,0,11,15,73.3,1,12,0,0,0,2024-11-23,['FW'],0,0,0,0,1,0,0,0,0,0,0,0,0
Thiago,Brentford,9,BRA,FW,23,19.0,0,0,0,0,0,0,0,0,9,0,0,0,0.0,0.0,0.0,0,0,4,5,80.0,1,7,0,0,0,2024-11-23,['FW'],0,0,0,0,1,0,0,0,0,0,0,0,0
Mikkel Damsgaard,Brentford,24,DEN,LW,24,71.0,0,0,0,0,1,0,0,0,37,3,1,2,0.1,0.1,0.4,1,0,17,25,68.0,3,26,2,4,2,2024-11-23,['LW'],0,0,0,0,0,0,0,0,1,0,0,0,0
Kevin Schade,Brentford,7,GER,LW,22,19.0,0,0,0,0,0,0,0,0,6,2,0,0,0.0,0.0,0.0,0,0,1,2,50.0,0,1,0,0,0,2024-11-23,['LW'],0,0,0,0,0,0,0,0,1,0,0,0,0
Bryan Mbeumo,Brentford,19,CMR,RW,25,90.0,0,0,0,0,0,0,0,0,40,4,0,1,0.0,0.0,0.1,3,0,14,22,63.6,0,21,2,4,1,2024-11-23,['RW'],0,0,0,0,0,0,0,0,0,0,0,1,0
Vitaly Janelt,Brentford,27,GER,LM,26,85.0,0,0,0,0,0,0,0,0,47,2,0,3,0.0,0.0,0.0,1,0,30,37,81.1,2,30,1,0,0,2024-11-23,['LM'],0,0,0,0,0,0,0,1,0,0,0,0,0
Yehor Yarmoliuk,Brentford,18,UKR,LM,20,5.0,0,0,0,0,0,0,0,0,6,0,0,0,0.0,0.0,0.0,0,0,2,4,50.0,0,3,0,0,0,2024-11-23,['LM'],0,0,0,0,0,0,0,1,0,0,0,0,0
Christian Nørgaard,Brentford,6,DEN,CM,30,40.0,0,0,0,0,0,0,0,1,29,1,0,1,0.0,0.0,0.0,1,0,24,27,88.9,1,16,0,0,0,2024-11-23,['CM'],0,0,1,0,0,0,0,0,0,0,0,0,0
Mathias Jensen,Brentford,8,DEN,RM,28,90.0,0,0,0,0,2,0,0,0,46,2,0,2,0.1,0.1,0.0,4,0,21,35,60.0,3,28,1,0,0,2024-11-23,['RM'],0,0,0,0,0,0,0,0,0,0,1,0,0
Keane Lewis-Potter,Brentford,23,ENG,LB,23,90.0,0,0,0,0,2,1,0,0,37,2,1,0,0.0,0.0,0.0,3,0,21,25,84.0,2,22,2,4,2,2024-11-23,['LB'],0,0,0,0,0,0,1,0,0,0,0,0,0
Ethan Pinnock,Brentford,5,JAM,CB,31,90.0,0,0,0,0,1,0,0,0,47,0,1,3,0.0,0.0,0.4,1,0,28,33,84.8,0,25,0,0,0,2024-11-23,['CB'],0,1,0,0,0,0,0,0,0,0,0,0,0
Nathan Collins,Brentford,22,IRL,CB,23,90.0,0,0,0,0,0,0,0,0,69,1,0,3,0.0,0.0,0.0,1,0,46,54,85.2,1,40,0,0,0,2024-11-23,['CB'],0,1,0,0,0,0,0,0,0,0,0,0,0
Sepp van den Berg,Brentford,4,NED,RB,22,90.0,0,0,0,0,1,0,0,0,45,1,0,2,0.1,0.1,0.0,1,0,29,34,85.3,2,24,0,0,0,2024-11-23,['RB'],0,0,0,0,0,0,0,0,0,1,0,0,0
Mark Flekken,Brentford,1,NED,GK,31,90.0,0,0,0,0,0,0,0,0,54,0,0,0,0.0,0.0,0.0,0,0,34,51,66.7,0,30,0,0,0,2024-11-23,['GK'],0,0,0,0,0,1,0,0,0,0,0,0,0
Raúl Jiménez,Fulham,7,MEX,FW,33,70.0,0,0,0,0,2,0,0,0,24,2,0,0,0.7,0.7,0.0,4,1,11,18,61.1,1,11,1,1,1,2024-11-23,['FW'],0,0,0,0,1,0,0,0,0,0,0,0,0
Rodrigo Muniz,Fulham,9,BRA,FW,23,20.0,0,0,0,0,0,0,0,0,8,0,0,1,0.0,0.0,0.1,2,0,4,4,100.0,0,3,0,1,0,2024-11-23,['FW'],0,0,0,0,1,0,0,0,0,0,0,0,0
Reiss Nelson,Fulham,19,ENG,LW,24,70.0,0,0,0,0,0,0,0,0,51,2,3,1,0.0,0.0,0.0,2,0,31,36,86.1,9,38,3,2,0,2024-11-23,['LW'],0,0,0,0,0,0,0,0,1,0,0,0,0
Adama Traoré,Fulham,11,ESP,RW,28,20.0,0,0,0,0,1,0,0,0,15,0,0,1,0.0,0.0,0.0,0,0,6,10,60.0,2,11,2,1,0,2024-11-23,['RW'],0,0,0,0,0,0,0,0,0,0,0,1,0
Alex Iwobi,Fulham,17,NGA,"RW,LW",28,90.0,1,0,0,0,3,2,0,0,50,1,0,1,0.2,0.2,0.0,2,0,31,40,77.5,2,37,3,2,0,2024-11-23,"['RW', 'LW']",0,0,0,0,0,0,0,0,1,0,0,1,0
Emile Smith Rowe,Fulham,32,ENG,AM,24,58.0,0,0,0,0,0,0,0,0,31,1,0,0,0.0,0.0,0.0,0,0,25,27,92.6,6,18,0,1,1,2024-11-23,['AM'],1,0,0,0,0,0,0,0,0,0,0,0,0
Harry Wilson,Fulham,8,WAL,AM,27,32.0,0,0,0,0,1,0,0,0,18,0,0,0,0.0,0.0,0.0,0,0,12,16,75.0,1,11,0,0,0,2024-11-23,['AM'],1,0,0,0,0,0,0,0,0,0,0,0,0
Saša Lukić,Fulham,20,SRB,DM,28,90.0,0,0,0,0,0,0,0,0,66,7,2,0,0.0,0.0,0.0,2,0,53,57,93.0,4,38,4,0,0,2024-11-23,['DM'],0,0,0,1,0,0,0,0,0,0,0,0,0
Andreas Pereira,Fulham,18,BRA,DM,28,58.0,0,0,0,0,1,0,1,0,51,1,1,0,0.0,0.0,0.1,2,0,29,47,61.7,2,18,2,1,1,2024-11-23,['DM'],0,0,0,1,0,0,0,0,0,0,0,0,0
Tom Cairney,Fulham,10,SCO,DM,33,32.0,0,0,0,0,0,0,0,0,41,0,0,2,0.0,0.0,0.0,2,0,34,39,87.2,8,25,0,0,0,2024-11-23,['DM'],0,0,0,1,0,0,0,0,0,0,0,0,0
Antonee Robinson,Fulham,33,USA,LB,27,90.0,0,0,0,0,1,1,0,0,84,4,2,2,0.0,0.0,0.6,1,0,54,73,74.0,6,48,1,2,2,2024-11-23,['LB'],0,0,0,0,0,0,1,0,0,0,0,0,0
Calvin Bassey,Fulham,3,NGA,CB,24,90.0,0,0,0,0,0,0,1,0,90,0,1,3,0.0,0.0,0.0,1,0,75,83,90.4,8,58,0,0,0,2024-11-23,['CB'],0,1,0,0,0,0,0,0,0,0,0,0,0
Joachim Andersen,Fulham,5,DEN,CB,28,90.0,0,0,0,0,0,0,0,0,63,2,0,2,0.0,0.0,0.0,0,0,50,58,86.2,8,28,0,0,0,2024-11-23,['CB'],0,1,0,0,0,0,0,0,0,0,0,0,0
Kenny Tete,Fulham,2,NED,RB,29,70.0,0,1,0,0,1,0,1,0,61,3,2,2,0.0,0.0,0.1,1,1,36,45,80.0,4,22,0,3,2,2024-11-23,['RB'],0,0,0,0,0,0,0,0,0,1,0,0,0
Timothy Castagne,Fulham,21,BEL,RB,28,20.0,0,0,0,0,0,0,0,0,22,0,0,0,0.0,0.0,0.0,0,0,17,19,89.5,2,9,0,1,1,2024-11-23,['RB'],0,0,0,0,0,0,0,0,0,1,0,0,0
Bernd Leno,Fulham,1,GER,GK,32,90.0,0,0,0,0,0,0,0,0,31,0,0,0,0.0,0.0,0.0,0,0,31,31,100.0,0,24,0,0,0,2024-11-23,['GK'],0,0,0,0,0,1,0,0,0,0,0,0,0
Jørgen Strand Larsen,Wolverhampton Wanderers,9,NOR,FW,24,90.0,0,1,0,0,1,0,0,0,23,0,0,1,0.1,0.1,0.2,1,1,7,16,43.8,1,12,1,0,0,2024-11-23,['FW'],0,0,0,0,1,0,0,0,0,0,0,0,0
Matheus Cunha,Wolverhampton Wanderers,10,BRA,AM,25,89.0,2,1,0,0,4,2,0,0,48,0,2,0,0.8,0.8,0.1,4,1,20,29,69.0,3,28,3,4,2,2024-11-23,['AM'],1,0,0,0,0,0,0,0,0,0,0,0,0
Gonçalo Guedes,Wolverhampton Wanderers,29,POR,AM,27,1.0,1,0,0,0,1,1,0,0,3,0,0,0,0.2,0.2,0.0,0,0,0,0,80.8,0,3,0,0,0,2024-11-23,['AM'],1,0,0,0,0,0,0,0,0,0,0,0,0
Jean-Ricner Bellegarde,Wolverhampton Wanderers,27,FRA,AM,26,86.0,0,0,0,0,0,0,0,0,29,1,1,1,0.0,0.0,0.0,2,1,14,19,73.7,4,15,1,3,1,2024-11-23,['AM'],1,0,0,0,0,0,0,0,0,0,0,0,0
Matt Doherty,Wolverhampton Wanderers,2,IRL,"AM,WB",32,4.0,0,0,0,0,0,0,0,0,2,0,0,0,0.0,0.0,0.0,0,0,1,1,100.0,0,0,0,0,0,2024-11-23,"['AM', 'WB']",1,0,0,0,0,0,0,0,0,0,0,0,1
João Gomes,Wolverhampton Wanderers,8,BRA,CM,23,89.0,1,1,0,0,4,2,0,0,70,5,0,1,0.2,0.2,0.0,4,2,47,52,90.4,7,32,3,4,3,2024-11-23,['CM'],0,0,1,0,0,0,0,0,0,0,0,0,0
Tommy Doyle,Wolverhampton Wanderers,20,ENG,CM,23,1.0,0,0,0,0,0,0,0,0,6,0,0,1,0.0,0.0,0.0,0,0,4,5,80.0,0,3,0,0,0,2024-11-23,['CM'],0,0,1,0,0,0,0,0,0,0,0,0,0
André,Wolverhampton Wanderers,7,BRA,CM,23,90.0,0,0,0,0,0,0,0,0,48,2,1,2,0.0,0.0,0.0,1,1,34,38,89.5,3,19,1,1,0,2024-11-23,['CM'],0,0,1,0,0,0,0,0,0,0,0,0,0
Rodrigo Gomes,Wolverhampton Wanderers,19,POR,WB,21,89.0,0,0,0,0,0,0,0,0,34,1,1,1,0.0,0.0,0.1,2,0,14,25,56.0,2,17,3,1,0,2024-11-23,['WB'],0,0,0,0,0,0,0,0,0,0,0,0,1
Hwang Hee-chan,Wolverhampton Wanderers,11,KOR,"WB,AM",28,1.0,0,0,0,0,0,0,0,0,2,0,0,0,0.0,0.0,0.0,0,0,2,2,100.0,0,1,0,0,0,2024-11-23,"['WB', 'AM']",1,0,0,0,0,0,0,0,0,0,0,0,1
Nélson Semedo,Wolverhampton Wanderers,22,POR,WB,31,89.0,0,0,0,0,0,0,0,0,44,2,0,1,0.0,0.0,0.1,2,0,28,35,80.0,1,21,1,6,2,2024-11-23,['WB'],0,0,0,0,0,0,0,0,0,0,0,0,1
Alfie Pond,Wolverhampton Wanderers,46,ENG,"CB,WB",20,1.0,0,0,0,0,0,0,0,0,1,0,0,0,0.0,0.0,0.0,0,0,1,1,100.0,0,1,0,0,0,2024-11-23,"['CB', 'WB']",0,1,0,0,0,0,0,0,0,0,0,0,1
Rayan Aït-Nouri,Wolverhampton Wanderers,3,ALG,CB,23,90.0,0,0,0,0,0,0,0,0,78,3,0,3,0.0,0.0,0.0,1,0,52,57,91.2,2,36,0,4,1,2024-11-23,['CB'],0,1,0,0,0,0,0,0,0,0,0,0,0
Toti Gomes,Wolverhampton Wanderers,24,POR,CB,25,90.0,0,0,0,0,0,0,0,0,77,0,1,1,0.0,0.0,0.0,0,0,61,65,93.8,2,38,1,0,0,2024-11-23,['CB'],0,1,0,0,0,0,0,0,0,0,0,0,0
Mario Lemina,Wolverhampton Wanderers,5,GAB,CB,31,90.0,0,1,0,0,0,0,0,0,74,3,2,0,0.0,0.0,0.7,3,2,50,60,83.3,4,40,0,0,0,2024-11-23,['CB'],0,1,0,0,0,0,0,0,0,0,0,0,0
José Sá,Wolverhampton Wanderers,1,POR,GK,31,90.0,0,0,0,0,0,0,0,0,22,0,0,0,0.0,0.0,0.0,0,0,14,21,66.7,0,14,0,1,1,2024-11-23,['GK'],0,0,0,0,0,1,0,0,0,0,0,0,0
Erling Haaland,Manchester City,9,NOR,FW,24,90.0,0,0,0,0,7,2,0,0,23,0,1,0,0.8,0.8,0.1,4,0,8,10,80.0,1,15,0,1,1,2024-11-23,['FW'],0,0,0,0,1,0,0,0,0,0,0,0,0
Sávio,Manchester City,26,BRA,"LW,RW",20,73.0,0,0,0,0,2,1,0,0,33,0,0,0,0.1,0.1,0.3,7,0,19,27,70.4,5,28,6,4,2,2024-11-23,"['LW', 'RW']",0,0,0,0,0,0,0,0,1,0,0,1,0
Kevin De Bruyne,Manchester City,17,BEL,CM,33,17.0,0,0,0,0,1,0,1,0,32,1,0,0,0.0,0.0,0.2,4,0,18,28,64.3,3,25,1,1,1,2024-11-23,['CM'],0,0,1,0,0,0,0,0,0,0,0,0,0
Phil Foden,Manchester City,47,ENG,"RW,LW,CM",24,90.0,0,0,0,0,5,1,0,0,42,0,0,0,0.5,0.5,0.0,3,0,23,30,76.7,5,18,2,1,1,2024-11-23,"['RW', 'LW', 'CM']",0,0,1,0,0,0,0,0,1,0,0,1,0
Bernardo Silva,Manchester City,20,POR,"RM,LM",30,90.0,0,0,0,0,1,0,1,0,88,1,1,0,0.1,0.1,0.6,5,0,71,81,87.7,9,70,8,2,1,2024-11-23,"['RM', 'LM']",0,0,0,0,0,0,0,1,0,0,1,0,0
İlkay Gündoğan,Manchester City,19,GER,"CM,DM",34,90.0,0,0,0,0,1,1,0,0,97,2,1,3,0.1,0.1,0.1,3,0,82,88,93.2,9,67,1,2,1,2024-11-23,"['CM', 'DM']",0,0,1,1,0,0,0,0,0,0,0,0,0
Rico Lewis,Manchester City,82,ENG,"RM,LM",20,73.0,0,0,0,0,1,0,1,0,54,2,2,3,0.0,0.0,0.0,1,0,44,46,95.7,3,35,1,1,1,2024-11-23,"['RM', 'LM']",0,0,0,0,0,0,0,1,0,0,1,0,0
Jack Grealish,Manchester City,10,ENG,LM,29,17.0,0,0,0,0,0,0,0,0,11,0,1,0,0.0,0.0,0.1,3,0,8,9,88.9,0,9,2,1,1,2024-11-23,['LM'],0,0,0,0,0,0,0,1,0,0,0,0,0
Joško Gvardiol,Manchester City,24,CRO,LB,22,90.0,0,0,0,0,2,0,0,0,73,1,0,1,0.3,0.3,0.7,9,0,56,64,87.5,6,48,5,1,0,2024-11-23,['LB'],0,0,0,0,0,0,1,0,0,0,0,0,0
Manuel Akanji,Manchester City,25,SUI,CB,29,90.0,0,0,0,0,2,0,1,0,76,3,1,0,0.1,0.1,0.0,1,0,65,67,97.0,12,57,3,0,0,2024-11-23,['CB'],0,1,0,0,0,0,0,0,0,0,0,0,0
John Stones,Manchester City,5,ENG,CB,30,45.0,0,0,0,0,0,0,0,0,37,2,2,0,0.0,0.0,0.0,0,0,28,31,90.3,1,26,0,0,0,2024-11-23,['CB'],0,1,0,0,0,0,0,0,0,0,0,0,0
Nathan Aké,Manchester City,6,NED,CB,29,45.0,0,0,0,0,1,0,0,0,38,0,0,0,0.1,0.1,0.0,1,0,32,35,91.4,10,24,1,0,0,2024-11-23,['CB'],0,1,0,0,0,0,0,0,0,0,0,0,0
Kyle Walker,Manchester City,2,ENG,RB,34,90.0,0,0,0,0,0,0,0,0,88,1,0,3,0.0,0.0,0.0,3,0,73,81,90.1,7,44,2,1,0,2024-11-23,['RB'],0,0,0,0,0,0,0,0,0,1,0,0,0
Ederson,Manchester City,31,BRA,GK,31,90.0,0,0,0,0,0,0,0,0,24,0,0,0,0.0,0.0,0.0,0,0,19,21,90.5,0,15,0,0,0,2024-11-23,['GK'],0,0,0,0,0,1,0,0,0,0,0,0,0
Dominic Solanke,Tottenham Hotspur,19,ENG,FW,27,90.0,0,1,0,0,1,1,0,0,22,0,0,0,0.1,0.1,0.4,2,1,9,12,75.0,1,15,2,3,0,2024-11-23,['FW'],0,0,0,0,1,0,0,0,0,0,0,0,0
Son Heung-min,Tottenham Hotspur,7,KOR,LW,32,62.0,0,1,0,0,1,1,0,0,48,0,0,0,0.0,0.0,0.2,2,1,31,42,73.8,4,34,5,1,0,2024-11-23,['LW'],0,0,0,0,0,0,0,0,1,0,0,0,0
Brennan Johnson,Tottenham Hotspur,22,WAL,"LW,RW",23,28.0,1,0,0,0,2,1,0,0,10,1,0,0,1.1,1.1,0.0,1,0,3,3,100.0,0,6,0,1,1,2024-11-23,"['LW', 'RW']",0,0,0,0,0,0,0,0,1,0,0,1,0
Dejan Kulusevski,Tottenham Hotspur,21,SWE,"RW,RM",24,90.0,0,1,0,0,1,1,0,0,29,1,0,0,0.1,0.1,0.8,5,2,17,24,70.8,4,24,4,4,4,2024-11-23,"['RW', 'RM']",0,0,0,0,0,0,0,0,0,0,1,1,0
James Maddison,Tottenham Hotspur,10,ENG,LM,28,88.0,2,0,0,0,2,2,0,0,58,2,1,1,0.8,0.8,0.0,2,1,42,48,87.5,1,44,3,2,2,2024-11-23,['LM'],0,0,0,0,0,0,0,1,0,0,0,0,0
Timo Werner,Tottenham Hotspur,16,GER,"LW,LM",28,2.0,0,1,0,0,0,0,0,0,1,0,0,0,0.0,0.0,1.0,1,1,1,1,100.0,0,1,1,0,0,2024-11-23,"['LW', 'LM']",0,0,0,0,0,0,0,1,1,0,0,0,0
Yves Bissouma,Tottenham Hotspur,8,MLI,CM,28,90.0,0,0,0,0,1,0,1,0,56,2,2,0,0.0,0.0,0.0,1,0,43,47,91.5,0,35,1,2,0,2024-11-23,['CM'],0,0,1,0,0,0,0,0,0,0,0,0,0
Pape Matar Sarr,Tottenham Hotspur,29,SEN,RM,22,89.0,0,0,0,0,0,0,1,0,39,3,1,3,0.0,0.0,0.0,1,0,26,31,83.9,1,23,0,0,0,2024-11-23,['RM'],0,0,0,0,0,0,0,0,0,0,1,0,0
Lucas Bergvall,Tottenham Hotspur,15,SWE,"LM,RM",18,1.0,0,0,0,0,0,0,0,0,2,0,0,0,0.0,0.0,0.0,0,0,2,2,100.0,0,2,0,0,0,2024-11-23,"['LM', 'RM']",0,0,0,0,0,0,0,1,0,0,1,0,0
Destiny Udogie,Tottenham Hotspur,13,ITA,LB,21,89.0,0,0,0,0,0,0,0,0,55,3,0,1,0.0,0.0,0.0,1,0,36,45,80.0,3,31,3,1,0,2024-11-23,['LB'],0,0,0,0,0,0,1,0,0,0,0,0,0
Djed Spence,Tottenham Hotspur,24,ENG,LB,24,1.0,0,0,0,0,0,0,0,0,2,0,0,0,0.0,0.0,0.0,0,0,1,1,100.0,0,1,0,0,0,2024-11-23,['LB'],0,0,0,0,0,0,1,0,0,0,0,0,0
Ben Davies,Tottenham Hotspur,33,WAL,CB,31,90.0,0,0,0,0,0,0,0,0,75,0,0,1,0.0,0.0,0.0,0,0,54,66,81.8,2,46,0,0,0,2024-11-23,['CB'],0,1,0,0,0,0,0,0,0,0,0,0,0
Radu Drăgușin,Tottenham Hotspur,6,ROU,CB,22,90.0,0,0,0,0,0,0,0,0,43,1,1,3,0.0,0.0,0.0,1,1,30,36,83.3,1,27,0,0,0,2024-11-23,['CB'],0,1,0,0,0,0,0,0,0,0,0,0,0
Pedro Porro,Tottenham Hotspur,23,ESP,RB,25,90.0,1,0,0,0,1,1,0,0,49,0,0,3,0.3,0.3,0.0,0,0,27,37,73.0,2,25,2,2,1,2024-11-23,['RB'],0,0,0,0,0,0,0,0,0,1,0,0,0
Guglielmo Vicario,Tottenham Hotspur,1,ITA,GK,28,90.0,0,0,0,0,0,0,0,0,61,0,0,0,0.0,0.0,0.0,0,0,51,58,87.9,0,42,0,0,0,2024-11-23,['GK'],0,0,0,0,0,1,0,0,0,0,0,0,0
Paul Onuachu,Southampton,32,NGA,FW,30,51.0,0,0,0,0,0,0,0,0,15,0,0,1,0.0,0.0,0.0,0,0,6,8,75.0,0,8,0,5,3,2024-11-24,['FW'],0,0,0,0,1,0,0,0,0,0,0,0,0
Lesley Ugochukwu,Southampton,26,FRA,CM,20,39.0,0,0,0,0,0,0,0,0,22,1,0,1,0.0,0.0,0.0,0,0,19,19,100.0,0,12,1,2,2,2024-11-24,['CM'],0,0,1,0,0,0,0,0,0,0,0,0,0
Adam Armstrong,Southampton,9,ENG,LM,27,76.0,1,1,0,1,1,1,1,0,29,0,0,0,0.9,0.0,0.2,2,2,14,19,73.7,3,13,1,1,0,2024-11-24,['LM'],0,0,0,0,0,0,0,1,0,0,0,0,0
Cameron Archer,Southampton,19,ENG,FW,23,14.0,0,0,0,0,0,0,0,0,7,0,0,0,0.0,0.0,0.0,0,0,4,5,80.0,0,4,0,0,0,2024-11-24,['FW'],0,0,0,0,1,0,0,0,0,0,0,0,0
Adam Lallana,Southampton,10,ENG,CM,36,36.0,0,0,0,0,0,0,1,0,28,1,1,1,0.0,0.0,0.0,0,0,20,24,83.3,1,15,0,2,1,2024-11-24,['CM'],0,0,1,0,0,0,0,0,0,0,0,0,0
Joe Aribo,Southampton,7,NGA,CM,28,54.0,0,0,0,0,0,0,0,0,25,0,1,1,0.0,0.0,0.0,1,0,15,17,88.2,1,14,1,2,0,2024-11-24,['CM'],0,0,1,0,0,0,0,0,0,0,0,0,0
Mateus Fernandes,Southampton,18,POR,"CM,RM,LM",20,90.0,1,0,0,0,2,2,0,0,44,4,0,1,0.2,0.2,0.0,1,0,26,31,83.9,3,15,1,2,0,2024-11-24,"['CM', 'RM', 'LM']",0,0,1,0,0,0,0,1,0,0,1,0,0
Tyler Dibling,Southampton,33,ENG,"RM,FW",18,90.0,0,0,0,0,1,0,0,0,31,2,1,1,0.0,0.0,0.0,3,1,15,18,83.3,1,17,2,6,1,2024-11-24,"['RM', 'FW']",0,0,0,0,1,0,0,0,0,0,1,0,0
Ryan Fraser,Southampton,24,SCO,"RB,LB",30,76.0,0,0,0,0,0,0,0,0,39,1,0,1,0.0,0.0,0.0,1,0,22,29,75.9,2,21,1,1,1,2024-11-24,"['RB', 'LB']",0,0,0,0,0,0,1,0,0,1,0,0,0
Yukinari Sugawara,Southampton,16,JPN,RB,24,14.0,0,0,0,0,0,0,0,0,13,1,0,2,0.0,0.0,0.0,0,0,7,8,87.5,0,3,0,0,0,2024-11-24,['RB'],0,0,0,0,0,0,0,0,0,1,0,0,0
Jack Stephens,Southampton,5,ENG,CB,30,90.0,0,0,0,0,1,0,1,0,53,2,2,2,0.0,0.0,0.0,1,0,33,42,78.6,1,17,0,0,0,2024-11-24,['CB'],0,1,0,0,0,0,0,0,0,0,0,0,0
Flynn Downes,Southampton,4,ENG,CB,25,90.0,0,0,0,0,1,1,0,0,46,1,0,0,0.0,0.0,0.0,1,0,33,37,89.2,0,27,0,0,0,2024-11-24,['CB'],0,1,0,0,0,0,0,0,0,0,0,0,0
Taylor Harwood-Bellis,Southampton,6,ENG,CB,22,90.0,0,0,0,0,0,0,0,0,72,0,0,5,0.0,0.0,0.0,2,0,51,60,85.0,5,37,1,0,0,2024-11-24,['CB'],0,1,0,0,0,0,0,0,0,0,0,0,0
Kyle Walker-Peters,Southampton,2,ENG,"LB,RB",27,90.0,0,0,0,0,0,0,0,0,58,2,0,1,0.0,0.0,0.0,0,0,37,42,88.1,3,29,4,5,1,2024-11-24,"['LB', 'RB']",0,0,0,0,0,0,1,0,0,1,0,0,0
Alex McCarthy,Southampton,1,ENG,GK,34,90.0,0,0,0,0,0,0,0,0,44,0,0,0,0.0,0.0,0.0,0,0,25,37,67.6,0,23,0,0,0,2024-11-24,['GK'],0,0,0,0,0,1,0,0,0,0,0,0,0
Darwin Núñez,Liverpool,9,URU,FW,25,89.0,0,0,0,0,2,1,0,0,22,1,0,1,0.1,0.1,0.1,1,0,10,16,62.5,3,11,2,1,0,2024-11-24,['FW'],0,0,0,0,1,0,0,0,0,0,0,0,0
Wataru Endo,Liverpool,3,JPN,DM,31,1.0,0,0,0,0,0,0,0,0,3,0,1,0,0.0,0.0,0.0,0,0,2,2,100.0,2,0,0,1,1,2024-11-24,['DM'],0,0,0,1,0,0,0,0,0,0,0,0,0
Cody Gakpo,Liverpool,18,NED,LW,25,61.0,0,0,0,0,3,1,1,0,44,0,1,0,0.1,0.1,0.1,5,0,29,37,78.4,4,38,0,3,2,2024-11-24,['LW'],0,0,0,0,0,0,0,0,1,0,0,0,0
Luis Díaz,Liverpool,7,COL,LW,27,29.0,0,0,0,0,3,1,0,0,22,1,0,0,0.1,0.1,0.1,4,0,12,16,75.0,3,12,3,0,0,2024-11-24,['LW'],0,0,0,0,0,0,0,0,1,0,0,0,0
Mohamed Salah,Liverpool,11,EGY,RW,32,90.0,2,0,1,1,6,3,1,0,41,0,1,0,1.9,1.1,0.1,4,0,21,29,72.4,6,31,6,4,2,2024-11-24,['RW'],0,0,0,0,0,0,0,0,0,0,0,1,0
Dominik Szoboszlai,Liverpool,8,HUN,"AM,FW",24,90.0,1,0,0,0,5,2,0,0,66,4,1,1,0.2,0.2,0.2,8,0,46,58,79.3,4,30,3,2,2,2024-11-24,"['AM', 'FW']",1,0,0,0,1,0,0,0,0,0,0,0,0
Curtis Jones,Liverpool,17,ENG,DM,23,61.0,0,0,0,0,2,1,0,0,62,1,0,0,0.0,0.0,0.0,2,0,59,59,100.0,5,38,0,0,0,2024-11-24,['DM'],0,0,0,1,0,0,0,0,0,0,0,0,0
Alexis Mac Allister,Liverpool,10,ARG,"DM,AM",25,29.0,0,0,0,0,1,0,0,0,22,3,0,1,0.0,0.0,0.1,5,0,12,16,75.0,2,7,0,0,0,2024-11-24,"['DM', 'AM']",1,0,0,1,0,0,0,0,0,0,0,0,0
Ryan Gravenberch,Liverpool,38,NED,DM,22,90.0,0,1,0,0,1,0,0,0,91,1,2,0,0.4,0.4,0.7,4,1,78,84,92.9,7,65,4,3,2,2024-11-24,['DM'],0,0,0,1,0,0,0,0,0,0,0,0,0
Andrew Robertson,Liverpool,26,SCO,LB,30,90.0,0,0,0,0,0,0,0,0,107,2,0,0,0.0,0.0,0.1,7,0,85,100,85.0,16,42,3,1,0,2024-11-24,['LB'],0,0,0,0,0,0,1,0,0,0,0,0,0
Virgil van Dijk,Liverpool,4,NED,CB,33,90.0,0,0,0,0,0,0,0,0,96,0,2,0,0.0,0.0,0.0,2,0,80,89,89.9,6,52,0,0,0,2024-11-24,['CB'],0,1,0,0,0,0,0,0,0,0,0,0,0
Ibrahima Konaté,Liverpool,5,FRA,CB,25,90.0,0,0,0,0,0,0,1,0,75,1,0,0,0.0,0.0,0.0,1,1,66,71,93.0,5,51,1,0,0,2024-11-24,['CB'],0,1,0,0,0,0,0,0,0,0,0,0,0
Conor Bradley,Liverpool,84,NIR,RB,21,90.0,0,0,0,0,3,1,1,0,64,2,0,0,0.2,0.2,0.0,3,1,44,53,83.0,1,29,1,2,1,2024-11-24,['RB'],0,0,0,0,0,0,0,0,0,1,0,0,0
Caoimhín Kelleher,Liverpool,62,IRL,GK,26,90.0,0,0,0,0,0,0,0,0,23,0,0,0,0.0,0.0,0.0,0,0,15,20,75.0,0,12,0,0,0,2024-11-24,['GK'],0,0,0,0,0,1,0,0,0,0,0,0,0
Liam Delap,Ipswich Town,19,ENG,FW,21,80.0,0,0,0,0,3,2,0,0,16,0,0,0,1.1,1.1,0.0,5,0,8,10,80.0,2,11,1,2,1,2024-11-24,['FW'],0,0,0,0,1,0,0,0,0,0,0,0,0
Ali Al Hamadi,Ipswich Town,16,IRQ,FW,22,10.0,0,0,0,0,0,0,0,0,6,0,0,0,0.0,0.0,0.0,0,0,3,4,75.0,0,3,0,0,0,2024-11-24,['FW'],0,0,0,0,1,0,0,0,0,0,0,0,0
Sammie Szmodics,Ipswich Town,23,IRL,LW,29,64.0,0,0,0,0,2,1,0,0,14,2,0,1,0.2,0.2,0.0,0,0,6,9,66.7,2,8,0,0,0,2024-11-24,['LW'],0,0,0,0,0,0,0,0,1,0,0,0,0
Jack Clarke,Ipswich Town,47,ENG,LW,24,26.0,0,0,0,0,0,0,0,0,8,1,0,1,0.0,0.0,0.2,1,0,3,5,60.0,0,5,0,0,0,2024-11-24,['LW'],0,0,0,0,0,0,0,0,1,0,0,0,0
Wes Burns,Ipswich Town,7,WAL,RW,30,81.0,0,1,0,0,0,0,0,0,31,0,0,1,0.0,0.0,0.2,3,1,16,26,61.5,0,21,4,3,1,2024-11-24,['RW'],0,0,0,0,0,0,0,0,0,0,0,1,0
Conor Chaplin,Ipswich Town,10,ENG,RW,27,9.0,0,0,0,0,1,1,0,0,9,0,0,0,0.2,0.2,0.0,1,0,5,8,62.5,0,4,0,0,0,2024-11-24,['RW'],0,0,0,0,0,0,0,0,0,0,0,1,0
Omari Hutchinson,Ipswich Town,20,ENG,AM,21,90.0,1,0,0,0,3,2,0,0,63,4,0,2,0.2,0.2,0.0,3,1,36,44,81.8,6,35,0,4,2,2024-11-24,['AM'],1,0,0,0,0,0,0,0,0,0,0,0,0
Jens Cajuste,Ipswich Town,12,SWE,DM,25,64.0,0,0,0,0,1,0,0,0,45,0,0,1,0.1,0.1,0.0,0,0,34,41,82.9,1,17,1,1,1,2024-11-24,['DM'],0,0,0,1,0,0,0,0,0,0,0,0,0
Jack Taylor,Ipswich Town,14,IRL,DM,26,26.0,0,0,0,0,0,0,0,0,11,2,0,0,0.0,0.0,0.0,0,0,7,9,77.8,2,5,0,0,0,2024-11-24,['DM'],0,0,0,1,0,0,0,0,0,0,0,0,0
Sam Morsy,Ipswich Town,5,EGY,DM,33,90.0,0,0,0,0,1,0,0,0,78,0,2,0,0.0,0.0,0.1,1,0,68,71,95.8,3,41,1,1,1,2024-11-24,['DM'],0,0,0,1,0,0,0,0,0,0,0,0,0
Leif Davis,Ipswich Town,3,ENG,LB,24,90.0,0,0,0,0,0,0,0,0,33,1,0,0,0.0,0.0,0.4,2,0,17,26,65.4,0,14,1,1,0,2024-11-24,['LB'],0,0,0,0,0,0,1,0,0,0,0,0,0
Cameron Burgess,Ipswich Town,15,AUS,CB,29,90.0,0,0,0,0,0,0,0,0,58,1,0,1,0.0,0.0,0.0,1,0,45,52,86.5,0,30,0,0,0,2024-11-24,['CB'],0,1,0,0,0,0,0,0,0,0,0,0,0
Dara O'Shea,Ipswich Town,26,IRL,CB,25,90.0,0,0,0,0,0,0,0,0,73,4,1,1,0.0,0.0,0.0,0,0,49,59,83.1,2,31,0,0,0,2024-11-24,['CB'],0,1,0,0,0,0,0,0,0,0,0,0,0
Axel Tuanzebe,Ipswich Town,40,COD,RB,27,90.0,0,0,0,0,0,0,0,0,68,1,2,0,0.0,0.0,0.0,1,0,51,62,82.3,3,29,1,0,0,2024-11-24,['RB'],0,0,0,0,0,0,0,0,0,1,0,0,0
Arijanet Muric,Ipswich Town,1,KVX,GK,26,90.0,0,0,0,0,0,0,0,0,35,0,0,0,0.0,0.0,0.0,0,0,19,32,59.4,1,25,0,0,0,2024-11-24,['GK'],0,0,0,0,0,1,0,0,0,0,0,0,0
Marcus Rashford,Manchester United,10,ENG,FW,27,67.0,1,0,0,0,1,1,0,0,12,1,0,0,0.3,0.3,0.1,1,0,8,10,80.0,2,7,0,0,0,2024-11-24,['FW'],0,0,0,0,1,0,0,0,0,0,0,0,0
Rasmus Højlund,Manchester United,9,DEN,FW,21,23.0,0,0,0,0,0,0,0,0,7,0,0,0,0.0,0.0,0.0,1,0,3,4,75.0,0,5,2,1,0,2024-11-24,['FW'],0,0,0,0,1,0,0,0,0,0,0,0,0
Alejandro Garnacho,Manchester United,17,ARG,AM,20,85.0,0,0,0,0,2,1,0,0,38,1,0,3,0.2,0.2,0.0,0,0,24,27,88.9,1,27,4,1,0,2024-11-24,['AM'],1,0,0,0,0,0,0,0,0,0,0,0,0
Mason Mount,Manchester United,7,ENG,AM,25,5.0,0,0,0,0,0,0,0,0,8,0,0,0,0.0,0.0,0.0,0,0,6,6,100.0,0,3,0,1,0,2024-11-24,['AM'],1,0,0,0,0,0,0,0,0,0,0,0,0
Bruno Fernandes,Manchester United,8,POR,"AM,CM",30,90.0,0,0,0,0,3,0,0,0,64,1,1,0,0.2,0.2,0.3,9,0,49,56,87.5,6,39,0,3,1,2024-11-24,"['AM', 'CM']",1,0,1,0,0,0,0,0,0,0,0,0,0
Christian Eriksen,Manchester United,14,DEN,CM,32,67.0,0,0,0,0,1,0,0,0,49,1,1,0,0.0,0.0,0.0,0,0,33,43,76.7,1,28,1,0,0,2024-11-24,['CM'],0,0,1,0,0,0,0,0,0,0,0,0,0
Joshua Zirkzee,Manchester United,11,NED,AM,23,23.0,0,0,0,0,1,0,0,0,13,1,0,0,0.0,0.0,0.0,0,0,7,11,63.6,0,5,1,0,0,2024-11-24,['AM'],1,0,0,0,0,0,0,0,0,0,0,0,0
Casemiro,Manchester United,18,BRA,CM,32,55.0,0,0,0,0,0,0,0,0,27,1,0,0,0.0,0.0,0.0,1,0,16,23,69.6,0,16,0,0,0,2024-11-24,['CM'],0,0,1,0,0,0,0,0,0,0,0,0,0
Manuel Ugarte Ribeiro,Manchester United,25,URU,CM,23,35.0,0,0,0,0,0,0,0,0,33,1,1,1,0.0,0.0,0.1,1,0,25,27,92.6,2,20,0,0,0,2024-11-24,['CM'],0,0,1,0,0,0,0,0,0,0,0,0,0
Diogo Dalot,Manchester United,20,POR,WB,25,90.0,0,0,0,0,1,1,0,0,72,4,0,2,0.0,0.0,0.0,1,0,46,62,74.2,1,31,0,0,0,2024-11-24,['WB'],0,0,0,0,0,0,0,0,0,0,0,0,1
Amad Diallo,Manchester United,16,CIV,WB,22,90.0,0,1,0,0,2,1,0,0,67,0,0,1,0.1,0.1,0.3,5,2,47,52,90.4,1,40,4,5,2,2024-11-24,['WB'],0,0,0,0,0,0,0,0,0,0,0,0,1
Jonny Evans,Manchester United,35,NIR,CB,36,55.0,0,0,0,0,0,0,0,0,60,0,3,0,0.0,0.0,0.0,0,0,47,52,90.4,0,42,0,0,0,2024-11-24,['CB'],0,1,0,0,0,0,0,0,0,0,0,0,0
Luke Shaw,Manchester United,23,ENG,CB,29,35.0,0,0,0,0,0,0,0,0,63,1,1,1,0.0,0.0,0.0,0,0,52,59,88.1,6,48,1,0,0,2024-11-24,['CB'],0,1,0,0,0,0,0,0,0,0,0,0,0
Matthijs de Ligt,Manchester United,4,NED,CB,25,90.0,0,0,0,0,0,0,0,0,86,0,2,1,0.0,0.0,0.0,0,0,80,81,98.8,1,67,0,0,0,2024-11-24,['CB'],0,1,0,0,0,0,0,0,0,0,0,0,0
Noussair Mazraoui,Manchester United,3,MAR,CB,27,90.0,0,0,0,0,0,0,0,0,122,3,1,0,0.0,0.0,0.0,2,0,104,114,91.2,1,92,0,3,2,2024-11-24,['CB'],0,1,0,0,0,0,0,0,0,0,0,0,0
André Onana,Manchester United,24,CMR,GK,28,90.0,0,0,0,0,0,0,0,0,54,0,0,0,0.0,0.0,0.0,0,0,41,51,80.4,0,43,0,0,0,2024-11-24,['GK'],0,0,0,0,0,1,0,0,0,0,0,0,0
Alexander Isak,Newcastle United,14,SWE,FW,25,90.0,0,0,0,0,6,0,0,0,31,0,0,0,0.7,0.7,0.0,4,0,19,23,82.6,1,20,0,0,0,2024-11-25,['FW'],0,0,0,0,1,0,0,0,0,0,0,0,0
Anthony Gordon,Newcastle United,10,ENG,"LW,RW,AM",23,67.0,0,0,0,0,3,1,0,0,34,0,0,1,0.4,0.4,0.1,2,0,19,28,67.9,6,21,3,0,0,2024-11-25,"['LW', 'RW', 'AM']",1,0,0,0,0,0,0,0,1,0,0,1,0
Callum Wilson,Newcastle United,9,ENG,FW,32,23.0,0,0,0,0,0,0,0,0,2,1,0,0,0.0,0.0,0.0,0,0,2,2,100.0,0,3,0,0,0,2024-11-25,['FW'],0,0,0,0,1,0,0,0,0,0,0,0,0
Joelinton,Newcastle United,7,BRA,"RW,LM",28,68.0,0,0,0,0,0,0,0,0,41,2,1,1,0.0,0.0,0.0,5,0,27,35,77.1,5,27,1,2,1,2024-11-25,"['RW', 'LM']",0,0,0,0,0,0,0,1,0,0,0,1,0
Jacob Murphy,Newcastle United,23,ENG,RM,29,22.0,0,0,0,0,0,0,0,0,21,0,0,0,0.0,0.0,0.0,0,0,8,19,42.1,1,15,2,1,0,2024-11-25,['RM'],0,0,0,0,0,0,0,0,0,0,1,0,0
Joe Willock,Newcastle United,28,ENG,LM,25,45.0,0,0,0,0,2,0,0,0,26,2,0,1,0.2,0.2,0.0,1,0,9,11,81.8,1,13,0,3,1,2024-11-25,['LM'],0,0,0,0,0,0,0,1,0,0,0,0,0
Harvey Barnes,Newcastle United,11,ENG,"LM,LW",26,45.0,0,0,0,0,0,0,0,0,28,1,0,0,0.0,0.0,0.0,2,0,18,25,72.0,2,20,4,1,1,2024-11-25,"['LM', 'LW']",0,0,0,0,0,0,0,1,1,0,0,0,0
Bruno Guimarães,Newcastle United,39,BRA,"CM,DM",27,83.0,0,0,0,0,0,0,0,0,69,1,1,2,0.0,0.0,0.4,7,0,54,60,90.0,11,46,0,1,1,2024-11-25,"['CM', 'DM']",0,0,1,1,0,0,0,0,0,0,0,0,0
Kieran Trippier,Newcastle United,2,ENG,"RB,CM",34,7.0,0,0,0,0,0,0,0,0,17,0,0,0,0.0,0.0,0.0,0,0,13,17,76.5,2,11,1,0,0,2024-11-25,"['RB', 'CM']",0,0,1,0,0,0,0,0,0,1,0,0,0
Sean Longstaff,Newcastle United,36,ENG,RM,27,56.0,0,0,0,0,1,1,0,0,29,1,0,2,0.1,0.1,0.0,1,0,20,23,87.0,2,20,0,1,0,2024-11-25,['RM'],0,0,0,0,0,0,0,0,0,0,1,0,0
Sandro Tonali,Newcastle United,8,ITA,"CM,DM",24,34.0,0,0,0,0,0,0,0,0,20,0,0,0,0.0,0.0,0.0,2,0,16,18,88.9,1,13,1,0,0,2024-11-25,"['CM', 'DM']",0,0,1,1,0,0,0,0,0,0,0,0,0
Lewis Hall,Newcastle United,20,ENG,"LB,CM",20,90.0,0,0,0,0,3,0,0,0,91,6,0,0,0.1,0.1,0.2,2,0,66,78,84.6,6,47,3,1,0,2024-11-25,"['LB', 'CM']",0,0,1,0,0,0,1,0,0,0,0,0,0
Lloyd Kelly,Newcastle United,25,ENG,CB,26,90.0,0,0,0,0,1,0,1,0,80,3,0,2,0.2,0.2,0.0,1,0,60,71,84.5,3,52,0,0,0,2024-11-25,['CB'],0,1,0,0,0,0,0,0,0,0,0,0,0
Fabian Schär,Newcastle United,5,SUI,CB,32,90.0,0,0,0,0,2,0,0,0,89,1,5,1,0.0,0.0,0.0,1,0,62,75,82.7,5,60,2,0,0,2024-11-25,['CB'],0,1,0,0,0,0,0,0,0,0,0,0,0
Valentino Livramento,Newcastle United,21,ENG,"RB,LB",22,90.0,0,0,0,0,0,0,0,0,71,3,0,0,0.0,0.0,0.3,4,0,54,61,88.5,13,40,3,3,1,2024-11-25,"['RB', 'LB']",0,0,0,0,0,0,1,0,0,1,0,0,0
Nick Pope,Newcastle United,22,ENG,GK,32,90.0,0,0,0,0,0,0,0,0,32,0,0,0,0.0,0.0,0.0,0,0,27,30,90.0,0,27,0,0,0,2024-11-25,['GK'],0,0,0,0,0,1,0,0,0,0,0,0,0
Michail Antonio,West Ham United,9,JAM,FW,34,74.0,0,0,0,0,0,0,0,0,25,1,0,0,0.0,0.0,0.0,2,0,12,19,63.2,1,16,5,1,0,2024-11-25,['FW'],0,0,0,0,1,0,0,0,0,0,0,0,0
Danny Ings,West Ham United,18,ENG,FW,32,16.0,0,0,0,0,2,0,0,0,17,1,1,0,0.1,0.1,0.1,2,0,10,11,90.9,1,9,2,0,0,2024-11-25,['FW'],0,0,0,0,1,0,0,0,0,0,0,0,0
Crysencio Summerville,West Ham United,7,NED,LW,23,83.0,0,0,0,0,0,0,0,0,35,2,0,1,0.0,0.0,0.0,2,0,23,26,88.5,3,22,4,4,1,2024-11-25,['LW'],0,0,0,0,0,0,0,0,1,0,0,0,0
Andy Irving,West Ham United,39,SCO,AM,24,7.0,0,0,0,0,0,0,0,0,12,1,0,0,0.0,0.0,0.0,0,0,9,9,100.0,1,7,0,0,0,2024-11-25,['AM'],1,0,0,0,0,0,0,0,0,0,0,0,0
Jarrod Bowen,West Ham United,20,ENG,RW,27,90.0,0,1,0,0,4,2,0,0,54,2,2,1,0.2,0.2,0.2,9,2,33,35,94.3,4,37,4,8,4,2024-11-25,['RW'],0,0,0,0,0,0,0,0,0,0,0,1,0
Carlos Soler,West Ham United,4,ESP,AM,27,83.0,0,0,0,0,4,1,0,0,59,0,0,2,0.1,0.1,0.0,2,0,45,51,88.2,2,31,1,2,1,2024-11-25,['AM'],1,0,0,0,0,0,0,0,0,0,0,0,0
Guido Rodríguez,West Ham United,24,ARG,"DM,AM",30,7.0,0,0,0,0,0,0,0,0,8,1,0,0,0.0,0.0,0.0,0,0,6,6,100.0,0,1,0,0,0,2024-11-25,"['DM', 'AM']",1,0,0,1,0,0,0,0,0,0,0,0,0
Lucas Paquetá,West Ham United,10,BRA,"DM,LW",27,90.0,0,0,0,0,1,0,0,0,84,6,1,1,0.1,0.1,0.1,6,1,57,71,80.3,2,42,0,0,0,2024-11-25,"['DM', 'LW']",0,0,0,1,0,0,0,0,1,0,0,0,0
Tomáš Souček,West Ham United,28,CZE,DM,29,90.0,1,0,0,0,3,2,0,0,45,0,0,4,0.3,0.3,0.0,0,0,22,30,73.3,1,21,0,1,0,2024-11-25,['DM'],0,0,0,1,0,0,0,0,0,0,0,0,0
Emerson Palmieri,West Ham United,33,ITA,LB,30,74.0,0,1,0,0,0,0,0,0,54,6,0,0,0.0,0.0,0.1,1,1,33,44,75.0,1,18,1,0,0,2024-11-25,['LB'],0,0,0,0,0,0,1,0,0,0,0,0,0
Vladimír Coufal,West Ham United,5,CZE,RB,32,16.0,0,0,0,0,0,0,0,0,14,0,0,0,0.0,0.0,0.1,1,0,10,13,76.9,2,4,0,0,0,2024-11-25,['RB'],0,0,0,0,0,0,0,0,0,1,0,0,0
Max Kilman,West Ham United,26,ENG,CB,27,90.0,0,0,0,0,0,0,0,0,49,0,1,3,0.0,0.0,0.0,0,0,31,35,88.6,1,21,0,1,1,2024-11-25,['CB'],0,1,0,0,0,0,0,0,0,0,0,0,0
Jean-Clair Todibo,West Ham United,25,FRA,CB,24,56.0,0,0,0,0,0,0,0,0,35,1,2,1,0.0,0.0,0.0,0,0,23,28,82.1,0,23,0,0,0,2024-11-25,['CB'],0,1,0,0,0,0,0,0,0,0,0,0,0
Konstantinos Mavropanos,West Ham United,15,GRE,CB,26,34.0,0,0,0,0,0,0,0,0,27,2,1,0,0.0,0.0,0.0,0,0,20,22,90.9,3,14,0,0,0,2024-11-25,['CB'],0,1,0,0,0,0,0,0,0,0,0,0,0
Aaron Wan-Bissaka,West Ham United,29,ENG,"RB,LB",26,90.0,1,0,0,0,1,1,0,0,76,3,2,1,0.1,0.1,0.0,0,0,50,58,86.2,6,37,2,5,1,2024-11-25,"['RB', 'LB']",0,0,0,0,0,0,1,0,0,1,0,0,0
Łukasz Fabiański,West Ham United,1,POL,GK,39,90.0,0,0,0,0,0,0,0,0,55,0,0,0,0.0,0.0,0.0,1,0,30,53,56.6,0,27,0,0,0,2024-11-25,['GK'],0,0,0,0,0,1,0,0,0,0,0,0,0
João Pedro,Brighton & Hove Albion,9,BRA,FW,23,71.0,0,0,0,0,3,1,0,0,38,0,0,1,0.1,0.1,0.0,2,0,22,25,88.0,4,28,2,5,3,2024-11-29,['FW'],0,0,0,0,1,0,0,0,0,0,0,0,0
Simon Adingra,Brighton & Hove Albion,11,CIV,"FW,RM",22,19.0,0,0,0,0,1,1,0,0,9,0,0,0,0.0,0.0,0.1,1,0,5,6,83.3,0,8,1,2,1,2024-11-29,"['FW', 'RM']",0,0,0,0,1,0,0,0,0,0,1,0,0
Danny Welbeck,Brighton & Hove Albion,18,ENG,FW,34,78.0,0,0,0,0,2,0,0,0,19,0,0,0,0.2,0.2,0.0,0,0,9,9,100.0,3,12,0,3,1,2024-11-29,['FW'],0,0,0,0,1,0,0,0,0,0,0,0,0
Evan Ferguson,Brighton & Hove Albion,28,IRL,FW,20,12.0,0,0,0,0,0,0,0,0,5,0,0,0,0.0,0.0,0.0,0,0,2,4,50.0,0,3,1,0,0,2024-11-29,['FW'],0,0,0,0,1,0,0,0,0,0,0,0,0
Kaoru Mitoma,Brighton & Hove Albion,22,JPN,LM,27,90.0,1,0,0,0,2,1,0,0,56,1,0,2,0.6,0.6,0.1,9,0,39,45,86.7,6,35,8,3,1,2024-11-29,['LM'],0,0,0,0,0,0,0,1,0,0,0,0,0
Yasin Ayari,Brighton & Hove Albion,26,SWE,CM,21,90.0,0,0,0,0,1,0,0,0,62,4,2,0,0.1,0.1,0.0,3,0,45,51,88.2,7,31,1,3,1,2024-11-29,['CM'],0,0,1,0,0,0,0,0,0,0,0,0,0
Matt O'Riley,Brighton & Hove Albion,33,DEN,CM,24,71.0,0,0,0,0,2,1,1,0,29,1,0,0,0.0,0.0,0.0,1,1,17,23,73.9,5,11,1,0,0,2024-11-29,['CM'],0,0,1,0,0,0,0,0,0,0,0,0,0
Mats Wieffer,Brighton & Hove Albion,27,NED,CM,25,19.0,0,0,0,0,1,0,1,0,23,0,0,1,0.1,0.1,0.0,1,0,15,17,88.2,2,9,0,0,0,2024-11-29,['CM'],0,0,1,0,0,0,0,0,0,0,0,0,0
Georginio Rutter,Brighton & Hove Albion,14,FRA,"RM,FW",22,87.0,0,0,0,0,6,0,0,0,22,3,0,0,0.4,0.4,0.0,4,0,5,10,50.0,1,13,3,3,2,2024-11-29,"['RM', 'FW']",0,0,0,0,1,0,0,0,0,0,1,0,0
Yankuba Minteh,Brighton & Hove Albion,17,GAM,RM,20,3.0,0,0,0,0,0,0,0,0,9,0,0,0,0.0,0.0,0.1,2,0,7,9,77.8,1,5,1,0,0,2024-11-29,['RM'],0,0,0,0,0,0,0,0,0,0,1,0,0
Pervis Estupiñán,Brighton & Hove Albion,30,ECU,LB,26,90.0,0,0,0,0,1,0,0,0,90,2,0,1,0.0,0.0,0.3,8,0,65,82,79.3,6,48,2,0,0,2024-11-29,['LB'],0,0,0,0,0,0,1,0,0,0,0,0,0
Igor,Brighton & Hove Albion,3,BRA,CB,26,90.0,0,0,0,0,0,0,0,0,86,0,0,4,0.0,0.0,0.2,3,0,72,78,92.3,8,55,0,0,0,2024-11-29,['CB'],0,1,0,0,0,0,0,0,0,0,0,0,0
Jan Paul van Hecke,Brighton & Hove Albion,29,NED,"CB,RB",24,90.0,0,0,0,0,2,1,0,0,73,1,0,2,0.1,0.1,0.1,1,0,60,65,92.3,4,48,1,0,0,2024-11-29,"['CB', 'RB']",0,1,0,0,0,0,0,0,0,1,0,0,0
Tariq Lamptey,Brighton & Hove Albion,2,GHA,RB,24,71.0,0,1,0,0,0,0,0,0,38,2,1,3,0.0,0.0,0.1,1,1,23,27,85.2,1,20,3,2,0,2024-11-29,['RB'],0,0,0,0,0,0,0,0,0,1,0,0,0
Lewis Dunk,Brighton & Hove Albion,5,ENG,CB,33,19.0,0,0,0,0,1,0,0,0,33,0,0,0,0.1,0.1,0.0,0,0,29,30,96.7,4,17,0,0,0,2024-11-29,['CB'],0,1,0,0,0,0,0,0,0,0,0,0,0
Bart Verbruggen,Brighton & Hove Albion,1,NED,GK,22,90.0,0,0,0,0,0,0,0,0,31,0,0,0,0.0,0.0,0.0,0,0,24,30,80.0,0,23,0,0,0,2024-11-29,['GK'],0,0,0,0,0,1,0,0,0,0,0,0,0
Cameron Archer,Southampton,19,ENG,FW,23,87.0,0,0,0,0,2,0,0,0,21,0,0,0,0.5,0.5,0.0,0,0,9,13,69.2,0,15,1,1,1,2024-11-29,['FW'],0,0,0,0,1,0,0,0,0,0,0,0,0
Kamaldeen Sulemana,Southampton,20,GHA,FW,22,3.0,0,0,0,0,0,0,0,0,5,0,0,1,0.0,0.0,0.0,0,0,0,0,80.8,0,3,0,1,1,2024-11-29,['FW'],0,0,0,0,1,0,0,0,0,0,0,0,0
Adam Armstrong,Southampton,9,ENG,"LM,AM",27,89.0,0,0,0,0,2,0,0,0,16,0,0,1,0.2,0.2,0.0,3,1,6,12,50.0,1,12,5,2,2,2024-11-29,"['LM', 'AM']",1,0,0,0,0,0,0,1,0,0,0,0,0
Ben Brereton,Southampton,17,CHI,AM,25,1.0,0,0,0,0,0,0,0,0,6,0,0,0,0.0,0.0,0.0,0,0,2,4,50.0,0,1,0,0,0,2024-11-29,['AM'],1,0,0,0,0,0,0,0,0,0,0,0,0
Mateus Fernandes,Southampton,18,POR,"CM,DM",20,90.0,0,0,0,0,2,0,0,0,44,3,1,1,0.1,0.1,0.0,0,0,28,36,77.8,7,23,1,1,0,2024-11-29,"['CM', 'DM']",0,0,1,1,0,0,0,0,0,0,0,0,0
Flynn Downes,Southampton,4,ENG,CM,25,65.0,1,0,0,0,1,1,1,0,28,2,0,0,0.1,0.1,0.0,1,0,20,23,87.0,2,13,0,0,0,2024-11-29,['CM'],0,0,1,0,0,0,0,0,0,0,0,0,0
Joe Aribo,Southampton,7,NGA,DM,28,25.0,0,0,0,0,0,0,0,0,11,1,0,0,0.0,0.0,0.0,1,0,8,9,88.9,3,6,1,1,1,2024-11-29,['DM'],0,0,0,1,0,0,0,0,0,0,0,0,0
Tyler Dibling,Southampton,33,ENG,"RM,RW",18,90.0,0,0,0,0,2,1,1,0,38,1,1,0,0.0,0.0,0.1,5,0,16,21,76.2,5,29,4,12,4,2024-11-29,"['RM', 'RW']",0,0,0,0,0,0,0,0,0,0,1,1,0
Ryan Manning,Southampton,3,IRL,LB,28,90.0,0,0,0,0,1,0,0,0,64,4,0,3,0.0,0.0,0.2,3,0,39,53,73.6,2,40,2,3,2,2024-11-29,['LB'],0,0,0,0,0,0,1,0,0,0,0,0,0
Kyle Walker-Peters,Southampton,2,ENG,"CB,RB",27,90.0,0,0,0,0,0,0,1,0,73,2,0,3,0.0,0.0,0.0,0,0,58,63,92.1,2,49,0,1,0,2024-11-29,"['CB', 'RB']",0,1,0,0,0,0,0,0,0,1,0,0,0
Jack Stephens,Southampton,5,ENG,CB,30,90.0,0,0,0,0,0,0,0,0,74,2,0,1,0.0,0.0,0.0,1,0,51,55,92.7,1,36,0,0,0,2024-11-29,['CB'],0,1,0,0,0,0,0,0,0,0,0,0,0
Taylor Harwood-Bellis,Southampton,6,ENG,CB,22,90.0,0,0,0,0,0,0,1,0,80,1,0,2,0.0,0.0,0.0,1,0,66,70,94.3,4,50,0,0,0,2024-11-29,['CB'],0,1,0,0,0,0,0,0,0,0,0,0,0
Yukinari Sugawara,Southampton,16,JPN,RB,24,65.0,0,0,0,0,0,0,0,0,40,1,1,1,0.0,0.0,0.5,3,0,31,34,91.2,4,27,2,0,0,2024-11-29,['RB'],0,0,0,0,0,0,0,0,0,1,0,0,0
Ryan Fraser,Southampton,24,SCO,LW,30,25.0,0,0,0,0,0,0,0,0,19,0,1,0,0.0,0.0,0.0,1,0,10,15,66.7,1,13,3,1,1,2024-11-29,['LW'],0,0,0,0,0,0,0,0,1,0,0,0,0
Joe Lumley,Southampton,13,ENG,GK,29,90.0,0,0,0,0,0,0,0,0,51,0,0,0,0.0,0.0,0.0,0,0,42,51,82.4,0,41,0,0,0,2024-11-29,['GK'],0,0,0,0,0,1,0,0,0,0,0,0,0
Jean-Philippe Mateta,Crystal Palace,14,FRA,FW,27,90.0,0,0,0,0,2,0,0,0,26,1,1,0,0.3,0.3,0.0,0,0,7,14,50.0,1,12,2,0,0,2024-11-30,['FW'],0,0,0,0,1,0,0,0,0,0,0,0,0
Eberechi Eze,Crystal Palace,10,ENG,AM,26,64.0,0,0,0,0,0,0,0,0,30,0,2,0,0.0,0.0,0.1,5,0,18,26,69.2,1,23,2,5,4,2024-11-30,['AM'],1,0,0,0,0,0,0,0,0,0,0,0,0
Justin Devenny,Crystal Palace,55,NIR,"DM,AM,CM",21,26.0,0,0,0,0,0,0,0,0,32,2,0,0,0.0,0.0,0.1,2,0,17,26,65.4,1,14,0,1,1,2024-11-30,"['DM', 'AM', 'CM']",1,0,1,1,0,0,0,0,0,0,0,0,0
Ismaila Sarr,Crystal Palace,7,SEN,AM,26,90.0,0,0,0,0,2,2,0,0,27,0,0,0,0.2,0.2,0.5,5,0,15,17,88.2,4,18,3,1,0,2024-11-30,['AM'],1,0,0,0,0,0,0,0,0,0,0,0,0
Jefferson Lerma,Crystal Palace,8,COL,"CM,DM",30,90.0,0,0,0,0,1,0,1,0,62,3,4,1,0.0,0.0,0.1,1,0,39,50,78.0,8,30,2,1,0,2024-11-30,"['CM', 'DM']",0,0,1,1,0,0,0,0,0,0,0,0,0
Will Hughes,Crystal Palace,19,ENG,CM,29,76.0,0,0,0,0,2,0,0,0,51,4,0,0,0.1,0.1,0.1,3,0,40,43,93.0,6,28,0,1,1,2024-11-30,['CM'],0,0,1,0,0,0,0,0,0,0,0,0,0
Eddie Nketiah,Crystal Palace,9,ENG,"LW,AM",25,14.0,0,0,0,0,0,0,0,0,7,2,0,0,0.0,0.0,0.0,0,0,2,3,66.7,0,5,0,0,0,2024-11-30,"['LW', 'AM']",1,0,0,0,0,0,0,0,1,0,0,0,0
Tyrick Mitchell,Crystal Palace,3,ENG,"WB,LB",25,90.0,0,0,0,0,0,0,1,0,48,1,0,4,0.0,0.0,0.0,1,0,34,42,81.0,0,22,3,2,2,2024-11-30,"['WB', 'LB']",0,0,0,0,0,0,1,0,0,0,0,0,1
Daniel Muñoz,Crystal Palace,12,COL,"WB,RB",28,90.0,1,0,0,0,3,1,0,0,66,11,1,0,0.9,0.9,0.0,3,0,36,47,76.6,1,28,0,0,0,2024-11-30,"['WB', 'RB']",0,0,0,0,0,0,0,0,0,1,0,0,1
Marc Guéhi,Crystal Palace,6,ENG,CB,24,90.0,0,1,0,0,2,0,1,0,62,2,1,0,0.1,0.1,0.5,3,1,44,54,81.5,7,37,0,1,0,2024-11-30,['CB'],0,1,0,0,0,0,0,0,0,0,0,0,0
Maxence Lacroix,Crystal Palace,5,FRA,CB,24,90.0,0,0,0,0,3,0,0,0,58,3,4,1,0.2,0.2,0.0,2,1,38,46,82.6,5,37,1,0,0,2024-11-30,['CB'],0,1,0,0,0,0,0,0,0,0,0,0,0
Trevoh Chalobah,Crystal Palace,27,ENG,CB,25,83.0,0,0,0,0,1,0,0,0,60,1,0,1,0.0,0.0,0.1,1,0,41,50,82.0,4,35,1,2,1,2024-11-30,['CB'],0,1,0,0,0,0,0,0,0,0,0,0,0
Jeffrey Schlupp,Crystal Palace,15,GHA,RW,31,7.0,0,0,0,0,0,0,0,0,2,0,0,0,0.0,0.0,0.0,0,0,1,2,50.0,0,0,0,0,0,2024-11-30,['RW'],0,0,0,0,0,0,0,0,0,0,0,1,0
Dean Henderson,Crystal Palace,1,ENG,GK,27,90.0,0,0,0,0,0,0,0,0,32,0,0,0,0.0,0.0,0.0,0,0,19,30,63.3,0,24,0,0,0,2024-11-30,['GK'],0,0,0,0,0,1,0,0,0,0,0,0,0
Alexander Isak,Newcastle United,14,SWE,FW,25,21.0,0,0,0,0,0,0,0,0,4,0,0,0,0.0,0.0,0.0,0,0,3,3,100.0,1,2,1,0,0,2024-11-30,['FW'],0,0,0,0,1,0,0,0,0,0,0,0,0
Harvey Barnes,Newcastle United,11,ENG,RW,26,69.0,0,0,0,0,0,0,0,0,24,1,0,1,0.0,0.0,0.0,0,0,13,18,72.2,4,20,4,5,1,2024-11-30,['RW'],0,0,0,0,0,0,0,0,0,0,0,1,0
Joelinton,Newcastle United,7,BRA,LW,28,90.0,0,0,0,0,1,0,0,0,55,0,1,2,0.0,0.0,0.0,0,0,23,35,65.7,2,28,0,6,0,2024-11-30,['LW'],0,0,0,0,0,0,0,0,1,0,0,0,0
Anthony Gordon,Newcastle United,10,ENG,"FW,RW",23,74.0,0,0,0,0,0,0,1,0,37,2,1,2,0.0,0.0,0.0,2,0,19,28,67.9,1,23,1,3,0,2024-11-30,"['FW', 'RW']",0,0,0,0,1,0,0,0,0,0,0,1,0
Callum Wilson,Newcastle United,9,ENG,FW,32,16.0,0,0,0,0,0,0,1,0,6,0,0,0,0.0,0.0,0.0,0,0,2,3,66.7,0,6,0,0,0,2024-11-30,['FW'],0,0,0,0,1,0,0,0,0,0,0,0,0
Joe Willock,Newcastle United,28,ENG,LM,25,74.0,0,0,0,0,0,0,1,0,29,1,0,1,0.0,0.0,0.0,0,0,16,20,80.0,1,19,2,2,0,2024-11-30,['LM'],0,0,0,0,0,0,0,1,0,0,0,0,0
Sean Longstaff,Newcastle United,36,ENG,LM,27,16.0,0,0,0,0,0,0,0,0,5,0,0,0,0.0,0.0,0.0,0,0,5,5,100.0,0,3,0,0,0,2024-11-30,['LM'],0,0,0,0,0,0,0,1,0,0,0,0,0
Bruno Guimarães,Newcastle United,39,BRA,CM,27,90.0,0,0,0,0,0,0,0,0,50,0,0,0,0.0,0.0,0.0,0,0,28,42,66.7,3,33,1,5,2,2024-11-30,['CM'],0,0,1,0,0,0,0,0,0,0,0,0,0
Sandro Tonali,Newcastle United,8,ITA,RM,24,90.0,0,0,0,0,0,0,0,0,56,3,1,2,0.0,0.0,0.0,0,0,34,46,73.9,4,32,0,1,1,2024-11-30,['RM'],0,0,0,0,0,0,0,0,0,0,1,0,0
Lewis Hall,Newcastle United,20,ENG,LB,20,90.0,0,0,0,0,0,0,0,0,79,0,0,0,0.0,0.0,0.0,0,0,58,75,77.3,4,46,0,2,0,2024-11-30,['LB'],0,0,0,0,0,0,1,0,0,0,0,0,0
Dan Burn,Newcastle United,33,ENG,CB,32,90.0,0,0,0,0,0,0,0,0,58,3,1,1,0.0,0.0,0.0,0,0,44,47,93.6,0,34,0,0,0,2024-11-30,['CB'],0,1,0,0,0,0,0,0,0,0,0,0,0
Fabian Schär,Newcastle United,5,SUI,CB,32,90.0,0,0,0,0,0,0,0,0,75,1,2,3,0.0,0.0,0.0,0,0,53,64,82.8,1,51,0,0,0,2024-11-30,['CB'],0,1,0,0,0,0,0,0,0,0,0,0,0
Valentino Livramento,Newcastle United,21,ENG,RB,22,90.0,0,0,0,0,0,0,0,0,65,1,2,1,0.0,0.0,0.0,0,0,47,56,83.9,3,31,3,2,2,2024-11-30,['RB'],0,0,0,0,0,0,0,0,0,1,0,0,0
Nick Pope,Newcastle United,22,ENG,GK,32,90.0,0,0,0,0,0,0,0,0,32,0,0,0,0.0,0.0,0.0,0,0,22,29,75.9,0,19,0,0,0,2024-11-30,['GK'],0,0,0,0,0,1,0,0,0,0,0,0,0
Jørgen Strand Larsen,Wolverhampton Wanderers,9,NOR,FW,24,90.0,2,0,0,0,3,2,1,0,30,0,0,2,0.2,0.2,0.0,0,0,9,15,60.0,1,12,0,4,1,2024-11-30,['FW'],0,0,0,0,1,0,0,0,0,0,0,0,0
Rodrigo Gomes,Wolverhampton Wanderers,19,POR,"WB,LW",21,45.0,0,0,0,0,0,0,0,0,28,0,0,0,0.0,0.0,0.1,2,0,15,22,68.2,2,21,1,2,1,2024-11-30,"['WB', 'LW']",0,0,0,0,0,0,0,0,1,0,0,0,1
Craig Dawson,Wolverhampton Wanderers,15,ENG,CB,34,45.0,0,0,0,0,0,0,1,0,44,0,0,0,0.0,0.0,0.0,0,0,35,42,83.3,0,35,0,0,0,2024-11-30,['CB'],0,1,0,0,0,0,0,0,0,0,0,0,0
Jean-Ricner Bellegarde,Wolverhampton Wanderers,27,FRA,"AM,WB,RW",26,63.0,0,1,0,0,0,0,0,0,28,0,0,0,0.0,0.0,0.1,1,1,21,26,80.8,2,20,2,0,0,2024-11-30,"['AM', 'WB', 'RW']",1,0,0,0,0,0,0,0,0,0,0,1,1
Carlos Forbs,Wolverhampton Wanderers,26,POR,LW,20,27.0,0,0,0,0,0,0,0,0,13,0,1,0,0.0,0.0,0.0,0,0,5,8,62.5,0,6,0,2,0,2024-11-30,['LW'],0,0,0,0,0,0,0,0,1,0,0,0,0
Matheus Cunha,Wolverhampton Wanderers,10,BRA,AM,25,90.0,0,0,0,0,2,0,0,0,46,2,1,0,0.1,0.1,0.0,4,1,19,33,57.6,3,21,4,5,2,2024-11-30,['AM'],1,0,0,0,0,0,0,0,0,0,0,0,0
João Gomes,Wolverhampton Wanderers,8,BRA,"DM,CM",23,90.0,0,0,0,0,1,0,0,0,69,4,0,0,0.0,0.0,0.0,0,0,51,57,89.5,6,35,2,3,0,2024-11-30,"['DM', 'CM']",0,0,1,1,0,0,0,0,0,0,0,0,0
André,Wolverhampton Wanderers,7,BRA,"CM,DM",23,81.0,0,0,0,0,0,0,0,0,68,7,1,4,0.0,0.0,0.0,0,0,45,47,95.7,3,38,2,2,0,2024-11-30,"['CM', 'DM']",0,0,1,1,0,0,0,0,0,0,0,0,0
Hwang Hee-chan,Wolverhampton Wanderers,11,KOR,DM,28,9.0,0,0,0,0,0,0,0,0,6,0,0,1,0.0,0.0,0.0,0,0,4,5,80.0,2,4,1,0,0,2024-11-30,['DM'],0,0,0,1,0,0,0,0,0,0,0,0,0
Rayan Aït-Nouri,Wolverhampton Wanderers,3,ALG,"LB,CB,AM",23,90.0,0,0,0,0,1,0,0,0,98,5,0,1,0.1,0.1,0.0,3,0,74,85,87.1,5,59,3,5,2,2024-11-30,"['LB', 'CB', 'AM']",1,1,0,0,0,0,1,0,0,0,0,0,0
Toti Gomes,Wolverhampton Wanderers,24,POR,CB,25,63.0,0,0,0,0,1,0,0,0,67,0,0,1,0.0,0.0,0.0,1,0,57,63,90.5,5,52,0,0,0,2024-11-30,['CB'],0,1,0,0,0,0,0,0,0,0,0,0,0
Gonçalo Guedes,Wolverhampton Wanderers,29,POR,RW,28,27.0,0,1,0,0,1,1,0,0,20,2,0,0,0.0,0.0,0.1,2,2,12,14,85.7,3,12,2,2,1,2024-11-30,['RW'],0,0,0,0,0,0,0,0,0,0,0,1,0
Mario Lemina,Wolverhampton Wanderers,5,GAB,CB,31,90.0,0,0,0,0,0,0,1,0,84,3,2,0,0.0,0.0,0.0,1,0,58,69,84.1,3,46,1,1,0,2024-11-30,['CB'],0,1,0,0,0,0,0,0,0,0,0,0,0
Nélson Semedo,Wolverhampton Wanderers,22,POR,"RB,WB",31,90.0,0,0,0,0,1,0,1,0,72,5,1,0,0.0,0.0,0.0,3,0,44,56,78.6,2,31,1,3,2,2024-11-30,"['RB', 'WB']",0,0,0,0,0,0,0,0,0,1,0,0,1
José Sá,Wolverhampton Wanderers,1,POR,GK,31,90.0,0,0,0,0,0,0,1,0,33,0,0,0,0.0,0.0,0.0,0,0,23,29,79.3,0,24,0,0,0,2024-11-30,['GK'],0,0,0,0,0,1,0,0,0,0,0,0,0
Evanilson,Bournemouth,9,BRA,FW,25,76.0,0,0,0,0,2,2,0,0,28,2,0,1,0.5,0.5,0.0,4,3,12,17,70.6,0,17,2,3,0,2024-11-30,['FW'],0,0,0,0,1,0,0,0,0,0,0,0,0
Enes Ünal,Bournemouth,26,TUR,FW,27,14.0,0,0,0,0,1,0,0,0,14,0,0,0,0.1,0.1,0.0,0,0,4,6,66.7,1,9,0,1,0,2024-11-30,['FW'],0,0,0,0,1,0,0,0,0,0,0,0,0
Marcus Tavernier,Bournemouth,16,ENG,LW,25,90.0,0,1,0,0,2,0,0,0,55,6,0,1,0.1,0.1,0.1,3,1,28,42,66.7,4,30,1,1,0,2024-11-30,['LW'],0,0,0,0,0,0,0,0,1,0,0,0,0
David Brooks,Bournemouth,7,WAL,RW,27,63.0,0,0,0,0,0,0,0,0,23,2,1,2,0.0,0.0,0.0,1,0,9,14,64.3,1,15,0,4,1,2024-11-30,['RW'],0,0,0,0,0,0,0,0,0,0,0,1,0
Dango Ouattara,Bournemouth,11,BFA,RW,22,27.0,0,0,0,0,0,0,0,0,13,1,0,1,0.0,0.0,0.0,0,0,3,7,42.9,0,7,1,1,1,2024-11-30,['RW'],0,0,0,0,0,0,0,0,0,0,0,1,0
Justin Kluivert,Bournemouth,19,NED,AM,25,76.0,3,0,3,3,1,1,0,0,39,2,0,2,2.4,0.0,0.5,3,0,18,26,69.2,3,22,2,1,0,2024-11-30,['AM'],1,0,0,0,0,0,0,0,0,0,0,0,0
Philip Billing,Bournemouth,29,DEN,AM,28,14.0,0,0,0,0,0,0,0,0,12,3,0,0,0.0,0.0,0.0,0,0,5,6,83.3,1,5,0,1,0,2024-11-30,['AM'],1,0,0,0,0,0,0,0,0,0,0,0,0
Ryan Christie,Bournemouth,10,SCO,DM,29,90.0,0,0,0,0,1,1,0,0,62,2,0,1,0.0,0.0,0.0,2,1,40,46,87.0,9,36,2,1,0,2024-11-30,['DM'],0,0,0,1,0,0,0,0,0,0,0,0,0
Tyler Adams,Bournemouth,12,USA,DM,25,90.0,0,0,0,0,1,0,0,0,47,3,5,0,0.1,0.1,0.0,2,0,24,29,82.8,1,17,0,1,0,2024-11-30,['DM'],0,0,0,1,0,0,0,0,0,0,0,0,0
Milos Kerkez,Bournemouth,3,HUN,LB,21,90.0,1,0,0,0,1,1,0,0,50,0,0,0,0.1,0.1,0.0,0,0,32,40,80.0,3,16,0,2,0,2024-11-30,['LB'],0,0,0,0,0,0,1,0,0,0,0,0,0
Marcos Senesi,Bournemouth,5,ARG,CB,27,81.0,0,0,0,0,0,0,0,0,50,2,1,1,0.0,0.0,0.1,1,1,32,42,76.2,1,32,0,0,0,2024-11-30,['CB'],0,1,0,0,0,0,0,0,0,0,0,0,0
Dean Huijsen,Bournemouth,2,ESP,CB,19,9.0,0,0,0,0,0,0,0,0,8,0,1,0,0.0,0.0,0.1,1,0,6,7,85.7,0,2,0,0,0,2024-11-30,['CB'],0,1,0,0,0,0,0,0,0,0,0,0,0
Illia Zabarnyi,Bournemouth,27,UKR,CB,22,90.0,0,0,0,0,0,0,1,0,40,3,0,0,0.0,0.0,0.0,0,0,23,31,74.2,4,19,0,1,1,2024-11-30,['CB'],0,1,0,0,0,0,0,0,0,0,0,0,0
Adam Smith,Bournemouth,15,ENG,RB,33,90.0,0,0,0,0,0,0,0,0,35,0,0,2,0.0,0.0,0.0,1,0,18,28,64.3,5,12,1,0,0,2024-11-30,['RB'],0,0,0,0,0,0,0,0,0,1,0,0,0
Kepa Arrizabalaga,Bournemouth,13,ESP,GK,30,90.0,0,0,0,0,0,0,0,0,34,0,0,0,0.0,0.0,0.0,0,0,25,34,73.5,0,20,0,0,0,2024-11-30,['GK'],0,0,0,0,0,1,0,0,0,0,0,0,0
Chris Wood,Nottingham Forest,11,NZL,FW,32,90.0,1,0,1,1,0,0,0,0,19,0,0,0,0.8,0.0,0.0,0,0,3,12,25.0,0,7,1,1,0,2024-11-30,['FW'],0,0,0,0,1,0,0,0,0,0,0,0,0
Callum Hudson-Odoi,Nottingham Forest,14,ENG,LW,24,87.0,0,0,0,0,2,1,0,0,36,0,0,0,0.2,0.2,0.1,6,0,23,30,76.7,1,29,4,5,2,2024-11-30,['LW'],0,0,0,0,0,0,0,0,1,0,0,0,0
Ramón Sosa,Nottingham Forest,24,PAR,LW,25,3.0,0,0,0,0,0,0,0,0,2,0,0,1,0.0,0.0,0.0,1,0,2,2,100.0,0,1,1,0,0,2024-11-30,['LW'],0,0,0,0,0,0,0,0,1,0,0,0,0
Jota Silva,Nottingham Forest,20,POR,RW,25,77.0,0,0,0,0,1,0,0,0,26,0,1,0,0.1,0.1,0.2,4,1,6,14,42.9,0,11,2,2,1,2024-11-30,['RW'],0,0,0,0,0,0,0,0,0,0,0,1,0
Anthony Elanga,Nottingham Forest,21,SWE,RW,22,13.0,0,0,0,0,0,0,0,0,5,0,0,0,0.0,0.0,0.0,0,0,3,3,100.0,0,1,0,0,0,2024-11-30,['RW'],0,0,0,0,0,0,0,0,0,0,0,1,0
Morgan Gibbs-White,Nottingham Forest,10,ENG,AM,24,77.0,0,0,0,0,3,2,1,0,43,0,0,0,0.1,0.1,0.1,2,0,27,33,81.8,5,34,5,3,2,2024-11-30,['AM'],1,0,0,0,0,0,0,0,0,0,0,0,0
Morato,Nottingham Forest,4,BRA,CB,23,13.0,0,0,0,0,0,0,0,0,2,0,0,1,0.0,0.0,0.0,0,0,0,1,0.0,0,0,0,0,0,2024-11-30,['CB'],0,1,0,0,0,0,0,0,0,0,0,0,0
Ryan Yates,Nottingham Forest,22,ENG,"DM,CM",27,90.0,0,0,0,0,2,0,0,0,41,2,2,2,0.2,0.2,0.0,1,0,25,31,80.6,1,16,0,1,1,2024-11-30,"['DM', 'CM']",0,0,1,1,0,0,0,0,0,0,0,0,0
Elliot Anderson,Nottingham Forest,8,ENG,DM,22,70.0,0,0,0,0,0,0,0,0,51,3,1,0,0.0,0.0,0.2,5,1,35,42,83.3,8,29,1,3,1,2024-11-30,['DM'],0,0,0,1,0,0,0,0,0,0,0,0,0
Nicolás Domínguez,Nottingham Forest,16,ARG,"CM,DM",26,20.0,0,0,0,0,0,0,0,0,14,2,1,2,0.0,0.0,0.0,0,0,6,9,66.7,0,5,0,0,0,2024-11-30,"['CM', 'DM']",0,0,1,1,0,0,0,0,0,0,0,0,0
Neco Williams,Nottingham Forest,7,WAL,LB,23,76.0,0,0,0,0,1,0,0,0,43,3,0,1,0.0,0.0,0.1,3,0,26,34,76.5,4,25,3,2,0,2024-11-30,['LB'],0,0,0,0,0,0,1,0,0,0,0,0,0
Álex Moreno,Nottingham Forest,19,ESP,"LM,LB",31,14.0,0,0,0,0,0,0,0,0,11,0,0,0,0.0,0.0,0.0,0,0,5,10,50.0,0,3,0,0,0,2024-11-30,"['LM', 'LB']",0,0,0,0,0,0,1,1,0,0,0,0,0
Murillo,Nottingham Forest,5,BRA,CB,22,90.0,0,0,0,0,1,1,0,0,59,3,0,3,0.2,0.2,0.0,0,0,32,44,72.7,2,30,0,0,0,2024-11-30,['CB'],0,1,0,0,0,0,0,0,0,0,0,0,0
Nikola Milenković,Nottingham Forest,31,SRB,CB,27,90.0,0,0,0,0,1,0,0,0,39,3,1,0,0.0,0.0,0.0,0,0,25,31,80.6,4,18,0,0,0,2024-11-30,['CB'],0,1,0,0,0,0,0,0,0,0,0,0,0
Ola Aina,Nottingham Forest,34,NGA,"RB,RM",28,90.0,0,0,0,0,0,0,0,0,60,4,2,4,0.0,0.0,0.0,0,0,34,43,79.1,1,25,0,3,0,2024-11-30,"['RB', 'RM']",0,0,0,0,0,0,0,0,0,1,1,0,0
Matz Sels,Nottingham Forest,26,BEL,GK,32,90.0,0,0,0,0,0,0,0,0,17,0,0,0,0.0,0.0,0.0,0,0,6,15,40.0,0,13,0,0,0,2024-11-30,['GK'],0,0,0,0,0,1,0,0,0,0,0,0,0
Liam Delap,Ipswich Town,19,ENG,FW,21,90.0,0,0,0,0,1,0,0,0,16,0,0,0,0.0,0.0,0.1,3,0,5,8,62.5,1,9,2,4,1,2024-11-30,['FW'],0,0,0,0,1,0,0,0,0,0,0,0,0
Sammie Szmodics,Ipswich Town,23,IRL,LW,29,63.0,0,0,0,0,0,0,0,0,13,1,0,0,0.0,0.0,0.0,0,0,6,8,75.0,0,7,0,1,0,2024-11-30,['LW'],0,0,0,0,0,0,0,0,1,0,0,0,0
Jack Clarke,Ipswich Town,47,ENG,LW,24,27.0,0,0,0,0,1,1,0,0,15,0,1,0,0.1,0.1,0.0,2,0,8,11,72.7,2,10,1,1,1,2024-11-30,['LW'],0,0,0,0,0,0,0,0,1,0,0,0,0
Omari Hutchinson,Ipswich Town,20,ENG,"RW,AM",21,78.0,0,0,0,0,1,1,0,0,31,2,1,0,0.1,0.1,0.0,0,0,15,21,71.4,1,19,5,4,0,2024-11-30,"['RW', 'AM']",1,0,0,0,0,0,0,0,0,0,0,1,0
Nathan Broadhead,Ipswich Town,33,WAL,AM,26,12.0,0,0,0,0,0,0,0,0,7,1,0,0,0.0,0.0,0.0,0,0,4,6,66.7,0,3,1,0,0,2024-11-30,['AM'],1,0,0,0,0,0,0,0,0,0,0,0,0
Conor Chaplin,Ipswich Town,10,ENG,AM,27,73.0,0,0,0,0,0,0,0,0,33,2,0,2,0.0,0.0,0.0,1,0,22,28,78.6,5,21,4,3,2,2024-11-30,['AM'],1,0,0,0,0,0,0,0,0,0,0,0,0
Wes Burns,Ipswich Town,7,WAL,RW,30,17.0,0,0,0,0,0,0,0,0,14,1,0,0,0.0,0.0,0.0,0,0,5,10,50.0,0,7,0,2,1,2024-11-30,['RW'],0,0,0,0,0,0,0,0,0,0,0,1,0
Jens Cajuste,Ipswich Town,12,SWE,DM,25,73.0,0,0,0,0,0,0,1,0,38,3,0,0,0.0,0.0,0.0,0,0,23,30,76.7,2,19,3,0,0,2024-11-30,['DM'],0,0,0,1,0,0,0,0,0,0,0,0,0
Jack Taylor,Ipswich Town,14,IRL,DM,26,17.0,0,0,0,0,1,0,0,0,20,0,0,1,0.0,0.0,0.1,3,0,16,18,88.9,5,9,1,0,0,2024-11-30,['DM'],0,0,0,1,0,0,0,0,0,0,0,0,0
Sam Morsy,Ipswich Town,5,EGY,DM,33,90.0,0,0,0,0,0,0,0,0,50,1,2,0,0.0,0.0,0.0,1,0,37,44,84.1,6,23,0,0,0,2024-11-30,['DM'],0,0,0,1,0,0,0,0,0,0,0,0,0
Leif Davis,Ipswich Town,3,ENG,LB,24,90.0,0,0,0,0,0,0,0,0,56,1,0,0,0.0,0.0,0.4,3,0,28,46,60.9,2,18,3,4,3,2024-11-30,['LB'],0,0,0,0,0,0,1,0,0,0,0,0,0
Cameron Burgess,Ipswich Town,15,AUS,CB,29,90.0,0,0,0,0,3,0,0,0,66,1,0,0,0.3,0.3,0.0,0,0,40,56,71.4,2,28,0,0,0,2024-11-30,['CB'],0,1,0,0,0,0,0,0,0,0,0,0,0
Dara O'Shea,Ipswich Town,26,IRL,CB,25,90.0,0,0,0,0,0,0,1,0,72,1,0,1,0.0,0.0,0.0,0,0,53,63,84.1,4,40,1,0,0,2024-11-30,['CB'],0,1,0,0,0,0,0,0,0,0,0,0,0
Axel Tuanzebe,Ipswich Town,40,COD,RB,27,78.0,0,0,0,0,0,0,1,0,40,2,0,0,0.0,0.0,0.0,0,0,29,34,85.3,1,17,0,0,0,2024-11-30,['RB'],0,0,0,0,0,0,0,0,0,1,0,0,0
Harry Clarke,Ipswich Town,2,ENG,RB,23,12.0,0,0,0,0,0,0,0,0,22,0,0,0,0.0,0.0,0.0,0,0,13,21,61.9,1,7,0,0,0,2024-11-30,['RB'],0,0,0,0,0,0,0,0,0,1,0,0,0
Arijanet Muric,Ipswich Town,1,KVX,GK,26,90.0,0,0,0,0,0,0,0,0,38,0,0,0,0.0,0.0,0.0,0,0,29,34,85.3,0,18,0,0,0,2024-11-30,['GK'],0,0,0,0,0,1,0,0,0,0,0,0,0
Yoane Wissa,Brentford,11,COD,FW,28,90.0,1,0,0,0,2,1,0,0,37,0,0,2,0.8,0.8,0.1,3,2,25,30,83.3,6,25,2,2,1,2024-11-30,['FW'],0,0,0,0,1,0,0,0,0,0,0,0,0
Kevin Schade,Brentford,7,GER,LW,23,69.0,3,1,0,0,5,4,0,0,28,2,1,1,1.2,1.2,0.7,3,1,12,15,80.0,1,14,3,2,2,2024-11-30,['LW'],0,0,0,0,0,0,0,0,1,0,0,0,0
Thiago,Brentford,9,BRA,LW,23,21.0,0,0,0,0,0,0,0,0,11,0,1,0,0.0,0.0,0.0,1,0,8,10,80.0,0,6,1,2,2,2024-11-30,['LW'],0,0,0,0,0,0,0,0,1,0,0,0,0
Bryan Mbeumo,Brentford,19,CMR,RW,25,90.0,0,0,0,0,0,0,0,0,68,0,0,1,0.0,0.0,0.0,2,0,34,53,64.2,1,31,0,5,2,2024-11-30,['RW'],0,0,0,0,0,0,0,0,0,0,0,1,0
Mikkel Damsgaard,Brentford,24,DEN,AM,24,69.0,0,1,0,0,4,0,0,0,50,0,1,0,0.2,0.2,0.3,5,2,31,41,75.6,9,29,2,2,1,2024-11-30,['AM'],1,0,0,0,0,0,0,0,0,0,0,0,0
Fabio Carvalho,Brentford,14,POR,AM,22,21.0,0,0,0,0,1,1,0,0,28,2,1,0,0.0,0.0,0.0,1,0,18,21,85.7,2,18,1,3,1,2024-11-30,['AM'],1,0,0,0,0,0,0,0,0,0,0,0,0
Mathias Jensen,Brentford,8,DEN,DM,28,41.0,0,0,0,0,0,0,0,0,32,1,1,0,0.0,0.0,0.0,2,0,24,29,82.8,2,21,0,2,2,2024-11-30,['DM'],0,0,0,1,0,0,0,0,0,0,0,0,0
Vitaly Janelt,Brentford,27,GER,DM,26,49.0,0,0,0,0,0,0,0,0,49,2,0,2,0.0,0.0,0.0,0,0,35,41,85.4,1,30,0,1,1,2024-11-30,['DM'],0,0,0,1,0,0,0,0,0,0,0,0,0
Christian Nørgaard,Brentford,6,DEN,DM,30,69.0,0,0,0,0,1,0,0,0,55,6,1,0,0.1,0.1,0.0,0,0,39,47,83.0,4,20,0,0,0,2024-11-30,['DM'],0,0,0,1,0,0,0,0,0,0,0,0,0
Yehor Yarmoliuk,Brentford,18,UKR,DM,20,21.0,0,0,0,0,0,0,0,0,26,1,1,1,0.0,0.0,0.1,1,0,18,21,85.7,0,16,0,0,0,2024-11-30,['DM'],0,0,0,1,0,0,0,0,0,0,0,0,0
Keane Lewis-Potter,Brentford,23,ENG,LB,23,90.0,0,0,0,0,0,0,1,0,68,0,0,1,0.0,0.0,0.1,3,1,53,60,88.3,6,48,6,3,1,2024-11-30,['LB'],0,0,0,0,0,0,1,0,0,0,0,0,0
Ethan Pinnock,Brentford,5,JAM,CB,31,90.0,0,0,0,0,0,0,0,0,91,3,0,1,0.0,0.0,0.1,1,0,61,75,81.3,2,45,0,1,0,2024-11-30,['CB'],0,1,0,0,0,0,0,0,0,0,0,0,0
Nathan Collins,Brentford,22,IRL,CB,23,90.0,0,1,0,0,0,0,0,0,87,2,1,0,0.0,0.0,0.6,2,1,68,78,87.2,10,52,0,2,2,2024-11-30,['CB'],0,1,0,0,0,0,0,0,0,0,0,0,0
Sepp van den Berg,Brentford,4,NED,RB,22,82.0,0,0,0,0,0,0,0,0,62,1,1,1,0.0,0.0,0.0,1,1,50,57,87.7,7,29,1,1,1,2024-11-30,['RB'],0,0,0,0,0,0,0,0,0,1,0,0,0
Mads Roerslev,Brentford,30,DEN,RB,25,8.0,0,0,0,0,0,0,0,0,12,0,0,0,0.0,0.0,0.0,0,0,10,12,83.3,2,7,1,0,0,2024-11-30,['RB'],0,0,0,0,0,0,0,0,0,1,0,0,0
Mark Flekken,Brentford,1,NED,GK,31,90.0,0,0,0,0,0,0,0,0,37,0,0,0,0.0,0.0,0.0,0,0,32,37,86.5,0,21,0,0,0,2024-11-30,['GK'],0,0,0,0,0,1,0,0,0,0,0,0,0
Jamie Vardy,Leicester City,9,ENG,FW,37,63.0,0,1,0,0,0,0,0,0,18,0,0,0,0.0,0.0,0.7,2,2,10,15,66.7,0,4,2,3,1,2024-11-30,['FW'],0,0,0,0,1,0,0,0,0,0,0,0,0
Patson Daka,Leicester City,20,ZAM,FW,26,27.0,0,0,0,0,1,0,0,0,11,1,0,0,0.0,0.0,0.0,0,0,4,8,50.0,0,10,2,0,0,2024-11-30,['FW'],0,0,0,0,1,0,0,0,0,0,0,0,0
Jordan Ayew,Leicester City,18,GHA,AM,33,79.0,0,0,0,0,1,0,0,0,33,0,2,0,0.1,0.1,0.0,0,0,19,21,90.5,2,28,2,5,0,2024-11-30,['AM'],1,0,0,0,0,0,0,0,0,0,0,0,0
Bobby Reid,Leicester City,14,JAM,AM,31,11.0,0,0,0,0,0,0,0,0,9,1,0,0,0.0,0.0,0.0,0,0,5,8,62.5,1,4,0,0,0,2024-11-30,['AM'],1,0,0,0,0,0,0,0,0,0,0,0,0
Facundo Buonanotte,Leicester City,40,ARG,AM,19,63.0,1,0,0,0,2,2,0,0,24,1,2,0,0.8,0.8,0.1,1,0,10,16,62.5,3,13,2,3,0,2024-11-30,['AM'],1,0,0,0,0,0,0,0,0,0,0,0,0
Stephy Mavididi,Leicester City,10,ENG,AM,26,27.0,0,0,0,0,1,1,0,0,26,1,0,0,0.1,0.1,0.1,2,0,14,18,77.8,2,19,3,7,4,2024-11-30,['AM'],1,0,0,0,0,0,0,0,0,0,0,0,0
Wilfred Ndidi,Leicester City,6,NGA,CM,27,90.0,0,0,0,0,0,0,0,0,52,2,0,4,0.0,0.0,0.0,0,0,32,40,80.0,1,31,0,2,0,2024-11-30,['CM'],0,0,1,0,0,0,0,0,0,0,0,0,0
Boubakary Soumaré,Leicester City,24,FRA,CM,25,63.0,0,0,0,0,0,0,0,0,43,0,0,0,0.0,0.0,0.0,0,0,34,40,85.0,3,30,0,1,1,2024-11-30,['CM'],0,0,1,0,0,0,0,0,0,0,0,0,0
Oliver Skipp,Leicester City,22,ENG,CM,24,27.0,0,0,0,0,0,0,0,0,13,1,2,0,0.0,0.0,0.0,0,0,7,8,87.5,1,6,2,0,0,2024-11-30,['CM'],0,0,1,0,0,0,0,0,0,0,0,0,0
Luke Thomas,Leicester City,33,ENG,WB,23,90.0,0,0,0,0,1,0,0,0,67,2,0,3,0.0,0.0,0.1,1,0,40,57,70.2,3,32,1,0,0,2024-11-30,['WB'],0,0,0,0,0,0,0,0,0,0,0,0,1
James Justin,Leicester City,2,ENG,WB,26,90.0,0,0,0,0,1,0,1,0,43,3,1,0,0.1,0.1,0.0,1,0,23,32,71.9,4,20,2,1,0,2024-11-30,['WB'],0,0,0,0,0,0,0,0,0,0,0,0,1
Caleb Okoli,Leicester City,5,ITA,CB,23,34.0,0,0,0,0,0,0,0,0,16,0,1,0,0.0,0.0,0.0,0,0,7,12,58.3,0,10,0,0,0,2024-11-30,['CB'],0,1,0,0,0,0,0,0,0,0,0,0,0
Jannik Vestergaard,Leicester City,23,DEN,CB,32,56.0,0,0,0,0,0,0,0,0,40,2,1,0,0.0,0.0,0.0,0,0,31,35,88.6,2,29,0,0,0,2024-11-30,['CB'],0,1,0,0,0,0,0,0,0,0,0,0,0
Conor Coady,Leicester City,4,ENG,CB,31,90.0,0,0,0,0,0,0,0,0,43,1,0,2,0.0,0.0,0.0,0,0,27,32,84.4,2,24,0,0,0,2024-11-30,['CB'],0,1,0,0,0,0,0,0,0,0,0,0,0
Wout Faes,Leicester City,3,BEL,CB,26,90.0,0,0,0,0,0,0,0,0,45,0,1,1,0.0,0.0,0.0,1,0,28,33,84.8,1,28,0,0,0,2024-11-30,['CB'],0,1,0,0,0,0,0,0,0,0,0,0,0
Mads Hermansen,Leicester City,30,DEN,GK,24,90.0,0,0,0,0,0,0,0,0,45,0,0,0,0.0,0.0,0.0,1,0,19,44,43.2,0,29,0,1,1,2024-11-30,['GK'],0,0,0,0,0,1,0,0,0,0,0,0,0
Michail Antonio,West Ham United,9,JAM,FW,34,64.0,0,0,0,0,1,0,0,0,22,0,0,1,0.1,0.1,0.0,2,0,8,11,72.7,3,9,1,1,0,2024-11-30,['FW'],0,0,0,0,1,0,0,0,0,0,0,0,0
Danny Ings,West Ham United,18,ENG,FW,32,26.0,0,0,0,0,2,1,0,0,12,0,0,0,0.5,0.5,0.0,1,0,3,5,60.0,0,4,0,2,1,2024-11-30,['FW'],0,0,0,0,1,0,0,0,0,0,0,0,0
Crysencio Summerville,West Ham United,7,NED,LW,23,45.0,0,0,0,0,0,0,1,0,19,3,0,1,0.0,0.0,0.0,0,0,4,7,57.1,0,8,0,1,0,2024-11-30,['LW'],0,0,0,0,0,0,0,0,1,0,0,0,0
Edson Álvarez,West Ham United,19,MEX,DM,27,45.0,0,0,0,0,0,0,0,0,24,2,1,0,0.0,0.0,0.0,0,0,17,18,94.4,2,13,0,1,1,2024-11-30,['DM'],0,0,0,1,0,0,0,0,0,0,0,0,0
Jarrod Bowen,West Ham United,20,ENG,RW,27,90.0,0,0,0,0,2,0,0,0,23,0,1,0,0.0,0.0,0.0,2,0,9,14,64.3,2,18,0,3,0,2024-11-30,['RW'],0,0,0,0,0,0,0,0,0,0,0,1,0
Carlos Soler,West Ham United,4,ESP,AM,27,77.0,0,1,0,0,0,0,0,0,28,1,0,2,0.0,0.0,0.4,3,1,17,23,73.9,2,12,0,0,0,2024-11-30,['AM'],1,0,0,0,0,0,0,0,0,0,0,0,0
Andy Irving,West Ham United,39,SCO,AM,24,13.0,0,0,0,0,0,0,0,0,10,0,0,0,0.0,0.0,0.0,0,0,9,10,90.0,1,8,0,0,0,2024-11-30,['AM'],1,0,0,0,0,0,0,0,0,0,0,0,0
Lucas Paquetá,West Ham United,10,BRA,"DM,LW",27,77.0,0,0,0,0,1,0,0,0,38,2,1,1,0.1,0.1,0.1,7,2,21,26,80.8,3,9,1,0,0,2024-11-30,"['DM', 'LW']",0,0,0,1,0,0,0,0,1,0,0,0,0
Guido Rodríguez,West Ham United,24,ARG,LW,30,13.0,0,0,0,0,1,0,0,0,15,0,0,0,0.1,0.1,0.0,2,0,13,14,92.9,0,7,0,0,0,2024-11-30,['LW'],0,0,0,0,0,0,0,0,1,0,0,0,0
Tomáš Souček,West Ham United,28,CZE,DM,29,90.0,0,0,0,0,1,1,1,0,43,2,1,0,0.1,0.1,0.0,0,0,22,32,68.8,3,15,0,0,0,2024-11-30,['DM'],0,0,0,1,0,0,0,0,0,0,0,0,0
Emerson Palmieri,West Ham United,33,ITA,LB,30,64.0,1,0,0,0,2,2,1,0,31,2,0,3,0.1,0.1,0.0,0,0,17,22,77.3,1,7,1,2,1,2024-11-30,['LB'],0,0,0,0,0,0,1,0,0,0,0,0,0
Vladimír Coufal,West Ham United,5,CZE,RB,32,26.0,0,0,0,0,0,0,0,0,19,2,0,0,0.0,0.0,0.0,0,0,15,17,88.2,2,7,1,0,0,2024-11-30,['RB'],0,0,0,0,0,0,0,0,0,1,0,0,0
Max Kilman,West Ham United,26,ENG,CB,27,90.0,0,0,0,0,0,0,0,0,55,2,2,3,0.0,0.0,0.0,1,1,37,44,84.1,2,15,0,0,0,2024-11-30,['CB'],0,1,0,0,0,0,0,0,0,0,0,0,0
Jean-Clair Todibo,West Ham United,25,FRA,CB,24,90.0,0,0,0,0,0,0,0,0,40,2,0,3,0.0,0.0,0.0,0,0,27,34,79.4,3,16,0,0,0,2024-11-30,['CB'],0,1,0,0,0,0,0,0,0,0,0,0,0
Aaron Wan-Bissaka,West Ham United,29,ENG,"RB,LB",27,90.0,1,0,0,0,2,1,0,0,43,4,2,3,0.5,0.5,0.0,3,0,21,28,75.0,4,14,3,2,2,2024-11-30,"['RB', 'LB']",0,0,0,0,0,0,1,0,0,1,0,0,0
Łukasz Fabiański,West Ham United,1,POL,GK,39,90.0,0,0,0,0,0,0,1,0,37,0,0,0,0.0,0.0,0.0,0,0,20,33,60.6,0,20,0,0,0,2024-11-30,['GK'],0,0,0,0,0,1,0,0,0,0,0,0,0
Kai Havertz,Arsenal,29,GER,FW,25,90.0,1,0,0,0,2,1,0,0,30,0,0,0,0.6,0.6,0.0,1,0,22,26,84.6,4,20,2,0,0,2024-11-30,['FW'],0,0,0,0,1,0,0,0,0,0,0,0,0
Leandro Trossard,Arsenal,19,BEL,LW,29,84.0,1,1,0,0,2,1,0,0,35,0,0,0,0.8,0.8,0.6,2,1,19,26,73.1,4,24,2,1,0,2024-11-30,['LW'],0,0,0,0,0,0,0,0,1,0,0,0,0
Ethan Nwaneri,Arsenal,53,ENG,RM,17,6.0,0,0,0,0,0,0,0,0,2,0,0,0,0.0,0.0,0.0,0,0,2,2,100.0,0,2,0,0,0,2024-11-30,['RM'],0,0,0,0,0,0,0,0,0,0,1,0,0
Bukayo Saka,Arsenal,7,ENG,RW,23,73.0,1,2,1,1,2,0,1,0,47,1,0,0,0.9,0.1,1.1,9,6,26,40,65.0,2,33,5,3,2,2024-11-30,['RW'],0,0,0,0,0,0,0,0,0,0,0,1,0
Raheem Sterling,Arsenal,30,ENG,RW,29,17.0,0,0,0,0,2,0,0,0,8,0,0,0,0.2,0.2,0.0,1,0,5,5,100.0,3,4,1,0,0,2024-11-30,['RW'],0,0,0,0,0,0,0,0,0,0,0,1,0
Declan Rice,Arsenal,41,ENG,LM,25,90.0,0,0,0,0,0,0,0,0,70,3,0,0,0.0,0.0,0.2,3,0,50,59,84.7,5,41,6,2,0,2024-11-30,['LM'],0,0,0,0,0,0,0,1,0,0,0,0,0
Jorginho,Arsenal,20,ITA,CM,32,90.0,0,0,0,0,0,0,0,0,61,3,3,0,0.0,0.0,0.0,0,0,43,52,82.7,3,28,0,0,0,2024-11-30,['CM'],0,0,1,0,0,0,0,0,0,0,0,0,0
Martin Ødegaard,Arsenal,8,NOR,RM,25,73.0,1,0,1,1,1,1,0,0,53,2,0,0,0.8,0.0,0.1,4,2,41,47,87.2,10,42,2,1,1,2024-11-30,['RM'],0,0,0,0,0,0,0,0,0,0,1,0,0
Gabriel Jesus,Arsenal,9,BRA,"LW,RM",27,17.0,0,0,0,0,1,0,0,0,14,0,1,0,0.0,0.0,0.0,3,0,8,9,88.9,2,8,0,2,0,2024-11-30,"['LW', 'RM']",0,0,0,0,0,0,0,0,1,0,1,0,0
Riccardo Calafiori,Arsenal,33,ITA,LB,22,55.0,0,0,0,0,1,0,0,0,34,1,0,1,0.0,0.0,0.0,0,0,23,29,79.3,3,20,0,0,0,2024-11-30,['LB'],0,0,0,0,0,0,1,0,0,0,0,0,0
Oleksandr Zinchenko,Arsenal,17,UKR,LB,27,35.0,0,0,0,0,0,0,0,0,38,1,0,1,0.0,0.0,0.0,2,0,30,35,85.7,2,19,4,0,0,2024-11-30,['LB'],0,0,0,0,0,0,1,0,0,0,0,0,0
Gabriel Magalhães,Arsenal,6,BRA,CB,26,45.0,1,0,0,0,1,1,0,0,30,0,0,1,0.2,0.2,0.0,2,1,21,26,80.8,4,18,0,0,0,2024-11-30,['CB'],0,1,0,0,0,0,0,0,0,0,0,0,0
Jakub Kiwior,Arsenal,15,POL,CB,24,45.0,0,0,0,0,0,0,0,0,17,2,0,1,0.0,0.0,0.0,0,0,8,12,66.7,2,2,0,0,0,2024-11-30,['CB'],0,1,0,0,0,0,0,0,0,0,0,0,0
William Saliba,Arsenal,2,FRA,CB,23,90.0,0,0,0,0,0,0,0,0,74,3,1,1,0.0,0.0,0.0,0,0,57,62,91.9,2,43,0,0,0,2024-11-30,['CB'],0,1,0,0,0,0,0,0,0,0,0,0,0
Jurriën Timber,Arsenal,12,NED,RB,23,90.0,0,0,0,0,2,1,0,0,60,1,0,0,0.1,0.1,0.0,1,0,37,49,75.5,3,28,3,4,2,2024-11-30,['RB'],0,0,0,0,0,0,0,0,0,1,0,0,0
David Raya,Arsenal,22,ESP,GK,29,90.0,0,0,0,0,0,0,0,0,40,0,0,0,0.0,0.0,0.0,1,0,26,40,65.0,0,31,0,0,0,2024-11-30,['GK'],0,0,0,0,0,1,0,0,0,0,0,0,0
Nicolas Jackson,Chelsea,15,SEN,FW,23,70.0,1,0,0,0,3,2,0,0,28,1,0,0,0.4,0.4,0.0,1,0,13,17,76.5,1,14,1,3,1,2024-12-01,['FW'],0,0,0,0,1,0,0,0,0,0,0,0,0
Christopher Nkunku,Chelsea,18,FRA,FW,27,20.0,0,0,0,0,1,0,0,0,10,0,0,0,0.0,0.0,0.1,1,0,7,8,87.5,1,7,0,0,0,2024-12-01,['FW'],0,0,0,0,1,0,0,0,0,0,0,0,0
Jadon Sancho,Chelsea,19,ENG,LW,24,70.0,0,0,0,0,2,0,0,0,37,0,0,1,0.1,0.1,0.0,3,1,31,31,100.0,4,20,6,4,1,2024-12-01,['LW'],0,0,0,0,0,0,0,0,1,0,0,0,0
Noni Madueke,Chelsea,11,ENG,RW,22,20.0,0,1,0,0,1,1,1,0,10,0,0,0,0.1,0.1,0.0,2,1,6,7,85.7,0,7,0,0,0,2024-12-01,['RW'],0,0,0,0,0,0,0,0,0,0,0,1,0
Pedro Neto,Chelsea,7,POR,"RW,LW",24,90.0,0,0,0,0,1,0,0,0,38,0,0,0,0.0,0.0,0.0,1,0,21,32,65.6,0,23,6,5,3,2024-12-01,"['RW', 'LW']",0,0,0,0,0,0,0,0,1,0,0,1,0
Cole Palmer,Chelsea,20,ENG,AM,22,85.0,1,1,0,0,5,3,0,0,38,1,0,1,0.5,0.5,0.1,4,1,28,31,90.3,4,22,4,0,0,2024-12-01,['AM'],1,0,0,0,0,0,0,0,0,0,0,0,0
João Félix,Chelsea,14,POR,AM,25,5.0,0,0,0,0,2,1,1,0,7,0,0,0,0.3,0.3,0.0,1,0,5,5,100.0,0,6,2,0,0,2024-12-01,['AM'],1,0,0,0,0,0,0,0,0,0,0,0,0
Enzo Fernández,Chelsea,8,ARG,DM,23,90.0,1,0,0,0,1,1,0,0,68,3,0,0,0.1,0.1,0.3,5,2,48,61,78.7,4,30,2,1,1,2024-12-01,['DM'],0,0,0,1,0,0,0,0,0,0,0,0,0
Roméo Lavia,Chelsea,45,BEL,DM,20,85.0,0,0,0,0,1,0,0,0,58,1,1,1,0.2,0.2,0.0,1,0,44,51,86.3,4,26,0,2,0,2024-12-01,['DM'],0,0,0,1,0,0,0,0,0,0,0,0,0
Malo Gusto,Chelsea,27,FRA,RB,21,5.0,0,0,0,0,0,0,0,0,13,0,0,0,0.0,0.0,0.0,0,0,13,13,100.0,1,8,0,0,0,2024-12-01,['RB'],0,0,0,0,0,0,0,0,0,1,0,0,0
Marc Cucurella,Chelsea,3,ESP,LB,26,90.0,0,0,0,0,0,0,0,0,125,4,0,4,0.0,0.0,0.0,2,1,111,117,94.9,11,54,1,0,0,2024-12-01,['LB'],0,0,0,0,0,0,1,0,0,0,0,0,0
Levi Colwill,Chelsea,6,ENG,CB,21,90.0,0,0,0,0,0,0,0,0,117,2,0,4,0.0,0.0,0.0,0,0,101,109,92.7,2,62,0,0,0,2024-12-01,['CB'],0,1,0,0,0,0,0,0,0,0,0,0,0
Wesley Fofana,Chelsea,29,FRA,CB,23,59.0,0,0,0,0,0,0,0,0,56,2,0,0,0.0,0.0,0.0,1,0,50,52,96.2,1,36,0,1,1,2024-12-01,['CB'],0,1,0,0,0,0,0,0,0,0,0,0,0
Benoît Badiashile,Chelsea,5,FRA,CB,23,31.0,0,0,0,0,0,0,0,0,21,1,0,1,0.0,0.0,0.0,0,0,17,17,100.0,0,8,0,0,0,2024-12-01,['CB'],0,1,0,0,0,0,0,0,0,0,0,0,0
Moisés Caicedo,Chelsea,25,ECU,"RB,DM",23,90.0,0,0,0,0,0,0,0,0,73,2,2,1,0.0,0.0,0.2,4,0,58,68,85.3,7,40,2,1,1,2024-12-01,"['RB', 'DM']",0,0,0,1,0,0,0,0,0,1,0,0,0
Robert Sánchez,Chelsea,1,ESP,GK,27,90.0,0,0,0,0,0,0,0,0,38,0,0,0,0.0,0.0,0.0,0,0,26,37,70.3,0,25,0,0,0,2024-12-01,['GK'],0,0,0,0,0,1,0,0,0,0,0,0,0
Ollie Watkins,Aston Villa,11,ENG,FW,28,83.0,0,0,0,0,2,2,0,0,17,0,0,1,0.7,0.7,0.0,2,0,8,10,80.0,3,11,1,3,1,2024-12-01,['FW'],0,0,0,0,1,0,0,0,0,0,0,0,0
Emi Buendía,Aston Villa,10,ARG,"LM,FW",27,7.0,0,0,0,0,0,0,0,0,4,1,0,0,0.0,0.0,0.0,0,0,3,3,100.0,0,3,0,0,0,2024-12-01,"['LM', 'FW']",0,0,0,0,1,0,0,1,0,0,0,0,0
John McGinn,Aston Villa,7,SCO,"LW,LM,FW",30,90.0,0,0,0,0,3,0,0,0,31,0,1,1,0.2,0.2,0.4,4,0,17,20,85.0,3,16,0,0,0,2024-12-01,"['LW', 'LM', 'FW']",0,0,0,0,1,0,0,1,1,0,0,0,0
Jaden Philogene Bidace,Aston Villa,19,ENG,RW,22,65.0,0,0,0,0,1,0,1,0,26,4,3,2,0.0,0.0,0.3,1,0,5,8,62.5,1,11,0,2,0,2024-12-01,['RW'],0,0,0,0,0,0,0,0,0,0,0,1,0
Leon Bailey,Aston Villa,31,JAM,RM,27,25.0,0,0,0,0,0,0,0,0,5,0,0,0,0.0,0.0,0.0,0,0,2,4,50.0,0,3,1,1,0,2024-12-01,['RM'],0,0,0,0,0,0,0,0,0,0,1,0,0
Morgan Rogers,Aston Villa,27,ENG,AM,22,65.0,0,0,0,0,0,0,0,0,20,1,0,1,0.0,0.0,0.0,0,0,10,14,71.4,0,5,1,3,1,2024-12-01,['AM'],1,0,0,0,0,0,0,0,0,0,0,0,0
Jhon Durán,Aston Villa,9,COL,FW,20,25.0,0,0,0,0,2,1,0,0,10,0,0,0,0.2,0.2,0.0,1,0,5,7,71.4,0,5,0,0,0,2024-12-01,['FW'],0,0,0,0,1,0,0,0,0,0,0,0,0
Youri Tielemans,Aston Villa,8,BEL,"DM,CM",27,90.0,0,0,0,0,0,0,0,0,51,1,0,0,0.0,0.0,0.4,4,0,41,49,83.7,3,28,0,1,1,2024-12-01,"['DM', 'CM']",0,0,1,1,0,0,0,0,0,0,0,0,0
Boubacar Kamara,Aston Villa,44,FRA,DM,25,61.0,0,0,0,0,0,0,0,0,27,1,0,2,0.0,0.0,0.0,0,0,19,21,90.5,1,9,1,4,1,2024-12-01,['DM'],0,0,0,1,0,0,0,0,0,0,0,0,0
Ross Barkley,Aston Villa,6,ENG,"CM,DM",30,29.0,0,0,0,0,1,0,0,0,16,0,0,1,0.0,0.0,0.0,0,0,10,14,71.4,0,8,0,1,1,2024-12-01,"['CM', 'DM']",0,0,1,1,0,0,0,0,0,0,0,0,0
Lucas Digne,Aston Villa,12,FRA,LB,31,90.0,0,0,0,0,0,0,0,0,41,1,0,0,0.0,0.0,0.0,2,0,27,36,75.0,4,13,2,1,0,2024-12-01,['LB'],0,0,0,0,0,0,1,0,0,0,0,0,0
Pau Torres,Aston Villa,14,ESP,CB,27,90.0,0,0,0,0,1,0,0,0,77,1,2,1,0.1,0.1,0.0,1,0,66,73,90.4,4,41,2,0,0,2024-12-01,['CB'],0,1,0,0,0,0,0,0,0,0,0,0,0
Ezri Konsa,Aston Villa,4,ENG,CB,27,90.0,0,0,0,0,0,0,0,0,44,1,2,0,0.0,0.0,0.0,0,0,35,37,94.6,1,19,0,1,0,2024-12-01,['CB'],0,1,0,0,0,0,0,0,0,0,0,0,0
Matty Cash,Aston Villa,2,POL,RB,27,90.0,0,0,0,0,0,0,1,0,35,3,2,1,0.0,0.0,0.0,0,0,19,25,76.0,0,12,0,0,0,2024-12-01,['RB'],0,0,0,0,0,0,0,0,0,1,0,0,0
Emiliano Martínez,Aston Villa,23,ARG,GK,32,45.0,0,0,0,0,0,0,0,0,31,1,0,0,0.0,0.0,0.0,0,0,24,28,85.7,0,15,0,0,0,2024-12-01,['GK'],0,0,0,0,0,1,0,0,0,0,0,0,0
Robin Olsen,Aston Villa,25,SWE,GK,34,45.0,0,0,0,0,0,0,0,0,25,1,0,0,0.0,0.0,0.0,1,0,16,21,76.2,0,11,0,0,0,2024-12-01,['GK'],0,0,0,0,0,1,0,0,0,0,0,0,0
Son Heung-min,Tottenham Hotspur,7,KOR,"FW,LW",32,90.0,0,0,0,0,1,1,0,0,37,1,0,0,0.2,0.2,0.0,3,0,27,35,77.1,5,29,2,0,0,2024-12-01,"['FW', 'LW']",0,0,0,0,1,0,0,0,1,0,0,0,0
Timo Werner,Tottenham Hotspur,16,GER,LW,28,67.0,0,1,0,0,0,0,0,0,23,0,0,1,0.0,0.0,0.5,3,1,15,19,78.9,2,21,2,0,0,2024-12-01,['LW'],0,0,0,0,0,0,0,0,1,0,0,0,0
Dejan Kulusevski,Tottenham Hotspur,21,SWE,"FW,RM,LW",24,23.0,0,0,0,0,0,0,0,0,11,0,0,0,0.0,0.0,0.0,0,0,6,6,100.0,1,9,1,3,1,2024-12-01,"['FW', 'RM', 'LW']",0,0,0,0,1,0,0,0,1,0,1,0,0
Brennan Johnson,Tottenham Hotspur,22,WAL,RW,23,90.0,1,0,0,0,1,1,0,0,34,2,0,0,0.3,0.3,0.0,0,0,19,31,61.3,1,20,2,0,0,2024-12-01,['RW'],0,0,0,0,0,0,0,0,0,0,0,1,0
James Maddison,Tottenham Hotspur,10,ENG,LM,28,84.0,0,0,0,0,2,0,0,0,61,0,0,0,0.2,0.2,0.0,3,1,42,52,80.8,4,43,0,4,1,2024-12-01,['LM'],0,0,0,0,0,0,0,1,0,0,0,0,0
Lucas Bergvall,Tottenham Hotspur,15,SWE,LM,18,6.0,0,0,0,0,0,0,0,0,10,1,1,0,0.0,0.0,0.0,0,0,9,9,100.0,0,9,0,0,0,2024-12-01,['LM'],0,0,0,0,0,0,0,1,0,0,0,0,0
Yves Bissouma,Tottenham Hotspur,8,MLI,CM,28,90.0,0,0,0,0,0,0,0,0,70,2,2,1,0.0,0.0,0.0,0,0,52,57,91.2,6,45,0,1,0,2024-12-01,['CM'],0,0,1,0,0,0,0,0,0,0,0,0,0
Pape Matar Sarr,Tottenham Hotspur,29,SEN,RM,22,84.0,0,0,0,0,0,0,0,0,52,3,0,1,0.0,0.0,0.0,1,0,37,44,84.1,2,33,1,1,1,2024-12-01,['RM'],0,0,0,0,0,0,0,0,0,0,1,0,0
Archie Gray,Tottenham Hotspur,14,ENG,RM,18,5.0,0,0,0,0,0,0,0,0,5,0,0,0,0.0,0.0,0.0,0,0,4,4,100.0,0,4,0,0,0,2024-12-01,['RM'],0,0,0,0,0,0,0,0,0,0,1,0,0
Will Lankshear,Tottenham Hotspur,42,ENG,"FW,RM",19,1.0,0,0,0,0,0,0,0,0,0,0,0,0,0.0,0.0,0.0,0,0,0,0,80.8,0,0,0,0,0,2024-12-01,"['FW', 'RM']",0,0,0,0,1,0,0,0,0,0,1,0,0
Destiny Udogie,Tottenham Hotspur,13,ITA,LB,22,90.0,0,0,0,0,0,0,0,0,81,2,1,3,0.0,0.0,0.0,1,0,55,63,87.3,8,40,2,1,0,2024-12-01,['LB'],0,0,0,0,0,0,1,0,0,0,0,0,0
Ben Davies,Tottenham Hotspur,33,WAL,CB,31,90.0,0,0,0,0,0,0,0,0,80,0,4,4,0.0,0.0,0.0,0,0,63,65,96.9,5,53,2,0,0,2024-12-01,['CB'],0,1,0,0,0,0,0,0,0,0,0,0,0
Radu Drăgușin,Tottenham Hotspur,6,ROU,CB,22,90.0,0,0,0,0,2,1,0,0,78,3,1,1,0.0,0.0,0.0,1,0,57,66,86.4,2,53,0,0,0,2024-12-01,['CB'],0,1,0,0,0,0,0,0,0,0,0,0,0
Pedro Porro,Tottenham Hotspur,23,ESP,RB,25,90.0,0,0,0,0,2,0,0,0,72,2,0,1,0.1,0.1,0.0,2,0,45,59,76.3,4,36,2,1,0,2024-12-01,['RB'],0,0,0,0,0,0,0,0,0,1,0,0,0
Fraser Forster,Tottenham Hotspur,20,ENG,GK,36,90.0,0,0,0,0,0,0,0,0,27,0,0,0,0.0,0.0,0.0,0,0,18,22,81.8,0,14,0,0,0,2024-12-01,['GK'],0,0,0,0,0,1,0,0,0,0,0,0,0
Raúl Jiménez,Fulham,7,MEX,FW,33,77.0,0,0,0,0,4,2,0,0,40,1,0,0,0.6,0.6,0.0,2,0,13,26,50.0,1,21,1,2,0,2024-12-01,['FW'],0,0,0,0,1,0,0,0,0,0,0,0,0
Rodrigo Muniz,Fulham,9,BRA,FW,23,13.0,0,0,0,0,0,0,0,0,7,1,0,0,0.0,0.0,0.0,0,0,3,4,75.0,0,3,0,1,0,2024-12-01,['FW'],0,0,0,0,1,0,0,0,0,0,0,0,0
Reiss Nelson,Fulham,19,ENG,LW,24,61.0,0,0,0,0,1,0,0,0,52,1,1,1,0.2,0.2,0.3,6,0,41,44,93.2,5,38,9,3,1,2024-12-01,['LW'],0,0,0,0,0,0,0,0,1,0,0,0,0
Harry Wilson,Fulham,8,WAL,"RW,RM",27,29.0,0,0,0,0,0,0,0,0,22,2,1,1,0.0,0.0,0.0,0,0,11,17,64.7,4,11,1,2,1,2024-12-01,"['RW', 'RM']",0,0,0,0,0,0,0,0,0,0,1,1,0
Alex Iwobi,Fulham,17,NGA,"RW,LW",28,85.0,0,1,0,0,2,2,0,0,43,0,1,0,0.3,0.3,0.1,3,1,27,36,75.0,3,35,2,4,2,2024-12-01,"['RW', 'LW']",0,0,0,0,0,0,0,0,1,0,0,1,0
Ryan Sessegnon,Fulham,30,ENG,LM,24,5.0,0,0,0,0,0,0,0,0,7,0,1,0,0.0,0.0,0.0,0,0,1,4,25.0,0,3,0,0,0,2024-12-01,['LM'],0,0,0,0,0,0,0,1,0,0,0,0,0
Emile Smith Rowe,Fulham,32,ENG,AM,24,85.0,0,0,0,0,0,0,0,0,47,0,0,2,0.0,0.0,0.1,2,0,39,43,90.7,6,36,5,3,3,2024-12-01,['AM'],1,0,0,0,0,0,0,0,0,0,0,0,0
Timothy Castagne,Fulham,21,BEL,RB,28,5.0,0,0,0,0,0,0,0,0,1,0,0,0,0.0,0.0,0.0,0,0,1,1,100.0,0,1,0,0,0,2024-12-01,['RB'],0,0,0,0,0,0,0,0,0,1,0,0,0
Sander Berge,Fulham,16,NOR,"DM,CM",26,90.0,0,0,0,0,1,0,0,0,55,2,1,0,0.1,0.1,0.0,1,0,47,50,94.0,6,44,1,2,1,2024-12-01,"['DM', 'CM']",0,0,1,1,0,0,0,0,0,0,0,0,0
Saša Lukić,Fulham,20,SRB,DM,28,61.0,0,0,0,0,0,0,1,0,45,1,1,0,0.0,0.0,0.1,5,0,30,41,73.2,5,33,3,0,0,2024-12-01,['DM'],0,0,0,1,0,0,0,0,0,0,0,0,0
Tom Cairney,Fulham,10,SCO,DM,33,21.0,1,0,0,0,1,1,0,1,19,1,1,0,0.0,0.0,0.0,0,0,15,15,100.0,3,12,0,0,0,2024-12-01,['DM'],0,0,0,1,0,0,0,0,0,0,0,0,0
Antonee Robinson,Fulham,33,USA,LB,27,90.0,0,0,0,0,1,0,0,0,75,1,1,0,0.0,0.0,0.0,3,1,49,62,79.0,8,51,3,3,2,2024-12-01,['LB'],0,0,0,0,0,0,1,0,0,0,0,0,0
Calvin Bassey,Fulham,3,NGA,CB,24,90.0,0,0,0,0,1,0,0,0,54,1,1,1,0.1,0.1,0.0,0,0,39,47,83.0,0,37,0,1,0,2024-12-01,['CB'],0,1,0,0,0,0,0,0,0,0,0,0,0
Issa Diop,Fulham,31,FRA,CB,27,90.0,0,0,0,0,2,1,0,0,45,3,0,2,0.3,0.3,0.0,1,0,30,33,90.9,0,33,0,0,0,2024-12-01,['CB'],0,1,0,0,0,0,0,0,0,0,0,0,0
Kenny Tete,Fulham,2,NED,"RB,CB",29,90.0,0,0,0,0,1,0,0,0,61,2,5,0,0.0,0.0,0.3,3,0,43,50,86.0,5,37,3,1,1,2024-12-01,"['RB', 'CB']",0,1,0,0,0,0,0,0,0,1,0,0,0
Bernd Leno,Fulham,1,GER,GK,32,90.0,0,0,0,0,0,0,0,0,32,0,0,0,0.0,0.0,0.0,0,0,20,29,69.0,0,22,0,0,0,2024-12-01,['GK'],0,0,0,0,0,1,0,0,0,0,0,0,0
Joshua Zirkzee,Manchester United,11,NED,FW,23,90.0,2,0,0,0,2,2,0,0,40,0,0,1,0.3,0.3,0.2,3,1,27,31,87.1,3,23,1,1,0,2024-12-01,['FW'],0,0,0,0,1,0,0,0,0,0,0,0,0
Bruno Fernandes,Manchester United,8,POR,AM,30,65.0,0,2,0,0,1,0,0,0,41,1,1,1,0.0,0.0,0.2,3,2,23,34,67.6,1,23,4,3,2,2024-12-01,['AM'],1,0,0,0,0,0,0,0,0,0,0,0,0
Manuel Ugarte Ribeiro,Manchester United,25,URU,CM,23,25.0,0,0,0,0,0,0,0,0,16,1,0,0,0.0,0.0,0.0,0,0,15,15,100.0,0,14,0,1,1,2024-12-01,['CM'],0,0,1,0,0,0,0,0,0,0,0,0,0
Marcus Rashford,Manchester United,10,ENG,AM,27,90.0,2,0,0,0,4,2,0,0,27,1,0,0,0.5,0.5,0.0,1,0,14,20,70.0,0,20,2,1,0,2024-12-01,['AM'],1,0,0,0,0,0,0,0,0,0,0,0,0
Casemiro,Manchester United,18,BRA,CM,32,65.0,0,0,0,0,0,0,0,0,46,3,2,3,0.0,0.0,0.0,1,0,30,36,83.3,1,20,0,0,0,2024-12-01,['CM'],0,0,1,0,0,0,0,0,0,0,0,0,0
Alejandro Garnacho,Manchester United,17,ARG,AM,20,25.0,0,0,0,0,1,0,0,0,17,0,0,0,0.0,0.0,0.0,1,0,11,12,91.7,1,10,2,2,0,2024-12-01,['AM'],1,0,0,0,0,0,0,0,0,0,0,0,0
Kobbie Mainoo,Manchester United,37,ENG,CM,19,79.0,0,0,0,0,1,1,1,0,57,0,1,1,0.0,0.0,0.0,1,0,48,51,94.1,3,37,0,1,0,2024-12-01,['CM'],0,0,1,0,0,0,0,0,0,0,0,0,0
Mason Mount,Manchester United,7,ENG,CM,25,11.0,0,0,0,0,0,0,0,0,18,1,0,0,0.0,0.0,0.0,0,0,15,17,88.2,1,14,1,0,0,2024-12-01,['CM'],0,0,1,0,0,0,0,0,0,0,0,0,0
Diogo Dalot,Manchester United,20,POR,WB,25,90.0,0,0,0,0,0,0,0,0,59,3,2,0,0.0,0.0,0.0,2,0,40,47,85.1,2,32,1,4,1,2024-12-01,['WB'],0,0,0,0,0,0,0,0,0,0,0,0,1
Amad Diallo,Manchester United,16,CIV,WB,22,90.0,0,2,0,0,2,0,0,0,64,4,0,0,0.1,0.1,0.6,5,4,43,51,84.3,4,44,5,5,4,2024-12-01,['WB'],0,0,0,0,0,0,0,0,0,0,0,0,1
Lisandro Martínez,Manchester United,6,ARG,CB,26,90.0,0,0,0,0,0,0,1,0,100,0,2,0,0.0,0.0,0.0,0,0,89,93,95.7,6,81,2,1,1,2024-12-01,['CB'],0,1,0,0,0,0,0,0,0,0,0,0,0
Matthijs de Ligt,Manchester United,4,NED,CB,25,55.0,0,0,0,0,0,0,0,0,69,0,1,0,0.0,0.0,0.0,0,0,62,65,95.4,0,58,0,0,0,2024-12-01,['CB'],0,1,0,0,0,0,0,0,0,0,0,0,0
Harry Maguire,Manchester United,5,ENG,CB,31,35.0,0,0,0,0,0,0,0,0,29,0,0,0,0.0,0.0,0.0,0,0,27,29,93.1,0,24,0,0,0,2024-12-01,['CB'],0,1,0,0,0,0,0,0,0,0,0,0,0
Noussair Mazraoui,Manchester United,3,MAR,CB,27,55.0,0,0,0,0,0,0,0,0,73,1,1,0,0.0,0.0,0.0,0,0,62,71,87.3,2,54,1,2,0,2024-12-01,['CB'],0,1,0,0,0,0,0,0,0,0,0,0,0
Luke Shaw,Manchester United,23,ENG,CB,29,35.0,0,0,0,0,0,0,0,0,44,1,0,0,0.0,0.0,0.0,0,0,37,42,88.1,1,37,0,0,0,2024-12-01,['CB'],0,1,0,0,0,0,0,0,0,0,0,0,0
André Onana,Manchester United,24,CMR,GK,28,90.0,0,0,0,0,0,0,0,0,40,0,0,0,0.0,0.0,0.0,0,0,37,39,94.9,0,36,0,0,0,2024-12-01,['GK'],0,0,0,0,0,1,0,0,0,0,0,0,0
Beto,Everton,14,GNB,FW,26,66.0,0,0,0,0,2,0,0,0,13,1,0,0,0.2,0.2,0.0,2,0,3,4,75.0,0,7,0,2,1,2024-12-01,['FW'],0,0,0,0,1,0,0,0,0,0,0,0,0
Dominic Calvert-Lewin,Everton,9,ENG,FW,27,24.0,0,0,0,0,1,1,0,0,8,1,0,0,0.2,0.2,0.0,0,0,5,5,100.0,0,6,1,1,0,2024-12-01,['FW'],0,0,0,0,1,0,0,0,0,0,0,0,0
Iliman Ndiaye,Everton,10,SEN,LW,24,90.0,0,0,0,0,0,0,0,0,36,0,0,0,0.0,0.0,0.0,0,0,21,27,77.8,2,29,5,9,5,2024-12-01,['LW'],0,0,0,0,0,0,0,0,1,0,0,0,0
Jesper Lindstrøm,Everton,29,DEN,RW,24,66.0,0,0,0,0,5,1,0,0,21,1,0,1,0.3,0.3,0.0,1,0,6,13,46.2,0,8,1,0,0,2024-12-01,['RW'],0,0,0,0,0,0,0,0,0,0,0,1,0
Jack Harrison,Everton,11,ENG,RW,28,24.0,0,0,0,0,0,0,0,0,15,0,0,0,0.0,0.0,0.0,0,0,10,14,71.4,4,9,1,0,0,2024-12-01,['RW'],0,0,0,0,0,0,0,0,0,0,0,1,0
Dwight McNeil,Everton,7,ENG,AM,25,90.0,0,0,0,0,0,0,0,0,55,2,0,2,0.0,0.0,0.1,3,0,37,45,82.2,6,30,1,2,1,2024-12-01,['AM'],1,0,0,0,0,0,0,0,0,0,0,0,0
Idrissa Gana Gueye,Everton,27,SEN,DM,35,66.0,0,0,0,0,0,0,1,0,50,3,1,4,0.0,0.0,0.0,1,0,35,41,85.4,4,30,1,0,0,2024-12-01,['DM'],0,0,0,1,0,0,0,0,0,0,0,0,0
Orel Mangala,Everton,8,BEL,DM,26,24.0,0,0,0,0,0,0,0,0,18,0,1,0,0.0,0.0,0.0,0,0,13,14,92.9,1,6,0,1,0,2024-12-01,['DM'],0,0,0,1,0,0,0,0,0,0,0,0,0
Abdoulaye Doucouré,Everton,16,MLI,DM,31,90.0,0,0,0,0,0,0,0,0,54,1,1,2,0.0,0.0,0.1,1,0,43,47,91.5,1,34,0,1,1,2024-12-01,['DM'],0,0,0,1,0,0,0,0,0,0,0,0,0
Vitaliy Mykolenko,Everton,19,UKR,LB,25,90.0,0,0,0,0,0,0,1,0,31,0,1,1,0.0,0.0,0.0,0,0,23,27,85.2,2,13,0,0,0,2024-12-01,['LB'],0,0,0,0,0,0,1,0,0,0,0,0,0
Jarrad Branthwaite,Everton,32,ENG,CB,22,90.0,0,0,0,0,0,0,0,0,53,2,0,0,0.0,0.0,0.0,0,0,47,50,94.0,2,37,0,2,1,2024-12-01,['CB'],0,1,0,0,0,0,0,0,0,0,0,0,0
James Tarkowski,Everton,6,ENG,CB,32,81.0,0,0,0,0,0,0,0,0,59,4,1,2,0.0,0.0,0.0,1,0,49,51,96.1,5,36,0,0,0,2024-12-01,['CB'],0,1,0,0,0,0,0,0,0,0,0,0,0
Jake O'Brien,Everton,15,IRL,CB,23,9.0,0,0,0,0,0,0,0,0,6,0,0,0,0.0,0.0,0.0,0,0,6,6,100.0,0,5,0,0,0,2024-12-01,['CB'],0,1,0,0,0,0,0,0,0,0,0,0,0
Ashley Young,Everton,18,ENG,RB,39,72.0,0,0,0,0,0,0,1,0,44,2,0,2,0.0,0.0,0.0,0,0,28,38,73.7,2,25,1,0,0,2024-12-01,['RB'],0,0,0,0,0,0,0,0,0,1,0,0,0
Nathan Patterson,Everton,2,SCO,RB,23,18.0,0,0,0,0,0,0,0,0,15,1,0,0,0.0,0.0,0.2,1,0,12,14,85.7,1,7,1,0,0,2024-12-01,['RB'],0,0,0,0,0,0,0,0,0,1,0,0,0
Jordan Pickford,Everton,1,ENG,GK,30,90.0,0,0,0,0,0,0,0,0,47,1,0,0,0.0,0.0,0.0,0,0,34,46,73.9,0,36,0,0,0,2024-12-01,['GK'],0,0,0,0,0,1,0,0,0,0,0,0,0
Luis Díaz,Liverpool,7,COL,"FW,LW",27,89.0,0,0,0,0,0,0,0,0,29,0,0,1,0.0,0.0,0.0,4,2,15,18,83.3,6,21,2,4,1,2024-12-01,"['FW', 'LW']",0,0,0,0,1,0,0,0,1,0,0,0,0
Harvey Elliott,Liverpool,19,ENG,LW,21,1.0,0,0,0,0,0,0,0,0,2,1,0,0,0.0,0.0,0.0,0,0,1,1,100.0,0,0,0,0,0,2024-12-01,['LW'],0,0,0,0,0,0,0,0,1,0,0,0,0
Cody Gakpo,Liverpool,18,NED,LW,25,72.0,1,0,0,0,4,2,0,0,28,1,0,0,1.4,1.4,0.0,2,0,13,17,76.5,2,16,3,2,2,2024-12-01,['LW'],0,0,0,0,0,0,0,0,1,0,0,0,0
Darwin Núñez,Liverpool,9,URU,FW,25,18.0,0,0,0,0,0,0,0,0,6,2,0,0,0.0,0.0,0.0,1,0,0,1,0.0,0,2,0,0,0,2024-12-01,['FW'],0,0,0,0,1,0,0,0,0,0,0,0,0
Mohamed Salah,Liverpool,11,EGY,RW,32,83.0,1,1,1,1,2,0,0,0,24,0,1,0,1.4,0.6,0.9,4,1,12,16,75.0,1,20,6,3,1,2024-12-01,['RW'],0,0,0,0,0,0,0,0,0,0,0,1,0
Curtis Jones,Liverpool,17,ENG,AM,23,7.0,0,0,0,0,1,1,0,0,10,0,0,0,0.0,0.0,0.0,0,0,8,8,100.0,2,7,1,0,0,2024-12-01,['AM'],1,0,0,0,0,0,0,0,0,0,0,0,0
Dominik Szoboszlai,Liverpool,8,HUN,"AM,RW",24,90.0,0,0,0,0,3,2,0,0,72,1,1,0,0.2,0.2,0.3,4,0,51,63,81.0,5,44,4,1,0,2024-12-01,"['AM', 'RW']",1,0,0,0,0,0,0,0,0,0,0,1,0
Alexis Mac Allister,Liverpool,10,ARG,DM,25,90.0,0,0,0,0,0,0,0,0,49,3,0,4,0.0,0.0,0.2,4,0,35,41,85.4,4,18,1,1,1,2024-12-01,['DM'],0,0,0,1,0,0,0,0,0,0,0,0,0
Ryan Gravenberch,Liverpool,38,NED,DM,22,90.0,0,0,0,0,0,0,1,0,53,5,1,2,0.0,0.0,0.2,1,0,33,37,89.2,3,26,3,3,0,2024-12-01,['DM'],0,0,0,1,0,0,0,0,0,0,0,0,0
Andrew Robertson,Liverpool,26,SCO,LB,30,90.0,0,0,0,0,1,0,0,0,40,3,0,0,0.0,0.0,0.2,3,0,28,32,87.5,4,18,3,1,0,2024-12-01,['LB'],0,0,0,0,0,0,1,0,0,0,0,0,0
Virgil van Dijk,Liverpool,4,NED,CB,33,90.0,0,0,0,0,3,1,0,0,57,1,3,2,0.4,0.4,0.0,0,0,37,40,92.5,2,29,1,1,0,2024-12-01,['CB'],0,1,0,0,0,0,0,0,0,0,0,0,0
Joe Gomez,Liverpool,2,ENG,CB,27,90.0,0,0,0,0,0,0,0,0,79,0,0,1,0.0,0.0,0.0,0,0,67,76,88.2,3,53,0,0,0,2024-12-01,['CB'],0,1,0,0,0,0,0,0,0,0,0,0,0
Trent Alexander-Arnold,Liverpool,66,ENG,RB,26,72.0,0,0,0,0,3,0,0,0,65,4,0,1,0.1,0.1,0.3,2,1,37,53,69.8,0,29,0,0,0,2024-12-01,['RB'],0,0,0,0,0,0,0,0,0,1,0,0,0
Jarell Quansah,Liverpool,78,ENG,RB,21,18.0,0,0,0,0,0,0,0,0,12,1,0,0,0.0,0.0,0.0,0,0,9,11,81.8,0,5,1,0,0,2024-12-01,['RB'],0,0,0,0,0,0,0,0,0,1,0,0,0
Caoimhín Kelleher,Liverpool,62,IRL,GK,26,90.0,0,0,0,0,0,0,0,0,45,0,0,0,0.0,0.0,0.0,1,0,30,45,66.7,0,39,0,0,0,2024-12-01,['GK'],0,0,0,0,0,1,0,0,0,0,0,0,0
Erling Haaland,Manchester City,9,NOR,FW,24,90.0,0,0,0,0,2,1,0,0,16,0,0,0,0.2,0.2,0.1,1,0,6,7,85.7,0,6,0,1,0,2024-12-01,['FW'],0,0,0,0,1,0,0,0,0,0,0,0,0
Matheus Nunes,Manchester City,27,POR,LW,26,56.0,0,0,0,0,0,0,1,0,31,0,0,2,0.0,0.0,0.0,0,0,18,22,81.8,2,18,1,3,1,2024-12-01,['LW'],0,0,0,0,0,0,0,0,1,0,0,0,0
Jeremy Doku,Manchester City,11,BEL,"LW,LM",22,34.0,0,0,0,0,1,0,0,0,28,1,0,0,0.0,0.0,0.1,2,0,15,18,83.3,1,25,4,7,6,2024-12-01,"['LW', 'LM']",0,0,0,0,0,0,0,1,1,0,0,0,0
Rico Lewis,Manchester City,82,ENG,"RW,DM",20,78.0,0,0,0,0,1,0,0,0,31,3,1,0,0.1,0.1,0.0,1,0,19,22,86.4,2,18,2,2,1,2024-12-01,"['RW', 'DM']",0,0,0,1,0,0,0,0,0,0,0,1,0
Jack Grealish,Manchester City,10,ENG,"CM,DM",29,12.0,0,0,0,0,0,0,0,0,13,1,0,0,0.0,0.0,0.0,1,0,10,12,83.3,2,10,2,0,0,2024-12-01,"['CM', 'DM']",0,0,1,1,0,0,0,0,0,0,0,0,0
Phil Foden,Manchester City,47,ENG,AM,24,78.0,0,0,0,0,0,0,1,0,44,0,0,0,0.0,0.0,0.0,1,0,31,35,88.6,1,26,1,3,0,2024-12-01,['AM'],1,0,0,0,0,0,0,0,0,0,0,0,0
Kevin De Bruyne,Manchester City,17,BEL,"CM,AM",33,12.0,0,0,0,0,1,1,0,0,10,1,0,0,0.4,0.4,0.0,1,0,7,9,77.8,1,4,0,0,0,2024-12-01,"['CM', 'AM']",1,0,1,0,0,0,0,0,0,0,0,0,0
İlkay Gündoğan,Manchester City,19,GER,DM,34,57.0,0,0,0,0,0,0,0,0,44,0,1,1,0.0,0.0,0.0,1,0,34,41,82.9,5,27,2,0,0,2024-12-01,['DM'],0,0,0,1,0,0,0,0,0,0,0,0,0
Sávio,Manchester City,26,BRA,"RW,RM",20,33.0,0,0,0,0,0,0,0,0,16,0,0,0,0.0,0.0,0.0,0,0,8,12,66.7,3,13,1,5,2,2024-12-01,"['RW', 'RM']",0,0,0,0,0,0,0,0,0,0,1,1,0
Bernardo Silva,Manchester City,20,POR,DM,30,90.0,0,0,0,0,2,0,0,0,93,4,1,1,0.1,0.1,0.0,3,0,71,80,88.8,4,56,1,2,2,2024-12-01,['DM'],0,0,0,1,0,0,0,0,0,0,0,0,0
Nathan Aké,Manchester City,6,NED,LB,29,90.0,0,0,0,0,0,0,0,0,79,4,2,4,0.0,0.0,0.0,1,0,57,66,86.4,2,45,2,0,0,2024-12-01,['LB'],0,0,0,0,0,0,1,0,0,0,0,0,0
Manuel Akanji,Manchester City,25,SUI,CB,29,90.0,0,0,0,0,0,0,1,0,77,0,0,1,0.0,0.0,0.0,0,0,63,69,91.3,8,44,2,0,0,2024-12-01,['CB'],0,1,0,0,0,0,0,0,0,0,0,0,0
Rúben Dias,Manchester City,3,POR,CB,27,90.0,0,0,0,0,1,0,0,0,87,0,0,1,0.0,0.0,0.1,1,0,72,78,92.3,3,65,1,0,0,2024-12-01,['CB'],0,1,0,0,0,0,0,0,0,0,0,0,0
Kyle Walker,Manchester City,2,ENG,RB,34,90.0,0,0,0,0,0,0,0,0,68,3,0,0,0.0,0.0,0.0,1,0,50,59,84.7,6,36,1,2,1,2024-12-01,['RB'],0,0,0,0,0,0,0,0,0,1,0,0,0
Stefan Ortega,Manchester City,18,GER,GK,32,90.0,0,0,0,0,0,0,0,0,49,0,0,0,0.0,0.0,0.0,0,0,37,43,86.0,0,29,0,0,0,2024-12-01,['GK'],0,0,0,0,0,1,0,0,0,0,0,0,0
Liam Delap,Ipswich Town,19,ENG,FW,21,78.0,0,0,0,0,4,1,0,0,21,2,0,0,0.3,0.3,0.0,1,0,6,13,46.2,0,9,0,1,0,2024-12-03,['FW'],0,0,0,0,1,0,0,0,0,0,0,0,0
Ali Al Hamadi,Ipswich Town,16,IRQ,FW,22,12.0,0,0,0,0,0,0,0,0,2,0,0,0,0.0,0.0,0.0,1,0,2,2,100.0,1,3,1,1,1,2024-12-03,['FW'],0,0,0,0,1,0,0,0,0,0,0,0,0
Jack Clarke,Ipswich Town,47,ENG,LW,24,65.0,0,0,0,0,0,0,0,0,32,3,0,0,0.0,0.0,0.0,2,0,20,24,83.3,3,18,3,4,2,2024-12-03,['LW'],0,0,0,0,0,0,0,0,1,0,0,0,0
Nathan Broadhead,Ipswich Town,33,WAL,LW,26,25.0,0,0,0,0,0,0,0,0,13,1,0,0,0.0,0.0,0.0,0,0,7,8,87.5,0,7,0,3,2,2024-12-03,['LW'],0,0,0,0,0,0,0,0,1,0,0,0,0
Wes Burns,Ipswich Town,7,WAL,RW,30,65.0,0,0,0,0,1,0,0,0,31,1,1,1,0.1,0.1,0.1,2,0,9,21,42.9,0,15,2,0,0,2024-12-03,['RW'],0,0,0,0,0,0,0,0,0,0,0,1,0
Conor Chaplin,Ipswich Town,10,ENG,RW,27,25.0,0,0,0,0,0,0,0,0,9,0,0,0,0.0,0.0,0.0,1,0,8,9,88.9,2,4,0,0,0,2024-12-03,['RW'],0,0,0,0,0,0,0,0,0,0,0,1,0
Omari Hutchinson,Ipswich Town,20,ENG,AM,21,90.0,0,0,0,0,0,0,0,0,41,1,0,0,0.0,0.0,0.0,1,0,19,30,63.3,2,24,4,4,3,2024-12-03,['AM'],1,0,0,0,0,0,0,0,0,0,0,0,0
Jens Cajuste,Ipswich Town,12,SWE,DM,25,65.0,0,0,0,0,0,0,0,0,39,0,1,0,0.0,0.0,0.1,1,0,29,34,85.3,4,15,1,1,0,2024-12-03,['DM'],0,0,0,1,0,0,0,0,0,0,0,0,0
Jack Taylor,Ipswich Town,14,IRL,DM,26,25.0,0,0,0,0,0,0,0,0,21,0,0,0,0.0,0.0,0.0,2,0,17,19,89.5,1,8,1,0,0,2024-12-03,['DM'],0,0,0,1,0,0,0,0,0,0,0,0,0
Sam Morsy,Ipswich Town,5,EGY,DM,33,90.0,0,0,0,0,1,0,0,0,77,3,4,0,0.0,0.0,0.0,2,0,57,67,85.1,4,36,0,1,1,2024-12-03,['DM'],0,0,0,1,0,0,0,0,0,0,0,0,0
Leif Davis,Ipswich Town,3,ENG,LB,24,90.0,0,0,0,0,0,0,0,0,60,0,0,0,0.0,0.0,0.3,5,0,39,53,73.6,2,23,0,0,0,2024-12-03,['LB'],0,0,0,0,0,0,1,0,0,0,0,0,0
Jacob Greaves,Ipswich Town,24,ENG,CB,24,90.0,0,0,0,0,1,0,1,0,93,3,1,1,0.0,0.0,0.0,0,0,65,80,81.3,3,37,0,0,0,2024-12-03,['CB'],0,1,0,0,0,0,0,0,0,0,0,0,0
Dara O'Shea,Ipswich Town,26,IRL,CB,25,90.0,0,0,0,0,1,0,1,0,102,2,2,2,0.0,0.0,0.0,0,0,74,86,86.0,1,54,0,1,0,2024-12-03,['CB'],0,1,0,0,0,0,0,0,0,0,0,0,0
Harry Clarke,Ipswich Town,2,ENG,RB,23,90.0,0,0,0,0,1,1,0,0,80,2,0,2,0.1,0.1,0.0,0,0,63,70,90.0,3,33,1,1,0,2024-12-03,['RB'],0,0,0,0,0,0,0,0,0,1,0,0,0
Arijanet Muric,Ipswich Town,1,KVX,GK,26,90.0,0,0,0,0,0,0,0,0,49,0,0,0,0.0,0.0,0.0,0,0,41,47,87.2,0,28,0,0,0,2024-12-03,['GK'],0,0,0,0,0,1,0,0,0,0,0,0,0
Jean-Philippe Mateta,Crystal Palace,14,FRA,FW,27,90.0,1,0,0,0,3,2,1,0,25,2,0,0,0.8,0.8,0.2,4,1,10,17,58.8,2,12,3,1,1,2024-12-03,['FW'],0,0,0,0,1,0,0,0,0,0,0,0,0
Eberechi Eze,Crystal Palace,10,ENG,AM,26,75.0,0,1,0,0,3,1,0,0,59,0,0,3,0.2,0.2,1.0,6,1,32,46,69.6,6,33,4,4,1,2024-12-03,['AM'],1,0,0,0,0,0,0,0,0,0,0,0,0
Justin Devenny,Crystal Palace,55,NIR,AM,21,15.0,0,0,0,0,0,0,0,0,8,2,0,0,0.0,0.0,0.0,0,0,6,7,85.7,0,2,0,0,0,2024-12-03,['AM'],1,0,0,0,0,0,0,0,0,0,0,0,0
Ismaila Sarr,Crystal Palace,7,SEN,AM,26,89.0,0,0,0,0,0,0,1,0,32,0,1,0,0.0,0.0,0.0,4,0,21,25,84.0,4,23,1,0,0,2024-12-03,['AM'],1,0,0,0,0,0,0,0,0,0,0,0,0
Eddie Nketiah,Crystal Palace,9,ENG,AM,25,1.0,0,0,0,0,0,0,0,0,1,0,0,0,0.0,0.0,0.0,0,0,0,1,0.0,0,0,0,0,0,2024-12-03,['AM'],1,0,0,0,0,0,0,0,0,0,0,0,0
Cheick Doucouré,Crystal Palace,28,MLI,CM,24,45.0,0,0,0,0,2,0,1,0,24,1,0,0,0.1,0.1,0.0,2,0,17,19,89.5,3,11,0,0,0,2024-12-03,['CM'],0,0,1,0,0,0,0,0,0,0,0,0,0
Jefferson Lerma,Crystal Palace,8,COL,CM,30,45.0,0,0,0,0,1,0,0,0,26,1,1,1,0.0,0.0,0.0,0,0,20,22,90.9,3,11,0,0,0,2024-12-03,['CM'],0,0,1,0,0,0,0,0,0,0,0,0,0
Will Hughes,Crystal Palace,19,ENG,CM,29,90.0,0,0,0,0,0,0,1,0,55,2,0,1,0.0,0.0,0.1,2,0,37,44,84.1,6,29,2,2,0,2024-12-03,['CM'],0,0,1,0,0,0,0,0,0,0,0,0,0
Tyrick Mitchell,Crystal Palace,3,ENG,WB,25,90.0,0,0,0,0,0,0,0,0,47,0,0,2,0.0,0.0,0.2,3,0,31,36,86.1,4,18,2,1,1,2024-12-03,['WB'],0,0,0,0,0,0,0,0,0,0,0,0,1
Daniel Muñoz,Crystal Palace,12,COL,WB,28,90.0,0,0,0,0,1,0,0,0,54,0,1,0,0.2,0.2,0.0,1,0,35,46,76.1,3,21,2,1,0,2024-12-03,['WB'],0,0,0,0,0,0,0,0,0,0,0,0,1
Marc Guéhi,Crystal Palace,6,ENG,CB,24,90.0,0,0,0,0,1,0,0,0,80,2,0,3,0.1,0.1,0.0,1,0,59,70,84.3,3,43,1,1,1,2024-12-03,['CB'],0,1,0,0,0,0,0,0,0,0,0,0,0
Maxence Lacroix,Crystal Palace,5,FRA,CB,24,90.0,0,0,0,0,1,0,0,0,64,3,1,0,0.2,0.2,0.0,0,0,44,55,80.0,2,35,0,0,0,2024-12-03,['CB'],0,1,0,0,0,0,0,0,0,0,0,0,0
Trevoh Chalobah,Crystal Palace,27,ENG,CB,25,80.0,0,0,0,0,1,0,0,0,49,2,0,0,0.1,0.1,0.0,0,0,33,41,80.5,3,26,1,0,0,2024-12-03,['CB'],0,1,0,0,0,0,0,0,0,0,0,0,0
Chris Richards,Crystal Palace,26,USA,CB,24,10.0,0,0,0,0,0,0,0,0,5,0,0,0,0.0,0.0,0.0,0,0,5,5,100.0,1,2,0,0,0,2024-12-03,['CB'],0,1,0,0,0,0,0,0,0,0,0,0,0
Dean Henderson,Crystal Palace,1,ENG,GK,27,90.0,0,0,0,0,0,0,0,0,41,0,0,0,0.0,0.0,0.0,0,0,21,40,52.5,0,24,0,0,0,2024-12-03,['GK'],0,0,0,0,0,1,0,0,0,0,0,0,0
Jamie Vardy,Leicester City,9,ENG,FW,37,59.0,1,0,0,0,3,2,1,0,12,1,0,1,0.7,0.7,0.0,0,0,3,7,42.9,0,7,3,0,0,2024-12-03,['FW'],0,0,0,0,1,0,0,0,0,0,0,0,0
Patson Daka,Leicester City,20,ZAM,FW,26,31.0,1,0,0,0,1,1,0,0,10,2,0,0,0.1,0.1,0.0,1,1,1,4,25.0,0,6,1,3,1,2024-12-03,['FW'],0,0,0,0,1,0,0,0,0,0,0,0,0
Bilal El Khannouss,Leicester City,11,MAR,"LW,AM",20,73.0,1,1,0,0,1,1,0,0,42,2,3,2,0.1,0.1,0.9,4,1,23,31,74.2,4,24,2,2,2,2024-12-03,"['LW', 'AM']",1,0,0,0,0,0,0,0,1,0,0,0,0
Bobby Reid,Leicester City,14,JAM,"AM,RW",31,17.0,0,0,0,0,0,0,0,0,5,0,0,0,0.0,0.0,0.0,0,0,2,3,66.7,1,3,0,0,0,2024-12-03,"['AM', 'RW']",1,0,0,0,0,0,0,0,0,0,0,1,0
Kasey McAteer,Leicester City,35,IRL,"RW,LW",23,73.0,0,1,0,0,2,1,0,0,32,5,0,2,0.4,0.4,0.1,2,1,14,21,66.7,2,19,5,0,0,2024-12-03,"['RW', 'LW']",0,0,0,0,0,0,0,0,1,0,0,1,0
Stephy Mavididi,Leicester City,10,ENG,LW,26,17.0,0,0,0,0,0,0,0,0,13,0,0,0,0.0,0.0,0.0,0,0,8,11,72.7,1,8,1,0,0,2024-12-03,['LW'],0,0,0,0,0,0,0,0,1,0,0,0,0
Facundo Buonanotte,Leicester City,40,ARG,"RW,AM",19,89.0,0,0,0,0,0,0,0,0,39,3,0,3,0.0,0.0,0.3,4,1,14,25,56.0,2,18,4,2,0,2024-12-03,"['RW', 'AM']",1,0,0,0,0,0,0,0,0,0,0,1,0
Jordan Ayew,Leicester City,18,GHA,AM,33,1.0,0,0,0,0,0,0,0,0,8,0,0,0,0.0,0.0,0.0,0,0,3,4,75.0,0,7,0,0,0,2024-12-03,['AM'],1,0,0,0,0,0,0,0,0,0,0,0,0
Boubakary Soumaré,Leicester City,24,FRA,DM,25,90.0,0,0,0,0,0,0,1,0,47,4,0,2,0.0,0.0,0.0,0,0,32,36,88.9,3,31,0,2,1,2024-12-03,['DM'],0,0,0,1,0,0,0,0,0,0,0,0,0
Wilfred Ndidi,Leicester City,6,NGA,DM,27,90.0,0,0,0,0,1,1,0,0,58,8,3,2,0.4,0.4,0.0,0,0,30,35,85.7,1,23,0,2,2,2024-12-03,['DM'],0,0,0,1,0,0,0,0,0,0,0,0,0
Victor Bernth Kristiansen,Leicester City,16,DEN,LB,21,90.0,0,1,0,0,0,0,0,0,51,5,1,3,0.0,0.0,0.3,3,2,32,39,82.1,2,30,2,0,0,2024-12-03,['LB'],0,0,0,0,0,0,1,0,0,0,0,0,0
Jannik Vestergaard,Leicester City,23,DEN,CB,32,59.0,0,0,0,0,0,0,0,0,54,2,1,1,0.0,0.0,0.0,0,0,41,48,85.4,1,35,0,0,0,2024-12-03,['CB'],0,1,0,0,0,0,0,0,0,0,0,0,0
Wout Faes,Leicester City,3,BEL,CB,26,31.0,0,0,0,0,0,0,0,0,16,0,2,0,0.0,0.0,0.0,0,0,10,12,83.3,0,7,0,1,0,2024-12-03,['CB'],0,1,0,0,0,0,0,0,0,0,0,0,0
Conor Coady,Leicester City,4,ENG,CB,31,90.0,0,0,0,0,0,0,0,0,55,2,1,3,0.0,0.0,0.0,0,0,41,47,87.2,0,39,0,0,0,2024-12-03,['CB'],0,1,0,0,0,0,0,0,0,0,0,0,0
James Justin,Leicester City,2,ENG,RB,26,90.0,0,0,0,0,0,0,0,0,57,1,1,3,0.0,0.0,0.0,1,0,29,41,70.7,3,26,2,1,0,2024-12-03,['RB'],0,0,0,0,0,0,0,0,0,1,0,0,0
Mads Hermansen,Leicester City,30,DEN,GK,24,90.0,0,0,0,0,0,0,0,0,53,0,0,0,0.0,0.0,0.0,0,0,21,45,46.7,0,36,0,0,0,2024-12-03,['GK'],0,0,0,0,0,1,0,0,0,0,0,0,0
Danny Ings,West Ham United,18,ENG,FW,32,45.0,0,0,0,0,2,0,0,0,19,0,0,0,0.3,0.3,0.1,3,0,12,13,92.3,1,7,0,0,0,2024-12-03,['FW'],0,0,0,0,1,0,0,0,0,0,0,0,0
Crysencio Summerville,West Ham United,7,NED,"LM,LW",23,45.0,0,1,0,0,2,0,0,0,30,0,0,0,0.3,0.3,0.6,3,1,20,22,90.9,1,15,3,2,0,2024-12-03,"['LM', 'LW']",0,0,0,0,0,0,0,1,1,0,0,0,0
Mohammed Kudus,West Ham United,14,GHA,"LW,RW,RM",24,78.0,0,0,0,0,3,1,0,0,53,1,0,2,0.2,0.2,0.3,8,0,33,38,86.8,6,37,1,10,6,2024-12-03,"['LW', 'RW', 'RM']",0,0,0,0,0,0,0,0,1,0,1,1,0
Niclas Füllkrug,West Ham United,11,GER,FW,31,12.0,1,0,0,0,1,1,0,0,6,0,0,0,0.4,0.4,0.0,1,0,4,5,80.0,0,2,0,0,0,2024-12-03,['FW'],0,0,0,0,1,0,0,0,0,0,0,0,0
Jarrod Bowen,West Ham United,20,ENG,"RW,FW,RM",27,90.0,0,0,0,0,4,3,0,0,52,1,0,0,0.5,0.5,0.6,9,1,28,36,77.8,4,24,5,6,3,2024-12-03,"['RW', 'FW', 'RM']",0,0,0,0,1,0,0,0,0,0,1,1,0
Tomáš Souček,West Ham United,28,CZE,AM,29,61.0,0,0,0,0,5,0,0,0,32,0,0,0,0.2,0.2,0.1,4,0,16,25,64.0,4,9,0,0,0,2024-12-03,['AM'],1,0,0,0,0,0,0,0,0,0,0,0,0
Michail Antonio,West Ham United,9,JAM,FW,34,29.0,0,0,0,0,1,0,0,0,18,0,0,1,0.2,0.2,0.0,0,0,3,12,25.0,0,11,3,4,2,2024-12-03,['FW'],0,0,0,0,1,0,0,0,0,0,0,0,0
Carlos Soler,West Ham United,4,ESP,DM,27,61.0,0,0,0,0,4,1,0,0,56,1,0,0,0.2,0.2,0.2,7,0,42,52,80.8,4,22,1,1,0,2024-12-03,['DM'],0,0,0,1,0,0,0,0,0,0,0,0,0
Lucas Paquetá,West Ham United,10,BRA,CM,27,29.0,0,0,0,0,1,0,0,0,35,2,1,2,0.1,0.1,0.0,1,0,19,27,70.4,2,10,0,1,0,2024-12-03,['CM'],0,0,1,0,0,0,0,0,0,0,0,0,0
Edson Álvarez,West Ham United,19,MEX,DM,27,90.0,0,0,0,0,2,0,1,0,96,2,1,1,0.0,0.0,0.3,3,0,76,83,91.6,13,52,3,2,2,2024-12-03,['DM'],0,0,0,1,0,0,0,0,0,0,0,0,0
Aaron Wan-Bissaka,West Ham United,29,ENG,"LB,RB",27,90.0,0,0,0,0,1,0,0,0,96,2,2,1,0.0,0.0,0.0,5,0,67,81,82.7,12,37,3,8,1,2024-12-03,"['LB', 'RB']",0,0,0,0,0,0,1,0,0,1,0,0,0
Max Kilman,West Ham United,26,ENG,CB,27,90.0,0,0,0,0,2,1,0,0,96,0,3,1,0.2,0.2,0.1,2,0,79,88,89.8,14,50,0,2,2,2024-12-03,['CB'],0,1,0,0,0,0,0,0,0,0,0,0,0
Konstantinos Mavropanos,West Ham United,15,GRE,CB,26,90.0,0,0,0,0,3,1,0,0,81,1,1,2,0.4,0.4,0.2,3,0,65,72,90.3,6,49,3,6,4,2024-12-03,['CB'],0,1,0,0,0,0,0,0,0,0,0,0,0
Vladimír Coufal,West Ham United,5,CZE,RB,32,61.0,0,0,0,0,0,0,1,0,53,2,0,0,0.0,0.0,0.0,1,0,33,41,80.5,4,21,0,2,0,2024-12-03,['RB'],0,0,0,0,0,0,0,0,0,1,0,0,0
Emerson Palmieri,West Ham United,33,ITA,LB,30,29.0,0,0,0,0,0,0,0,0,35,1,0,0,0.0,0.0,0.1,1,0,28,32,87.5,3,12,0,1,0,2024-12-03,['LB'],0,0,0,0,0,0,1,0,0,0,0,0,0
Łukasz Fabiański,West Ham United,1,POL,GK,39,90.0,0,0,0,0,0,0,0,0,25,0,0,0,0.0,0.0,0.0,1,0,19,22,86.4,0,11,0,0,0,2024-12-03,['GK'],0,0,0,0,0,1,0,0,0,0,0,0,0
Dominic Calvert-Lewin,Everton,9,ENG,FW,27,82.0,0,0,0,0,2,1,0,0,26,0,0,1,0.3,0.3,0.0,1,1,13,18,72.2,1,18,1,0,0,2024-12-04,['FW'],0,0,0,0,1,0,0,0,0,0,0,0,0
Armando Broja,Everton,22,ALB,FW,23,8.0,0,0,0,0,0,0,0,0,7,0,0,0,0.0,0.0,0.0,1,0,2,3,66.7,0,6,3,3,1,2024-12-04,['FW'],0,0,0,0,1,0,0,0,0,0,0,0,0
Dwight McNeil,Everton,7,ENG,LW,25,73.0,0,0,0,0,2,0,0,0,40,0,0,0,0.1,0.1,0.3,4,0,19,36,52.8,2,18,4,2,1,2024-12-04,['LW'],0,0,0,0,0,0,0,0,1,0,0,0,0
Jack Harrison,Everton,11,ENG,"RW,AM",28,17.0,0,0,0,0,3,0,0,0,10,1,0,0,0.4,0.4,0.0,0,0,1,4,25.0,0,6,0,1,0,2024-12-04,"['RW', 'AM']",1,0,0,0,0,0,0,0,0,0,0,1,0
Iliman Ndiaye,Everton,10,SEN,"RW,LW",24,90.0,0,0,0,0,1,0,0,0,32,3,1,0,0.0,0.0,0.0,1,0,16,16,100.0,1,17,2,8,3,2024-12-04,"['RW', 'LW']",0,0,0,0,0,0,0,0,1,0,0,1,0
Abdoulaye Doucouré,Everton,16,MLI,AM,31,82.0,0,0,0,0,1,0,0,0,37,1,0,0,0.0,0.0,0.0,2,0,24,32,75.0,1,18,2,3,2,2024-12-04,['AM'],1,0,0,0,0,0,0,0,0,0,0,0,0
Jesper Lindstrøm,Everton,29,DEN,"AM,RW",24,8.0,0,0,0,0,0,0,0,0,8,0,0,0,0.0,0.0,0.1,2,0,7,8,87.5,2,2,1,1,1,2024-12-04,"['AM', 'RW']",1,0,0,0,0,0,0,0,0,0,0,1,0
Orel Mangala,Everton,8,BEL,DM,26,88.0,1,0,0,0,1,1,1,0,44,0,1,3,0.1,0.1,0.0,2,0,28,29,96.6,1,18,0,3,1,2024-12-04,['DM'],0,0,0,1,0,0,0,0,0,0,0,0,0
Harrison Armstrong,Everton,45,ENG,DM,17,2.0,0,0,0,0,0,0,1,0,1,0,0,0,0.0,0.0,0.0,0,0,1,1,100.0,0,2,0,0,0,2024-12-04,['DM'],0,0,0,1,0,0,0,0,0,0,0,0,0
Idrissa Gana Gueye,Everton,27,SEN,DM,35,90.0,0,0,0,0,0,0,0,0,53,3,1,1,0.0,0.0,0.0,2,0,43,45,95.6,4,20,0,3,1,2024-12-04,['DM'],0,0,0,1,0,0,0,0,0,0,0,0,0
Vitaliy Mykolenko,Everton,19,UKR,LB,25,90.0,0,0,0,0,1,0,0,0,53,1,1,1,0.0,0.0,0.0,2,1,31,41,75.6,3,13,0,0,0,2024-12-04,['LB'],0,0,0,0,0,0,1,0,0,0,0,0,0
Jarrad Branthwaite,Everton,32,ENG,CB,22,90.0,0,0,0,0,0,0,0,0,51,2,4,1,0.0,0.0,0.0,0,0,36,40,90.0,2,23,0,0,0,2024-12-04,['CB'],0,1,0,0,0,0,0,0,0,0,0,0,0
James Tarkowski,Everton,6,ENG,CB,32,90.0,0,0,0,0,1,1,0,0,47,2,1,1,0.0,0.0,0.0,2,1,26,31,83.9,1,11,0,0,0,2024-12-04,['CB'],0,1,0,0,0,0,0,0,0,0,0,0,0
Ashley Young,Everton,18,ENG,RB,39,90.0,1,0,0,0,1,1,0,0,72,7,4,1,0.1,0.1,0.0,1,0,37,53,69.8,3,25,1,1,1,2024-12-04,['RB'],0,0,0,0,0,0,0,0,0,1,0,0,0
Jordan Pickford,Everton,1,ENG,GK,30,90.0,0,0,0,0,0,0,0,0,54,0,0,0,0.0,0.0,0.0,1,0,33,50,66.0,0,27,0,0,0,2024-12-04,['GK'],0,0,0,0,0,1,0,0,0,0,0,0,0
Jørgen Strand Larsen,Wolverhampton Wanderers,9,NOR,FW,24,90.0,0,0,0,0,2,1,0,0,24,0,0,0,0.6,0.6,0.1,1,0,8,12,66.7,0,12,1,1,0,2024-12-04,['FW'],0,0,0,0,1,0,0,0,0,0,0,0,0
Matheus Cunha,Wolverhampton Wanderers,10,BRA,"AM,LW",25,90.0,0,0,0,0,2,1,0,0,54,3,0,0,0.1,0.1,0.0,3,0,20,37,54.1,3,31,4,6,2,2024-12-04,"['AM', 'LW']",1,0,0,0,0,0,0,0,1,0,0,0,0
Gonçalo Guedes,Wolverhampton Wanderers,29,POR,AM,28,56.0,0,0,0,0,1,0,0,0,17,1,0,1,0.0,0.0,0.0,1,0,7,12,58.3,0,8,1,0,0,2024-12-04,['AM'],1,0,0,0,0,0,0,0,0,0,0,0,0
Hwang Hee-chan,Wolverhampton Wanderers,11,KOR,"AM,RW",28,34.0,0,0,0,0,0,0,0,0,23,2,0,1,0.0,0.0,0.0,0,0,16,17,94.1,1,10,0,1,0,2024-12-04,"['AM', 'RW']",1,0,0,0,0,0,0,0,0,0,0,1,0
João Gomes,Wolverhampton Wanderers,8,BRA,CM,23,84.0,0,0,0,0,1,0,0,0,72,4,1,0,0.0,0.0,0.0,2,0,50,64,78.1,5,36,2,1,1,2024-12-04,['CM'],0,0,1,0,0,0,0,0,0,0,0,0,0
Tommy Doyle,Wolverhampton Wanderers,20,ENG,LM,23,6.0,0,0,0,0,0,0,0,0,9,0,0,0,0.0,0.0,0.0,0,0,8,9,88.9,1,6,0,1,1,2024-12-04,['LM'],0,0,0,0,0,0,0,1,0,0,0,0,0
André,Wolverhampton Wanderers,7,BRA,"CM,RM",23,90.0,0,0,0,0,0,0,0,0,81,7,2,3,0.0,0.0,0.0,2,0,67,73,91.8,9,38,1,2,1,2024-12-04,"['CM', 'RM']",0,0,1,0,0,0,0,0,0,0,1,0,0
Rayan Aït-Nouri,Wolverhampton Wanderers,3,ALG,"WB,LB",23,90.0,0,0,0,0,0,0,0,0,56,4,1,1,0.0,0.0,0.0,0,0,39,42,92.9,6,32,3,7,4,2024-12-04,"['WB', 'LB']",0,0,0,0,0,0,1,0,0,0,0,0,1
Matt Doherty,Wolverhampton Wanderers,2,IRL,WB,32,76.0,0,0,0,0,0,0,0,0,66,0,0,1,0.0,0.0,0.7,2,0,49,58,84.5,3,33,1,1,0,2024-12-04,['WB'],0,0,0,0,0,0,0,0,0,0,0,0,1
Rodrigo Gomes,Wolverhampton Wanderers,19,POR,"RB,WB",21,14.0,0,0,0,0,0,0,0,0,14,3,0,1,0.0,0.0,0.0,0,0,8,10,80.0,0,7,0,1,0,2024-12-04,"['RB', 'WB']",0,0,0,0,0,0,0,0,0,1,0,0,1
Santiago Bueno,Wolverhampton Wanderers,4,URU,CB,26,76.0,0,0,0,0,0,0,0,0,59,1,0,1,0.0,0.0,0.0,1,0,41,54,75.9,2,36,0,0,0,2024-12-04,['CB'],0,1,0,0,0,0,0,0,0,0,0,0,0
Toti Gomes,Wolverhampton Wanderers,24,POR,CB,25,14.0,0,0,0,0,0,0,0,0,12,2,0,1,0.0,0.0,0.0,0,0,5,8,62.5,0,2,0,0,0,2024-12-04,['CB'],0,1,0,0,0,0,0,0,0,0,0,0,0
Craig Dawson,Wolverhampton Wanderers,15,ENG,CB,34,90.0,0,0,0,0,0,0,0,0,54,1,1,0,0.0,0.0,0.0,0,0,41,46,89.1,3,31,1,0,0,2024-12-04,['CB'],0,1,0,0,0,0,0,0,0,0,0,0,0
Mario Lemina,Wolverhampton Wanderers,5,GAB,"CB,CM",31,90.0,0,0,0,0,0,0,0,0,60,2,1,2,0.0,0.0,0.0,0,0,39,50,78.0,3,31,2,1,0,2024-12-04,"['CB', 'CM']",0,1,1,0,0,0,0,0,0,0,0,0,0
José Sá,Wolverhampton Wanderers,1,POR,GK,31,90.0,0,0,0,0,0,0,0,0,31,0,0,0,0.0,0.0,0.0,0,0,17,29,58.6,0,15,0,1,1,2024-12-04,['GK'],0,0,0,0,0,1,0,0,0,0,0,0,0
Alexander Isak,Newcastle United,14,SWE,"FW,LW",25,90.0,1,1,0,0,2,1,0,0,42,0,0,1,0.1,0.1,0.5,6,1,19,27,70.4,6,29,6,9,5,2024-12-04,"['FW', 'LW']",0,0,0,0,1,0,0,0,1,0,0,0,0
Anthony Gordon,Newcastle United,10,ENG,LW,23,86.0,1,0,0,0,5,2,0,0,49,1,0,1,0.8,0.8,0.5,6,1,22,35,62.9,1,29,6,9,3,2024-12-04,['LW'],0,0,0,0,0,0,0,0,1,0,0,0,0
Callum Wilson,Newcastle United,9,ENG,FW,32,4.0,0,0,0,0,0,0,0,0,1,0,0,0,0.0,0.0,0.0,1,0,0,0,80.8,0,1,0,1,0,2024-12-04,['FW'],0,0,0,0,1,0,0,0,0,0,0,0,0
Jacob Murphy,Newcastle United,23,ENG,RW,29,73.0,0,0,0,0,3,0,0,0,27,0,1,1,0.4,0.4,0.1,1,0,9,16,56.3,0,15,3,1,0,2024-12-04,['RW'],0,0,0,0,0,0,0,0,0,0,0,1,0
Harvey Barnes,Newcastle United,11,ENG,RW,26,17.0,0,0,0,0,0,0,0,0,7,0,0,0,0.0,0.0,0.0,3,1,5,6,83.3,0,5,0,0,0,2024-12-04,['RW'],0,0,0,0,0,0,0,0,0,0,0,1,0
Joelinton,Newcastle United,7,BRA,LM,28,87.0,0,0,0,0,3,0,0,0,45,1,1,1,0.1,0.1,0.0,0,0,31,35,88.6,5,27,2,2,1,2024-12-04,['LM'],0,0,0,0,0,0,0,1,0,0,0,0,0
Joe Willock,Newcastle United,28,ENG,LM,25,3.0,0,0,0,0,0,0,0,0,3,1,0,0,0.0,0.0,0.0,0,0,0,0,80.8,0,0,0,0,0,2024-12-04,['LM'],0,0,0,0,0,0,0,1,0,0,0,0,0
Bruno Guimarães,Newcastle United,39,BRA,CM,27,90.0,0,2,0,0,1,1,0,0,39,4,0,0,0.2,0.2,0.4,4,2,23,27,85.2,4,27,0,4,0,2024-12-04,['CM'],0,0,1,0,0,0,0,0,0,0,0,0,0
Sandro Tonali,Newcastle United,8,ITA,RM,24,86.0,0,0,0,0,1,1,1,0,49,1,1,1,0.1,0.1,0.0,2,0,33,42,78.6,0,22,0,1,1,2024-12-04,['RM'],0,0,0,0,0,0,0,0,0,0,1,0,0
Sean Longstaff,Newcastle United,36,ENG,RM,27,4.0,0,0,0,0,0,0,0,0,3,1,0,0,0.0,0.0,0.0,0,0,1,2,50.0,0,1,0,0,0,2024-12-04,['RM'],0,0,0,0,0,0,0,0,0,0,1,0,0
Lewis Hall,Newcastle United,20,ENG,LB,20,90.0,0,0,0,0,1,0,0,0,63,1,1,2,0.0,0.0,0.1,2,0,39,53,73.6,4,22,1,1,0,2024-12-04,['LB'],0,0,0,0,0,0,1,0,0,0,0,0,0
Dan Burn,Newcastle United,33,ENG,CB,32,90.0,0,0,0,0,0,0,0,0,42,1,0,3,0.0,0.0,0.0,0,0,28,34,82.4,0,21,0,0,0,2024-12-04,['CB'],0,1,0,0,0,0,0,0,0,0,0,0,0
Fabian Schär,Newcastle United,5,SUI,CB,32,90.0,1,0,0,0,1,1,0,0,58,1,1,1,0.3,0.3,0.0,2,1,40,53,75.5,2,37,1,2,1,2024-12-04,['CB'],0,1,0,0,0,0,0,0,0,0,0,0,0
Valentino Livramento,Newcastle United,21,ENG,RB,22,90.0,0,0,0,0,0,0,0,0,54,2,0,1,0.0,0.0,0.0,1,0,39,47,83.0,2,29,1,1,1,2024-12-04,['RB'],0,0,0,0,0,0,0,0,0,1,0,0,0
Nick Pope,Newcastle United,22,ENG,GK,32,90.0,0,0,0,0,0,0,1,0,28,0,0,0,0.0,0.0,0.0,0,0,18,25,72.0,0,17,0,0,0,2024-12-04,['GK'],0,0,0,0,0,1,0,0,0,0,0,0,0
Darwin Núñez,Liverpool,9,URU,FW,25,90.0,0,0,0,0,3,0,1,0,23,1,0,1,0.4,0.4,0.0,1,0,9,13,69.2,1,14,1,2,0,2024-12-04,['FW'],0,0,0,0,1,0,0,0,0,0,0,0,0
Cody Gakpo,Liverpool,18,NED,LW,25,66.0,0,0,0,0,2,0,0,0,27,2,0,2,0.1,0.1,0.0,4,0,11,18,61.1,1,16,2,3,1,2024-12-04,['LW'],0,0,0,0,0,0,0,0,1,0,0,0,0
Luis Díaz,Liverpool,7,COL,LW,27,24.0,0,0,0,0,1,0,0,0,14,0,0,1,0.1,0.1,0.0,1,0,8,9,88.9,1,8,3,3,1,2024-12-04,['LW'],0,0,0,0,0,0,0,0,1,0,0,0,0
Mohamed Salah,Liverpool,11,EGY,RW,32,90.0,2,1,0,0,4,2,0,0,47,1,0,0,0.7,0.7,0.4,6,1,21,31,67.7,2,38,2,1,1,2024-12-04,['RW'],0,0,0,0,0,0,0,0,0,0,0,1,0
Curtis Jones,Liverpool,17,ENG,"AM,DM",23,90.0,1,0,0,0,3,2,0,0,69,2,0,0,0.5,0.5,0.0,2,1,56,60,93.3,5,55,1,2,2,2024-12-04,"['AM', 'DM']",1,0,0,1,0,0,0,0,0,0,0,0,0
Alexis Mac Allister,Liverpool,10,ARG,DM,25,90.0,0,0,0,0,3,1,1,0,65,7,0,3,0.2,0.2,0.1,8,1,41,47,87.2,8,37,1,2,1,2024-12-04,['DM'],0,0,0,1,0,0,0,0,0,0,0,0,0
Ryan Gravenberch,Liverpool,38,NED,DM,22,66.0,0,0,0,0,0,0,1,0,61,0,4,1,0.0,0.0,0.0,0,0,47,53,88.7,2,52,0,1,0,2024-12-04,['DM'],0,0,0,1,0,0,0,0,0,0,0,0,0
Dominik Szoboszlai,Liverpool,8,HUN,AM,24,24.0,0,0,0,0,0,0,0,0,18,1,0,1,0.0,0.0,0.0,1,1,15,15,100.0,2,14,1,2,0,2024-12-04,['AM'],1,0,0,0,0,0,0,0,0,0,0,0,0
Andrew Robertson,Liverpool,26,SCO,LB,30,90.0,0,0,0,0,0,0,0,0,86,2,0,0,0.0,0.0,0.1,2,0,68,77,88.3,7,58,2,0,0,2024-12-04,['LB'],0,0,0,0,0,0,1,0,0,0,0,0,0
Virgil van Dijk,Liverpool,4,NED,CB,33,90.0,0,0,0,0,0,0,0,0,70,2,3,0,0.0,0.0,0.0,1,0,53,59,89.8,4,47,2,0,0,2024-12-04,['CB'],0,1,0,0,0,0,0,0,0,0,0,0,0
Joe Gomez,Liverpool,2,ENG,CB,27,66.0,0,0,0,0,0,0,0,0,62,0,1,2,0.0,0.0,0.0,0,0,48,53,90.6,2,49,0,0,0,2024-12-04,['CB'],0,1,0,0,0,0,0,0,0,0,0,0,0
Trent Alexander-Arnold,Liverpool,66,ENG,RB,26,24.0,0,2,0,0,0,0,1,0,20,0,1,1,0.0,0.0,0.6,4,2,14,18,77.8,4,12,1,0,0,2024-12-04,['RB'],0,0,0,0,0,0,0,0,0,1,0,0,0
Jarell Quansah,Liverpool,78,ENG,"RB,CB",21,90.0,0,0,0,0,0,0,1,0,69,5,1,1,0.0,0.0,0.0,0,0,46,55,83.6,3,45,1,1,1,2024-12-04,"['RB', 'CB']",0,1,0,0,0,0,0,0,0,1,0,0,0
Caoimhín Kelleher,Liverpool,62,IRL,GK,26,90.0,0,0,0,0,0,0,0,0,46,0,0,0,0.0,0.0,0.0,0,0,36,45,80.0,0,35,0,0,0,2024-12-04,['GK'],0,0,0,0,0,1,0,0,0,0,0,0,0
Erling Haaland,Manchester City,9,NOR,FW,24,90.0,0,1,0,0,2,1,0,0,28,2,0,0,0.2,0.2,0.3,3,1,15,18,83.3,2,16,0,2,0,2024-12-04,['FW'],0,0,0,0,1,0,0,0,0,0,0,0,0
Jeremy Doku,Manchester City,11,BEL,LW,22,89.0,1,1,0,0,3,1,0,0,56,2,1,0,0.2,0.2,0.1,3,2,32,40,80.0,3,44,12,12,6,2024-12-04,['LW'],0,0,0,0,0,0,0,0,1,0,0,0,0
Sávio,Manchester City,26,BRA,LW,20,1.0,0,0,0,0,0,0,0,0,6,0,0,0,0.0,0.0,0.0,0,0,4,5,80.0,0,4,1,0,0,2024-12-04,['LW'],0,0,0,0,0,0,0,0,1,0,0,0,0
Bernardo Silva,Manchester City,20,POR,RW,30,90.0,1,0,0,0,1,1,1,0,62,1,1,1,0.8,0.8,0.4,4,1,47,57,82.5,4,44,4,4,2,2024-12-04,['RW'],0,0,0,0,0,0,0,0,0,0,0,1,0
Kevin De Bruyne,Manchester City,17,BEL,AM,33,73.0,1,1,0,0,5,2,0,0,65,1,1,0,0.3,0.3,1.2,8,1,41,54,75.9,9,42,2,2,2,2024-12-04,['AM'],1,0,0,0,0,0,0,0,0,0,0,0,0
Rico Lewis,Manchester City,82,ENG,"DM,LB",20,17.0,0,0,0,0,0,0,0,0,13,0,0,1,0.0,0.0,0.0,0,0,10,12,83.3,1,5,0,0,0,2024-12-04,"['DM', 'LB']",0,0,0,1,0,0,1,0,0,0,0,0,0
Jack Grealish,Manchester City,10,ENG,"DM,AM",29,89.0,0,0,0,0,2,1,0,0,71,2,0,3,0.1,0.1,0.2,5,0,57,58,98.3,16,45,5,3,1,2024-12-04,"['DM', 'AM']",1,0,0,1,0,0,0,0,0,0,0,0,0
Matheus Nunes,Manchester City,27,POR,DM,26,1.0,0,0,0,0,0,0,0,0,3,0,0,0,0.0,0.0,0.0,0,0,3,3,100.0,0,3,0,0,0,2024-12-04,['DM'],0,0,0,1,0,0,0,0,0,0,0,0,0
İlkay Gündoğan,Manchester City,19,GER,DM,34,90.0,0,0,0,0,1,0,1,0,87,2,2,0,0.1,0.1,0.1,2,0,71,77,92.2,1,53,3,2,1,2024-12-04,['DM'],0,0,0,1,0,0,0,0,0,0,0,0,0
Joško Gvardiol,Manchester City,24,CRO,"LB,CB",22,90.0,0,0,0,0,2,0,0,0,60,3,0,1,0.6,0.6,0.0,1,0,40,48,83.3,3,38,3,2,1,2024-12-04,"['LB', 'CB']",0,1,0,0,0,0,1,0,0,0,0,0,0
Nathan Aké,Manchester City,6,NED,CB,29,89.0,0,0,0,0,0,0,0,0,76,0,0,1,0.0,0.0,0.0,1,0,69,73,94.5,5,54,4,0,0,2024-12-04,['CB'],0,1,0,0,0,0,0,0,0,0,0,0,0
James Mcatee,Manchester City,87,ENG,"AM,CB",22,1.0,0,0,0,0,0,0,0,0,0,0,0,0,0.0,0.0,0.0,0,0,0,0,80.8,0,0,0,0,0,2024-12-04,"['AM', 'CB']",1,1,0,0,0,0,0,0,0,0,0,0,0
Rúben Dias,Manchester City,3,POR,CB,27,90.0,0,0,0,0,0,0,0,0,92,1,0,0,0.0,0.0,0.0,1,0,85,90,94.4,6,62,3,0,0,2024-12-04,['CB'],0,1,0,0,0,0,0,0,0,0,0,0,0
Manuel Akanji,Manchester City,25,SUI,RB,29,45.0,0,0,0,0,1,0,0,0,27,2,0,0,0.1,0.1,0.0,0,0,18,23,78.3,2,8,0,0,0,2024-12-04,['RB'],0,0,0,0,0,0,0,0,0,1,0,0,0
Kyle Walker,Manchester City,2,ENG,RB,34,45.0,0,0,0,0,0,0,0,0,20,0,0,2,0.0,0.0,0.0,0,0,15,17,88.2,1,10,0,0,0,2024-12-04,['RB'],0,0,0,0,0,0,0,0,0,1,0,0,0
Stefan Ortega,Manchester City,18,GER,GK,32,90.0,0,0,0,0,0,0,0,0,48,0,0,0,0.0,0.0,0.0,0,0,38,45,84.4,0,26,0,0,0,2024-12-04,['GK'],0,0,0,0,0,1,0,0,0,0,0,0,0
Chris Wood,Nottingham Forest,11,NZL,FW,32,61.0,0,0,0,0,3,1,0,0,9,0,0,1,0.5,0.5,0.0,0,0,2,4,50.0,0,3,1,0,0,2024-12-04,['FW'],0,0,0,0,1,0,0,0,0,0,0,0,0
Taiwo Awoniyi,Nottingham Forest,9,NGA,FW,27,29.0,0,0,0,0,0,0,0,0,5,0,0,0,0.0,0.0,0.1,1,0,2,4,50.0,2,5,0,0,0,2024-12-04,['FW'],0,0,0,0,1,0,0,0,0,0,0,0,0
Jota Silva,Nottingham Forest,20,POR,"LW,RW",25,71.0,0,0,0,0,1,0,0,0,21,1,0,0,0.0,0.0,0.2,4,0,11,16,68.8,4,12,2,1,0,2024-12-04,"['LW', 'RW']",0,0,0,0,0,0,0,0,1,0,0,1,0
Ramón Sosa,Nottingham Forest,24,PAR,RW,25,19.0,0,0,0,0,0,0,0,0,2,0,1,1,0.0,0.0,0.0,0,0,0,0,80.8,0,1,0,0,0,2024-12-04,['RW'],0,0,0,0,0,0,0,0,0,0,0,1,0
Anthony Elanga,Nottingham Forest,21,SWE,"LW,RW",22,90.0,0,0,0,0,2,0,0,0,37,1,0,0,0.1,0.1,0.1,2,0,14,27,51.9,0,26,3,2,1,2024-12-04,"['LW', 'RW']",0,0,0,0,0,0,0,0,1,0,0,1,0
Morgan Gibbs-White,Nottingham Forest,10,ENG,"AM,CM",24,62.0,0,0,0,0,1,1,1,0,42,2,2,1,0.1,0.1,0.2,5,0,25,33,75.8,2,27,3,2,1,2024-12-04,"['AM', 'CM']",1,0,1,0,0,0,0,0,0,0,0,0,0
Elliot Anderson,Nottingham Forest,8,ENG,CM,22,28.0,0,0,0,0,1,1,0,0,18,1,0,0,0.0,0.0,0.0,1,0,14,15,93.3,2,12,1,0,0,2024-12-04,['CM'],0,0,1,0,0,0,0,0,0,0,0,0,0
Nicolás Domínguez,Nottingham Forest,16,ARG,"CM,DM",26,90.0,0,0,0,0,0,0,1,0,53,2,2,0,0.0,0.0,0.1,1,0,43,46,93.5,1,22,0,0,0,2024-12-04,"['CM', 'DM']",0,0,1,1,0,0,0,0,0,0,0,0,0
Ryan Yates,Nottingham Forest,22,ENG,DM,27,45.0,0,0,0,0,0,0,0,0,21,2,1,1,0.0,0.0,0.0,1,0,11,11,100.0,2,11,0,2,1,2024-12-04,['DM'],0,0,0,1,0,0,0,0,0,0,0,0,0
Morato,Nottingham Forest,4,BRA,CB,23,45.0,0,0,0,0,0,0,0,0,25,2,1,0,0.0,0.0,0.0,0,0,17,17,100.0,3,13,0,0,0,2024-12-04,['CB'],0,1,0,0,0,0,0,0,0,0,0,0,0
Álex Moreno,Nottingham Forest,19,ESP,"LM,LB",31,90.0,0,0,0,0,1,0,0,0,44,3,3,0,0.0,0.0,0.0,1,0,26,33,78.8,1,19,3,5,2,2024-12-04,"['LM', 'LB']",0,0,0,0,0,0,1,1,0,0,0,0,0
Murillo,Nottingham Forest,5,BRA,CB,22,90.0,0,0,0,0,1,0,1,0,48,3,2,2,0.0,0.0,0.0,1,0,29,37,78.4,2,27,2,0,0,2024-12-04,['CB'],0,1,0,0,0,0,0,0,0,0,0,0,0
Nikola Milenković,Nottingham Forest,31,SRB,CB,27,90.0,0,0,0,0,2,0,1,0,24,1,0,3,0.2,0.2,0.0,0,0,12,14,85.7,0,9,0,0,0,2024-12-04,['CB'],0,1,0,0,0,0,0,0,0,0,0,0,0
Ola Aina,Nottingham Forest,34,NGA,"RB,RM",28,62.0,0,0,0,0,0,0,0,0,34,4,1,1,0.0,0.0,0.0,2,0,18,25,72.0,3,15,1,0,0,2024-12-04,"['RB', 'RM']",0,0,0,0,0,0,0,0,0,1,1,0,0
Eric da Silva Moreira,Nottingham Forest,17,GER,RM,18,28.0,0,0,0,0,0,0,0,0,13,2,1,0,0.0,0.0,0.0,0,0,7,8,87.5,0,4,1,1,0,2024-12-04,['RM'],0,0,0,0,0,0,0,0,0,0,1,0,0
Matz Sels,Nottingham Forest,26,BEL,GK,32,90.0,0,0,0,0,0,0,0,0,31,0,0,0,0.0,0.0,0.0,0,0,14,28,50.0,0,15,0,0,0,2024-12-04,['GK'],0,0,0,0,0,1,0,0,0,0,0,0,0
Cameron Archer,Southampton,19,ENG,FW,23,72.0,0,0,0,0,2,0,0,0,26,1,1,0,0.1,0.1,0.0,3,0,18,18,100.0,5,16,2,2,0,2024-12-04,['FW'],0,0,0,0,1,0,0,0,0,0,0,0,0
Yukinari Sugawara,Southampton,16,JPN,RM,24,18.0,0,0,0,0,0,0,0,0,5,0,0,0,0.0,0.0,0.0,0,0,3,5,60.0,1,2,0,1,1,2024-12-04,['RM'],0,0,0,0,0,0,0,0,0,0,1,0,0
Adam Armstrong,Southampton,9,ENG,"FW,RM",27,61.0,0,0,0,0,0,0,1,0,15,0,0,0,0.0,0.0,0.0,0,0,13,15,86.7,1,8,1,1,1,2024-12-04,"['FW', 'RM']",0,0,0,0,1,0,0,0,0,0,1,0,0
Ben Brereton,Southampton,17,CHI,"FW,RM",25,29.0,0,0,0,0,0,0,0,0,5,0,0,0,0.0,0.0,0.0,0,0,3,5,60.0,0,4,1,0,0,2024-12-04,"['FW', 'RM']",0,0,0,0,1,0,0,0,0,0,1,0,0
Ryan Fraser,Southampton,24,SCO,"CM,LM",30,61.0,0,0,0,0,0,0,0,0,22,0,0,0,0.0,0.0,0.0,1,0,17,21,81.0,4,13,2,0,0,2024-12-04,"['CM', 'LM']",0,0,1,0,0,0,0,1,0,0,0,0,0
Kamaldeen Sulemana,Southampton,20,GHA,LM,22,29.0,0,0,0,0,0,0,0,0,14,0,2,0,0.0,0.0,0.0,0,0,8,9,88.9,0,8,3,4,0,2024-12-04,['LM'],0,0,0,0,0,0,0,1,0,0,0,0,0
Mateus Fernandes,Southampton,18,POR,CM,20,78.0,0,0,0,0,2,2,0,0,51,2,0,1,0.5,0.5,0.0,0,0,39,44,88.6,6,33,4,5,3,2024-12-04,['CM'],0,0,1,0,0,0,0,0,0,0,0,0,0
Charlie Taylor,Southampton,21,ENG,LB,31,12.0,0,0,0,0,0,0,0,0,7,0,0,0,0.0,0.0,0.0,0,0,6,6,100.0,0,3,0,0,0,2024-12-04,['LB'],0,0,0,0,0,0,1,0,0,0,0,0,0
Joe Aribo,Southampton,7,NGA,CM,28,90.0,1,0,0,0,2,2,0,0,53,2,1,1,0.9,0.9,0.3,2,0,36,42,85.7,0,29,0,3,2,2024-12-04,['CM'],0,0,1,0,0,0,0,0,0,0,0,0,0
Ryan Manning,Southampton,3,IRL,"LB,CM",28,90.0,0,0,0,0,0,0,0,0,69,3,1,2,0.0,0.0,0.1,2,0,44,54,81.5,1,35,1,6,3,2024-12-04,"['LB', 'CM']",0,0,1,0,0,0,1,0,0,0,0,0,0
Kyle Walker-Peters,Southampton,2,ENG,"RB,CB",27,90.0,0,1,0,0,0,0,0,0,65,0,1,0,0.0,0.0,0.7,2,2,46,53,86.8,6,36,2,6,3,2024-12-04,"['RB', 'CB']",0,1,0,0,0,0,0,0,0,1,0,0,0
Jack Stephens,Southampton,5,ENG,CB,30,38.0,0,0,0,0,0,0,0,1,25,1,0,1,0.0,0.0,0.0,1,0,22,22,100.0,0,14,0,0,0,2024-12-04,['CB'],0,1,0,0,0,0,0,0,0,0,0,0,0
Nathan Wood-Gordon,Southampton,15,ENG,CB,22,90.0,0,0,0,0,0,0,0,0,75,3,0,0,0.0,0.0,0.0,0,0,66,67,98.5,0,41,0,1,1,2024-12-04,['CB'],0,1,0,0,0,0,0,0,0,0,0,0,0
James Bree,Southampton,14,ENG,"RB,CB",27,77.0,0,0,0,0,0,0,0,0,45,0,0,1,0.0,0.0,0.2,1,0,36,39,92.3,4,20,1,0,0,2024-12-04,"['RB', 'CB']",0,1,0,0,0,0,0,0,0,1,0,0,0
Ronnie Edwards,Southampton,12,ENG,CB,21,13.0,0,0,0,0,0,0,0,0,6,0,0,1,0.0,0.0,0.0,0,0,5,5,100.0,0,3,0,0,0,2024-12-04,['CB'],0,1,0,0,0,0,0,0,0,0,0,0,0
Joe Lumley,Southampton,13,ENG,GK,29,90.0,0,0,0,0,0,0,0,0,69,0,0,0,0.0,0.0,0.0,0,0,40,62,64.5,0,40,0,0,0,2024-12-04,['GK'],0,0,0,0,0,1,0,0,0,0,0,0,0
Christopher Nkunku,Chelsea,18,FRA,FW,27,90.0,1,1,0,0,4,1,0,0,21,0,1,0,1.1,1.1,1.0,3,1,14,15,93.3,0,15,2,2,1,2024-12-04,['FW'],0,0,0,0,1,0,0,0,0,0,0,0,0
João Félix,Chelsea,14,POR,LW,25,90.0,0,1,0,0,3,0,0,0,49,2,2,0,0.7,0.7,0.8,4,1,36,39,92.3,9,34,5,4,1,2024-12-04,['LW'],0,0,0,0,0,0,0,0,1,0,0,0,0
Noni Madueke,Chelsea,11,ENG,RW,22,71.0,1,1,0,0,7,4,0,0,52,0,2,3,1.2,1.2,0.6,8,2,28,35,80.0,7,34,7,5,2,2024-12-04,['RW'],0,0,0,0,0,0,0,0,0,0,0,1,0
Jadon Sancho,Chelsea,19,ENG,RW,24,19.0,1,0,0,0,1,1,0,0,19,0,0,0,0.1,0.1,0.0,1,0,16,18,88.9,2,13,0,0,0,2024-12-04,['RW'],0,0,0,0,0,0,0,0,0,0,0,1,0
Cole Palmer,Chelsea,20,ENG,AM,22,78.0,1,0,0,0,6,4,0,0,44,0,1,1,1.8,1.8,0.1,7,0,22,31,71.0,4,28,3,1,0,2024-12-04,['AM'],1,0,0,0,0,0,0,0,0,0,0,0,0
Kiernan Dewsbury-Hall,Chelsea,22,ENG,AM,26,12.0,0,0,0,0,0,0,0,0,12,0,0,0,0.0,0.0,0.0,0,0,10,10,100.0,1,5,0,0,0,2024-12-04,['AM'],1,0,0,0,0,0,0,0,0,0,0,0,0
Moisés Caicedo,Chelsea,25,ECU,DM,23,90.0,0,0,0,0,1,0,0,0,75,2,0,0,0.0,0.0,0.1,6,0,65,69,94.2,5,50,0,0,0,2024-12-04,['DM'],0,0,0,1,0,0,0,0,0,0,0,0,0
Enzo Fernández,Chelsea,8,ARG,DM,23,90.0,0,1,0,0,1,0,0,0,90,1,0,2,0.1,0.1,0.6,9,3,78,87,89.7,6,49,1,0,0,2024-12-04,['DM'],0,0,0,1,0,0,0,0,0,0,0,0,0
Marc Cucurella,Chelsea,3,ESP,LB,26,78.0,0,0,0,0,0,0,0,0,37,1,1,1,0.0,0.0,0.1,1,0,27,31,87.1,0,14,0,0,0,2024-12-04,['LB'],0,0,0,0,0,0,1,0,0,0,0,0,0
Renato Veiga,Chelsea,40,POR,LB,21,12.0,0,0,0,0,0,0,0,0,9,1,0,0,0.0,0.0,0.0,0,0,7,7,100.0,0,6,0,0,0,2024-12-04,['LB'],0,0,0,0,0,0,1,0,0,0,0,0,0
Tosin Adarabioyo,Chelsea,4,ENG,CB,27,90.0,0,0,0,0,2,0,0,0,63,1,1,0,0.2,0.2,0.0,3,0,55,57,96.5,2,38,0,0,0,2024-12-04,['CB'],0,1,0,0,0,0,0,0,0,0,0,0,0
Axel Disasi,Chelsea,2,FRA,CB,26,90.0,1,0,0,0,1,1,0,0,69,0,0,1,0.2,0.2,0.0,0,0,59,63,93.7,3,35,0,0,0,2024-12-04,['CB'],0,1,0,0,0,0,0,0,0,0,0,0,0
Malo Gusto,Chelsea,27,FRA,RB,21,90.0,0,1,0,0,0,0,0,0,90,7,0,2,0.0,0.0,0.3,4,1,74,77,96.1,10,47,5,0,0,2024-12-04,['RB'],0,0,0,0,0,0,0,0,0,1,0,0,0
Filip Jørgensen,Chelsea,12,DEN,GK,22,90.0,0,0,0,0,0,0,0,0,22,0,0,0,0.0,0.0,0.0,0,0,17,21,81.0,0,17,0,0,0,2024-12-04,['GK'],0,0,0,0,0,1,0,0,0,0,0,0,0
Kai Havertz,Arsenal,29,GER,FW,25,90.0,0,0,0,0,1,1,0,0,23,2,0,1,0.3,0.3,0.0,1,0,14,17,82.4,1,13,0,1,0,2024-12-04,['FW'],0,0,0,0,1,0,0,0,0,0,0,0,0
Gabriel Martinelli,Arsenal,11,BRA,LW,23,70.0,0,0,0,0,2,1,0,0,21,0,0,0,0.2,0.2,0.0,0,0,6,11,54.5,0,11,4,3,0,2024-12-04,['LW'],0,0,0,0,0,0,0,0,1,0,0,0,0
Leandro Trossard,Arsenal,19,BEL,LW,30,20.0,0,0,0,0,1,0,0,0,12,1,0,0,0.1,0.1,0.0,2,0,5,7,71.4,0,10,1,3,1,2024-12-04,['LW'],0,0,0,0,0,0,0,0,1,0,0,0,0
Bukayo Saka,Arsenal,7,ENG,RW,23,90.0,0,0,0,0,1,1,0,0,38,3,0,0,0.1,0.1,0.1,4,1,20,30,66.7,1,20,3,4,2,2024-12-04,['RW'],0,0,0,0,0,0,0,0,0,0,0,1,0
Declan Rice,Arsenal,41,ENG,"LM,CM",25,90.0,0,1,0,0,2,0,0,0,55,3,0,2,0.1,0.1,0.5,3,1,38,47,80.9,3,23,2,0,0,2024-12-04,"['LM', 'CM']",0,0,1,0,0,0,0,1,0,0,0,0,0
Thomas Partey,Arsenal,5,GHA,"CM,RB",31,90.0,0,1,0,0,2,1,0,0,70,1,1,0,0.4,0.4,0.7,1,1,58,64,90.6,4,46,0,0,0,2024-12-04,"['CM', 'RB']",0,0,1,0,0,0,0,0,0,1,0,0,0
Martin Ødegaard,Arsenal,8,NOR,RM,25,89.0,0,0,0,0,1,0,0,0,52,0,0,0,0.1,0.1,0.4,6,1,40,46,87.0,10,39,4,5,4,2024-12-04,['RM'],0,0,0,0,0,0,0,0,0,0,1,0,0
Jorginho,Arsenal,20,ITA,RM,32,1.0,0,0,0,0,0,0,0,0,10,0,0,0,0.0,0.0,0.0,0,0,8,9,88.9,1,7,0,0,0,2024-12-04,['RM'],0,0,0,0,0,0,0,0,0,0,1,0,0
Oleksandr Zinchenko,Arsenal,17,UKR,LB,27,70.0,0,0,0,0,1,0,1,0,59,1,1,1,0.1,0.1,0.0,1,0,45,55,81.8,3,33,0,0,0,2024-12-04,['LB'],0,0,0,0,0,0,1,0,0,0,0,0,0
Mikel Merino,Arsenal,23,ESP,LM,28,20.0,0,0,0,0,1,0,0,0,11,0,0,1,0.1,0.1,0.0,0,0,8,9,88.9,0,4,0,0,0,2024-12-04,['LM'],0,0,0,0,0,0,0,1,0,0,0,0,0
Jakub Kiwior,Arsenal,15,POL,CB,24,90.0,0,0,0,0,0,0,0,0,60,2,0,0,0.0,0.0,0.1,1,0,47,55,85.5,0,32,0,0,0,2024-12-04,['CB'],0,1,0,0,0,0,0,0,0,0,0,0,0
William Saliba,Arsenal,2,FRA,CB,23,90.0,1,0,0,0,1,1,0,0,76,1,1,0,0.7,0.7,0.0,0,0,67,71,94.4,3,40,0,0,0,2024-12-04,['CB'],0,1,0,0,0,0,0,0,0,0,0,0,0
Jurriën Timber,Arsenal,12,NED,"RB,LB",23,90.0,1,0,0,0,1,1,0,0,55,1,0,0,0.2,0.2,0.0,1,0,35,43,81.4,1,26,1,1,0,2024-12-04,"['RB', 'LB']",0,0,0,0,0,0,1,0,0,1,0,0,0
David Raya,Arsenal,22,ESP,GK,29,90.0,0,0,0,0,0,0,0,0,46,0,0,0,0.0,0.0,0.0,0,0,34,44,77.3,0,30,0,0,0,2024-12-04,['GK'],0,0,0,0,0,1,0,0,0,0,0,0,0
Rasmus Højlund,Manchester United,9,DEN,FW,21,78.0,0,0,0,0,0,0,0,0,18,0,0,0,0.0,0.0,0.0,0,0,10,15,66.7,1,9,2,0,0,2024-12-04,['FW'],0,0,0,0,1,0,0,0,0,0,0,0,0
Antony,Manchester United,21,BRA,AM,24,12.0,0,0,0,0,1,1,0,0,5,0,0,0,0.1,0.1,0.0,1,0,3,4,75.0,0,4,0,0,0,2024-12-04,['AM'],1,0,0,0,0,0,0,0,0,0,0,0,0
Alejandro Garnacho,Manchester United,17,ARG,AM,20,58.0,0,0,0,0,0,0,0,0,26,0,1,0,0.0,0.0,0.0,1,0,17,20,85.0,0,23,2,3,2,2024-12-04,['AM'],1,0,0,0,0,0,0,0,0,0,0,0,0
Joshua Zirkzee,Manchester United,11,NED,"AM,FW",23,32.0,0,0,0,0,0,0,0,0,10,2,0,0,0.0,0.0,0.0,0,0,4,6,66.7,1,2,0,1,0,2024-12-04,"['AM', 'FW']",1,0,0,0,1,0,0,0,0,0,0,0,0
Mason Mount,Manchester United,7,ENG,AM,25,58.0,0,0,0,0,1,0,0,0,15,0,0,1,0.0,0.0,0.0,3,0,10,11,90.9,0,7,0,1,0,2024-12-04,['AM'],1,0,0,0,0,0,0,0,0,0,0,0,0
Marcus Rashford,Manchester United,10,ENG,AM,27,32.0,0,0,0,0,0,0,0,0,22,0,1,0,0.0,0.0,0.0,0,0,10,13,76.9,0,15,1,1,0,2024-12-04,['AM'],1,0,0,0,0,0,0,0,0,0,0,0,0
Bruno Fernandes,Manchester United,8,POR,CM,30,90.0,0,0,0,0,0,0,0,0,76,2,0,3,0.0,0.0,0.1,2,0,59,68,86.8,6,51,3,1,0,2024-12-04,['CM'],0,0,1,0,0,0,0,0,0,0,0,0,0
Manuel Ugarte Ribeiro,Manchester United,25,URU,CM,23,90.0,0,0,0,0,0,0,1,0,51,3,2,2,0.0,0.0,0.0,1,0,34,38,89.5,1,31,0,2,2,2024-12-04,['CM'],0,0,1,0,0,0,0,0,0,0,0,0,0
Tyrell Malacia,Manchester United,12,NED,WB,25,45.0,0,0,0,0,0,0,1,0,25,1,1,0,0.0,0.0,0.0,0,0,22,23,95.7,1,18,2,1,1,2024-12-04,['WB'],0,0,0,0,0,0,0,0,0,0,0,0,1
Amad Diallo,Manchester United,16,CIV,WB,22,45.0,0,0,0,0,0,0,0,0,18,1,1,0,0.0,0.0,0.0,1,0,8,14,57.1,0,11,2,3,2,2024-12-04,['WB'],0,0,0,0,0,0,0,0,0,0,0,0,1
Diogo Dalot,Manchester United,20,POR,WB,25,90.0,0,0,0,0,2,0,0,0,57,3,0,0,0.1,0.1,0.0,0,0,42,50,84.0,1,31,4,0,0,2024-12-04,['WB'],0,0,0,0,0,0,0,0,0,0,0,0,1
Noussair Mazraoui,Manchester United,3,MAR,CB,27,90.0,0,0,0,0,0,0,0,0,84,1,1,1,0.0,0.0,0.0,0,0,68,75,90.7,4,64,1,2,1,2024-12-04,['CB'],0,1,0,0,0,0,0,0,0,0,0,0,0
Harry Maguire,Manchester United,5,ENG,CB,31,58.0,0,0,0,0,0,0,1,0,53,2,1,0,0.0,0.0,0.0,0,0,45,48,93.8,0,45,0,0,0,2024-12-04,['CB'],0,1,0,0,0,0,0,0,0,0,0,0,0
Leny Yoro,Manchester United,15,FRA,CB,19,32.0,0,0,0,0,0,0,0,0,19,3,1,0,0.0,0.0,0.0,0,0,12,14,85.7,0,11,0,0,0,2024-12-04,['CB'],0,1,0,0,0,0,0,0,0,0,0,0,0
Matthijs de Ligt,Manchester United,4,NED,CB,25,90.0,0,0,0,0,1,1,0,0,64,1,1,1,0.1,0.1,0.0,0,0,49,55,89.1,2,40,0,0,0,2024-12-04,['CB'],0,1,0,0,0,0,0,0,0,0,0,0,0
André Onana,Manchester United,24,CMR,GK,28,90.0,0,0,0,0,0,0,0,0,47,0,0,0,0.0,0.0,0.0,0,0,32,43,74.4,0,29,0,0,0,2024-12-04,['GK'],0,0,0,0,0,1,0,0,0,0,0,0,0
Ollie Watkins,Aston Villa,11,ENG,FW,28,64.0,1,1,1,1,5,3,0,0,28,1,0,0,1.2,0.4,0.1,5,2,17,19,89.5,3,20,2,1,1,2024-12-04,['FW'],0,0,0,0,1,0,0,0,0,0,0,0,0
Jhon Durán,Aston Villa,9,COL,FW,20,26.0,0,0,0,0,3,2,1,0,19,0,0,0,0.5,0.5,0.1,3,0,12,13,92.3,3,8,0,0,0,2024-12-04,['FW'],0,0,0,0,1,0,0,0,0,0,0,0,0
Morgan Rogers,Aston Villa,27,ENG,LW,22,86.0,1,0,0,0,3,1,0,0,52,1,0,1,0.2,0.2,0.4,4,1,33,41,80.5,9,29,8,3,2,2024-12-04,['LW'],0,0,0,0,0,0,0,0,1,0,0,0,0
Emi Buendía,Aston Villa,10,ARG,"AM,LW",27,4.0,0,0,0,0,0,0,0,0,7,0,0,0,0.0,0.0,0.0,0,0,4,6,66.7,1,5,0,0,0,2024-12-04,"['AM', 'LW']",1,0,0,0,0,0,0,0,1,0,0,0,0
Leon Bailey,Aston Villa,31,JAM,RW,27,64.0,0,0,0,0,1,1,0,0,28,1,1,0,0.1,0.1,0.0,2,1,10,18,55.6,1,19,5,3,0,2024-12-04,['RW'],0,0,0,0,0,0,0,0,0,0,0,1,0
Jaden Philogene Bidace,Aston Villa,19,ENG,RW,22,26.0,0,0,0,0,0,0,0,0,11,0,0,0,0.0,0.0,0.0,0,0,8,9,88.9,0,6,1,3,2,2024-12-04,['RW'],0,0,0,0,0,0,0,0,0,0,0,1,0
John McGinn,Aston Villa,7,SCO,AM,30,87.0,0,0,0,0,1,0,0,0,25,0,0,0,0.1,0.1,0.0,3,1,13,15,86.7,2,13,0,1,0,2024-12-04,['AM'],1,0,0,0,0,0,0,0,0,0,0,0,0
Ian Maatsen,Aston Villa,22,NED,LW,22,3.0,0,0,0,0,0,0,0,0,4,0,0,0,0.0,0.0,0.0,1,0,3,3,100.0,0,2,0,0,0,2024-12-04,['LW'],0,0,0,0,0,0,0,0,1,0,0,0,0
Youri Tielemans,Aston Villa,8,BEL,DM,27,90.0,0,0,0,0,1,0,0,0,61,2,1,1,0.0,0.0,0.3,7,0,40,48,83.3,8,24,0,2,1,2024-12-04,['DM'],0,0,0,1,0,0,0,0,0,0,0,0,0
Boubacar Kamara,Aston Villa,44,FRA,DM,25,70.0,0,0,0,0,0,0,0,0,39,2,0,1,0.0,0.0,0.0,1,1,32,32,100.0,1,16,1,0,0,2024-12-04,['DM'],0,0,0,1,0,0,0,0,0,0,0,0,0
Ross Barkley,Aston Villa,6,ENG,DM,30,20.0,0,0,0,0,1,0,0,0,16,0,1,1,0.0,0.0,0.0,1,0,9,12,75.0,0,5,1,1,0,2024-12-04,['DM'],0,0,0,1,0,0,0,0,0,0,0,0,0
Lucas Digne,Aston Villa,12,FRA,LB,31,90.0,0,0,0,0,1,1,0,0,60,2,2,0,0.0,0.0,0.3,7,0,37,51,72.5,0,25,3,1,1,2024-12-04,['LB'],0,0,0,0,0,0,1,0,0,0,0,0,0
Tyrone Mings,Aston Villa,5,ENG,CB,31,90.0,0,0,0,0,2,0,0,0,50,1,0,1,0.2,0.2,0.0,1,0,36,40,90.0,2,20,0,0,0,2024-12-04,['CB'],0,1,0,0,0,0,0,0,0,0,0,0,0
Ezri Konsa,Aston Villa,4,ENG,CB,27,90.0,0,0,0,0,0,0,0,0,48,1,1,0,0.0,0.0,0.0,0,0,40,42,95.2,1,25,0,0,0,2024-12-04,['CB'],0,1,0,0,0,0,0,0,0,0,0,0,0
Matty Cash,Aston Villa,2,POL,RB,27,90.0,1,0,0,0,1,1,1,0,50,5,2,2,0.0,0.0,0.0,1,0,30,40,75.0,1,21,1,2,2,2024-12-04,['RB'],0,0,0,0,0,0,0,0,0,1,0,0,0
Emiliano Martínez,Aston Villa,23,ARG,GK,32,90.0,0,0,0,0,0,0,0,0,39,0,0,0,0.0,0.0,0.0,1,0,26,38,68.4,0,22,0,0,0,2024-12-04,['GK'],0,0,0,0,0,1,0,0,0,0,0,0,0
Yoane Wissa,Brentford,11,COD,FW,28,70.0,0,0,0,0,1,0,0,0,15,0,0,1,0.0,0.0,0.2,1,0,9,11,81.8,0,10,0,0,0,2024-12-04,['FW'],0,0,0,0,1,0,0,0,0,0,0,0,0
Thiago,Brentford,9,BRA,FW,23,20.0,0,0,0,0,1,0,0,0,6,0,0,0,0.1,0.1,0.0,0,0,2,4,50.0,0,6,2,0,0,2024-12-04,['FW'],0,0,0,0,1,0,0,0,0,0,0,0,0
Kevin Schade,Brentford,7,GER,LW,23,70.0,0,0,0,0,3,0,0,0,22,0,0,2,0.3,0.3,0.0,1,1,9,13,69.2,1,17,2,0,0,2024-12-04,['LW'],0,0,0,0,0,0,0,0,1,0,0,0,0
Fabio Carvalho,Brentford,14,POR,LW,22,20.0,0,0,0,0,1,0,0,0,7,0,0,0,0.1,0.1,0.0,0,0,2,3,66.7,1,3,0,1,0,2024-12-04,['LW'],0,0,0,0,0,0,0,0,1,0,0,0,0
Bryan Mbeumo,Brentford,19,CMR,RW,25,90.0,0,0,0,0,0,0,0,0,41,0,1,2,0.0,0.0,0.1,2,0,22,29,75.9,3,29,3,3,2,2024-12-04,['RW'],0,0,0,0,0,0,0,0,0,0,0,1,0
Mikkel Damsgaard,Brentford,24,DEN,LM,24,90.0,1,0,0,0,1,1,0,0,70,8,1,0,0.3,0.3,0.2,3,0,46,59,78.0,9,45,0,1,0,2024-12-04,['LM'],0,0,0,0,0,0,0,1,0,0,0,0,0
Vitaly Janelt,Brentford,27,GER,CM,26,90.0,0,0,0,0,1,0,0,0,50,0,1,0,0.1,0.1,0.0,0,0,37,47,78.7,4,37,0,0,0,2024-12-04,['CM'],0,0,1,0,0,0,0,0,0,0,0,0,0
Yehor Yarmoliuk,Brentford,18,UKR,RM,20,63.0,0,0,0,0,1,0,0,0,48,3,0,0,0.1,0.1,0.0,2,0,33,36,91.7,3,33,2,2,1,2024-12-04,['RM'],0,0,0,0,0,0,0,0,0,0,1,0,0
Edmond-Paris Maghoma,Brentford,32,ENG,RM,23,27.0,0,0,0,0,0,0,0,0,14,0,1,1,0.0,0.0,0.0,0,0,10,11,90.9,3,9,0,0,0,2024-12-04,['RM'],0,0,0,0,0,0,0,0,0,0,1,0,0
Keane Lewis-Potter,Brentford,23,ENG,LB,23,79.0,0,0,0,0,0,0,0,0,50,0,0,0,0.0,0.0,0.0,1,0,33,44,75.0,4,40,4,2,0,2024-12-04,['LB'],0,0,0,0,0,0,1,0,0,0,0,0,0
Mads Roerslev,Brentford,30,DEN,LB,25,11.0,0,0,0,0,0,0,0,0,4,1,0,0,0.0,0.0,0.0,0,0,2,2,100.0,0,2,0,1,0,2024-12-04,['LB'],0,0,0,0,0,0,1,0,0,0,0,0,0
Ethan Pinnock,Brentford,5,JAM,CB,31,90.0,0,0,0,0,0,0,1,0,61,0,1,0,0.0,0.0,0.1,1,0,41,51,80.4,2,31,1,0,0,2024-12-04,['CB'],0,1,0,0,0,0,0,0,0,0,0,0,0
Nathan Collins,Brentford,22,IRL,CB,23,90.0,0,0,0,0,0,0,1,0,58,1,2,1,0.0,0.0,0.0,0,0,47,52,90.4,0,37,2,0,0,2024-12-04,['CB'],0,1,0,0,0,0,0,0,0,0,0,0,0
Sepp van den Berg,Brentford,4,NED,RB,22,90.0,0,0,0,0,0,0,0,0,59,1,1,2,0.0,0.0,0.0,2,0,41,48,85.4,6,32,1,2,1,2024-12-04,['RB'],0,0,0,0,0,0,0,0,0,1,0,0,0
Mark Flekken,Brentford,1,NED,GK,31,90.0,0,0,0,0,0,0,0,0,42,0,0,0,0.0,0.0,0.0,0,0,26,33,78.8,0,27,0,1,1,2024-12-04,['GK'],0,0,0,0,0,1,0,0,0,0,0,0,0
Rodrigo Muniz,Fulham,9,BRA,FW,23,79.0,0,0,0,0,2,0,0,0,25,2,2,1,0.2,0.2,0.0,0,0,7,12,58.3,2,11,0,0,0,2024-12-05,['FW'],0,0,0,0,1,0,0,0,0,0,0,0,0
Raúl Jiménez,Fulham,7,MEX,FW,33,11.0,0,0,0,0,0,0,0,0,7,1,0,0,0.0,0.0,0.0,0,0,2,3,66.7,0,2,0,1,0,2024-12-05,['FW'],0,0,0,0,1,0,0,0,0,0,0,0,0
Reiss Nelson,Fulham,19,ENG,LW,24,70.0,0,0,0,0,0,0,0,0,33,1,1,0,0.0,0.0,0.0,0,0,21,24,87.5,2,23,2,6,2,2024-12-05,['LW'],0,0,0,0,0,0,0,0,1,0,0,0,0
Adama Traoré,Fulham,11,ESP,"RW,LW",28,20.0,0,0,0,0,0,0,0,0,11,0,0,0,0.0,0.0,0.0,0,0,4,6,66.7,1,5,0,1,0,2024-12-05,"['RW', 'LW']",0,0,0,0,0,0,0,0,1,0,0,1,0
Harry Wilson,Fulham,8,WAL,RW,27,79.0,0,0,0,0,1,0,0,0,33,1,1,2,0.2,0.2,0.0,1,0,16,25,64.0,3,19,0,1,1,2024-12-05,['RW'],0,0,0,0,0,0,0,0,0,0,0,1,0
Joshua King,Fulham,24,ENG,AM,17,11.0,0,0,0,0,0,0,0,0,6,2,1,0,0.0,0.0,0.0,0,0,3,3,100.0,0,2,0,0,0,2024-12-05,['AM'],1,0,0,0,0,0,0,0,0,0,0,0,0
Emile Smith Rowe,Fulham,32,ENG,AM,24,70.0,0,0,0,0,0,0,0,0,39,2,0,1,0.0,0.0,0.0,1,0,29,33,87.9,2,21,0,1,1,2024-12-05,['AM'],1,0,0,0,0,0,0,0,0,0,0,0,0
Andreas Pereira,Fulham,18,BRA,DM,28,20.0,0,0,0,0,0,0,1,0,9,0,0,1,0.0,0.0,0.0,0,0,5,8,62.5,2,2,0,0,0,2024-12-05,['DM'],0,0,0,1,0,0,0,0,0,0,0,0,0
Sander Berge,Fulham,16,NOR,DM,26,89.0,0,0,0,0,0,0,1,0,36,2,0,1,0.0,0.0,0.0,0,0,24,28,85.7,1,18,0,0,0,2024-12-05,['DM'],0,0,0,1,0,0,0,0,0,0,0,0,0
Jorge Cuenca,Fulham,15,ESP,DM,25,1.0,0,0,0,0,0,0,0,0,3,0,0,0,0.0,0.0,0.0,0,0,2,3,66.7,0,1,0,0,0,2024-12-05,['DM'],0,0,0,1,0,0,0,0,0,0,0,0,0
Alex Iwobi,Fulham,17,NGA,"DM,LW,AM",28,90.0,2,0,0,0,3,2,0,0,49,1,1,1,0.7,0.7,0.2,4,2,24,35,68.6,6,27,2,4,3,2024-12-05,"['DM', 'LW', 'AM']",1,0,0,1,0,0,0,0,1,0,0,0,0
Antonee Robinson,Fulham,33,USA,LB,27,90.0,0,1,0,0,0,0,0,0,64,1,2,1,0.0,0.0,0.2,2,1,36,51,70.6,4,26,4,6,4,2024-12-05,['LB'],0,0,0,0,0,0,1,0,0,0,0,0,0
Calvin Bassey,Fulham,3,NGA,CB,24,90.0,0,0,0,0,0,0,0,0,49,3,0,4,0.0,0.0,0.0,0,0,35,38,92.1,0,21,0,1,0,2024-12-05,['CB'],0,1,0,0,0,0,0,0,0,0,0,0,0
Issa Diop,Fulham,31,FRA,CB,27,90.0,0,0,0,0,0,0,0,0,61,0,0,0,0.0,0.0,0.0,1,0,47,55,85.5,0,37,0,0,0,2024-12-05,['CB'],0,1,0,0,0,0,0,0,0,0,0,0,0
Timothy Castagne,Fulham,21,BEL,RB,29,90.0,0,0,0,0,0,0,0,0,58,0,0,0,0.0,0.0,0.0,0,0,41,48,85.4,2,21,0,1,0,2024-12-05,['RB'],0,0,0,0,0,0,0,0,0,1,0,0,0
Bernd Leno,Fulham,1,GER,GK,32,90.0,0,0,0,0,0,0,0,0,48,0,0,0,0.0,0.0,0.0,1,0,34,47,72.3,0,28,0,0,0,2024-12-05,['GK'],0,0,0,0,0,1,0,0,0,0,0,0,0
João Pedro,Brighton & Hove Albion,9,BRA,FW,23,79.0,0,1,0,0,2,1,0,0,28,0,1,0,0.4,0.4,0.1,1,1,12,20,60.0,1,17,4,2,1,2024-12-05,['FW'],0,0,0,0,1,0,0,0,0,0,0,0,0
Evan Ferguson,Brighton & Hove Albion,28,IRL,FW,20,11.0,0,0,0,0,1,0,0,0,8,0,0,0,0.1,0.1,0.0,0,0,5,6,83.3,0,0,0,0,0,2024-12-05,['FW'],0,0,0,0,1,0,0,0,0,0,0,0,0
Kaoru Mitoma,Brighton & Hove Albion,22,JPN,"AM,LW",27,90.0,0,0,0,0,1,0,0,0,36,0,1,1,0.0,0.0,0.2,2,0,25,31,80.6,4,26,5,1,1,2024-12-05,"['AM', 'LW']",1,0,0,0,0,0,0,0,1,0,0,0,0
Matt O'Riley,Brighton & Hove Albion,33,DEN,AM,24,80.0,0,0,0,0,1,0,0,0,45,1,3,0,0.1,0.1,0.4,3,0,28,35,80.0,3,21,1,2,1,2024-12-05,['AM'],1,0,0,0,0,0,0,0,0,0,0,0,0
Georginio Rutter,Brighton & Hove Albion,14,FRA,AM,22,10.0,0,0,0,0,0,0,0,0,7,0,1,0,0.0,0.0,0.0,1,0,2,3,66.7,0,4,1,1,0,2024-12-05,['AM'],1,0,0,0,0,0,0,0,0,0,0,0,0
Mats Wieffer,Brighton & Hove Albion,27,NED,"CM,DM",25,85.0,0,0,0,0,1,0,0,0,60,2,1,1,0.0,0.0,0.0,2,0,45,49,91.8,1,40,0,0,0,2024-12-05,"['CM', 'DM']",0,0,1,1,0,0,0,0,0,0,0,0,0
Brajan Gruda,Brighton & Hove Albion,8,GER,DM,20,5.0,0,0,0,0,0,0,0,0,9,0,0,1,0.0,0.0,0.0,0,0,3,6,50.0,0,4,0,1,1,2024-12-05,['DM'],0,0,0,1,0,0,0,0,0,0,0,0,0
Carlos Baleba,Brighton & Hove Albion,20,CMR,"CM,DM",20,90.0,1,0,0,0,2,1,0,0,51,1,2,3,0.1,0.1,0.0,0,0,27,33,81.8,2,29,1,4,1,2024-12-05,"['CM', 'DM']",0,0,1,1,0,0,0,0,0,0,0,0,0
Pervis Estupiñán,Brighton & Hove Albion,30,ECU,"WB,LB",26,90.0,0,0,0,0,2,0,0,0,67,1,1,1,0.2,0.2,0.0,3,0,46,56,82.1,5,39,4,1,1,2024-12-05,"['WB', 'LB']",0,0,0,0,0,0,1,0,0,0,0,0,1
Simon Adingra,Brighton & Hove Albion,11,CIV,"WB,RW",22,79.0,0,0,0,0,2,1,0,0,43,1,1,2,0.3,0.3,0.0,2,0,25,30,83.3,1,32,3,6,3,2024-12-05,"['WB', 'RW']",0,0,0,0,0,0,0,0,0,0,0,1,1
Yankuba Minteh,Brighton & Hove Albion,17,GAM,RW,20,11.0,0,0,0,0,0,0,0,0,4,0,0,1,0.0,0.0,0.0,0,0,1,1,100.0,0,3,1,1,1,2024-12-05,['RW'],0,0,0,0,0,0,0,0,0,0,0,1,0
Igor,Brighton & Hove Albion,3,BRA,CB,26,90.0,0,0,0,0,0,0,0,0,79,1,0,1,0.0,0.0,0.0,4,0,69,73,94.5,6,58,2,0,0,2024-12-05,['CB'],0,1,0,0,0,0,0,0,0,0,0,0,0
Lewis Dunk,Brighton & Hove Albion,5,ENG,CB,33,90.0,0,0,0,0,0,0,1,0,102,2,0,0,0.0,0.0,0.0,0,0,86,95,90.5,6,75,0,0,0,2024-12-05,['CB'],0,1,0,0,0,0,0,0,0,0,0,0,0
Jan Paul van Hecke,Brighton & Hove Albion,29,NED,CB,24,71.0,0,0,0,0,1,0,1,0,80,2,0,0,0.3,0.3,0.2,4,1,57,67,85.1,8,60,1,1,0,2024-12-05,['CB'],0,1,0,0,0,0,0,0,0,0,0,0,0
Tariq Lamptey,Brighton & Hove Albion,2,GHA,RB,24,19.0,0,0,0,0,0,0,0,0,16,0,0,0,0.0,0.0,0.0,0,0,11,13,84.6,1,9,2,1,1,2024-12-05,['RB'],0,0,0,0,0,0,0,0,0,1,0,0,0
Bart Verbruggen,Brighton & Hove Albion,1,NED,GK,22,90.0,0,0,0,0,0,0,0,0,30,0,0,0,0.0,0.0,0.0,0,0,26,30,86.7,0,24,0,0,0,2024-12-05,['GK'],0,0,0,0,0,1,0,0,0,0,0,0,0
Evanilson,Bournemouth,9,BRA,FW,25,84.0,0,0,0,0,3,2,0,0,22,0,0,0,0.6,0.6,0.1,4,1,6,11,54.5,1,14,3,1,0,2024-12-05,['FW'],0,0,0,0,1,0,0,0,0,0,0,0,0
Enes Ünal,Bournemouth,26,TUR,FW,27,6.0,0,0,0,0,2,2,0,0,10,0,0,0,0.3,0.3,0.0,0,0,4,5,80.0,0,8,0,2,0,2024-12-05,['FW'],0,0,0,0,1,0,0,0,0,0,0,0,0
Marcus Tavernier,Bournemouth,16,ENG,"LW,FW,AM",25,84.0,0,1,0,0,4,1,0,0,42,3,0,1,0.4,0.4,0.6,4,1,21,30,70.0,2,23,1,4,1,2024-12-05,"['LW', 'FW', 'AM']",1,0,0,0,1,0,0,0,1,0,0,0,0
Philip Billing,Bournemouth,29,DEN,AM,28,6.0,0,0,0,0,0,0,0,0,10,1,0,0,0.0,0.0,0.3,2,0,7,8,87.5,2,6,1,1,1,2024-12-05,['AM'],1,0,0,0,0,0,0,0,0,0,0,0,0
Antoine Semenyo,Bournemouth,24,GHA,"RW,RM",24,84.0,0,0,0,0,2,0,0,0,33,1,1,3,0.1,0.1,0.3,6,0,20,23,87.0,5,18,2,2,2,2024-12-05,"['RW', 'RM']",0,0,0,0,0,0,0,0,0,0,1,1,0
David Brooks,Bournemouth,7,WAL,RW,27,6.0,0,0,0,0,0,0,0,0,7,0,0,0,0.0,0.0,0.0,0,0,2,5,40.0,1,2,1,0,0,2024-12-05,['RW'],0,0,0,0,0,0,0,0,0,0,0,1,0
Justin Kluivert,Bournemouth,19,NED,AM,25,63.0,0,0,0,0,1,1,0,0,20,2,0,0,0.2,0.2,0.0,3,0,7,8,87.5,2,10,1,3,1,2024-12-05,['AM'],1,0,0,0,0,0,0,0,0,0,0,0,0
Dango Ouattara,Bournemouth,11,BFA,"LW,LM",22,27.0,0,0,0,0,5,0,0,0,20,0,1,1,0.8,0.8,0.5,4,0,6,12,50.0,2,11,2,1,1,2024-12-05,"['LW', 'LM']",0,0,0,0,0,0,0,1,1,0,0,0,0
Ryan Christie,Bournemouth,10,SCO,"DM,CM",29,76.0,0,0,0,0,1,0,0,0,35,2,5,3,0.1,0.1,0.1,4,0,12,20,60.0,3,14,0,2,0,2024-12-05,"['DM', 'CM']",0,0,1,1,0,0,0,0,0,0,0,0,0
Lewis Cook,Bournemouth,4,ENG,DM,27,14.0,0,0,0,0,0,0,0,0,10,1,1,1,0.0,0.0,0.0,1,0,5,5,100.0,0,4,1,0,0,2024-12-05,['DM'],0,0,0,1,0,0,0,0,0,0,0,0,0
Tyler Adams,Bournemouth,12,USA,"DM,CM",25,90.0,0,0,0,0,2,1,1,0,43,7,3,2,0.9,0.9,0.3,4,0,18,23,78.3,5,18,1,0,0,2024-12-05,"['DM', 'CM']",0,0,1,1,0,0,0,0,0,0,0,0,0
Milos Kerkez,Bournemouth,3,HUN,LB,21,90.0,0,0,0,0,0,0,0,0,51,2,3,0,0.0,0.0,0.1,2,0,23,38,60.5,3,17,0,1,1,2024-12-05,['LB'],0,0,0,0,0,0,1,0,0,0,0,0,0
Dean Huijsen,Bournemouth,2,ESP,CB,19,90.0,1,0,0,0,1,1,0,0,42,4,1,1,0.4,0.4,0.0,0,0,16,24,66.7,3,16,0,0,0,2024-12-05,['CB'],0,1,0,0,0,0,0,0,0,0,0,0,0
Illia Zabarnyi,Bournemouth,27,UKR,CB,22,90.0,0,0,0,0,0,0,0,0,25,0,3,0,0.0,0.0,0.0,0,0,15,20,75.0,0,15,0,1,1,2024-12-05,['CB'],0,1,0,0,0,0,0,0,0,0,0,0,0
Adam Smith,Bournemouth,15,ENG,RB,33,90.0,0,0,0,0,0,0,0,0,38,2,0,1,0.0,0.0,0.0,1,0,20,33,60.6,3,9,0,0,0,2024-12-05,['RB'],0,0,0,0,0,0,0,0,0,1,0,0,0
Kepa Arrizabalaga,Bournemouth,13,ESP,GK,30,90.0,0,0,0,0,0,0,1,0,28,0,0,0,0.0,0.0,0.0,0,0,12,25,48.0,0,7,0,0,0,2024-12-05,['GK'],0,0,0,0,0,1,0,0,0,0,0,0,0
Dominic Solanke,Tottenham Hotspur,19,ENG,FW,27,90.0,0,0,0,0,3,0,0,0,29,1,0,0,0.2,0.2,0.1,2,0,12,16,75.0,4,25,3,1,1,2024-12-05,['FW'],0,0,0,0,1,0,0,0,0,0,0,0,0
Brennan Johnson,Tottenham Hotspur,22,WAL,"LW,RM,FW",23,90.0,0,0,0,0,0,0,0,0,43,1,0,0,0.0,0.0,0.0,3,0,28,39,71.8,4,34,1,2,2,2024-12-05,"['LW', 'RM', 'FW']",0,0,0,0,1,0,0,0,1,0,1,0,0
Dejan Kulusevski,Tottenham Hotspur,21,SWE,"RW,CM,RM",24,90.0,0,0,0,0,3,2,0,0,77,2,0,0,0.1,0.1,0.0,6,0,36,53,67.9,6,57,14,3,0,2024-12-05,"['RW', 'CM', 'RM']",0,0,1,0,0,0,0,0,0,0,1,1,0
James Maddison,Tottenham Hotspur,10,ENG,"LM,CM",28,79.0,0,0,0,0,1,0,0,0,65,1,1,1,0.4,0.4,0.2,3,0,40,53,75.5,8,46,1,4,0,2024-12-05,"['LM', 'CM']",0,0,1,0,0,0,0,1,0,0,0,0,0
Timo Werner,Tottenham Hotspur,16,GER,LM,28,11.0,0,0,0,0,1,0,0,0,7,0,0,0,0.0,0.0,0.0,0,0,2,5,40.0,1,6,2,0,0,2024-12-05,['LM'],0,0,0,0,0,0,0,1,0,0,0,0,0
Yves Bissouma,Tottenham Hotspur,8,MLI,"CM,DM",28,79.0,0,0,0,0,1,0,1,0,74,5,1,0,0.0,0.0,0.0,3,0,49,62,79.0,11,49,3,2,1,2024-12-05,"['CM', 'DM']",0,0,1,1,0,0,0,0,0,0,0,0,0
Lucas Bergvall,Tottenham Hotspur,15,SWE,DM,18,11.0,0,0,0,0,0,0,0,0,14,0,1,1,0.0,0.0,0.0,1,0,10,11,90.9,3,12,2,0,0,2024-12-05,['DM'],0,0,0,1,0,0,0,0,0,0,0,0,0
Pape Matar Sarr,Tottenham Hotspur,29,SEN,RM,22,56.0,0,0,0,0,0,0,0,0,43,2,2,0,0.0,0.0,0.0,1,0,26,31,83.9,3,23,0,0,0,2024-12-05,['RM'],0,0,0,0,0,0,0,0,0,0,1,0,0
Son Heung-min,Tottenham Hotspur,7,KOR,"LM,CM",32,34.0,0,0,0,0,1,0,0,0,16,1,0,0,0.0,0.0,0.4,1,0,8,9,88.9,1,9,1,2,1,2024-12-05,"['LM', 'CM']",0,0,1,0,0,0,0,1,0,0,0,0,0
Destiny Udogie,Tottenham Hotspur,13,ITA,LB,22,90.0,0,0,0,0,0,0,0,0,70,6,1,1,0.0,0.0,0.0,1,0,54,60,90.0,6,35,2,2,2,2024-12-05,['LB'],0,0,0,0,0,0,1,0,0,0,0,0,0
Ben Davies,Tottenham Hotspur,33,WAL,CB,31,61.0,0,0,0,0,0,0,1,0,38,0,0,1,0.0,0.0,0.0,0,0,30,33,90.9,4,27,1,0,0,2024-12-05,['CB'],0,1,0,0,0,0,0,0,0,0,0,0,0
Pedro Porro,Tottenham Hotspur,23,ESP,RB,25,29.0,0,0,0,0,1,1,0,0,25,0,1,1,0.1,0.1,0.0,0,0,11,17,64.7,0,11,0,0,0,2024-12-05,['RB'],0,0,0,0,0,0,0,0,0,1,0,0,0
Radu Drăgușin,Tottenham Hotspur,6,ROU,CB,22,90.0,0,0,0,0,0,0,0,0,69,2,1,1,0.0,0.0,0.0,0,0,48,60,80.0,5,46,0,0,0,2024-12-05,['CB'],0,1,0,0,0,0,0,0,0,0,0,0,0
Archie Gray,Tottenham Hotspur,14,ENG,"RB,CB",18,90.0,0,0,0,0,1,1,0,0,70,3,1,2,0.0,0.0,0.0,1,0,45,57,78.9,3,40,1,3,2,2024-12-05,"['RB', 'CB']",0,1,0,0,0,0,0,0,0,1,0,0,0
Fraser Forster,Tottenham Hotspur,20,ENG,GK,36,90.0,0,0,0,0,0,0,0,0,39,0,0,0,0.0,0.0,0.0,0,0,29,32,90.6,0,13,0,1,1,2024-12-05,['GK'],0,0,0,0,0,1,0,0,0,0,0,0,0
